image,mean_h,mean_s,mean_b,std_h,std_s,std_b,fourier_slope,fourier_sigma,first_order_ed,second_order_ed,edge_density,entropy,fractal_D
bedroom__0.png,0.10322418442120672,0.7511082836147768,0.45951244638480404,0.09509354049864013,0.19001767665753164,0.2455612153783483,-2.623679660870999,0.027965298645476602,4.344435855042109,4.391809070377701,232.36491550043604,7.485701217255966,1.5791656133126537
bedroom__1.png,0.33890819936974514,0.19544942888551,0.46048965992647073,0.3156119232835772,0.2114695892366917,0.1799829659391,-2.588536926157409,0.01152963089189481,3.8550903216741443,4.054313504273331,288.81324214128097,7.297763171973864,1.6983706410370458
bedroom__10.png,0.38344272288530384,0.14453544721554182,0.8186408164828431,0.3340168812432582,0.1934646155040974,0.11868096694765329,-2.5837916025824685,0.008922766615864062,4.0264109099514265,4.153596888428996,205.00592877490794,7.030164778946347,1.9225123278396477
bedroom__100.png,0.39746959198283627,0.13997485834637685,0.5784077563316994,0.3614244961295141,0.1630660868838547,0.19978537460278006,-2.8971718490479663,0.006114376897780466,4.232615052812477,4.3362710632872075,248.79669194931756,7.3319849071703285,1.8549922142831505
bedroom__101.png,0.28560807871587385,0.3630630459800578,0.6009321129493463,0.33332228887193277,0.20664968690436164,0.2292835316424132,-2.8452225354046794,0.008741262311883524,3.8120666694390946,4.108838574993698,409.05805908073273,7.451529222176544,1.8577731049545416
bedroom__102.png,0.3134430754792524,0.2160352101736102,0.5623060917075164,0.3378828868155989,0.1944361691573283,0.27027421827085085,-2.904149503681903,0.026287575029595684,4.295910594284571,4.368033784357571,306.14372902483865,7.506718221803638,1.8137557277065937
bedroom__103.png,0.17580264921675545,0.13220299491298754,0.6226521650326798,0.20731960098057098,0.10650091272570616,0.21354708366071723,-2.7610729596798342,0.006418841066238741,3.9955069119472926,4.2341177414868545,286.96882006060787,7.002516380324534,1.8789641192632534
bedroom__104.png,0.19070237823600458,0.21640226429865264,0.6425716911764706,0.19659549470004964,0.2112362163251005,0.19745193907584374,-2.9335115370177998,0.013315135845424672,4.053814904397889,4.304477883755515,314.17819588715247,7.404088266417408,1.8586176085633384
bedroom__105.png,0.39048698497793816,0.16094461123618942,0.5940481004901961,0.25479910034798153,0.23549724831056262,0.2879874590837057,-2.676824335794844,0.005598315448776675,4.3221311388913985,4.3682814416514555,269.5675440450202,7.81247255307341,1.8282512510380353
bedroom__106.png,0.1245425790893152,0.38985280782124176,0.5287374514910131,0.15027261170585848,0.23386499548021453,0.26088650734864915,-2.96298646506248,0.008753554913354444,3.538382680971004,3.894938570292498,471.4403702596942,7.750993902615685,1.7408960343922288
bedroom__107.png,0.11550202450570543,0.5808290155499684,0.6192435151143793,0.09694050871115496,0.19389912639632467,0.26379957890675326,-2.799922127974823,0.01049293758931287,4.26413283308856,4.400339602226546,258.98226408506866,7.529660607004557,1.7827773871164605
bedroom__108.png,0.2704035263945739,0.18787347214967387,0.5697110396241831,0.26501698440102806,0.13228554877878024,0.1951043627643329,-2.907993648935566,0.012911546182663138,3.765814914351413,4.095020738238653,227.02922715247652,7.524861893348434,1.8014054471689545
bedroom__109.png,0.23926454479102144,0.1639908382038057,0.4576482460171568,0.24807686775092155,0.14564573602085226,0.1979313710886379,-2.6064080045301994,0.0062996558435136915,4.145956193102981,4.271888073209277,211.77380414431832,7.486088545255573,1.7926948698680547
bedroom__11.png,0.1084450786072065,0.4576779861927222,0.48419685712826793,0.2271459935092364,0.2449158281890872,0.2757168350001265,-2.5930009518601174,0.01788013267329046,3.7780637777673753,4.1329243399811455,417.774885496836,7.815424135048315,1.7290116204592465
bedroom__110.png,0.31646366226759925,0.07227066441680999,0.6914655841503268,0.27857446264347,0.06107144196757925,0.11926086982559114,-2.3484331200391413,0.004780240495421199,4.3849752285348895,4.479205813663504,150.6093718187644,6.892625912176039,1.9222663238558535
bedroom__111.png,0.4727582865526095,0.1295035624022301,0.5848763786764707,0.2609147267471622,0.10730794026049541,0.1698491974847488,-2.316785664288958,0.020891820446687248,4.14459565777347,4.380342972106043,282.7076848262805,7.122293643165359,1.8693765680290741
bedroom__112.png,0.25428878753737955,0.13112491088579709,0.49609571589052287,0.29392616016578244,0.14461130516303458,0.1928677906000488,-2.738799176700827,0.009729076414516421,3.9790541966630766,4.176851226854349,200.69873511207373,6.957474998695556,1.7792664644886869
bedroom__113.png,0.1918941971375635,0.13794309656601014,0.5326285615808822,0.19900095342979976,0.10601821874460933,0.25898552184902035,-2.7927387585965397,0.004902390580983814,4.131074955661083,4.242231072466779,259.3834848677112,7.671570287138798,1.8004504619052433
bedroom__114.png,0.2821132719347052,0.23357382398444596,0.6429194495506535,0.17160450893355356,0.2652573981121137,0.14926344523369392,-2.740118078617791,0.009691328285530775,3.8693257925079747,4.172341858899819,219.67224559057945,7.138918682362763,1.8830075001780986
bedroom__115.png,0.24237990589683533,0.23521698800005614,0.583037313623366,0.2509022447662589,0.22842538471172188,0.17203016702887325,-2.945347420871504,0.004913121793051916,4.029206313910517,4.212594556288607,301.99028772816513,7.42810459451074,1.8115081208389978
bedroom__116.png,0.08787881141123967,0.46826948230303383,0.45776842064950973,0.06713061902480395,0.24513697125856063,0.16669073184228672,-2.6566633637190864,0.01088560147954253,3.853246238769141,4.282696271023607,243.7804224140349,7.316897721944961,1.6275689609159656
bedroom__117.png,0.3402699110749159,0.2754275024644704,0.4837342601102942,0.2058789579966585,0.29772887191351494,0.22725975286978517,-2.84789364043593,0.015317746521755648,3.604309974487097,3.9476350889309204,247.44618035672087,7.637079173607545,1.776834079461004
bedroom__118.png,0.09133001012627609,0.23311090895559503,0.8357235626021241,0.14258950790911157,0.27057527645181184,0.15245962901857382,-2.7061650221291678,0.005409330727820084,4.2514152184887415,4.293828781280552,248.24577922908597,6.645970520991486,1.9083483870590698
bedroom__119.png,0.23245059017635383,0.24249057156507878,0.4748790594362746,0.2676414985254824,0.19568323051807793,0.17974211917946523,-2.6245076609272378,0.014838320929213819,4.026305040191661,4.293385197605448,290.1772941333451,7.506472241331635,1.7035338353881886
bedroom__12.png,0.3863952976407776,0.08306263662540071,0.46482328686683,0.2609654224404169,0.06783609340916219,0.2111103491296079,-2.7526554256003446,0.04785283190897829,3.824101386565485,4.228255908869082,389.7360499347965,7.589599044897977,1.763716481128275
bedroom__120.png,0.10490747661845341,0.4662122008710137,0.48778519454656866,0.11551985528598392,0.18486154979901034,0.21724418662246534,-2.8255048713933473,0.008100080978515035,4.042168083060557,4.255092074145446,221.6287042900757,7.401956857774714,1.6602991855808475
bedroom__121.png,0.10832575573928335,0.19732194629926325,0.646972962622549,0.09278587536956237,0.11315170778030646,0.23805709797032376,-2.8953067976711844,0.007597907549692898,3.987303356284963,4.246681057933331,348.7262735218204,7.640254082257351,1.8739193865620247
bedroom__122.png,0.18173650574730046,0.31772359586815313,0.46678260314542486,0.20596324962406484,0.22613839660804735,0.3047356614909269,-2.7409835448004305,0.011757498095408938,3.581718791413739,3.966459569702406,411.2947289905396,7.318414672548823,1.7123211857444331
bedroom__123.png,0.11855427340593136,0.5170598747456635,0.5346044730392155,0.08402917419624344,0.2291657034219416,0.21256437317140003,-2.699358812274163,0.017834022423499546,3.5814737879424774,3.89455942075442,351.46877945564916,7.657714047248988,1.7830762241705997
bedroom__124.png,0.2134035648054837,0.15806831100211433,0.5648213848039215,0.24833424228836537,0.13924435691879486,0.19705321925918964,-3.0092737768888345,0.011293122644657951,3.664139176807895,3.927659260026864,325.8024052970822,7.3120122070118985,1.829610601910455
bedroom__125.png,0.20804401552483945,0.3091184416150609,0.6883801700367645,0.24238322404285514,0.24637392526915086,0.18482577305455847,-2.711987574128587,0.007979347512415158,4.051366394558758,4.32765449034829,293.9131018390634,7.193665866356465,1.8921594537541726
bedroom__126.png,0.20886496746660807,0.250405487772985,0.7222559104370915,0.20904350179474587,0.21792731504695464,0.19979409016158567,-2.5612326624434454,0.007813762999804005,4.1983015697407335,4.39866778409171,323.2636487826405,7.495322472358401,1.9021528840443878
bedroom__127.png,0.17934986324403668,0.3455773197727188,0.4376066814746732,0.15685036897210053,0.2718227777071085,0.19799994833528056,-2.9155872674812056,0.008621287812540766,3.4442096046647652,3.721001344533648,352.7140996558143,7.348700236626632,1.7229420087449963
bedroom__128.png,0.3924666694537062,0.20524367632229765,0.5939173560049019,0.266835525271457,0.132585971595973,0.2550568499222343,-2.6185731447900924,0.0152515399131002,3.901170624318926,4.1435877296068755,285.1666207726487,7.723264746931855,1.8302878007964924
bedroom__129.png,0.13152681542095052,0.6329836837255766,0.6078724085988562,0.1504799959808767,0.21557676024059233,0.2465570467316207,-3.158648675276688,0.018027254130425482,3.5559722089680115,3.9380182117303195,359.92254522230184,7.394427857454761,1.803268913587583
bedroom__13.png,0.3380785906811078,0.2103386730503828,0.4558608302696078,0.267328774007888,0.21134480939014916,0.2246720125948978,-2.554738152470326,0.0046155331390901715,4.208855298817323,4.421582405502459,263.2715851950452,7.630641880039245,1.7738261716904737
bedroom__130.png,0.11241817268569484,0.22006144249710885,0.5535088337418299,0.17481393395318287,0.20426421699651162,0.14704904875282485,-2.584457291957802,0.004302140132186248,4.204698642552982,4.336176969031508,227.44523792465242,7.071069014546771,1.841809537715335
bedroom__131.png,0.11576477503349485,0.2194478741101579,0.6299879238153594,0.15005621012700726,0.12114595957181963,0.2449535314281772,-2.391900401547239,0.02129851981565406,4.407919597136218,4.452709027558381,418.3221175312336,7.753173436889212,1.8740649526777151
bedroom__132.png,0.09037730944368738,0.6738390883319018,0.6575391007965686,0.08262927207000792,0.23330061282835082,0.22387912091561302,-2.4145515245791604,0.01288531495345579,4.314869147666155,4.385363295079433,326.67310088231295,7.558108404288497,1.8399345140625685
bedroom__133.png,0.25921686192055887,0.3420169539876766,0.45612948069852954,0.2627434029564155,0.2463979096631263,0.2960517195826895,-2.852263114316727,0.032480725679451185,4.313710972621408,4.369430110186794,308.2878176590287,7.561315430094256,1.6761643787437606
bedroom__134.png,0.15553320906869397,0.3243665779512937,0.6488185125612745,0.19216488755453467,0.18953220794588524,0.1495601048790321,-2.632866719019022,0.003941182120085722,4.244877823237628,4.408022311555826,245.28037189560533,7.279931455541678,1.8673012189845828
bedroom__135.png,0.12266194149273621,0.35130129705484325,0.4178318525326797,0.11490779602434985,0.28810041450364465,0.27629150000727315,-3.0688058423442257,0.014706207278379726,3.731381744532718,3.9441045098831933,291.9079160231255,7.482947589866985,1.6378001400227338
bedroom__136.png,0.16524864053551777,0.11441596433478991,0.7425127655228758,0.13625894843445566,0.13259363789562298,0.16733393072175906,-2.490850464976451,0.010613101821641518,4.1221088446715,4.314919152603536,282.2770116417338,7.004148253614607,1.9195484476277387
bedroom__137.png,0.16506371800756625,0.6049964625618366,0.5654639118668302,0.2543199094807181,0.2732991128516171,0.19630373121345532,-3.038995480521945,0.005580488891730874,4.243404161590828,4.324224241100715,347.1080209109425,7.616706945373792,1.7005000614269687
bedroom__138.png,0.3664483854354412,0.2954652791995526,0.4980513684640522,0.2581189867716164,0.2769895708456823,0.17869985438226965,-2.9421243793251515,0.0073573000689676595,4.044528617917871,4.216628152169103,326.8763144795072,7.345325917801105,1.7592079215393763
bedroom__139.png,0.30628568547990015,0.21298484728567518,0.47311348549836596,0.25800513164999517,0.19834104091140203,0.22994246451379585,-3.011052943198762,0.014115805334581077,3.9896035944788206,4.0663406822790895,376.454437594801,7.609865184391458,1.7143505810246147
bedroom__14.png,0.2709991629444138,0.2265682026818293,0.4499690308415033,0.33727319242956866,0.16686609729424712,0.2853291100405599,-3.017950195367319,0.010892273608987391,3.6343003716788935,3.8817782902275386,364.34841707149235,7.319826846969452,1.6892788125957137
bedroom__140.png,0.1389206513144873,0.49912434817446316,0.5666433568218954,0.05708033371539124,0.22286870546685444,0.246515357656129,-2.792281372017104,0.009610707788784208,3.8365657870172267,4.1619329471093645,239.93065966088056,7.590006855380655,1.8278250092361368
bedroom__141.png,0.30893385914374477,0.1540485176890817,0.44868460222630707,0.2982418446177555,0.11304557056670414,0.22694682884160844,-2.898676414416213,0.006611914757421492,4.273148893516899,4.391791761028805,230.15542896172195,7.6630752394953205,1.8400571032961033
bedroom__142.png,0.23552947488359025,0.3207594836216279,0.47053432649101296,0.30330450280932925,0.21889438586694973,0.2062327272372643,-2.5639776253695152,0.004511804416018957,4.22130678113583,4.38062921685517,291.26309788799125,7.526700629728338,1.6979695774952337
bedroom__143.png,0.4013381888214113,0.40649914977222484,0.3895886948529412,0.31525586882148965,0.3619402530865436,0.2794320555673279,-2.8194168125129453,0.007666733749493427,3.636831475003448,3.935730964769275,384.79591015003206,7.535665191490545,1.6119589900069329
bedroom__144.png,0.45635127125860786,0.3267659073208256,0.3465084890727124,0.2208993063360289,0.2455347287763923,0.258363207290204,-2.763432589029211,0.020287903439551492,3.291896426694525,3.6951948010862328,283.3666483758656,7.347921281749413,1.5757940654251394
bedroom__145.png,0.1204250166954043,0.49497230970703354,0.5054825367647061,0.11122326267894675,0.24407980951728145,0.24470450195701826,-2.7427811401102926,0.005590419155256514,3.941525407971849,4.329224146557149,380.52804126467674,7.664501218009467,1.7176179762187664
bedroom__146.png,0.5054216016314493,0.12802622805276045,0.5472360983455883,0.2456142598009793,0.15241265250163744,0.2791256759269835,-2.986898985525197,0.009664397053669067,4.026252884478222,4.23912436421564,348.62484905860043,7.932396282851388,1.78257788724146
bedroom__147.png,0.1894193991940479,0.33519119928730623,0.5385893203635622,0.25023760122063726,0.17110209931802853,0.2513914859750753,-2.8293641737472073,0.011026316690040014,3.939658403965134,4.204035385911098,358.8344966651588,7.359256363705898,1.8118688716474476
bedroom__148.png,0.18048691414541426,0.37352280579432234,0.5777276220383989,0.26895213130255413,0.19846562066915704,0.17048163081393217,-2.6342052331677106,0.006722281903516352,4.430562994280259,4.476621267358934,272.0256096110721,7.45872936566356,1.801779131072749
bedroom__149.png,0.1195960852969484,0.3029193510457609,0.5471732664419934,0.1312884769577462,0.2004825522370888,0.22658632420188418,-2.778091126711621,0.0030831827076552194,4.1485716814976445,4.278673464774672,429.3727564898694,7.716226027328373,1.838623043160149
bedroom__15.png,0.33581053386810494,0.30373718518358267,0.5893197380514706,0.255839836385085,0.2661522716869612,0.25496595291953245,-2.8007729301632858,0.008141206676183317,3.9355569337241527,4.1532069995733965,420.2266018822308,7.768722158435649,1.8396070590953255
bedroom__150.png,0.5519505194979014,0.1037767431576511,0.5520934691584967,0.34269458769445804,0.0948564926291715,0.1713666708370168,-2.582823524301309,0.006241885071811735,3.8893434575950536,4.139993896445107,272.0661714195143,7.319994357350537,1.8400979663739485
bedroom__151.png,0.19592795850614356,0.11920619222495224,0.795570938010621,0.21834543733533293,0.13036236190104708,0.12918995746001222,-2.43979867350475,0.008815670859625502,4.220617677235086,4.401699804831076,229.27863303403092,7.036981368382607,1.9199204804980847
bedroom__152.png,0.10480939374593395,0.4951286553169666,0.6344472911560459,0.04146904749602393,0.2167097538674881,0.20936153114597297,-3.002316159105508,0.005197056065261934,3.9982492382570127,4.228773854580899,296.7859286493003,7.647669681363058,1.827995616025793
bedroom__153.png,0.12614233735630942,0.6890418018172487,0.5475861417483662,0.09454547275612092,0.2524329163661412,0.19338119080233487,-2.621779752059608,0.00786781888827117,4.236861772509295,4.387635019172277,262.6679775257227,7.569253840143975,1.760438629388951
bedroom__154.png,0.13452849637331557,0.14743678432180668,0.6374107179330064,0.10853571300744065,0.14055573561979268,0.22261624597130725,-2.650329143883618,0.006534012029417616,4.212552020902487,4.353566605505687,301.92483119986633,7.509764632717202,1.853747335063145
bedroom__155.png,0.24022684394949154,0.23015291201311158,0.36311465992647063,0.24479206275700346,0.15777248775314895,0.18138219533085395,-2.717590610571016,0.012348682628754201,3.7439405417857525,3.9683474250136657,163.81862641776107,6.6042631864637595,1.4979695769456665
bedroom__156.png,0.16221764237969882,0.4330273014953639,0.5897399280024509,0.26759834582641223,0.28552164269475344,0.2775521240426398,-2.4345674856449095,0.008412569725386274,4.213706293783494,4.4373123157350935,353.614226558698,7.321500568478539,1.7898680254323533
bedroom__157.png,0.32874905171496815,0.23657507564629465,0.46720556321486933,0.24823941699642235,0.17964099298070577,0.21020366233373058,-2.976827834905282,0.029622126429096556,4.020479748478773,4.178465596718843,203.5501990646939,7.501813443280945,1.7391152572321347
bedroom__158.png,0.11814037605736817,0.42931909304637383,0.5403362821691176,0.12176858915325287,0.23626672000940252,0.20195103566041198,-2.8318156195951474,0.00686428926407,4.258498766623795,4.3229115052042,283.0800806793321,7.290404619372848,1.727324952205705
bedroom__159.png,0.238373508490711,0.16835656608549715,0.5407533190359477,0.15671979385755977,0.16079476115206517,0.2067433585998563,-2.9267062183186416,0.00618649108927252,4.123313073374787,4.166173000583371,179.99193994391692,7.58226216316212,1.8081493684607075
bedroom__16.png,0.4957971242802295,0.15683773130973253,0.5233219337214053,0.33864144481637615,0.1963663945668169,0.15801422054290462,-2.810357311659144,0.013044746794686334,3.857639625421887,4.102503988292287,248.0036858739428,7.011204315511644,1.8132177659746946
bedroom__160.png,0.26268288108867677,0.16751267819818622,0.5693522007761438,0.25327533140163766,0.2325122477110026,0.230290586045853,-3.140182370133467,0.015115497489215318,4.020637175799493,4.1916909096488055,387.5081185726813,7.253608823171847,1.8551474114272888
bedroom__161.png,0.2220996353089595,0.35212274454538334,0.36107003165849677,0.20573717556856796,0.26752155695501056,0.2573275356362316,-3.053556640460912,0.012968090900720252,3.6823575679146034,3.9057125073287136,199.4997324951546,7.545247832542744,1.6659593409999236
bedroom__162.png,0.5432899099579134,0.34308499828359584,0.5280215737336601,0.17653420114899426,0.25423990539757,0.23640482864492435,-2.7862655158428753,0.012092617853532108,3.7041468585816117,4.002023404635323,413.9545397970943,7.623707409143697,1.791033104702358
bedroom__163.png,0.10681628388204788,0.48088012146599074,0.7171543351715689,0.10690005827109089,0.24569530283318017,0.18793020197874294,-2.86844012181106,0.006183115112693325,4.100675163406579,4.253001325510116,325.4530096436608,7.633808258455832,1.8740649526777151
bedroom__164.png,0.26873827027765484,0.5098712091226041,0.49721169066584975,0.378411470867828,0.3085604492612525,0.2359390606688924,-2.8733719288260917,0.026040791105346222,4.204694301739892,4.244048149945166,352.8601618971982,7.225809726258289,1.7177429044163532
bedroom__165.png,0.29899511362219505,0.4377893437102632,0.492081405739379,0.28060506392812834,0.27471948048317835,0.25754730330388986,-2.58642591370484,0.01999647523159569,3.204864324738681,3.6223821331666346,408.9058659649407,7.691035743930926,1.734956166389789
bedroom__166.png,0.27574067136003333,0.1626676090526713,0.5022224902982027,0.3981563879530288,0.16645202703343076,0.16810613613320724,-2.8741802510644088,0.008980627179674178,4.025485861983794,4.1904509417107265,152.7700465514159,6.919060356604559,1.792964538664608
bedroom__167.png,0.3651267473275615,0.24964061397632084,0.48593659364787584,0.24709613172615338,0.2296739473974461,0.2329866263274976,-2.740554127170795,0.006878188663864557,3.6590185325655034,3.8579327499063116,290.8353856530953,7.43375594576062,1.6959560046189321
bedroom__168.png,0.2514034195304929,0.18644987539985378,0.6864669245302285,0.2878218914341997,0.24291059132261938,0.2537246809979481,-2.682919316463269,0.004420445798345097,4.128491942568852,4.309965960244595,306.22966682185285,7.588407791588755,1.8658097854363003
bedroom__169.png,0.3208308002542456,0.13592443235149002,0.4943930249183005,0.3284082267225786,0.19585287639245783,0.19624177188410874,-2.919524699925908,0.0045612443010579085,3.956408650517277,4.173018150414219,257.8936274307087,7.457090843976974,1.7954559481380667
bedroom__17.png,0.17039414627978314,0.3735086203416458,0.4336423483455882,0.19475651035011513,0.2361347965117148,0.2867043677545525,-2.7909273718563163,0.007198001147502815,4.138338528667987,4.185200767151768,263.73807541130805,7.448068493804145,1.5910331041527912
bedroom__170.png,0.2482128834111476,0.41203685757033587,0.4797486340890523,0.26041922177126076,0.26689106156204245,0.21175321230215755,-2.596317040637294,0.014696056411895215,4.173722827389526,4.3738671918676815,271.88318589125475,7.548488920388297,1.7148556596736682
bedroom__171.png,0.23560016245841042,0.30832626329990503,0.5046503395629084,0.21710407339630425,0.19911818263034,0.2136674857174213,-2.8768526702614023,0.01990761556739618,4.033626320221776,4.312554897629341,282.65221637248237,7.53936190266457,1.7586665201544602
bedroom__172.png,0.14622473098932443,0.4680846634690143,0.5716544500612745,0.09563509221468779,0.22834920367375947,0.23980531579021602,-2.9928227471193045,0.006229157728221496,3.765491441495829,3.9766061724813078,376.1921672836685,7.70310556105354,1.8355669802473773
bedroom__173.png,0.1476254361248594,0.574592395991156,0.4789012969771242,0.1510519638586048,0.26001686948499203,0.21230748972967814,-2.7198245197437974,0.006719822447128129,4.215760673935668,4.362114460226683,347.3989721019205,7.59257820905458,1.6524189405183136
bedroom__174.png,0.1503145757974348,0.5575082905121026,0.4656039624183007,0.25581132865156675,0.3305839875500451,0.23283418462527133,-2.6218575800515893,0.005592993185305548,3.720820740470142,4.129866722668622,437.4821769109937,7.498897509395974,1.674282750957201
bedroom__175.png,0.17410965688789107,0.488732322423876,0.47331754238153584,0.29085499280439314,0.23889792978237642,0.2819339811071162,-2.736555257155275,0.0043753118676006725,4.19711700074771,4.319872394915106,255.87596473086091,7.343582016942993,1.7400879911054148
bedroom__176.png,0.3529395753617997,0.32836401207113214,0.49876281658496735,0.3601961408376775,0.2722306272320462,0.3068166652598741,-2.9708515935232627,0.010092592956301265,3.9338601121383565,4.124533632032777,346.85787780251513,7.657665100697374,1.7520885277242595
bedroom__177.png,0.26563517455174035,0.2943653343107375,0.500328929227941,0.323015634187565,0.24884928162791936,0.2234578090878395,-3.124692362250132,0.00926562075379591,3.74886158739531,3.8831502542826954,231.0076469189186,7.192907011900037,1.7459241191728538
bedroom__178.png,0.30837589127626575,0.3610482738784739,0.5232101970996732,0.3228808096146897,0.24935992537853796,0.22023630928784413,-3.059008674536767,0.012243188700812223,3.5191097346486444,3.6187345344564186,275.2873024936454,7.501978818199376,1.6652858569391449
bedroom__179.png,0.10484598820084291,0.4126137187124744,0.42514453124999996,0.1362204066570388,0.22020954235621584,0.1814291395141353,-2.709278128063128,0.010107430711002386,4.0078151382354115,4.267005671461171,298.51205879910725,7.390696479805572,1.6319743309143466
bedroom__18.png,0.4510516773292727,0.08069660915189276,0.4579203431372548,0.3743691603683018,0.0616329938770131,0.18579238444996998,-3.0418424260653416,0.006813541152600731,4.212439954196494,4.082369209590882,210.0065605533253,7.170972831470341,1.7354264357503086
bedroom__180.png,0.32053567248423553,0.2676435544157296,0.3750740527982027,0.2740789685915437,0.19318681714534464,0.2486696475410277,-2.652740222984287,0.015889002551448112,3.8842965254514548,4.1960909541661815,345.29869657936854,7.4698156815926025,1.647521700138465
bedroom__181.png,0.09003691400019426,0.3293238359949176,0.49611031964869284,0.05888376735775912,0.2067322055238854,0.26519517419546096,-2.9442773882392745,0.03797250145785221,3.7205388704253686,3.970335203231363,315.6367657514757,7.8556234740662765,1.739625151395413
bedroom__182.png,0.10729486266252354,0.4608174752300344,0.5931277062908498,0.09644824425315936,0.2322498265935066,0.3014878283119389,-2.719088969409749,0.011149872800303,4.106779656719736,4.132224338417885,285.1549648175136,7.583512575225143,1.801872414462577
bedroom__183.png,0.12777714660312564,0.6287131419875366,0.5911384803921566,0.14896783717430995,0.24480466360839062,0.24104773476469174,-2.815434534607678,0.013757639723670615,4.1012319907236385,4.247343157478547,399.7710280939633,7.700957097699533,1.748854703543556
bedroom__184.png,0.38243136117154747,0.2126381351074403,0.49368530433006547,0.34582441397767966,0.19962572904426953,0.23951774361508116,-2.8503386459665774,0.009314685728137848,3.724579264017033,4.005030909564051,381.44750408503506,7.559135623273226,1.7669995611401856
bedroom__185.png,0.18583426795732033,0.20973490095791092,0.6887110013276145,0.22461478587572764,0.28100721948741936,0.19124010713387787,-2.8138120211706035,0.009847417009025847,4.206138436497919,4.156565526567815,203.71981919287612,7.273229945038124,1.8596126313881705
bedroom__186.png,0.3967131541583418,0.49318956749012227,0.5276295445261437,0.22548847344322187,0.34975336893291364,0.23365455871486268,-3.062246256410617,0.0062277112399697935,3.679155073928974,3.9609768000952648,351.37171382882656,7.554410106199681,1.6839920659081908
bedroom__187.png,0.32621695626982666,0.1667775387024668,0.48934201388888887,0.2898366874616221,0.17149185734811898,0.20345695578154202,-2.7598477854989145,0.007947233369998646,4.167778128838496,4.257186166391226,272.91769511856984,7.464906409444437,1.7586665201544602
bedroom__188.png,0.258846930278529,0.1055227989080808,0.6234102583741831,0.13608140256620707,0.11143905163501507,0.22456698979268003,-2.5115587163948,0.011669461735030471,4.141473204593242,4.353316917941242,297.70992849359413,7.697856275654777,1.8640850058273273
bedroom__189.png,0.11401023419851117,0.4852775756247282,0.45858083129084964,0.15005570232106136,0.27270636748770755,0.28009185427032857,-3.061913875401231,0.005136637274587311,4.132255014598703,4.323132637978793,325.12641062977787,7.7059502798512405,1.6731186347900404
bedroom__19.png,0.21792622190124328,0.3945959134832619,0.41231064899918307,0.22463384182666443,0.2888575840230134,0.19279027064171808,-2.7179853524096034,0.01090197544496696,4.1468777291204875,4.337596895884269,371.8620456096162,7.471977313435596,1.6633317212669811
bedroom__190.png,0.46443293578150235,0.14629968589969303,0.41259797538807175,0.40257555943052664,0.08899289778851475,0.288879833929824,-3.0258807211180745,0.011842250300131217,3.387141500144101,3.673709773823872,263.5410933875995,7.633429640424854,1.6818781927499056
bedroom__191.png,0.1831770377234963,0.396486658766425,0.5076032858455882,0.20407092760599746,0.26463815048589284,0.1686590971301779,-2.7637428831472555,0.011738359554670825,4.229697553669023,4.322235361638088,303.87971031919665,7.3001179926554345,1.7464900108872528
bedroom__192.png,0.19452338892033802,0.43383471274429203,0.3033772084354575,0.1637903638805395,0.28456849332389766,0.21573778010508515,-2.7230131860931692,0.02533105906112878,3.826251837801636,4.128499427537399,272.08600766443544,7.362447361148017,1.4846932042296614
bedroom__193.png,0.22735930214637018,0.119883700654794,0.6790124719158496,0.2580508919161865,0.17178120072080813,0.2055941775600903,-2.694772382465425,0.026155018672894215,4.370801366093728,4.2977943121653865,192.0310438715794,7.188171514265977,1.893181168286418
bedroom__194.png,0.3062916722866049,0.1904172069024837,0.546242608762255,0.3821270230712877,0.1393378190991852,0.26087632866462174,-2.9764260821272557,0.006911939664556785,3.8114833156872585,3.9690997391453386,279.0592956589426,7.645093711043931,1.7628630344216336
bedroom__195.png,0.13326848636405977,0.5880399079832592,0.4160333946078431,0.16653323265990103,0.24449403805975925,0.2273248622373575,-3.1301941362022108,0.010868546999203012,4.134782032852189,4.122209130134907,234.34765898450328,7.527685239589997,1.5531069396400419
bedroom__196.png,0.5264446695048018,0.07143767882512884,0.6473451031454248,0.22087285444904106,0.07818276019371152,0.15457932553023945,-2.6262098857131897,0.011022247202689893,4.164145084173036,4.327952441418772,249.22739397796192,7.071106534231873,1.914034271082715
bedroom__197.png,0.1812898422615721,0.538174074422354,0.37396548202614377,0.24888799436060968,0.2545165207025921,0.275629652010302,-2.538007537400694,0.017751706653284346,4.291678904071669,4.4412038778938,278.08824557468324,7.503627315741665,1.5226965545561177
bedroom__198.png,0.08579135852081214,0.7057718634822917,0.416162211499183,0.06709156565134003,0.23412891015990833,0.2949460881830202,-2.953360948309624,0.0054896924459645075,4.049072427052021,4.245562067978017,230.5081992498074,7.510789423010116,1.5625424582108582
bedroom__199.png,0.2136338430682069,0.3231628766963304,0.42635369434232023,0.2794730634155827,0.283190651968455,0.2288138017615619,-2.8842028096268,0.004102123972564007,4.341090345048626,4.350671588391853,190.22673452105863,6.9690924657348745,1.7527530686871935
bedroom__2.png,0.11627678922915043,0.3132363501106795,0.5189385340073531,0.05584882593255052,0.19519928752185675,0.17845207694180512,-2.6328344216542434,0.011732714029767015,4.1674774131678465,4.294649952078038,220.54586822313175,7.298283292941199,1.7712850936274456
bedroom__20.png,0.11120051259872475,0.3395165499131767,0.5612338133169935,0.17570701859677712,0.22055047224461474,0.18295041228017975,-2.788032378058132,0.009008510447101267,4.13748263996195,4.251711169413845,241.75637064353805,6.984916538891032,1.8367271064170372
bedroom__200.png,0.16137905092405536,0.3087316749386852,0.5627355621936274,0.18343472895871052,0.2924886686268407,0.24990632137512153,-2.9175858269545865,0.0032442566229003533,4.1884530652183365,4.261407460276762,204.34879299306888,7.311804302983703,1.7702457680717512
bedroom__201.png,0.285207720417949,0.10660973159235448,0.69918079810049,0.22567563097778062,0.10564535765797216,0.169896944439619,-2.7560968735977327,0.0041542204693096095,4.196408270582086,4.3502624012892355,293.80400657712255,7.26887644657129,1.90162510368542
bedroom__202.png,0.14480772832854594,0.1540510157510709,0.7165655637254903,0.20186700676421027,0.1576074829353551,0.22310000785442982,-2.9064817126748146,0.012655331046200065,4.089136535631992,4.297757477847922,419.259383714927,7.53634929924481,1.884833267999658
bedroom__203.png,0.4925300275569974,0.3864311814904611,0.42385698784722226,0.40640622767155943,0.2930568714522209,0.26761132470967597,-2.8174702459396936,0.005977381103026351,3.633784905875154,3.842447617917505,483.8322431647041,7.670191136144619,1.6707763686714099
bedroom__204.png,0.4737778148177108,0.14865502280939288,0.5651184640522877,0.2719226182382566,0.16449512782613057,0.19540823520888898,-2.8210140548090976,0.004439265408022081,3.945204631966058,4.244016833046079,364.9784964774255,7.3369388301293625,1.8496646045177827
bedroom__205.png,0.2368544643047962,0.21409514264799892,0.46627665441176486,0.20964031105100647,0.1897960689329971,0.19303016219732097,-2.814867812740792,0.018871157802621438,3.5307202780404747,3.9298949781200494,314.02762801341606,7.374070264057894,1.6468837132968244
bedroom__206.png,0.26703394554851523,0.106202914876221,0.6076247957516341,0.1737583983370597,0.11895352901086897,0.17065622378854847,-2.714340082968487,0.023590254558469078,3.896818035257132,4.133703275235055,231.99115377458855,7.347393227526525,1.860908417472831
bedroom__207.png,0.25143470012924835,0.3169419209762768,0.5634771114174836,0.23386670471696952,0.22288296171358957,0.17295558675031408,-2.4686683042741215,0.005982453655511666,4.306917967515695,4.4346545459975,264.0440649586061,7.480703033000445,1.8178458879024735
bedroom__208.png,0.08021354325357576,0.3711981498359317,0.6600168249591503,0.03532857884978903,0.13480779429198164,0.1242408366537499,-2.761228140624027,0.004725281379045951,3.9580156384270504,4.266847709221162,207.4803301816314,6.831767365940509,1.8897610524982997
bedroom__209.png,0.35079329797908054,0.33525947040539755,0.5563633578431371,0.3572622606271289,0.31593302039175425,0.18774781835076615,-3.0356310671917064,0.013680933145661805,3.9421364579266465,4.167068941709235,340.9176289549749,7.587866424475882,1.7083483865095026
bedroom__21.png,0.07244638284363733,0.7437270032582539,0.4371174172794119,0.024451006081991706,0.18350348460826227,0.21553165557924026,-2.854659355955221,0.002440059020864717,4.195668248097704,4.367947526980184,349.91313521378027,7.433728171695889,1.5781542177394599
bedroom__210.png,0.31258090929176546,0.3524023686339237,0.5804485932393788,0.27427415166299474,0.25936059327891514,0.23962032642542094,-2.738453010167857,0.015326489978009004,3.6039939141135395,3.9451496744162684,264.6594314315054,7.518011085044799,1.8040107779503451
bedroom__211.png,0.24199477770599842,0.1802363537271383,0.4845582235498367,0.13070607268807857,0.15700728164888042,0.1638157021285057,-2.8817898547065033,0.009087050324198405,3.8762421847582207,4.143575103266105,144.63319352322085,7.225537924560585,1.7285307569674342
bedroom__212.png,0.14924555482479276,0.3725252402243092,0.5442199627246732,0.21233184528350518,0.2645853601323546,0.2697135630312854,-2.4255234707753415,0.005821398580631331,4.105835648087905,4.385799650804666,383.8707553701442,7.776393286622382,1.8056733686327662
bedroom__213.png,0.3017184299965871,0.09024079462975161,0.6693830422794117,0.3605897425465171,0.13234223696925865,0.256053829436948,-3.054178436627186,0.007234188751775938,3.97978394457093,4.113221656477752,320.5254627272813,7.560694811050142,1.846003988190698
bedroom__214.png,0.3133130340992735,0.16145980497826676,0.4937971047794117,0.24336337903229707,0.1958152655418286,0.25850243492928066,-2.7855002927029924,0.011609926677480046,3.7981832397421114,4.0389045851429985,423.45511185323653,7.847978653906778,1.765309728405868
bedroom__215.png,0.2996997768135271,0.14906232810579317,0.5743237974877451,0.30127319358987953,0.1273196619031443,0.2557117385875588,-3.0739182363593804,0.010817896282589987,3.8536486330129405,4.073430033585661,384.6569318833568,7.65403021592633,1.8336509559306446
bedroom__216.png,0.17769826431770083,0.37980544692933593,0.5344919194240194,0.17369963749221468,0.2326697664494982,0.22472626340280008,-2.4949349359399706,0.01469969664522767,4.200195328652741,4.425299321050571,343.96358937731287,7.6988105325792,1.8099696328374395
bedroom__217.png,0.25563281446745206,0.34375070631613674,0.4112238306781046,0.22662636400838468,0.20511278346647016,0.20935878851909434,-2.7999786675238525,0.006546698753981171,4.341414310030326,4.403489059988252,351.1728921539094,7.5325088050566515,1.635483877680913
bedroom__218.png,0.1296995553397104,0.40569828580092143,0.5806693857230393,0.09607113749715734,0.22038040714012355,0.22458801672564796,-2.918316270113528,0.020726143996887894,4.1256925866651635,4.239292521359754,255.87641065105908,7.7729823688256765,1.767210067904842
bedroom__219.png,0.2147982381712859,0.42384283581928656,0.4609384701797386,0.16525414567522137,0.18789315862262956,0.21290396763234865,-2.963437709438054,0.01532663220423199,4.146305012974642,4.3489885613600965,226.45471284914947,7.550402164692685,1.7089928398988157
bedroom__22.png,0.1803523216439734,0.2504867232066254,0.4945448197508169,0.2219037615129602,0.2066023851616363,0.19090184023919837,-2.6767650035958277,0.006131371152208246,4.449537960760738,4.483338728561515,263.6217381242467,7.337014891115693,1.805304637829316
bedroom__220.png,0.17624499537854338,0.2624811155900247,0.43834668607026134,0.19277383466371842,0.14600816964926405,0.20085886514144105,-2.744523090810553,0.012657858575132025,4.281637607604188,4.347543750241433,291.01693960756535,7.494472465533864,1.6636331724574138
bedroom__221.png,0.36265950652133266,0.18517941609803507,0.5695111187704249,0.2837643336038301,0.1937951994165735,0.2366840363010349,-2.7911423458604707,0.007997890120743142,3.9742169093692246,4.224101189406353,331.09583561684883,7.742063506255015,1.8241338487902592
bedroom__222.png,0.2071059080786433,0.19754920172463705,0.6571374591503268,0.2581293549539889,0.19897477073608713,0.18726562876692235,-2.3763666699299,0.014779069781585937,4.265370142305121,4.4258568540563825,353.22327552313595,7.515360634427008,1.8960234223676373
bedroom__223.png,0.372828409143491,0.29615454999410157,0.6271819852941177,0.32802075136644465,0.25947497082647486,0.2209302892859586,-2.630576452614698,0.0166009213754001,4.211708421784986,4.2490445324531,205.64093205928012,7.524489576502132,1.8268852960318227
bedroom__224.png,0.42223179098050123,0.13350703434794103,0.5469298023897058,0.2599773601946699,0.12032794907812452,0.24497547318141774,-3.00461324210212,0.01064334877719077,3.8599661052145793,4.091188363135635,352.70514659478584,7.731286064969071,1.8125889974031406
bedroom__225.png,0.16597586805588396,0.36519191093121967,0.6427644122753268,0.1606566578936145,0.26594705507521266,0.2633339127855647,-2.763252464970671,0.008227774925033638,4.20612211961222,4.35314482005995,388.34223643664524,7.829250492997682,1.846324288679665
bedroom__226.png,0.1128480258563903,0.3552053925423674,0.6867434385212416,0.09486645900414666,0.24025681679515684,0.19281238221849048,-2.5471117111918873,0.007301589806334514,4.3772567416333885,4.415539716091931,252.65040232308843,7.309949486821509,1.8987710171978214
bedroom__227.png,0.10401111728733745,0.32632967787882583,0.5794053947099672,0.04240632623545033,0.1855903635792645,0.25304448947779334,-2.849357437978121,0.013400288420516823,4.161413693913516,4.310699848130693,367.0537749582679,7.783458273968274,1.7999060336256723
bedroom__228.png,0.37240215908964275,0.15601108445322215,0.49453524560866013,0.3008664749989308,0.1820248972589427,0.24657854420715328,-2.628545242195058,0.0182813455721519,3.8714586503345894,4.142865010000166,415.75797610477997,7.812745148629976,1.7712850936274456
bedroom__229.png,0.22608307068335914,0.21738950021706557,0.641014271854575,0.23145506342445293,0.20361164965586037,0.23656044684413188,-2.7378864207769262,0.009009472493564161,3.868876130408311,3.9943702026294834,210.86022943420943,7.574999599148207,1.8592304171448926
bedroom__23.png,0.13438185756083793,0.534025315733251,0.4382296134599674,0.16828464293799933,0.2733798532505285,0.29016184271721834,-2.824793938826022,0.03136102855074874,3.722490821647775,3.9043691840231567,214.4423391144987,7.5365057094713395,1.721835816334647
bedroom__230.png,0.2997282738907697,0.10324819979157802,0.5129384701797385,0.22202187033433818,0.10034030158843063,0.22449124721890518,-2.91701285864735,0.014917753349105228,3.714451358418425,4.091748679585825,265.37821736530555,7.728564126016714,1.7904511154118385
bedroom__231.png,0.09972462931794432,0.6878729702361313,0.5871239149305556,0.04961484127214026,0.2122593945963951,0.19040545459787792,-2.813336224315366,0.023949059172669686,3.5901651267632517,3.953456516560184,304.68648295263586,7.510490464029792,1.7506433231125293
bedroom__232.png,0.21824437151395293,0.3120241851414461,0.4882956878063725,0.2797581783635863,0.2209889058785422,0.23315662947018798,-2.7804034387095564,0.008643498869701394,3.880957621298743,4.183659606416163,461.3024529897704,7.5604954127864294,1.683851590478966
bedroom__233.png,0.37379458772869795,0.17870665005410602,0.5562341069240198,0.23852947718612483,0.125003300080092,0.29075021503111864,-2.7588204630905233,0.009194987071636684,4.171743030561889,4.190891349132928,171.61419164366094,7.443711454068959,1.7932721812304713
bedroom__234.png,0.29058443898757014,0.19070229685618714,0.4525679381127451,0.3292513961249636,0.18989520201898522,0.16770539789975397,-2.5990793037053406,0.022038690657883504,3.921228287496458,4.2521041680334735,301.9641766821943,7.176188619089915,1.636975036056954
bedroom__235.png,0.24187330064904386,0.21728447883852453,0.4435012382557191,0.25199499671448766,0.20574174511011872,0.2625460857658216,-2.897468885171261,0.01728477581506363,3.6985744865647696,4.002884253092231,320.81389337853415,7.655244775919905,1.6598415741434316
bedroom__236.png,0.5101357873721015,0.278275372141822,0.6524674351511437,0.39143962463931337,0.1805673244691219,0.18075344162412912,-2.686073211980729,0.007344648120564656,4.113459934418446,4.328272020852101,282.8893159156111,7.463368544848607,1.8586176085633384
bedroom__237.png,0.2252036466980482,0.22437761839679704,0.7369775965073528,0.2277801382499028,0.2004178915215491,0.16507038012118394,-2.6993582485561127,0.008823757446926084,4.069494490603658,4.296489286252698,357.1316869187761,7.46948803519422,1.9153597757694445
bedroom__238.png,0.4448932471652064,0.15039405390024355,0.6513205422794118,0.30890534034746847,0.24069740973233708,0.21186525409286053,-2.698581666258601,0.006722536393841084,3.849729534976544,4.006222726899536,275.25543631702783,7.624178367582839,1.8846233115794848
bedroom__239.png,0.1932456830630669,0.42294169651799524,0.36460103911356206,0.26365447584659696,0.2575827002514457,0.21598427119823813,-2.8015488801012145,0.02922206305117076,3.7260353310845655,3.8585911142513614,221.450487153006,7.144272143617068,1.5396251508458458
bedroom__24.png,0.17666753093738186,0.3627257218858392,0.6244011182598039,0.239917021272976,0.23974158377545696,0.18754639428739603,-2.8049835759913395,0.008203852730965933,4.183339167352933,4.378048123267475,390.8567624210611,7.467903504276262,1.8425398448439587
bedroom__240.png,0.2646158840805931,0.13176718858283232,0.5229651501225491,0.2385387483673212,0.1355701488795276,0.18015958227545675,-2.6240294068163297,0.006466918706320176,3.917116665774909,4.149807153413398,189.98003601752978,7.480044392521347,1.7679457408921728
bedroom__241.png,0.16478527587012748,0.28361283689674494,0.6520772697099674,0.12069456420624632,0.1811075007428487,0.24421963688777928,-2.6997271459799834,0.0038319521306225623,4.041847352134367,4.271992114012976,280.16821645667005,7.703947547244628,1.8538252088074558
bedroom__242.png,0.12526692353403812,0.6153902805146976,0.5024169475081699,0.13951605295284664,0.238213068615623,0.2097139343683233,-2.756769961555168,0.02216062518692904,3.849331273896448,4.227912801270533,286.10927850492646,7.542712898481322,1.5998120617556737
bedroom__243.png,0.1873568834945898,0.47232290534458893,0.6547236391952613,0.23152658310237817,0.2976602912842308,0.20867279171042455,-2.7819664474019996,0.011863246976511813,4.233596158455521,4.356056823708022,392.95978457329807,7.567062626922342,1.7800727191559313
bedroom__244.png,0.2580821821434624,0.25549156576146287,0.5618263378267975,0.23627902927416475,0.26053682614125884,0.2484707686572829,-2.9139118034471565,0.013584917255795474,3.4763100539867438,3.843866310366182,410.21948287864626,7.76093183989809,1.7965987384565199
bedroom__245.png,0.20024276753358075,0.4037296704118481,0.4910810483047386,0.2842178479319507,0.24293291805907105,0.18384184475930268,-2.6771878403121065,0.00896602769341475,3.89069869703042,4.211357017730092,324.7292362075645,7.437156581825354,1.7233097764456011
bedroom__246.png,0.27106297491442677,0.11696158976192075,0.6740412326388888,0.28582086848361077,0.15042369912386713,0.23836657369282502,-2.493580877902174,0.005327133295452595,4.236682221625953,4.422125501446458,328.67003001803124,7.036971733992092,1.8778185772223863
bedroom__247.png,0.21594643587855922,0.2583345874446302,0.535163028492647,0.22443894253819935,0.2414424376476269,0.29555046968998827,-2.9019072051105055,0.011536081856822731,4.017153826505997,4.184550045662959,292.7774766763508,7.112109044193854,1.7696203015670935
bedroom__248.png,0.18980258596844304,0.33916845873102286,0.488662709354575,0.28300928343988496,0.23699198541880742,0.28806855566958645,-2.9098159981462324,0.008010293470861603,4.013389270215165,4.20408982386685,352.8171612398991,7.39658739658345,1.650848257364514
bedroom__249.png,0.1227820203975838,0.3498197827413479,0.6852511999591503,0.13691502774646797,0.26242634094770556,0.192999730745746,-2.8065470875725747,0.01712335195572004,3.676345867661891,3.8620222477458324,404.70182000560004,7.711130818390391,1.8584643376248895
bedroom__25.png,0.4786880623833227,0.21114596716760056,0.48195443984885616,0.3424227038407373,0.129255274763912,0.2040131290130056,-2.898526360819609,0.004376418860505754,4.38706856807447,4.389010981440737,287.1969574147872,7.152167721669929,1.6834298890190507
bedroom__250.png,0.1160120258799172,0.25190636178735926,0.5248643152573529,0.11330610404775289,0.1517091360881489,0.2191948158195186,-2.9219901709317275,0.017216651862062397,4.102405976750327,4.2227409199963795,278.45682640736504,7.566750098588988,1.7630767056670653
bedroom__251.png,0.31299305651492176,0.30474870248910835,0.33135640063316996,0.23784075145309516,0.21604930431850272,0.2608045911901213,-2.998402626763602,0.00859413745692727,3.076980304500668,3.501886422128606,426.47872667277403,7.284287935763203,1.5723414793125383
bedroom__252.png,0.17025625242363654,0.33768413131380065,0.6939393637663398,0.228506208669216,0.2007524025173196,0.16278911269706195,-2.794108007574338,0.015842929643363413,4.104242960651495,4.232266375696864,244.7848615507668,7.369558720642925,1.8903796396969235
bedroom__253.png,0.12022306419746315,0.27640533123882066,0.4903180019403594,0.09953154600025474,0.14399080545085644,0.2061705722683416,-2.8197690400953994,0.007706462319034261,3.96445288622655,4.163990699455584,279.30446596116224,7.541199833027442,1.7493028215386441
bedroom__254.png,0.1630953769888141,0.44912263277108244,0.39876590584150334,0.14971804743953598,0.2463138421751021,0.22566412987395262,-2.94491517712292,0.007868617209146507,4.250356681767478,4.219873043861152,198.14671680872382,7.336681373908256,1.5354264352007416
bedroom__255.png,0.09714681616998024,0.48179208206278173,0.5452738970588236,0.05143946229645241,0.24149136187263404,0.2888752704899749,-3.13294058789765,0.008701198965588118,3.7777195091345677,4.018228150777045,397.52074241401044,7.414104498475207,1.7914205472182219
bedroom__256.png,0.46440700310372907,0.15431183227730993,0.38189187602124175,0.3455344414199395,0.19787261045812848,0.2425917527447232,-2.6952332345229237,0.004223227585577952,4.012234612362683,4.272181575151698,292.43378532022126,7.434298728344343,1.6783203532549766
bedroom__257.png,0.37135539361381015,0.2542890003529696,0.5317175755718953,0.2468415429503534,0.1826987231371681,0.2331111207293162,-2.5898827392531225,0.02481138023635456,3.827201584087535,4.057731933821407,233.53703280901885,7.507987918477014,1.7546278171677188
bedroom__258.png,0.47045236057865075,0.16695755429178355,0.5242126608455882,0.4031573316761141,0.16280837347063304,0.14767986524559887,-3.101219249694195,0.006676372249016456,4.127537084438799,4.147009074845421,173.7877535327979,6.734446045224566,1.8068681665048403
bedroom__259.png,0.1140648585625412,0.3393501242845504,0.6130122931985295,0.1606595150946995,0.32080796790392163,0.22454874769392857,-2.8791561621208657,0.036331425388892946,3.7669086035008617,4.074002333006095,249.73479729608837,7.420523526904477,1.827739705841309
bedroom__26.png,0.43080910859381,0.2518592017468272,0.5581308338439543,0.2412761505592493,0.16227855156203572,0.1583239080856834,-2.883886155305787,0.003927525463592072,3.9478825396958035,4.123570278981694,232.48418986309468,7.305401474671836,1.7127028496432282
bedroom__260.png,0.11523895805838677,0.43948546066313743,0.47031872957516335,0.12172134930832365,0.2445690867789777,0.24108266073641174,-2.9880747622573245,0.006503750576239643,3.8600504488810037,4.143168439489796,296.32506607168335,7.459344516760884,1.652105519335381
bedroom__261.png,0.38208232810539616,0.08032572547725086,0.4475643254697712,0.3550514665204799,0.12673401448112542,0.2983641678877636,-2.999764710419679,0.027205456300823515,3.8083689937120053,4.030695953543861,238.59202411832592,7.223922553654089,1.6622739591711149
bedroom__262.png,0.32903549807076693,0.1895357348002895,0.5034589843749998,0.3321328454672382,0.1986334750598025,0.22809612344648963,-3.0229207202896133,0.00817611783978141,3.751234494343825,4.0602080538196486,299.4333168793954,7.5301289331358845,1.7814782989649032
bedroom__263.png,0.1658509118669464,0.46861471485967504,0.3401174811070261,0.13852544569247824,0.2477241219645137,0.17647630640180997,-2.61479077350679,0.02157958697268519,3.943392040504853,4.2228214303532825,257.07174194375284,7.194669259012379,1.517367981687905
bedroom__264.png,0.22304089126729185,0.25535071919021496,0.4560426240808824,0.21902490527873197,0.21113151337662617,0.18613989890064858,-3.091420641258976,0.00611086003015163,4.109047407145459,4.135469963829002,191.93201189899506,7.320622217743934,1.7065361021277705
bedroom__265.png,0.22823985409528347,0.3881995731940983,0.5241402037377451,0.25886831924809095,0.22405283069494522,0.20143547852664434,-2.733087522681939,0.008046815901578262,4.0392841720404595,4.2852978709866765,302.18291824494696,7.521153792409583,1.7664724687118212
bedroom__266.png,0.205967007123647,0.46893850091668043,0.38849642565359477,0.25638152755967164,0.2884323468719804,0.255827056490051,-2.8405608470090575,0.0065222197498290045,3.735692058124615,4.094305634150393,455.4608431581592,7.689147240546965,1.632646026355556
bedroom__267.png,0.14592067435747705,0.3022921444567969,0.4848178104575162,0.1421324382584322,0.20716725262663133,0.16828890347213055,-2.823949085120169,0.0047463131940329315,4.048818930861541,4.108005076108769,178.44431827165715,7.234318145508424,1.6707763686714099
bedroom__268.png,0.23586884292723223,0.3539853887220577,0.36012939133986926,0.2897720418174729,0.293183436061561,0.20681290418221127,-2.5836302261380184,0.005790568712339349,4.354472876929007,4.433123881973018,277.09133440657405,7.168681251954408,1.5459241186232866
bedroom__269.png,0.2707203236075323,0.2709798855104948,0.5618352481617647,0.22380912127583072,0.21278531611422816,0.1825621068294938,-3.0592944394945345,0.005887405050895546,4.039051143109319,4.165249238390365,297.9663589586634,7.541763117587624,1.7837726851135336
bedroom__27.png,0.08546626353969529,0.5932338626127444,0.4509786177491829,0.05344546213407891,0.19762220171254172,0.19881171288691074,-2.960398928602538,0.008993120400231728,4.295252349164489,4.393517602349778,199.51442119145455,7.123661247450525,1.4248242548447485
bedroom__270.png,0.09775595745530904,0.4456045338268528,0.569601970996732,0.04731136303597279,0.2334758959438195,0.2323444068972487,-2.92871773189548,0.00639963524532456,4.003323078520065,4.1274472999990115,248.35311029696913,7.710432608494198,1.7766304520023823
bedroom__271.png,0.18770594762896542,0.1480830537119927,0.597223881740196,0.2158330804788307,0.17044973077704872,0.16824681702935027,-2.506276705017192,0.00543539391621142,4.0453891191724685,4.234837468573467,358.08947760562626,7.250962128701381,1.9015590623474885
bedroom__272.png,0.12848418589391555,0.5544668273577481,0.6500314287173204,0.25399274735984567,0.26079674298711153,0.21297985898803595,-2.691721071981518,0.005846636725088894,4.153781767054195,4.31266594567348,411.58060740673056,7.646704082349373,1.797452873093765
bedroom__273.png,0.28133317499240124,0.23167053970967624,0.645618132148693,0.2512983860394,0.20470448620054257,0.16578801495283613,-2.947420816681681,0.006434706061075599,4.176664846254174,4.379511350212128,292.7087581132023,7.501052989436767,1.8760921465799654
bedroom__274.png,0.17196378686957745,0.2414125854269329,0.43085290287990186,0.2008305088501552,0.1737816400167431,0.2785051810136463,-2.957896602550889,0.013128695952545802,3.7726474933735723,4.150175435717571,435.2563618732895,7.5805873141656335,1.7199825312889492
bedroom__275.png,0.13167059167080725,0.5553405475776787,0.5733700597426471,0.0661142291899553,0.24755267117459814,0.21577348685862796,-2.642079788103472,0.010520636050861586,3.9752650714619664,4.176071785145159,366.74246757321987,7.599676615198624,1.749526674157007
bedroom__276.png,0.28093761555513,0.37795715691200377,0.4971087111928104,0.322829759189091,0.23919875891744719,0.2262190376132598,-2.991963698758046,0.014624379974151096,4.065920603986763,4.317252005900556,358.9379599514515,7.51878840303675,1.6666310364411334
bedroom__277.png,0.15916381895121387,0.47998267461422356,0.6398365885416665,0.1883253703013373,0.2961924264391425,0.1570969229555444,-2.5027755473143514,0.003251315787515629,4.0742148765386546,4.3211259611974695,315.13378939211907,7.467130516643606,1.8647611040243994
bedroom__278.png,0.25470769503321977,0.23379873913348026,0.6018789445465685,0.29599462404168336,0.2461477352060601,0.21574460253355163,-2.8180011551603386,0.009945685304569827,3.9723844995125095,4.219815269235041,295.3179011421629,7.392614582345199,1.845282486573798
bedroom__279.png,0.3564853237741338,0.23200274108669167,0.6900680530024509,0.3089203043576086,0.17175241119850068,0.17937789361217274,-2.8337397459235194,0.005297745019031695,4.242750997719236,4.396575709521574,333.6704511166821,7.250927258732644,1.8935210060045233
bedroom__28.png,0.2566294461495651,0.1503190358233308,0.5462973600898693,0.2603483204802227,0.11128245742834063,0.2649760437093267,-2.9413492428688857,0.017170851858258722,3.757350775603003,3.973626149313646,201.14075837709194,7.320653969762882,1.737183410511523
bedroom__280.png,0.6278548321626658,0.2922931175751061,0.5967954963235294,0.32307307374540134,0.2816536001510582,0.20370006431516707,-2.844765279473369,0.004654037582578092,3.7584370319257197,4.122335842828086,395.7382032064745,7.723760505284216,1.821792133016111
bedroom__281.png,0.3362484488378914,0.2772365434629294,0.6561054687500001,0.37646441993193985,0.28708516508229465,0.1671394460104345,-2.338008360784142,0.01625358591677837,4.117751164689439,4.354027158412902,269.9029207627557,7.471527865835769,1.864460615936812
bedroom__282.png,0.3340008980995419,0.18170757989148237,0.7255642105800654,0.36185626389753295,0.15075051942965856,0.15326667605218197,-2.800797818770821,0.013669057049391318,3.660294006598604,4.007475037812101,268.71354540002864,6.9887440586790825,1.9124484534556392
bedroom__283.png,0.27711733064007815,0.20978097039164412,0.5756676879084964,0.33052936274953015,0.1819948827435282,0.18383211100600252,-2.8112394790160535,0.005272854816092589,4.183610146201396,4.40816954650961,325.5409469918014,7.316504649956953,1.8573116411057466
bedroom__284.png,0.19730436646469085,0.1492206229399935,0.6820732102736927,0.20941751142109225,0.17494566201466258,0.12915988519397326,-2.5642109503069097,0.007622532561552966,4.331660636207949,4.459154814000873,274.99735006634825,7.033150896490766,1.9186783530004934
bedroom__285.png,0.09779951088595118,0.22807546598707276,0.5705654488357843,0.13790344467758456,0.2091137609083595,0.17164833606346755,-2.645269348400136,0.009861652912397966,4.180309197547104,4.319236569688434,271.218355215178,7.329747065830274,1.8540591052126292
bedroom__286.png,0.23325197058974595,0.3031233333480141,0.5715349902982026,0.2078948390953592,0.21612585739493428,0.2021191754207955,-2.548859432484006,0.00609564880799481,3.8903765667993015,4.190626070963647,360.67635341216175,7.663376958399449,1.854526072506252
bedroom__287.png,0.10300129239656886,0.3544084196510008,0.6229906556372549,0.11809389127369627,0.2532465390264225,0.18614995189139716,-2.668709179547347,0.005811934864947423,4.067291759340419,4.3227202460353915,261.8480194422033,7.352642777485386,1.8542148527012503
bedroom__288.png,0.26906592488841335,0.19566512076342749,0.6575525811887254,0.3056893531497523,0.18190242853245125,0.1917679147394286,-2.82863606067974,0.009907401355108812,4.399689162357502,4.424960358055978,291.5478459600061,7.435213796859679,1.8933173785459014
bedroom__289.png,0.17720872587158457,0.4464229662047876,0.3808847656249999,0.24333315030393504,0.32529216296471414,0.22464426005280624,-2.8868964116313593,0.012909240304939219,4.003350689284945,4.202771878039204,439.2661610816422,7.506511696943964,1.5290116199096793
bedroom__29.png,0.12942438761325648,0.4608928534174741,0.5842337494893791,0.2067999507035323,0.21985303944270695,0.24907238389142328,-2.737597531989742,0.014808212701666885,4.047896510460139,4.250007612541192,207.72363571638093,7.684991615668606,1.7567088072431587
bedroom__290.png,0.2403233918479116,0.3611092328249431,0.4674756944444444,0.28146142787667305,0.23307580054385835,0.25890929075508073,-2.9749472550254064,0.012704478595778081,3.858948613684105,4.198394176078512,442.3871608972295,7.671817494017533,1.6609082793371432
bedroom__291.png,0.20519721672971603,0.3817159383643806,0.5462183159722223,0.2274621328109364,0.24715415640595226,0.17860098699099888,-2.827111778653567,0.010826789413778024,4.3807671245921345,4.395242531899121,269.22049540140864,7.385530873650912,1.7261140567575102
bedroom__292.png,0.24986799645160468,0.20513229360758028,0.49535216247957514,0.264261796769374,0.17217874093481408,0.3109978622016104,-3.0520908126961466,0.007351175008860347,3.8476485245981844,4.0287453390021515,292.45125580325987,7.857153908524055,1.756817913036866
bedroom__293.png,0.17892229151140238,0.7845982726786369,0.38792423662173203,0.2700909763335808,0.28430234852026165,0.26793664233315506,-2.56511435660378,0.009722328024602812,4.048548768696359,4.333646626171302,342.01906567396327,7.266614257539364,1.512956970658576
bedroom__294.png,0.2599075197987157,0.28738561542102964,0.594730264501634,0.23091993603196717,0.19041106696437657,0.1770522912392119,-2.6801698544276973,0.015680342974916234,4.093597063993235,4.298615698195,271.6375641165083,7.230184054919423,1.861364102704557
bedroom__295.png,0.14641739613191365,0.4379225647682035,0.6766140088848037,0.17886237045398637,0.29597975797265275,0.18598786358732752,-2.5791032682519544,0.005158815874151153,4.365185834558747,4.474050050186575,217.3745927240852,7.354698683984992,1.8753698194463415
bedroom__296.png,0.21879693764800512,0.16625622934044665,0.46757572508169926,0.17209403730987108,0.12365285583437902,0.2585322448871841,-2.9641198064931165,0.01293591969876568,3.8298736307420707,4.07590039242668,227.08022086930666,7.700551415572743,1.7441059185879322
bedroom__297.png,0.2623729408184344,0.18659227094103314,0.4167983813316993,0.26624427485135077,0.13291619633376048,0.2566336021688311,-2.713966526203168,0.0036498048745558093,4.052903526728698,4.288478146312237,308.1015401296857,7.681980412436842,1.6410771662453338
bedroom__298.png,0.15500375175866055,0.24284846402546933,0.6775236034517972,0.16109293334478728,0.12466780117914461,0.1464431478475355,-2.658381981480423,0.021224061939801194,4.183541554233782,4.316013446599155,253.3323998848028,7.074848683142849,1.90995704398218
bedroom__299.png,0.20913999137857273,0.2722898776112411,0.6864140497344771,0.23214647547586764,0.2334580427357733,0.22536270884185214,-2.8736785250714645,0.010370307495154824,4.100557214468719,4.268625689907063,378.82962490728954,7.4495558724357185,1.874427904864096
bedroom__3.png,0.12352383353136934,0.19728791298560897,0.5517695440155228,0.06806382199975428,0.17800339172375848,0.12357950930914142,-3.0157632704641606,0.00833845090225229,4.203799055111817,4.150596526160881,142.79677143301737,6.6206177685252685,1.854681544822632
bedroom__30.png,0.22069758447488008,0.17981656814396815,0.6089354447508171,0.27989379540840514,0.15517275500465352,0.1604748978241477,-2.902315844907147,0.0052944406492408105,3.733773040692661,4.09857855035745,246.4937377994471,7.421100179175285,1.8521053822988276
bedroom__31.png,0.6824441860222624,0.1325317366416619,0.5225655509599673,0.3063101321850915,0.11990192767766332,0.23655834053737296,-3.206813733004675,0.01075882535884153,3.7124458457942344,3.8981557616545337,285.8789523131035,7.450648592312218,1.8107852433608915
bedroom__32.png,0.20779416924367083,0.19968198875257703,0.5520699040032679,0.22059508582289183,0.16900074477079474,0.20989993237972668,-2.88519043474755,0.010237012310618557,4.175168771675245,4.246868287145611,271.66496729284677,7.664808304419513,1.7800727191559318
bedroom__33.png,0.25393498900582984,0.16456495767812757,0.5396789981617646,0.28309282869565333,0.17952547690941678,0.2986202520827131,-2.747923696933613,0.02924287047324105,4.037803353845799,4.293666094423747,337.5184470619944,7.641871385343403,1.8164298515483295
bedroom__34.png,0.21240359813045512,0.31700823592617566,0.514724392361111,0.2328845132801583,0.21205828329758503,0.21149999153532434,-2.8958012821011883,0.005498793127417572,3.8307309919049555,4.169890745277165,279.9912354031692,7.710148227214081,1.751199996556842
bedroom__35.png,0.10326071872163922,0.6155994473450407,0.5299372829861109,0.07353597504993552,0.3002773575138862,0.306016036061152,-2.6358619160453856,0.006841421054427242,4.227536542112302,4.341022498703777,285.72983215725395,7.678270374745788,1.759013099592479
bedroom__36.png,0.14236784978705483,0.24594918667920543,0.6504345639297388,0.11620795671258448,0.17334594326868696,0.27520000462493255,-2.496935842899307,0.0149166313145571,3.9128979111485505,4.1375007592504,361.3616793152517,7.291457002267622,1.87623661200669
bedroom__37.png,0.10022056811334151,0.45485354663066185,0.6382310814950979,0.11839681159873264,0.177794809059318,0.26424970040425494,-2.777943427175463,0.016615085036202182,3.878002747874516,4.129026863596951,350.80647684085045,7.531734371791254,1.8452824865737985
bedroom__38.png,0.2775700996179019,0.23756607717794134,0.5068546645220589,0.2270606809604012,0.16136816921610014,0.2201498499040634,-2.882923521138764,0.01549828408073011,3.8548548345441227,3.9982842613303538,276.32119547896724,7.639537325320611,1.7207252211684352
bedroom__39.png,0.09961978579764677,0.48338828881543844,0.521333575878268,0.12414476270927663,0.2152660583208347,0.2119244238237289,-2.80658576563204,0.013424441184693736,4.039566227913135,4.184769863247606,229.57239139571388,7.588366667773671,1.639279465992395
bedroom__4.png,0.2855073550261163,0.22547726734542187,0.6139716350081701,0.34449165713028623,0.16681433313649666,0.3150909366535522,-2.6074278001016165,0.0075469082141872415,4.248907098489575,4.29695300698085,255.82960367950264,7.57619178072454,1.831385187695118
bedroom__40.png,0.21522614055661776,0.29413027650000734,0.5035869204452614,0.15877877575426563,0.29464171711172266,0.1693765791727686,-2.9878016673348493,0.005776437136501405,3.8998738017846293,4.158388051576456,297.01126897662266,7.488633343519165,1.7240439359856043
bedroom__41.png,0.16795519612902313,0.2061985784844165,0.7289724647671569,0.21591572640747497,0.16541087600801957,0.17924880485858052,-2.5181207440444027,0.01960746066042564,3.627202313932284,4.045704752699678,373.28141491741593,7.224582700117798,1.8987710171978214
bedroom__42.png,0.2124919628858361,0.20562308111562042,0.6142533700980392,0.2482749682711894,0.18179006565670514,0.2032464646140642,-2.800190358052576,0.0060474114176937545,4.241318072629044,4.232014234458912,207.6611196182961,7.352590250763309,1.8502177007229572
bedroom__43.png,0.13493209030232917,0.3808007266599893,0.5444068882761438,0.1483145678963069,0.18160098263294353,0.18414333779470823,-2.797392993595677,0.042109468597030957,4.1315194117101814,4.229938620850787,219.7674276334365,7.2002929120910455,1.7573628916609203
bedroom__44.png,0.25892328743700743,0.2098218640674927,0.46337563827614386,0.2318744944592725,0.1747655321034331,0.2182605573856509,-2.782187610996334,0.002770823736644726,4.055526133220104,4.308170090938931,469.494407237204,7.5963522318506795,1.7815784616607657
bedroom__45.png,0.31390947462247265,0.18234035231081905,0.5817892029207515,0.3302140817437737,0.17443507816103665,0.28616335435467877,-3.0968355299381356,0.015059231662434766,3.5656214655717493,3.891228782455107,402.2465645053994,7.737387294321257,1.837717726486007
bedroom__46.png,0.1996140973817371,0.2062640323228368,0.6730637765522877,0.20285150943829502,0.22102184218780252,0.17477105759634967,-2.85103977877769,0.01089476556968659,4.024785046298408,4.256020161950403,297.3456806782387,7.1808808447446895,1.8993043010016168
bedroom__47.png,0.15774644252640557,0.2409256864879028,0.6097002655228757,0.16117809621828133,0.19929335252483302,0.22521957792376365,-2.651645102590909,0.016733598581744488,3.9530382512461313,4.279195687928297,416.91672921348277,7.636245176625256,1.8561542666585003
bedroom__48.png,0.18040638099017475,0.1935159456979398,0.6791743642769608,0.23244849890611582,0.2061978264516561,0.21804548719775288,-2.728078218450329,0.007646301231493379,4.1494113591101165,4.366082629443192,389.9486527708848,7.309696198801673,1.8912709225867548
bedroom__49.png,0.20614754756532117,0.4078706675599216,0.5951967805351307,0.208941224120001,0.27958990106322346,0.22367516955191993,-2.761731081033559,0.022883175318095268,4.044757027952096,4.34065666823342,434.3631615130541,7.697981832416623,1.7714925734974465
bedroom__5.png,0.1717180531486513,0.2812561329379181,0.5537600081699345,0.2105563861263455,0.22628940724142105,0.16505501783100793,-2.777415430917893,0.010676015076626856,4.123975661668004,4.288274545283302,295.5167505936244,7.4320898717495085,1.804566075533451
bedroom__50.png,0.31919905661669373,0.20049370822321735,0.47049368106617645,0.2488186539475924,0.21607315817496664,0.2729449725738918,-2.9092359967080643,0.016267896839557504,3.514162845654823,3.960355620736423,344.77302751437134,7.751432300358314,1.7411264911443847
bedroom__51.png,0.16410920807656024,0.4996250260396594,0.38235521343954243,0.2130500945463242,0.30840193164854623,0.1856357617170071,-2.456569281734558,0.13616758279447683,3.86704754430156,4.034439187658297,187.3852604673757,7.424596984781222,1.5062763389823404
bedroom__52.png,0.6395802802161564,0.3666793785499223,0.4616229575163397,0.3906485341124202,0.18640966016843827,0.1982872383987181,-2.8587944244481003,0.00774247321108208,3.8769793588389585,4.202302394173438,335.25196692881957,7.3678960547980505,1.5935412991329745
bedroom__53.png,0.10791187133366217,0.2099102807437657,0.6491325571895427,0.07646787127935988,0.19232940948970478,0.20249318482773385,-3.0522838239894274,0.006908163736310383,3.908277534908566,4.162130158278392,252.86132935970602,7.199245662149618,1.8681184805414826
bedroom__54.png,0.36637587874636207,0.23787729889438694,0.47485433261846405,0.2638606732408843,0.2152462497746566,0.22130673312212726,-2.9633324613684833,0.009373092951349391,3.6277294031388436,3.9375817463756033,436.44890819047777,7.144021071346792,1.8143817445557342
bedroom__55.png,0.12429370134831215,0.692751393345076,0.3307571614583333,0.2259623236223241,0.2552331965808335,0.23722293400655844,-2.7777569283444206,0.015347372690552585,3.7809422991082124,4.103568286308996,293.92994486461464,7.154723569642422,1.4774311336073886
bedroom__56.png,0.25679745334826803,0.1612075703776502,0.43246666921977134,0.2965218164958958,0.14569905349324336,0.2865822238412957,-2.9742501268409476,0.005578615805721898,4.096010873741056,4.195964345588354,295.2643422784841,7.290413073238937,1.6731186347900409
bedroom__57.png,0.16275074811513904,0.30294428772297405,0.6321361443014707,0.23962881833595165,0.23565781598566132,0.22667658354112258,-2.8358585844635433,0.006685603225151804,4.254836053012051,4.32496720725011,292.64964220238807,7.769445351670351,1.8440755811231035
bedroom__58.png,0.18244537843978015,0.23583461552656934,0.4429025862949347,0.2540099957179047,0.20211223368442635,0.2452140696505688,-2.6954529986461853,0.023075123024689646,4.007372646076612,4.33379378307455,421.9476824979991,7.617839931540474,1.7192379152037733
bedroom__59.png,0.17738744052796537,0.18376959941876925,0.4951309104370915,0.22899376795976364,0.11526890463455132,0.18001108284650966,-2.9600979307212505,0.006662903900110676,4.0579341029469145,4.07703505789149,130.64953373125815,7.191484367145381,1.7382323670956654
bedroom__6.png,0.38149760330480204,0.24550103914131186,0.5738060406454248,0.29954414144916336,0.29241989592922785,0.28704833332078455,-2.5671178385645836,0.011120477297483826,4.095436941465621,4.184454777495186,471.9714569961804,7.817897343480668,1.8162523654526388
bedroom__60.png,0.18182394714468783,0.3237598949621002,0.45143769148284313,0.23279007702181814,0.18056622624130772,0.24536074765077795,-2.891383139386028,0.008579974928255374,3.726753971074512,4.074567877969427,378.5536291771564,7.402290170300398,1.7192379152037733
bedroom__61.png,0.30059961288940296,0.31738048261784285,0.45743026194852954,0.29671905823889366,0.3030282324713486,0.18968067161681243,-2.5096763736647354,0.008576277235133338,4.28610233247341,4.301444351970325,305.05094975437197,7.5349662465708125,1.6796062331389479
bedroom__62.png,0.09378112644286413,0.3882924623998519,0.5142035334967321,0.08618323302907094,0.2569676848562906,0.32503635579688417,-2.856808721895147,0.016625462438757063,4.171229148823454,4.376839663937008,393.965146811461,7.114580982246711,1.7961232408234147
bedroom__63.png,0.15640955149805158,0.4567157403330511,0.5141720537173203,0.202660697026371,0.24847075602579272,0.2342121589742411,-2.8812323446919628,0.005151310660205417,4.001495379535449,4.225006341436154,260.2950822135163,7.734472671127214,1.7348383926704785
bedroom__64.png,0.3260736626276723,0.16987113223836667,0.5160194418913399,0.31124551867023514,0.18639437878258677,0.20494943480722047,-2.756512641144577,0.01795737109292594,3.92272779017813,4.212577949044453,403.0388771558625,7.647441135147611,1.8284213074832085
bedroom__65.png,0.12228009755852433,0.37004325064702304,0.6750812908496733,0.16179953741338765,0.19893262578747442,0.2295865199080806,-2.973581629788599,0.005496995923140781,3.862103993642861,4.155149898170106,313.059855338394,7.443469718601355,1.8738467410903006
bedroom__66.png,0.1062101754825948,0.3475051365177236,0.6062221966911765,0.05957674985686893,0.20369770949013555,0.24933202995892997,-2.713285083076518,0.015690861737371335,4.127672676176635,4.32097786033268,433.8206158771785,7.453525288084732,1.8551474114272888
bedroom__67.png,0.28554346352543397,0.1920136745653525,0.5406695772058823,0.2933944422729924,0.3228587915427385,0.20578059404484128,-2.5485150838590407,0.008723862550557501,4.2253114873568745,4.309666640545539,298.59670858389535,7.473952637889471,1.8279956160257929
bedroom__68.png,0.14366003075222858,0.5027220538048571,0.5219768433415033,0.10391712333194811,0.2767334978021746,0.17532431982141028,-2.974757194593702,0.008642337344493682,4.0646309777139855,4.209083158818317,273.9817099193675,7.45407398475611,1.7617928895749049
bedroom__69.png,0.09846381625566662,0.5729849416228635,0.5191528671364378,0.1319102286873855,0.26463326863032444,0.23279866630825222,-2.8604270853503295,0.007083662382924526,3.7406156941671247,4.073818216440532,337.02886060693965,7.596647872683753,1.7254338309768174
bedroom__7.png,0.16318028752751484,0.31331444963260785,0.5152328431372549,0.22980692141900613,0.2626010952330613,0.2830490371420318,-2.8088709451569165,0.007672425397260515,4.241232449227328,4.346359591648896,335.1239624987114,7.828648835569154,1.751644674898913
bedroom__70.png,0.11061557716244441,0.3523728876415211,0.4552045164419934,0.1552712532819788,0.26842224183481933,0.31782149674620824,-3.03165185799685,0.007127249959224468,3.5596356604410064,3.874535259154544,255.87419709615213,7.022074295261124,1.755220813347894
bedroom__71.png,0.3973984383883585,0.18723196965631123,0.37670766952614376,0.25466045657888314,0.13134677896273195,0.2597242179134721,-2.7870301494456626,0.018450351140222115,4.179080807829634,4.234108226528335,252.65428249856316,7.464172392361217,1.5351914381066027
bedroom__72.png,0.21551505017772798,0.29661305513717146,0.3939442274305556,0.2364068908979121,0.2289605488478229,0.18608428179693234,-2.7693881432447722,0.01694873082371227,4.242356209439702,4.380664084725944,366.989633140899,7.418524491622638,1.6441563436263817
bedroom__73.png,0.2149329128919314,0.19340075334363652,0.5036943167892157,0.25853356587532866,0.1420250789754437,0.267473899549694,-2.9608873832553377,0.015269745307341029,3.477353273833174,3.768075445659588,292.516998200099,7.742791635159141,1.7491908264364024
bedroom__74.png,0.16249400703716582,0.3712508123021144,0.4721591477736929,0.1073541257376977,0.18582337578807695,0.32646581348814274,-2.834863720965595,0.008059476658259106,4.383927106031463,4.389325003536731,328.5924693563194,7.749580293117795,1.764035818514397
bedroom__75.png,0.13444416758531638,0.4212061736695064,0.43909757965686275,0.1404239790408455,0.22208584037642773,0.25270764101707016,-2.8154647986272243,0.005464147317519793,4.21577444260389,4.364194796091282,285.0111494600339,7.377342470796593,1.7468290230886336
bedroom__76.png,0.17841494415679904,0.28809654272111773,0.5942647569444446,0.16029163766295904,0.17906448059507157,0.26222090611959703,-2.854005108014857,0.005907979532529333,4.3078322191619485,4.404424089118311,361.8287285745153,7.63070595907708,1.8675986801775148
bedroom__77.png,0.1283801412263785,0.4961980144969873,0.6536222426470588,0.142507430027967,0.3005646481067542,0.2649209878411703,-2.604841622336079,0.021268031093885583,3.742299328839904,4.081109455246418,363.9276302819024,7.741947860179155,1.8598415746929988
bedroom__78.png,0.1415055139020335,0.4263479240336218,0.4629281428717321,0.18806897530588085,0.2450013754548795,0.23097373770241036,-2.838606821565889,0.013255473928544538,4.203416559896625,4.364010407537711,234.66927520485606,7.620119928827934,1.686369141315356
bedroom__79.png,0.3514464332056789,0.25458839456835186,0.5410314797794117,0.22395895660618068,0.2113375937083201,0.2271150382334647,-2.7002094550022333,0.006299959447600229,4.1768128592215685,4.366417442630056,215.28827408012987,7.609481844598501,1.7899652988196812
bedroom__8.png,0.7992983423710627,0.25211438860805546,0.7081612923815362,0.2603526556847238,0.225448564003934,0.2060116961151202,-2.6672686305552613,0.0043174503725504345,3.8265914362226363,4.0609234442794655,286.79887173429717,7.340203955159816,1.8617435652254208
bedroom__80.png,0.15114376517081266,0.30443847989843603,0.5542543530433006,0.10795106553235853,0.15455862580386553,0.1920549736702995,-2.9790839502149624,0.006736284165750599,4.0333574725458625,4.215934288965244,194.89181563763907,7.174004448027056,1.8096064054788172
bedroom__81.png,0.06636062375058177,0.5572033024269153,0.7842812117034315,0.045143724569563844,0.36807106650853333,0.2120869678848425,-2.9004418514203296,0.01256453751782905,3.574558805546042,4.032838077946838,502.96845206901355,7.590523275998754,1.839443331611704
bedroom__82.png,0.36005711513750255,0.08727199523530672,0.693979128370098,0.2758340886990795,0.13610374981036816,0.17929276447950915,-2.8512277239194757,0.013909409678420847,3.7921972395382904,3.9958988239892927,237.50997313809836,7.020435819899047,1.8966288012986745
bedroom__83.png,0.09938761233558631,0.2430516359319068,0.571562397875817,0.11371197842618906,0.16858252392446835,0.15191838158020415,-2.824066795739929,0.011520756688557895,4.003038656201255,4.261999179997356,234.8604986398359,7.226979497018711,1.7913236865892557
bedroom__84.png,0.20562769516704602,0.24825182562507786,0.6281677262050653,0.24719542485101795,0.23243439024014623,0.21433889755324864,-2.3759665324942945,0.01181659306673892,3.868331945031432,4.191810796245105,399.53273951550307,7.544651669665408,1.8872036016869096
bedroom__85.png,0.2945621418113813,0.24207470455530677,0.7113123595792483,0.2549733938761568,0.16241162226960543,0.2457777778775214,-3.0983659403343533,0.019779777557343777,3.8989999386437484,4.043666259303962,309.52403086772154,7.52137008272466,1.8828666119905115
bedroom__86.png,0.3135026792204583,0.03845433317128878,0.6838043555964051,0.300737754452733,0.06423543824509982,0.19806886324637324,-2.8433792670554205,0.004430684041031391,3.9031970804797664,4.100166174242855,209.13658634362454,7.446897315563745,1.8844130799870702
bedroom__87.png,0.3005479817290691,0.282846402378555,0.46488055300245096,0.32859581166160423,0.21085190395722486,0.31877489773936957,-2.5235805586496425,0.01288335235722958,4.074981870177659,4.397243566544224,363.89349894891694,7.581651622244196,1.7014268415359382
bedroom__88.png,0.08438883384286058,0.40686273357088837,0.6234248110702615,0.06129648030426753,0.2152047270152906,0.2540314737811829,-2.8594046521988794,0.008702073225461383,3.9070310758189573,4.034697193524424,319.59979172656364,7.595645927238184,1.8220532714731814
bedroom__89.png,0.18759736534101726,0.4377597809901209,0.5105342371323529,0.25369139534331053,0.4169943478545592,0.24204041418584796,-2.838148849083897,0.016772091412159358,3.5730142152241218,3.9060364750888135,403.96206961837544,7.849205254410689,1.729251708239851
bedroom__9.png,0.09627941757866143,0.5408529008494453,0.6260948606004899,0.17045748476733755,0.2009473147764225,0.26256435232713915,-2.7585942243207824,0.006722756921433262,4.265597727502923,4.400973040493198,333.90342149553356,7.555338831053688,1.8063172716775964
bedroom__90.png,0.12066549131922315,0.42333533449258987,0.581285271139706,0.1843587832303036,0.22611214684031425,0.1781979822113745,-2.540719238167879,0.003868367139728105,4.182278300641677,4.37582267412568,289.05557154565696,7.426402844222756,1.850612022544856
bedroom__91.png,0.28805431881938415,0.17710169269756965,0.5834138071895423,0.27939270378562875,0.21786494152146074,0.2205656906413172,-2.7473473071724377,0.016354249348918066,3.8176468538694692,4.059835696172124,286.4067270367906,7.6339127018358335,1.861364102704557
bedroom__92.png,0.3311789212634636,0.12216793675767484,0.5827720843545752,0.2586974320026253,0.13646810747525992,0.2214170672330872,-2.942110199529282,0.004187243939681403,3.9907239434216875,4.258903050702296,191.5701000464703,7.400196436698732,1.819694219847826
bedroom__93.png,0.28269759760815827,0.15475960932005736,0.5260953584558824,0.25842192944649955,0.166840377641403,0.2249604124360839,-2.8447403829349973,0.020245722951607134,4.0160066071130105,4.101003580020065,336.80048612168684,7.375241444373331,1.8024318396293038
bedroom__94.png,0.40658259828237725,0.32528543760920364,0.6060463899101307,0.3679397547099717,0.21183300941183109,0.27491262921206916,-2.853968881454192,0.013422262032263287,4.2093466719816215,4.305210695783276,305.2695853443352,7.702321046938764,1.7922898163287428
bedroom__95.png,0.44308058172640147,0.2170971578151106,0.3936302338643791,0.2846944341537698,0.2031959950261217,0.2644910352254798,-2.787138238634218,0.01602364596617896,3.5655522047094355,3.878956288312487,364.37342107244336,7.453280417431647,1.6016857095472337
bedroom__96.png,0.22470824980044715,0.17787630585972466,0.420667560253268,0.23496083481462618,0.1342622463391327,0.28298756161463573,-2.7924068895361525,0.0047714914458788235,4.022191522713911,4.164742649558714,256.8501608496167,7.62140339504608,1.7407807372230901
bedroom__97.png,0.21883215216253699,0.30164796862152843,0.47738811019199334,0.22100334995402648,0.2680207808735099,0.22919936455666626,-2.5514547830571344,0.014534723457403448,3.6573321955232982,4.122499413004408,375.1655965586793,7.760502956521534,1.8282937651493285
bedroom__98.png,0.12837915920506174,0.430985038002606,0.5080604192197711,0.13036809415746212,0.21607884889119622,0.19161332128656539,-2.5808132699990556,0.00620400427987682,4.317609174456891,4.3073094877537486,161.52290040953326,7.16004985134229,1.6909284701827896
bedroom__99.png,0.08135057827288947,0.33990945842360193,0.7648313802083334,0.06241761268597407,0.2560912963722826,0.16513255200375596,-2.696810295926721,0.006765778623849775,4.187486029089444,4.318940148618315,330.73927259916917,7.2732162762882275,1.897098795486952
dining room__0.png,0.27743255315132537,0.33092579434377495,0.4778532986111111,0.31068956374808093,0.2444102725104214,0.31166963695456973,-2.71575069247754,0.007680310200711542,4.153448516191553,4.3367269831563435,608.7976551384033,7.783405830848407,1.777545674877214
dining room__1.png,0.12132174311666427,0.47321435753603786,0.6634455295138889,0.1622995752414995,0.23769204115931458,0.17217448158681775,-2.5127601446803833,0.010494299815947714,4.040241902137126,4.396525684549816,351.62656462741234,7.516465020846154,1.861060312550073
dining room__10.png,0.10912468774861384,0.39293202814551914,0.5177864328022875,0.15851419809449926,0.17908974344481576,0.22980658836785472,-2.6504616979352043,0.00959026235101657,4.115955384923737,4.389229182089707,380.6972416394768,7.5539037191056115,1.7156116954068614
dining room__100.png,0.16442786549190652,0.4306012481752411,0.5687427108864379,0.1475086328423646,0.2098057737705435,0.24113544053692912,-2.742259034251231,0.01714953505780198,3.5495726438754245,4.0114983843816585,409.10505924199214,7.653454328176192,1.764461097213451
dining room__101.png,0.1300169693981278,0.4831519806762732,0.5322174479166668,0.10533213597210968,0.2904548227744259,0.19259649971515752,-2.535229640867914,0.02132703346682356,4.04494093478428,4.3704827388273655,397.2042575680119,7.65121333274478,1.766366940157252
dining room__102.png,0.09980359076312585,0.46371675327140205,0.4811739430147059,0.09554128671354915,0.2344885019969815,0.2400782533591622,-2.769005201032749,0.014869480462227263,4.0563879247316,4.3353286229333365,393.855915392439,7.742911633509217,1.7132108176008167
dining room__103.png,0.21604853991564188,0.34269051101843107,0.5308768127042484,0.2480986543196857,0.2500071153184806,0.2157922056887201,-2.9119777694109983,0.018021155414178407,3.886842218415599,4.2081047363617055,465.22706854459284,7.6892527505408275,1.7870330634155305
dining room__104.png,0.16120334872506115,0.5137271270758259,0.6173334609885621,0.2808972705924022,0.20128074219995457,0.21361812011318795,-2.9220230619528507,0.005795408398124291,4.108966828678932,4.287464215163602,338.7607197599846,7.73695432570559,1.7567088072431587
dining room__105.png,0.3548820720306897,0.10566218043526751,0.5907050525939541,0.2945108947272858,0.17130558487371458,0.2538883466409307,-2.9051871266796154,0.004459613793000928,4.092178156231008,4.313771063786058,387.2029747056547,7.752188681771822,1.849348156440195
dining room__106.png,0.0931244476709227,0.4591942099058979,0.6206883169934639,0.13598134263359685,0.26223461279182525,0.2788996582633236,-2.602446950931523,0.0095600432141515,4.186819866036445,4.444910546550989,329.40933250208417,7.692755057944776,1.8238746365388785
dining room__107.png,0.10848127421778095,0.3270428444419791,0.6245128676470588,0.062015088149730446,0.2405144046451331,0.15542872941633867,-2.888465273295405,0.005006066443365236,3.7131121668954448,4.1404006637553445,313.0113880860688,7.230747916898674,1.8583875645695442
dining room__108.png,0.0899395197054919,0.5511553356548934,0.5452082312091504,0.14669233875642546,0.336136382095051,0.21488241437150934,-2.8634685782230105,0.011970289495708416,3.8638849512181537,4.218835853579861,380.26559389336387,7.5237730663231615,1.7795691539542051
dining room__109.png,0.18541449297192242,0.2764238508182019,0.44181871680964047,0.2357951196268344,0.2732012322966181,0.3312260937232534,-2.7221112317163847,0.014480049766343045,3.7502331184540605,4.158796588313368,507.4375881930279,7.5411965232284865,1.7043201400679333
dining room__11.png,0.19038491229936458,0.3256683012250648,0.6321571052900327,0.2777290477886844,0.29142329976659315,0.19404720668214048,-2.3943142913506135,0.005447251156609822,4.106281740301339,4.406907536166332,443.0102886779558,7.640273171643782,1.8797486353234294
dining room__110.png,0.2932395825424353,0.14541639381874458,0.39953017769607846,0.3035036014770933,0.14966152415800782,0.254729479366497,-2.7237470475285313,0.017195319825557217,4.1678665940214765,4.368489864028974,328.4608567743529,7.537205460112035,1.6001878094512787
dining room__111.png,0.2772768034825858,0.35279290093666676,0.49336048560049,0.27664001855821874,0.2718199227299529,0.21644151107806392,-2.6507344561371924,0.004429370555112132,4.203809239487077,4.41843761214863,273.6020792747793,7.469717930831762,1.6916129611332238
dining room__112.png,0.15154510272147798,0.5448187745021849,0.6481406505310457,0.17631160784102198,0.33171573740668314,0.3022626543778726,-2.745659277324913,0.040417091664316486,3.355845548854755,3.7537949583001478,558.6056767640018,7.613694676641381,1.8347354097339252
dining room__113.png,0.26900233948141183,0.23286805474362887,0.4083322865604576,0.2066896690244012,0.29477908472505454,0.21745753600264636,-2.8806734573830783,0.014532002407243826,3.2573847792997572,3.728527027849051,274.5857333345053,7.493678241519123,1.6839920659081908
dining room__114.png,0.2628729322395195,0.30174619005725695,0.48870908649918304,0.23699665421236638,0.25005692971788135,0.2534145517106875,-2.764129194056403,0.017143401309136195,3.8101602515624546,4.147150351739084,383.77602908114034,7.7452348249299865,1.716365667348244
dining room__115.png,0.10632833575439068,0.45870490528764085,0.5871138046364378,0.08044200494171325,0.22240001005154433,0.22277038906143862,-2.875151768799525,0.007355760068773024,3.9745362803924147,4.293620045003455,272.7972426139454,7.436789752485939,1.8142031577710784
dining room__116.png,0.15609610734115942,0.3492504565085312,0.683329656862745,0.2232909976610374,0.2777420275803044,0.14917866195502008,-2.71189715556648,0.03015553865148059,3.6856666714334243,4.1289233957976,254.7097600098426,7.2102542379619745,1.8138451586850426
dining room__117.png,0.13305696651113955,0.4326417566987945,0.6042952920751634,0.17227192803996824,0.27330731056248386,0.19549655389844386,-2.756552363436867,0.011347427732149529,4.270094163671917,4.434601385659339,400.6271629807807,7.505274387956399,1.8320582589975345
dining room__118.png,0.2157667922932572,0.3449156065551204,0.3546650454452615,0.2569547883298548,0.19990107730148102,0.2707856563471222,-2.7077254134884097,0.012160258114850709,3.812032496583591,4.192445201226155,472.915168547739,7.34428790369938,1.6229219896896523
dining room__119.png,0.1897135566087047,0.4488547312504544,0.41477260774101327,0.2483236133716372,0.28785763340716725,0.2352624037768715,-2.2570656638617717,0.020214689972249754,3.9603489353010275,4.218738365018815,420.7279339654484,7.488698591806537,1.6164298509987625
dining room__12.png,0.16649313762626786,0.4376898611987567,0.50632515063317,0.22923382238479212,0.3155502392586806,0.2282909373785242,-2.647678738362607,0.005586022155313869,3.6931125017800537,4.113536253379134,362.3643959980364,7.59490980793195,1.7597483598214478
dining room__120.png,0.14793593311129302,0.43651905607920677,0.5993926291870916,0.22831892100090515,0.2993968330764389,0.26052629026635266,-2.888643209863168,0.02741420222983435,4.285505606447996,4.406275047772252,390.00782199373987,7.81540605175172,1.822401089186286
dining room__121.png,0.11093892713515333,0.4840234441340261,0.5536886871936274,0.12615222652245284,0.2634727743356222,0.25236368334300663,-2.7510731349884217,0.007707570220517777,4.138767424009113,4.332098848023376,379.8183237770111,7.692680241768521,1.76360985188474
dining room__122.png,0.09997878410010964,0.46527035646040443,0.5926544500612746,0.09157156966241241,0.23449254468178257,0.19107976950888275,-2.8260219297076326,0.01015267809142751,3.7515072093619084,4.18400709420279,280.10938377413925,7.549344267796042,1.8053968205301785
dining room__123.png,0.11797880709845143,0.46001841029457524,0.5607390727124181,0.08122973690417913,0.2562388528773023,0.22400392543482267,-2.627367739581192,0.019850099912391186,4.023954982817212,4.348018358596969,311.521768889793,7.711473146765873,1.7757123398190164
dining room__124.png,0.16492268592707154,0.28284565203465667,0.5606193321078431,0.17910910724040519,0.25437104275693334,0.2123503854967264,-2.730122127464128,0.030049425481242273,3.68625720672677,4.057950136802948,432.1475059619823,7.437687874154418,1.849506380478989
dining room__125.png,0.24574352462033608,0.24205341253497414,0.428039675245098,0.248176223582791,0.23184305320753446,0.19667600261087445,-2.8633683894326394,0.00909345574401398,3.743680708076766,4.195371698459978,284.7346024334254,7.337323460927639,1.6867865776055304
dining room__126.png,0.2751154157059407,0.34779051680760903,0.4820622702205883,0.3101689105612145,0.26042637962780296,0.25125073305577,-2.4965147493005837,0.006840790297620152,3.8494791289731314,4.274635148233143,552.7427260276995,7.655822011931707,1.8243066569578459
dining room__127.png,0.17688494410640296,0.44337155003333817,0.6273179891748364,0.284607047994498,0.25352260797448284,0.19429083388428528,-2.8504720851799616,0.01312107431826798,3.749252693993477,4.230899232326899,265.6773446296889,7.4049187117606285,1.8241338487902592
dining room__128.png,0.22715010158604002,0.3891115005852771,0.3418211167279411,0.29572618094253655,0.2905551414885709,0.2572593528994925,-2.6853126491433112,0.013245301089137611,4.063118851995689,4.3080255849727,350.29188153920165,7.473003197988313,1.6196064393532588
dining room__129.png,0.27737698754731144,0.284965892524127,0.4059157986111111,0.26578951793043626,0.2961378566558099,0.21936974324915295,-2.9269291385533522,0.019939881425749536,3.892472696969273,4.3074330797873195,464.8177506236385,7.586780020513905,1.7043201400679333
dining room__13.png,0.2700777931752936,0.19020890171473664,0.5479619970383989,0.2133441364898738,0.1746086999551682,0.21344899321463096,-2.6368632340692364,0.0052940772997411975,3.941867328249254,4.244693606508113,412.901984027981,7.68539852661336,1.7951694938347895
dining room__130.png,0.13784602243031766,0.48295439591123795,0.5873660258374183,0.1935453288136533,0.3683676404147022,0.21457804740333433,-2.7033914931441485,0.013537506901154711,3.8992702247937903,4.275429782774256,396.66781678964804,7.617091048341072,1.782478137303959
dining room__131.png,0.1236998801759027,0.28391881489843807,0.6401056857638887,0.11167436603942282,0.21927289027585908,0.15953758252597125,-2.8709204993899204,0.006027464180547369,3.789290274221649,4.136734262798164,340.2874588813104,7.14664871826785,1.8912709225867548
dining room__132.png,0.23790580534199354,0.23659212235255622,0.534323593239379,0.282932331646993,0.23616642762165355,0.2797681531459143,-2.7229805363105224,0.008423722854835962,4.216849573748888,4.433569680557297,403.5982872712863,7.805188834138473,1.7765286382730714
dining room__133.png,0.38426240405278245,0.5587607253565405,0.3871863383374184,0.42826462352527045,0.3700756581352411,0.2288171364530602,-2.732801518770104,0.007513148566486871,4.164329534248338,4.400986645188778,555.7564360614926,7.41729084400757,1.627739705291742
dining room__134.png,0.11420610188966715,0.5913780347005396,0.47595644403594745,0.11099834061175905,0.2907857943962898,0.2990535996650761,-2.8869428419009253,0.00882350452413298,4.184922484682181,4.380900405516075,330.2464637900052,7.8322799235065625,1.686508378469495
dining room__135.png,0.14920802922341111,0.41940128399590354,0.6280700699550653,0.2645076202804796,0.26695741306793264,0.2700072497261802,-2.7219449655449743,0.005957068488093617,4.116860546482423,4.399409721195653,462.1780822696875,7.795353913248692,1.8332326941237465
dining room__136.png,0.23958761016502994,0.31600910973507057,0.580378791360294,0.28951734170253096,0.17396623246993406,0.2692257465301856,-2.8076984455595047,0.007672294178826182,3.990240130519158,4.332853865392535,438.81256227312196,7.476438514664383,1.8489521835848486
dining room__137.png,0.34379396897378817,0.14569359438237672,0.6103089511846407,0.2347349636319289,0.16008972219499992,0.2269026359026004,-2.9222134240666233,0.018936774194571893,3.9410282476905847,4.321747599127233,530.0665687495549,7.636445258901832,1.8535913124022823
dining room__138.png,0.24073272890951333,0.36279411195055905,0.5065671466503266,0.2676115960320709,0.26249867404967847,0.1589706535085046,-2.6968780780236368,0.016986503969043026,3.5758779039407105,4.022455123626071,286.41007917024524,7.301757413907294,1.697031652910488
dining room__139.png,0.16883417233337653,0.4537220729377437,0.3703269505718954,0.1778396918739543,0.23868255766633523,0.3052481174910007,-2.6582656419860142,0.006350550308947066,4.111640518984997,4.397957935715401,540.3485913801421,7.598027681338302,1.6612123446638687
dining room__14.png,0.2858499815721645,0.26726388883147467,0.5456737515318629,0.335763802182802,0.273461701762044,0.2117353424545436,-2.3705284936760727,0.00836776543195271,4.2036929574865685,4.465989593559498,395.0132377010613,7.750585888152418,1.834652032544787
dining room__140.png,0.11507509380917214,0.3455138111998833,0.6654554610906865,0.1803811224601799,0.23496985499334921,0.2527763788936444,-3.0571689020617225,0.012713641267422117,4.03767230474345,4.296987250379812,380.2579901935704,7.507614761009702,1.82231413475801
dining room__141.png,0.17127447210595306,0.2882781776902207,0.5149599928513073,0.20650506107620795,0.19561011454060293,0.25852485051915386,-2.7752786921106853,0.007477347117467741,3.567894119488424,4.103576379049944,375.2611368193246,7.70065673098807,1.783872022292672
dining room__142.png,0.11042296134214598,0.5500500634402501,0.6146515905841503,0.09519942081463141,0.32075448112976834,0.23315733269319033,-2.7757920309764987,0.007572991094792101,3.98640697848431,4.318783606704783,334.07771049712176,7.759515617599646,1.7572539234533333
dining room__143.png,0.09522211269023141,0.497335513892699,0.513770029105392,0.06734482827620435,0.1747981090851363,0.19046224776572312,-2.9356010418447864,0.011316301036276608,3.7838912764922576,4.054679357916044,274.41210912474725,7.211275073878018,1.734485071512546
dining room__144.png,0.3544346293891424,0.4385391338616621,0.595701580371732,0.4048615265506219,0.2663443507122044,0.24083059408237875,-2.866936641040702,0.021578577551877084,3.7994548922964224,4.167653417301569,518.785390786307,7.601014423311582,1.7655214734456106
dining room__145.png,0.2503410985421823,0.2983541927087906,0.5188930632148693,0.21000986599042742,0.27495854415292453,0.16096842947186282,-2.5429397177778132,0.00923992240503315,3.9621590180589896,4.242600567545211,293.7179887709666,7.373374057432041,1.789673478657697
dining room__146.png,0.2430557755116886,0.2428904562214235,0.4094728732638889,0.2570758269871325,0.21445404301421214,0.24571262476346278,-2.795767341880674,0.008743460988550313,3.6999428167328396,4.161720384348137,291.75955134380297,7.5590545739116966,1.7057559888234568
dining room__147.png,0.28019260166144216,0.41232836285372615,0.5031787173202615,0.29708397532315084,0.2434100157068136,0.2744880692896872,-2.9926599412515387,0.008447525199239261,3.7494079973996364,4.090827479524701,408.5819062953865,7.677540215884822,1.7368328410760043
dining room__148.png,0.283435352229079,0.19971177299861861,0.6062779947916669,0.3049580466859238,0.24779598646779014,0.22912642152530444,-2.6381438006774225,0.009147076869980992,4.053948155694117,4.337782827811601,287.4625931078178,7.280940679734611,1.8474420383241523
dining room__149.png,0.16123874779877748,0.2600378732102948,0.45496203533496726,0.19520114343416883,0.25529441964979327,0.3071501898782317,-2.8527256119259716,0.009459038824112835,4.050417879893034,4.334562806705903,369.6291402342839,7.754438514832403,1.7296116335315765
dining room__15.png,0.17167187984392734,0.23837983352677952,0.5812767693014705,0.22613824381948994,0.19351710699661023,0.1650951124052655,-2.47963782254489,0.013275611694117671,4.126520402784248,4.361493559326946,356.29142447988926,7.403391938682681,1.8534352897414195
dining room__150.png,0.1293468522368374,0.5099472951890532,0.35871276296977117,0.138295471636696,0.20878462433237982,0.22881363694750734,-2.726735822468928,0.03308523468259487,3.9623414973437967,4.287838386038002,347.32353585916417,7.416359657287566,1.484132403201728
dining room__151.png,0.11809493995258807,0.3281247494273736,0.6438131638071897,0.13446286268990765,0.2640681865137704,0.2259181826622149,-2.923716552586372,0.020672588367329478,3.838139869282041,4.245826237852301,411.39475912397586,7.438791925645861,1.8303725538468378
dining room__152.png,0.30783222515313174,0.25210471054648215,0.618309295853758,0.27812997661316785,0.19501086071214577,0.20124072136168197,-2.661763878358427,0.010524042153542976,3.719688292742436,4.1472404439036845,282.28100882598335,7.5668057895078356,1.8331487665901254
dining room__153.png,0.12470293278991776,0.3951541144650026,0.4767194776348038,0.14942173474601977,0.22968482621206077,0.25451377424239435,-2.835057096028832,0.01575032130101668,3.7583775498825425,4.207507067015743,475.05867294672964,7.448934445711742,1.6807444831154181
dining room__154.png,0.13720000602477714,0.3715773488421507,0.503677223754085,0.1703489326758778,0.22363613725010334,0.29841534755988863,-2.8433677862467737,0.02050652359525907,3.9422536294780146,4.172020586109386,477.86722451147125,7.7592790351694365,1.797452873093765
dining room__155.png,0.07771822745875254,0.5503422956103712,0.3214666309232026,0.08644491476448354,0.22218676013281463,0.16238966136529326,-2.439612047828261,0.01641832956190085,3.8249449214629987,4.264241349205915,270.03293997030374,6.786903139039076,1.184249144200783
dining room__156.png,0.11512238196325807,0.42331077167858266,0.46741101154003256,0.09702834997233084,0.1880089023138293,0.2500774473432416,-2.8045704544824592,0.00959064152995988,4.203276188692756,4.38594658942642,399.7943209575882,7.734990642615389,1.7350738025229795
dining room__157.png,0.08339186280517177,0.6551127574308373,0.6568280356413398,0.04784837287626107,0.1482355913216062,0.17922234320825497,-2.712868586737267,0.01240072320450675,4.022544346999522,4.297363332578566,365.1010920656005,7.184877332591528,1.8331487665901254
dining room__158.png,0.2017178376665015,0.29223261418366764,0.5323069980596403,0.21218308321788965,0.2566228789362907,0.17160996691154232,-2.2349420259188775,0.0057900555364695135,4.203818478686701,4.444717124055467,510.0613563164445,7.440029365155253,1.8755142848730664
dining room__159.png,0.14618298992996376,0.5138086804170992,0.5586825214460784,0.23029186244765038,0.27386023013974503,0.247649367605513,-2.6307699705860417,0.0121518077834315,4.19097722239732,4.4162028177444395,413.65415668572564,7.834815260612244,1.7648856879819008
dining room__16.png,0.14080805249551792,0.2844314677444648,0.5864554738562091,0.19891036534490822,0.24527342495455026,0.23746953024257741,-2.7561255028822433,0.00739680689698304,4.149089643088162,4.427749426012047,393.02728734294504,7.740960281593042,1.8329814618673663
dining room__160.png,0.20677301225564174,0.26349571170060976,0.5440453303717322,0.27393512830253774,0.21749713472731158,0.2114288090717146,-2.7670237188323137,0.012726254980971964,4.075235194006233,4.292470158889332,441.94336974571877,7.655023405740552,1.7995298731717049
dining room__161.png,0.3703395623018567,0.17306273394470797,0.36461935763888886,0.29511782809484843,0.1457471936009205,0.29256167948574974,-2.761949889605731,0.018124469552098895,3.5484913106295024,4.109765121894758,504.214819663904,7.262399838175334,1.6210070660618854
dining room__162.png,0.10274678565475198,0.6763764732126032,0.5399124540441178,0.1449909249497709,0.3153785074559758,0.1661807826582113,-2.9665017880126525,0.014180936529484952,3.6399706369569698,4.109340452701633,351.9440264133336,7.302917266791992,1.626028271536476
dining room__163.png,0.14960521280605235,0.3282409990782937,0.5096991421568627,0.19450953914719066,0.28770718792144034,0.22911756498064811,-2.6493318661999194,0.0116664581386873,4.072310660048997,4.38659971542943,467.5116097099364,7.811354751629344,1.7850614543060395
dining room__164.png,0.16478034162618133,0.4257282256091692,0.38805992136437906,0.1764838836502309,0.24175766242587912,0.2140811497073173,-2.5641916906434807,0.006802383528972195,4.069421290418177,4.383401225640087,411.88073767931934,7.462105475279545,1.6592302790092053
dining room__165.png,0.22800568926653844,0.1945562781862853,0.5426464588439543,0.2041351901422371,0.1921943511962162,0.25046560055402123,-2.7501790232018566,0.030481059706772985,3.6561397797012334,4.067923548050513,277.4498841676761,7.439949646747541,1.7700373250989057
dining room__166.png,0.07700959004300609,0.7955196510920634,0.34984595843545757,0.08066040748323733,0.17419115116499273,0.20757443796422223,-2.68043340411872,0.01110757224548362,4.231824230147272,4.395565424869566,318.7728165313646,7.147623518745688,1.4132177648755608
dining room__167.png,0.12265921654308547,0.6318920859983042,0.48660198376225483,0.11418588023824128,0.24908338198785232,0.24025627859801477,-2.664780266067501,0.04802417213048213,4.156812763148068,4.3530823141997,292.7479481273781,7.749190670259527,1.6631809268787048
dining room__168.png,0.2686141232742774,0.11867551573852005,0.6215975413602942,0.27558278187271795,0.12048396338179561,0.2306496159705123,-2.6286572956352976,0.0133441958171983,3.5526701422854456,4.1577098366682135,382.4298291454125,7.578594372458117,1.8677472731878602
dining room__169.png,0.1049254617703937,0.49305816087547477,0.5249447125204248,0.0951540007403253,0.2243857186716735,0.20827115171486835,-2.8455975790822396,0.009367749126142038,3.78843880455899,4.167231338560208,311.74086893859493,7.683359202918848,1.719610498418603
dining room__17.png,0.22345476030733044,0.23099112369766814,0.6035923330269607,0.2697213131725199,0.21565407060747946,0.1888170738592886,-2.453940007545144,0.009165304803338796,4.319285320997899,4.477853837883956,546.0270029047443,7.671449585763849,1.8712903909678757
dining room__170.png,0.29648260356148737,0.1720542189797722,0.4627730034722222,0.24670927980176774,0.1726959885918988,0.25133757626778097,-2.7877756562593534,0.0051200434941802,3.8309032667163114,4.115164622781352,441.2781661975788,7.757038295474952,1.7726308234739168
dining room__171.png,0.1644086848828386,0.18041637075657407,0.5648632429534313,0.10404504227093463,0.17480869722972878,0.23282843352643556,-2.483548198873987,0.029172426906565876,3.6316931704173774,4.106871740229807,463.91211247337475,7.686645105802186,1.8602229634195524
dining room__172.png,0.2162225691338674,0.0753778282578278,0.6698122191584968,0.263110097846284,0.11493057370519276,0.2842558763465948,-2.7281148809757463,0.014642330756577938,4.123257028222614,4.3723668204213055,520.1839002200011,7.468259012209824,1.865734938586645
dining room__173.png,0.28535668275601933,0.3433841676859865,0.5271252808415032,0.3346141426478805,0.2684574352360601,0.29378028914220067,-2.6755322778836637,0.009202793769459702,3.9943992187990864,4.330156531596596,351.77698925290395,7.474773759641665,1.7203541514009335
dining room__174.png,0.22129423132680462,0.210326520301346,0.5773972886029414,0.27833534857725567,0.12150307562548704,0.2618324229950499,-2.6955941412958975,0.010133957647719839,3.9892628929960763,4.254608533790229,417.3444643249826,7.764255524680567,1.8096974874907144
dining room__175.png,0.10588217671131774,0.6870232044026433,0.46620362285539224,0.13442262814828046,0.2274787858877582,0.2136558599106129,-2.5813679478753584,0.012964446779737735,4.117722069805689,4.395061166997738,301.69059646160923,7.4862266725554125,1.558449546292565
dining room__176.png,0.16160765947329436,0.30916551032929607,0.49960331137663405,0.1793453197624749,0.18514342871338887,0.23040893423278722,-2.727190557724726,0.009631172370005412,3.7874414806524346,4.182032902447271,358.2841606413746,7.626788345929761,1.7196104984186025
dining room__177.png,0.13839704658682814,0.4308095289369997,0.46839760774101324,0.2173852980077342,0.3629117311559352,0.2077912103430571,-2.928167260333696,0.006823717804778922,4.053303089264883,4.202712937878168,252.38003375782534,7.018200839184868,1.7268411994053579
dining room__178.png,0.1429612455099717,0.43155723956569925,0.6726558797998365,0.20972047433431873,0.2480371959593058,0.19299217861791795,-2.619360022263669,0.012055651497519571,3.8305562694381647,4.210485969599395,520.1208866995391,7.726135028808947,1.8651361637894008
dining room__179.png,0.19811094007888308,0.22031045089873583,0.6675303947099674,0.22594614584347547,0.2289155827534175,0.2288200369284642,-2.688898438770971,0.015719964110285464,4.173231857470579,4.376026071838388,354.01990476442904,7.479301968380135,1.886717097164149
dining room__18.png,0.28982465955824477,0.28788529734134677,0.6599149050245098,0.31083509318584185,0.27256535795294434,0.18688003882899923,-2.6091025393634135,0.009647049408970695,3.9913138250217455,4.333278098189016,344.6508476672483,7.643656868006204,1.863331859402669
dining room__180.png,0.15737159992219257,0.3874626325744944,0.558431321486928,0.27208527081807926,0.2903728228098076,0.2840807424514502,-2.7385257020201235,0.010829899104787237,4.0519651470004785,4.275544655816985,595.8494292852164,7.7937788134892045,1.8154521645747046
dining room__181.png,0.13303774551065453,0.4780432830090028,0.40142311325571894,0.14815703186593285,0.24492622260279176,0.2203467967948935,-2.7920860870762807,0.016201729783807912,3.937219139548419,4.259966711424971,406.3930924078328,7.263322976403277,1.5503088507035643
dining room__182.png,0.15664933509779508,0.35233166362824103,0.5336948784722223,0.21115063294036893,0.24213052287937453,0.220234200153403,-2.703525002988722,0.010624515772762208,4.20766971457858,4.417246712312999,425.2628823334422,7.523377228104539,1.8105136483586488
dining room__183.png,0.34665272768962657,0.25292827441541876,0.58180672998366,0.3201511455130811,0.16260090044375652,0.21084353818221632,-2.62297270836103,0.03447760171426558,3.632563348464788,4.036243815540823,444.1839739745157,7.7200009975178014,1.838540766659976
dining room__184.png,0.1952931197260027,0.3320773022637441,0.52101944189134,0.3063215721155126,0.23200531048638182,0.1958560767220764,-2.884654725001165,0.016578395536358936,4.233893010970913,4.392669897118614,395.2218779021825,7.499158765543717,1.7568179130368662
dining room__185.png,0.09411737221320107,0.5237236899792036,0.6550962648080065,0.08278634398760444,0.2121371929517454,0.2297062557659323,-2.9621082773886913,0.006716514556371066,4.063270604723701,4.30083009097808,412.94658839440075,7.673386311905764,1.8233553865193937
dining room__186.png,0.11244970711204365,0.511412969113973,0.44363808466094773,0.13316346241421287,0.28352045994288727,0.23023091289580946,-2.801272045916105,0.007092634421406144,4.186997613673025,4.37979915499777,321.8163446377528,7.585583793558197,1.601498867595336
dining room__187.png,0.12592718880708195,0.6032725772695532,0.5719547972834969,0.1729023644380473,0.31634886395319234,0.2710611077121206,-2.9078662307214365,0.014295792147469679,3.8558320990385226,4.147588054313749,453.1960066286382,7.510501352283176,1.6933852079538347
dining room__188.png,0.15815293223044183,0.38803547327070864,0.5038628727532679,0.2361038366645924,0.18863793303771692,0.21335055097990605,-2.892216531471583,0.017321317666880224,3.9959957634974903,4.2526614769063995,292.69709655792843,7.171096102461344,1.7637164811282748
dining room__189.png,0.2383901237353766,0.4915113362431207,0.5190284288194446,0.33523465475808184,0.30951016838622,0.2798053455197824,-2.459501956344749,0.015629744177848005,3.6499531963627834,4.166812947480382,561.4581940141319,7.698878190656112,1.7842690958369842
dining room__19.png,0.3178944825178549,0.24190189213839777,0.5813604600694448,0.3618357003235592,0.24926273454139464,0.2110710593269737,-2.8127392744096786,0.006845948639622058,4.187711206733313,4.4386764939186065,491.25776719107955,7.632198646203678,1.83180620122443
dining room__190.png,0.25071293532707706,0.31648688741485875,0.4611762280433006,0.30720677006021,0.2495425471465784,0.23235582689913056,-2.6756531173696425,0.018094213979428984,3.9735111290005,4.327321635958212,320.1316928459354,7.586554126371463,1.6414028325930077
dining room__191.png,0.20834627868895159,0.6539828839985539,0.4713935355392156,0.28272778260244824,0.3460846330283595,0.26883884346907727,-2.613873668127909,0.012930217827564313,3.7801040892705933,4.224558962498509,467.7193744857983,7.5792304884972355,1.680602356652745
dining room__192.png,0.14588804902686672,0.3619271996410463,0.4170164930555556,0.19923553210295777,0.28325432310573906,0.26637717232638536,-2.973448479564385,0.017068703553858994,3.7907936945411507,4.098541417340656,281.27471650736805,7.437746069545581,1.5690980241033863
dining room__193.png,0.2048776974624986,0.37323256069146865,0.32986637050653583,0.2224081193196854,0.26440335712850155,0.2191275395956913,-2.524352625237337,0.01602484120877183,3.9458880165034933,4.332831683329528,321.2187483132794,7.447693461184796,1.5281935328360554
dining room__194.png,0.18920241242853272,0.3731409237024423,0.6591665517769608,0.2616939920871431,0.29404089027391583,0.23630308532235964,-2.4991623871282167,0.00561488846694653,3.9294445180960804,4.289372087540775,401.5012782524696,7.556398223582489,1.862349769673182
dining room__195.png,0.12274495928180487,0.7207522228372619,0.34846774152369286,0.21702039080717409,0.30508647894546603,0.2369863586907482,-2.768760184029147,0.00985304747250331,4.288544496541954,4.427677722523821,289.47344357659165,7.1226802525559005,1.499969116037658
dining room__196.png,0.21316041879695538,0.40898733632711387,0.42727204605800645,0.21162385335797515,0.25996745904163004,0.31473116529894596,-2.8066981750267797,0.007919083342092388,3.69465418717011,4.148888501236856,494.83079928504105,7.592987472542532,1.737766638077129
dining room__197.png,0.08938723781195684,0.41875258152454287,0.5926701388888888,0.1869359933252747,0.23584379743072614,0.1950235748538438,-2.605551237625384,0.009023236187822898,3.934413043274074,4.291228163465232,397.1286705061503,7.574038734379298,1.8036401209412056
dining room__198.png,0.2620379726925114,0.3421806610871988,0.5351743132148693,0.3296540732893891,0.28522001230306565,0.174593232816845,-2.7582313227056194,0.011488311729478094,3.890322163028375,4.226382624174214,345.3104669020865,7.249573177676148,1.74615058592751
dining room__199.png,0.15628357703591833,0.4748192969002571,0.44176161662581703,0.23705317266512796,0.29642524936010384,0.20534294641611092,-2.687891634548048,0.005819354543639399,3.7777661495829653,4.114689324102843,345.3015139106612,7.480579882741485,1.7174429666732487
dining room__2.png,0.16530900619675876,0.2742407778038724,0.5357020654616013,0.2170806454275441,0.2715392035241876,0.21924261503465445,-2.812627569812107,0.01280040821769678,4.179150600621551,4.438676265023466,397.0841190026724,7.662432417285557,1.793925164959267
dining room__20.png,0.21170333393263457,0.30380161782839815,0.5767172181372547,0.27100521522056836,0.2717016100054365,0.17975195252684154,-2.4488289619664503,0.014097102311544315,3.993462342622098,4.35928314451317,279.1044476797993,7.570787827317965,1.8249103848554349
dining room__200.png,0.22050692614789208,0.42970320659184724,0.4493895399305556,0.30665227735919726,0.27055214475439604,0.2695499466516878,-2.823276520980965,0.006788819478652755,4.224266724365915,4.399404286365497,411.40387842761777,7.5350538075785005,1.6070514306680324
dining room__201.png,0.31977550604586386,0.26443864745338597,0.6267682291666666,0.37364309203551915,0.26835314785774916,0.2402877657755912,-2.8158334168120653,0.009292286956206297,3.8961512076187907,4.304058158870773,347.30663736377846,7.600385052406512,1.8208323322381759
dining room__202.png,0.1449982402190214,0.4144571171127618,0.3436704069648693,0.11277001854924273,0.263965858418299,0.21857892514671545,-2.7346730115860263,0.011905172579769396,4.016470114787586,4.317679955294174,294.87150601581055,7.506845561383759,1.5361304633803132
dining room__203.png,0.29732038506573794,0.23349273432945783,0.5851553947099675,0.2563665479063369,0.20294004769059867,0.22204155553960933,-2.9356127310886255,0.012158251068260593,3.930585989818142,4.282519209233816,288.76584086823607,7.55040368573748,1.8428637225720639
dining room__204.png,0.23779061817034436,0.44146345086202815,0.30551663347630725,0.15901249197090092,0.23177317356412427,0.21554404652618278,-2.6063843461176512,0.007956877812835885,3.928510770563931,4.322268729738743,293.4519754436372,7.394378568809454,1.4767408640398858
dining room__205.png,0.2557983683982921,0.2982946570361638,0.5359533164828432,0.2716086030886304,0.3029343349159421,0.21950916486978148,-2.778137193962587,0.009985945657591202,4.073621047028606,4.352056866476177,383.7271520157175,7.627576914869935,1.812678978726072
dining room__206.png,0.17825811005522468,0.29012937351511875,0.5209108072916666,0.25722693673661784,0.18443165847770734,0.23966926970553684,-2.6174701747840428,0.006863470421755237,4.049037770370694,4.336573124416025,245.53274228872831,7.418531882318801,1.7933492294580577
dining room__207.png,0.14034179077680098,0.4024576614740943,0.41368295547385625,0.2284213221509686,0.1710515132578542,0.1722838656901336,-2.7038268952635973,0.04156897883776257,3.9480593988052624,4.122531357861666,259.0131459979858,7.287312131158127,1.6000000043965366
dining room__208.png,0.1363344529940457,0.6688764440103399,0.48685461345996717,0.18830272503844292,0.3058471560714874,0.20807120052119718,-2.725945843296132,0.006389147466818367,4.198229794291036,4.379048180927139,296.2965248988417,7.459146311442266,1.519982530739382
dining room__209.png,0.22611134585358628,0.32918993632384463,0.5277427619485295,0.2938712493112087,0.2230005525897856,0.24660307859057165,-2.7378168772511193,0.011813713433920734,3.924774646613275,4.294167252024532,333.1296647647606,7.7871725852076175,1.7674204370833775
dining room__21.png,0.2187634759916208,0.3414629983503667,0.5312143714256534,0.24667757649488248,0.26034566303406903,0.23400014591729013,-2.5804533712566897,0.007963866326243648,3.938973410101566,4.26652079475419,498.0769538780056,7.824430092902872,1.8108757750283053
dining room__210.png,0.14867010995861085,0.6221223184306178,0.48716070516748367,0.21158058852741246,0.21588531750036458,0.23999165316935578,-2.7322684300926476,0.010046352866313574,4.167811467175298,4.376652456724096,513.7362864036223,7.486343776404563,1.7121939185827948
dining room__211.png,0.14140550487075432,0.4221507644528216,0.5249880004084967,0.13730165771760092,0.32638514043219574,0.24968888514720483,-2.629766806671064,0.017423806439402188,3.689545143045648,4.106896516716336,240.85441116587108,7.901268530859242,1.7452436182199196
dining room__212.png,0.2195962319768001,0.27928959366208245,0.41011379187091507,0.24250287259109843,0.1711822245037461,0.22062172902298902,-2.6734875012369854,0.014941396520313514,4.14080460135132,4.383799790241238,417.484141436841,7.427457472697701,1.6381295211956661
dining room__213.png,0.14074344141396436,0.23958036959106005,0.4463859528186274,0.17810553358318304,0.2336362138237365,0.20128349283946773,-2.9494731740858033,0.02020026850072742,3.5974300967882646,3.99799942721641,287.0024149459104,7.456999170994013,1.7199825312889492
dining room__214.png,0.16367597987957092,0.3055670247038835,0.4112365196078431,0.18478063568725844,0.23880832857445078,0.24998138058326702,-2.7576663346789663,0.012416649250300157,3.9774170220458838,4.325575348159045,442.4054455442976,7.338823736525727,1.6431874621644809
dining room__215.png,0.36618140747125866,0.25102355913573554,0.522380744485294,0.1992702952721621,0.152502371702325,0.2565511884183098,-2.8377787029016823,0.012155740743404711,4.053766629859951,4.345482365160654,363.0187206226876,7.629296687462082,1.7927719180956412
dining room__216.png,0.2656924215719086,0.278283980109856,0.48130395986519603,0.25901401737783775,0.2922118988433999,0.20343938169880518,-2.762461487855425,0.006565037678874,3.9664203030376206,4.302775324625351,358.19279042599874,7.554557399957233,1.7314041055119294
dining room__217.png,0.2891367299323715,0.12967768819272804,0.6399035947712418,0.29803212251599914,0.18432243546163896,0.22046159594978082,-2.566745177024899,0.015748799559224542,4.168829149045823,4.440221202297118,421.142488175538,7.578694099894465,1.8927048451365884
dining room__218.png,0.08481206750836326,0.4347257669423261,0.695867302389706,0.0967166561454191,0.21502305458779905,0.14973216508088125,-2.8539573036226416,0.016334538570143175,3.9711130820842353,4.293565153516051,294.0272253311277,7.360857480965251,1.857850153182128
dining room__219.png,0.08930441918077996,0.613752902363668,0.5074293428308824,0.09237996939037225,0.23051518740619853,0.25570755500858877,-2.7082845132409163,0.008711129724663652,4.34971898449537,4.450488726661654,343.65265442005494,7.665875806561615,1.7275664158475164
dining room__22.png,0.33963136854395587,0.2802579137952698,0.5477967218137255,0.3252541458139322,0.22128409980609218,0.2647633683725236,-2.677181242156247,0.0036108812783853888,4.300941039855184,4.434888162282092,385.7518020189349,7.78696928171112,1.8210070666114526
dining room__220.png,0.0884031105915332,0.3503987630187878,0.7713537581699348,0.12809057623742873,0.2386838517441278,0.22627083960299565,-2.8337768126866525,0.004781621330488664,3.9248419009876043,4.268345835050678,428.7701748326503,7.140441388335266,1.8730457146956419
dining room__221.png,0.43214089406461464,0.20617895670848246,0.521174951491013,0.27940795253552836,0.16180488528408818,0.2529954952760645,-2.8192796819050594,0.013648915265042375,3.93772979116875,4.318439119098275,247.35273669725305,7.5704271448470735,1.785456876816903
dining room__222.png,0.3450273955884428,0.40556612363492955,0.4529184666053921,0.3029852598714403,0.250628503555202,0.2124738451407366,-2.5592322714229754,0.026323494221915496,4.1768719110754775,4.4038406433895325,326.71528454067214,7.437238044730751,1.6115983767846036
dining room__223.png,0.2774219898112328,0.28518751353847166,0.5456070772058825,0.3672145660037912,0.29427636139642627,0.300223470268478,-2.856814250653491,0.014912185566986175,3.978719602666308,4.286859080560722,548.3732253592625,7.719421602258796,1.8225747228705973
dining room__224.png,0.17411446132196592,0.2662965297808126,0.3393659620098039,0.16390182099107803,0.1469684208927254,0.2540114918653714,-2.7285593961789987,0.008513586139984989,3.969940562239768,4.31657834776458,503.40341848353,7.4717795238639955,1.6830639099380142
dining room__225.png,0.23513715316146544,0.3578555020276721,0.5575806908700982,0.2560540817034191,0.22871359548707737,0.2739675172396572,-2.8712683370987127,0.009959838118482679,3.9423080001196995,4.2222674285023905,545.8084704134812,7.753134247687991,1.8137557277065937
dining room__226.png,0.17985769725016013,0.29568592215327355,0.4211835043913399,0.19668457938351758,0.2559065766355372,0.2136004457943033,-2.9057457546044505,0.025128351267615767,3.9154670451003244,4.246553153965407,414.7130059239244,7.418888309081127,1.6955516390102232
dining room__227.png,0.08104966676807052,0.6240193199798831,0.5538029258578432,0.03842934014683097,0.2022704684910534,0.2709555475572557,-2.6650396658811633,0.013967297878348047,4.343567767793219,4.461598349655579,508.26376907299607,7.7442933065625095,1.789673478657697
dining room__228.png,0.11664804458429771,0.4083073751682295,0.6084290875204246,0.12145136199604976,0.3619631993279014,0.27318915392708076,-2.717234945660914,0.03543109100875218,4.071996029271898,4.325027407433458,439.54291621843055,7.662714550147417,1.8163409709143636
dining room__229.png,0.21794359965043497,0.39439867099163917,0.5098578814338234,0.3283644914212499,0.23589385532432308,0.22619957072629998,-2.7278310210988153,0.004761764432252822,4.410895269589693,4.473002605141014,551.312014022282,7.737088841896703,1.7712850936274456
dining room__23.png,0.21478649695950366,0.3246438744884343,0.5702163117851304,0.2420251527382846,0.22034100825871586,0.2832409569178775,-2.659164826456647,0.008790505129801368,4.04054014351811,4.355783840845592,409.97004112182157,7.840588348539667,1.8090610140964014
dining room__230.png,0.27573304603841003,0.16023153542177135,0.5026914573120914,0.258773492308419,0.13990733780462197,0.30691140270581346,-2.6951428434875955,0.014503466108104131,4.3602388478076675,4.468843780906349,651.7200001350656,7.880291700809086,1.8155410452086707
dining room__231.png,0.3400173884076619,0.21553024212161423,0.4912675270629086,0.3162777776817862,0.19505522979009227,0.31690476701926373,-2.5947631343907163,0.013020866018241555,4.225040051921598,4.41459666056446,578.6594587590737,7.449421641252297,1.7927719180956416
dining room__232.png,0.155237713971272,0.3896614948438559,0.39094325725081686,0.1711051186566273,0.2774697672913757,0.21570436528844816,-2.930378948829962,0.007323627098451919,3.920034172399359,4.276806805518638,448.5111836547722,7.333137524440224,1.7203541514009335
dining room__233.png,0.23240223746770283,0.2162444152916333,0.635705690870098,0.3078083825572964,0.21875539479737924,0.22477844511500555,-2.743877750307253,0.010553718357876727,3.8788613178855633,4.2253520025151206,559.9678761536862,7.7322932692947015,1.8755142848730664
dining room__234.png,0.08843041535611716,0.531425804959032,0.7305834865196077,0.09554409967031356,0.1796023201229738,0.18911344593741794,-2.668275945822301,0.030351954655737656,4.000902731031067,4.334769880192091,408.92715867160547,7.279945235784798,1.897165937513849
dining room__235.png,0.0642293581663126,0.5495248598896969,0.5611317401960785,0.07546954882812296,0.27380042564633356,0.1843466137177352,-2.768145549767261,0.015380985730163388,3.7800070058300106,4.128287862225226,435.3514950354532,7.405166755923152,1.7274457528196705
dining room__236.png,0.3121997026610443,0.25993978078165736,0.3712680376838235,0.3215635908172676,0.17737361438286736,0.2905865079477741,-2.766348930337884,0.007462648858622545,4.320348668542218,4.464632084568698,551.6205570947724,7.522037949656441,1.6940097113556476
dining room__237.png,0.11331705167902312,0.46401223139974057,0.43401986315359464,0.07652406586329034,0.2551309394912086,0.3017431473042928,-2.6080858198615076,0.017378518475963962,4.02060945446329,4.322335200120611,444.5179604788474,7.546715398392023,1.6810283232824024
dining room__238.png,0.08186751677136982,0.5352136671582309,0.4805004723243465,0.06272592402121542,0.16175984254984602,0.2370488938395642,-2.8993239807484934,0.025986736515668178,3.5927689928761515,4.0590263911932825,405.6331317836778,7.4335014109911475,1.6489520454491609
dining room__239.png,0.18470980321405453,0.2734180297226673,0.5589290747549018,0.14138437551817115,0.22352553288133176,0.18227573480038128,-2.6215870368982044,0.011621314357110942,3.699230461978293,4.114615870341239,237.5685973380336,7.375089473266172,1.8265427065913038
dining room__24.png,0.19207348469640956,0.25465206426056763,0.5956501736111112,0.268138771200117,0.22281412757104535,0.19123826620437212,-2.594524562575756,0.013053390434401898,4.091617145489835,4.3920073304812,501.7225367916273,7.668255241024821,1.8617435652254208
dining room__240.png,0.11537682533757386,0.3879464822643821,0.5105641850490196,0.1427017678568847,0.27414166321016414,0.14996449530375097,-2.436046294542307,0.08599445003742001,4.292214658369414,4.440265724257155,253.74303555849136,7.377292271572014,1.7330672465388328
dining room__241.png,0.3944685827087076,0.24858617686746684,0.6114665543300656,0.31077158763323454,0.2270398694959135,0.21558511561634067,-2.7363289813240907,0.00316279863365212,4.373176539645068,4.456050675569554,435.9107208002315,7.702563910828527,1.8625008392336997
dining room__242.png,0.3325895722455239,0.3413049306847023,0.46134233302696087,0.34983765063246774,0.2545111220541448,0.283525742391353,-2.7608317125559063,0.009166477570610076,4.043536372046898,4.350164544737064,640.7350383203849,7.816397728050521,1.775303433868325
dining room__243.png,0.08089478683272275,0.42876742635949416,0.6760657169117649,0.05957077780062332,0.180779764924672,0.3176048347256147,-2.9996745148187167,0.0051537146646798235,4.175943091697271,4.3283884336078335,579.1922612896946,7.701973369766995,1.849980777423129
dining room__244.png,0.15659263672473675,0.550480116762119,0.4293305504493464,0.297293583840584,0.24438270203393664,0.2492868406672194,-2.809079451156214,0.009449767134116016,4.2734617401685515,4.403576872168633,517.6213109563989,7.614289970242913,1.6553799314216886
dining room__245.png,0.13264547033992077,0.5135271686129755,0.5490320669934641,0.16967127070591734,0.21710694059204771,0.21787043042757143,-2.832153195930108,0.0059432967646010195,4.245237618397269,4.315711712025719,388.3042032841943,7.582618177812611,1.712448452906072
dining room__246.png,0.21265309283293984,0.17352626967094406,0.5158593111723858,0.23054305805700817,0.1874925015323848,0.20610424427819535,-2.463823763634463,0.005628547871124636,4.016759974287924,4.345762378427439,420.39814840040754,7.732231413919383,1.8472029136463928
dining room__247.png,0.10010474628739016,0.38073611028953536,0.7269033522263071,0.03388373426816176,0.2123536960649548,0.1513740056978776,-2.6634493421496264,0.007696969298294499,4.1874272587677295,4.408929349513696,346.4579859439477,7.366764157956361,1.8880354473726029
dining room__248.png,0.1345238787341218,0.3834096126682339,0.6941436504289215,0.18739394183336233,0.23502918987877752,0.1894790063938102,-2.4256186545097056,0.006448491230795304,4.194258522818247,4.446622131571269,351.79776109706523,7.430061573103968,1.8849031617489689
dining room__249.png,0.15954678021628843,0.17754361542419558,0.5756010008169935,0.1641446893427727,0.17241624563546218,0.1617709469026559,-2.388564246635828,0.003755106638927922,4.298565660782176,4.489621571128553,390.48239313587123,7.298080098548844,1.8671526259742373
dining room__25.png,0.19510910349317398,0.2637247911969807,0.4699974851919936,0.28459914544778864,0.21666939462483303,0.20942006903662988,-2.630621972430355,0.010032370408979741,3.8565395554847193,4.299701087511368,342.7129853629669,7.5343809644458934,1.7382323670956654
dining room__250.png,0.20380583968404306,0.39202985852941086,0.5835875331903595,0.22976943289999868,0.23705260152008867,0.2344330655271521,-2.3594147608178613,0.0034390661385812005,4.16551833012567,4.38648122947175,560.4359383439134,7.6669242203384815,1.8867867157412181
dining room__251.png,0.26176306967915436,0.28919815612029914,0.6131243106617645,0.2390534712578157,0.2515356620000166,0.2617240822103008,-2.6595327094518675,0.005796021703665921,4.043347609657184,4.366960451626919,385.07146031711636,7.81961321184696,1.802711139454305
dining room__252.png,0.14383638481960914,0.41857779070108786,0.34925201695261443,0.15551119522241888,0.2535891120188351,0.2538816841319686,-2.7291222204887506,0.011891337472303058,4.120187994285499,4.290540640884497,433.0342507788474,7.120227779932769,1.5952651156391024
dining room__253.png,0.1734167002027268,0.33567313371578555,0.48439076542075177,0.19212682397265426,0.23700204639804037,0.20271350787714587,-2.779212172920509,0.012652902167776396,4.00691698850388,4.209015115441807,319.44544391086424,7.539449202317592,1.6695980811338185
dining room__254.png,0.1902713927393899,0.12852055698882828,0.6634459763071896,0.17731803934583673,0.1279687488454672,0.19143400715015962,-2.7127056601682176,0.01907236268983821,4.037537014576282,4.317351109667447,433.2010884013225,7.488241650469966,1.8898986386189904
dining room__255.png,0.15145553079336907,0.1969661686913849,0.636214448018791,0.07840360520451715,0.18294769864315039,0.2079156539023456,-2.9023293678933566,0.014586439509106151,4.15182473253347,4.343741288320803,371.7687120627566,7.5858818677197934,1.8842025732224141
dining room__256.png,0.09765651435907795,0.4363953850452996,0.5736747600081701,0.03428553756779893,0.19710245188504644,0.20003112505303092,-2.8153980296436223,0.01897088295709148,4.3441837527283855,4.4285543543160895,395.199310283424,7.538190864563644,1.801965697852405
dining room__257.png,0.1439966282557571,0.37431659181144494,0.6168561453227125,0.19245699643406058,0.19769723912250808,0.1652265601923208,-2.6048599655150495,0.007973295500997355,4.307674477517406,4.450866506583413,242.2711770209452,7.3551953848526885,1.8458438379462145
dining room__258.png,0.10611366877638592,0.3190877514488186,0.6362017590890522,0.14093379622535945,0.28145191066978004,0.20907983695872773,-2.6938715791276677,0.0139027373478469,3.6591634986160297,4.138323694821618,457.29018910217826,7.738883763009147,1.852966671414349
dining room__259.png,0.14786996117061382,0.18665502000525802,0.5771265063316995,0.25892049668159606,0.2066436895438182,0.2074039383166624,-2.6997706436182236,0.0036355513910885278,4.263928506586426,4.386623068338691,395.1346594014035,7.24154708216865,1.8752250788473752
dining room__26.png,0.3461820488451341,0.2858555950315839,0.5863357970792484,0.3594822456961191,0.2794368600928884,0.20269654755607697,-2.721578147125909,0.008415087387815158,3.969690130451915,4.285360511506536,427.4419162394654,7.690639742230245,1.8494274060457125
dining room__260.png,0.12341677133728138,0.1896372471095073,0.6509958256740198,0.14498707660681268,0.21240959348136473,0.17182215369601528,-2.5586452539135007,0.008267939273588936,4.242260315802614,4.441593804401645,333.4435234139369,7.483659948157185,1.8824433970832686
dining room__261.png,0.23454500591887797,0.3289880035941636,0.45027953941993465,0.30366547881878236,0.24628068883353324,0.17116286636578024,-2.351528575614508,0.01428868593893116,4.057914279424504,4.395194830980454,408.95670085537597,7.503812484791331,1.7278078794893275
dining room__262.png,0.529892181642609,0.3411030085078051,0.5163853656045753,0.43735131311348957,0.2443178545384437,0.2133901444680666,-2.7816093110322915,0.005985521117995734,3.972381540113574,4.267793108279197,429.7245063384996,7.447701752017461,1.7043201400679338
dining room__263.png,0.27357635595164714,0.515893229618964,0.5157932112949347,0.2920732924594704,0.2551606666416324,0.22832903188368198,-2.768798604594524,0.00398286022626877,3.8011955507102604,4.239496874340405,410.69145973180764,7.619607715339756,1.7149818261463412
dining room__264.png,0.43539285666982114,0.3031363766396217,0.5414150582107843,0.36775351987584265,0.25075046059311273,0.22104374525270215,-2.7102310087492514,0.004608632173991796,4.284038866664156,4.418308672400117,385.1837098388402,7.668567697432417,1.8034543796782736
dining room__265.png,0.14783344325309708,0.2573255035333676,0.6600436070261438,0.17213318359127222,0.2944900766330612,0.2128701538093988,-2.5595814191487354,0.009180035482306684,4.231920898104068,4.4301123064637515,501.3736545651949,7.575102140898377,1.8781771266529053
dining room__266.png,0.30816282099894526,0.2844367224766149,0.4699780815972222,0.29949659246469673,0.253334601607519,0.20001249359037543,-2.8363207484822697,0.01294702612518315,3.629133341009746,4.131693986874027,490.729051034169,7.543246438435064,1.763503360227326
dining room__267.png,0.2033566028920419,0.17078516200609484,0.642056959763072,0.20543865576326467,0.23230979898683954,0.1886855001811018,-2.74408532138954,0.008665055353668677,3.9687116656883976,4.282664717733962,335.79170155911476,6.874240166094012,1.8771006528446246
dining room__268.png,0.23863733873832757,0.25646538021432064,0.6237671058006538,0.2871595070884056,0.24813172558643312,0.2121436743708265,-2.5057817527423594,0.010617523081769366,4.184976422527495,4.4321607191234635,491.06619563084837,7.720465363218393,1.8778903971773868
dining room__269.png,0.10882725067031394,0.35282480612983397,0.5252219030841502,0.109240656618282,0.24856625463691034,0.15873025620273862,-2.7163555587664923,0.011650378902131015,4.141073669507348,4.36837940167162,317.48179689951155,7.323165250074867,1.8066846266198389
dining room__27.png,0.10752820895789249,0.34822709939694774,0.5399476613562094,0.0720906518039172,0.28921927594772395,0.20810385011891905,-2.662553367087209,0.01748881342410895,4.185264753172982,4.42811269138531,503.625222628023,7.600464334517407,1.8312165071111515
dining room__270.png,0.34306045840488186,0.426799650632354,0.6982471915849675,0.3181615198111825,0.3198626451799348,0.1375722070441483,-2.6587799274215342,0.009438235208234667,3.555167566793327,4.067529330488499,364.8851356801928,7.355529086853968,1.9001683418395516
dining room__271.png,0.4943991765652713,0.1455375140942266,0.6151518458946079,0.36255062187622245,0.1824689243063614,0.24393803699851685,-2.881576616515402,0.00875378154629624,3.8450278442690555,4.1879648367869535,454.1101058587919,7.140023942096419,1.8626521839664592
dining room__272.png,0.22729299576138137,0.29739974990613816,0.515212456597222,0.23846315912899738,0.2676061393162275,0.30791966147580874,-2.8469919981156955,0.027533208493363083,4.151975978368793,4.398032410570761,481.52524972194817,7.843696378314014,1.765097845780005
dining room__273.png,0.11452138542271037,0.3072118112896785,0.4760658062704249,0.24031954464754807,0.13652499433094092,0.2101788322426701,-2.7286454116105756,0.02273076181737949,3.8338196305285512,4.15506392438495,282.77072315427654,7.386435263281441,1.5423907694578403
dining room__274.png,0.22455445360165696,0.37742691181314875,0.35155374285130725,0.2135150885967531,0.22906057500528848,0.25222315626784997,-2.3622718114854546,0.01714279000099184,4.008570610953975,4.295156290554533,431.20625757471083,7.6238004589269694,1.6344855527891848
dining room__275.png,0.18948982103419929,0.35495912975980415,0.443958882250817,0.2879954787012164,0.2250387706324597,0.18420238899602404,-2.6608337810173865,0.0029090771404818284,4.1345253362725565,4.360812624426767,407.47289957464494,7.384948147810003,1.6220531333374932
dining room__276.png,0.4067555401717547,0.4125783919345275,0.33656472120098047,0.3432817319527193,0.26409944546465236,0.21929220720646644,-2.7469213064698406,0.009649657826220126,3.9284782613446914,4.2554869815724015,267.2501220833779,7.243392187700979,1.4625765105009454
dining room__277.png,0.14068840484472833,0.18727063549340803,0.5833743489583331,0.15800803668490207,0.21428624758147427,0.2113005707022059,-2.7578395492484544,0.008854803220275001,3.7760899113901676,4.135629032795175,516.067111729794,7.675506752972814,1.8652110106390567
dining room__278.png,0.2567415451641559,0.18952780514082562,0.6225712699142156,0.2269965408907071,0.15643831521553192,0.20866274569869914,-2.5279692220388235,0.003457747969757578,3.944530085540574,4.3055430125955185,474.4358374775642,7.661130615282429,1.8570804964229868
dining room__279.png,0.22821359737965183,0.3124018957173414,0.3579015522875816,0.2995139652266671,0.21858129413750818,0.26077561650043385,-2.842272686310955,0.014510130141953466,3.5551404823934947,3.9889332976021192,500.5935709688025,7.226986049969616,1.5083483859599354
dining room__28.png,0.3046860897258616,0.22829616690916926,0.5986062091503268,0.3355466819312296,0.2335320623025756,0.23137643751521333,-2.6187786998948313,0.01354127112396538,3.9951002173475345,4.297230698939473,429.0405545714992,7.680263307363996,1.8452824865737985
dining room__280.png,0.09440715165336035,0.7106964057281048,0.48422293709150305,0.11966893590850063,0.25989448414639044,0.17858101478309557,-2.721789313611102,0.011174317565505852,3.7789072506512795,4.205784906236445,401.5065183371346,7.342834374367383,1.5678407621325188
dining room__281.png,0.20879812718711196,0.2979362395513688,0.6336048815359477,0.24998600931079928,0.23096734410708697,0.25073810496518856,-2.888328851358585,0.016915023129039572,3.997133595216594,4.30741183651049,456.2129334714693,7.543574601967721,1.8354838782304803
dining room__282.png,0.1973583059146199,0.313764333406667,0.5488867698120914,0.21480074501748933,0.256605859152151,0.23922845370741305,-2.7826970963794864,0.006132880786022436,3.9545833680235245,4.286319840381157,368.4936010241885,7.780546802047384,1.805304637829316
dining room__283.png,0.15126693058175864,0.3247371206742644,0.46851284211601313,0.1821902040491328,0.21071715530580518,0.264927685192946,-2.8010666810765183,0.0069851150369539495,4.21933511894014,4.434522157222564,508.45436460527685,7.6636026957701295,1.7383487649537694
dining room__284.png,0.251674557009672,0.15842951300024816,0.5607095332924836,0.28368083635914837,0.17216257494141618,0.25676238792723016,-2.9188627663771847,0.012634561325979735,4.130334536300616,4.339866619336974,448.4308418090392,7.823551364527984,1.8189914299433405
dining room__285.png,0.18000676789291595,0.5214641319108165,0.495143280228758,0.3072646711116155,0.2663590613343371,0.31288500097755567,-2.9591017404238023,0.009855434159960144,3.162329547958289,3.601060214583584,575.6769898663196,7.693087604126966,1.6939283979583197
dining room__286.png,0.2031308800755156,0.4298299305106077,0.3107921900531046,0.3080932443899497,0.335110463843765,0.3210298325850496,-2.949085255816336,0.005250423329924185,3.8676960674934535,4.182332512814796,533.9102903795531,6.669411854591721,1.5437636037700877
dining room__287.png,0.2170725912576544,0.26011570791520916,0.5764191559436272,0.23442049490927333,0.20781994872150183,0.28531225570798174,-2.560148130182989,0.017070518621767033,4.205429899771943,4.427087191749221,306.82936929787604,7.804755575305865,1.8203950835466223
dining room__288.png,0.12057048860279083,0.4148321527188414,0.5800097273284313,0.10247468387797974,0.2377542388484441,0.27844474245100415,-2.781333738039107,0.01492903976491103,3.8609026568825846,4.23448778830934,531.1418401042736,7.779499324631807,1.8105136483586488
dining room__289.png,0.3390419083374352,0.21304199402803847,0.5062329069648691,0.4002962599703718,0.2193112893669187,0.19976809524604364,-2.704171087826471,0.009365608092519443,3.947325075408737,4.25998755676691,355.0674484925325,7.0963300277062205,1.8350683681459958
dining room__29.png,0.08858075484713741,0.5056233155172629,0.6030617851307191,0.08907120616687605,0.23055807828013958,0.24447547294482416,-2.608365809403097,0.005779253293420975,4.244656300003445,4.440285643514695,352.3118406175481,7.752536388698429,1.811237076181238
dining room__290.png,0.2160544975640866,0.287546720823097,0.5193535156250001,0.2651144235113707,0.20481982394817547,0.264112644283906,-2.984359276167343,0.010586498019697006,3.871084865280208,4.223953008652042,468.2452176896079,7.543691930006931,1.7273249522057046
dining room__291.png,0.1122934202828002,0.5357030042629766,0.5879791028390526,0.14619561034975165,0.1731256311617588,0.20848033499766316,-2.9558097994308485,0.012264309418460127,3.8202784157333767,4.185777629435271,353.2784294989454,7.522251582520422,1.795646642501343
dining room__292.png,0.20558348146832814,0.132563085271427,0.5218084788602944,0.25714333035771475,0.12991077706015053,0.27556116886078413,-2.8187507423229965,0.031601740735155155,3.881254684394444,4.185260878548959,287.7224532709796,7.3862046709287394,1.729251708239851
dining room__293.png,0.16549960047894285,0.25701393340903494,0.6042470639297386,0.2124512734774868,0.20932404873936417,0.19949859373776657,-2.520463485616261,0.006994420087389432,4.045604695242935,4.383366820119285,397.1174157202728,7.552829167171705,1.8807444836649854
dining room__294.png,0.10010231288786696,0.3083536995296021,0.7229472783905231,0.09816837720912354,0.2234873026310799,0.15466801648150724,-2.6284970557413176,0.020994704941334263,4.003980335730085,4.274954581723464,373.3711139154058,7.422676753948178,1.9010962226374868
dining room__295.png,0.08943097804518571,0.3656043383952881,0.673286917892157,0.09262648815663178,0.19220961171237272,0.16659503088590208,-2.8076511840192184,0.009219211456294753,3.874526736653877,4.268267226721019,453.99783139743397,7.397740933765492,1.881170175122401
dining room__296.png,0.12277156995552488,0.4415521025943488,0.6331808363970587,0.15581767356871207,0.2520005362525241,0.16162259885345995,-2.6725664444026376,0.012853463620652603,3.963663406699901,4.236616490383214,426.14218483578304,7.547281068922288,1.8482378364462249
dining room__297.png,0.239489885142637,0.29555447640559596,0.40241149662990183,0.24603322966572558,0.27743499538912125,0.189228709584296,-2.7301704306991073,0.007328936669828206,4.112906623877669,4.3835643970095886,385.2605157699855,7.51133490461633,1.6801758396786055
dining room__298.png,0.30930407932143894,0.2682672764743646,0.5164831750408496,0.28653940347827805,0.26209592353313754,0.1556913135035064,-2.6977987120627644,0.010303230032874013,3.9922698022067675,4.283184492288852,314.1943658965179,7.214789385248066,1.798776451574805
dining room__299.png,0.338705256624929,0.21669843141365605,0.5039640395220585,0.28176675714719696,0.2271716543551966,0.18406166301677324,-2.683816160273832,0.00721462236347509,3.9885263573702003,4.268323782399266,379.8436675987146,7.404745033990728,1.8028041476718915
dining room__3.png,0.1840290156047063,0.3200591852051303,0.6256292636846403,0.20814813595129594,0.2644019498533345,0.1688485476380478,-2.363301754325538,0.009248456936794205,4.2663711826685695,4.461271974563202,297.01578349895107,7.507888887325038,1.8548367419667706
dining room__30.png,0.3320649680031985,0.24528906840657563,0.5101499055351307,0.2549803767146364,0.1961031172326218,0.24970848454266675,-2.812516024009126,0.021336367737586754,3.450202273126858,4.008064904568131,497.44139825786027,7.790512258073361,1.7858517489832841
dining room__31.png,0.29318598976761895,0.2696777776763773,0.37909503931781047,0.3445872813895832,0.19296318787648425,0.3103040126966634,-2.7788839870697557,0.01076053165433026,3.9647971837170974,4.268770392766723,460.1122283043695,6.96728369114271,1.6506907212563235
dining room__32.png,0.12564327114957158,0.19973810809637343,0.6410894735498363,0.16214097754402715,0.15897067338800777,0.21505062546963377,-2.5422063999926303,0.02301048304623195,4.042361384449731,4.325202643269901,415.93994997862893,7.415055114190794,1.8723888785554668
dining room__33.png,0.18992215464666767,0.45636704006583123,0.38885781760620913,0.23278464639661714,0.3066777311848676,0.21002426771798158,-2.8307811062494643,0.017543468047828786,4.018795656353208,4.256062416099542,357.6364481003112,7.532619294051796,1.5480685359003648
dining room__34.png,0.11218016956156736,0.42571429958285906,0.5958406990400327,0.0524669793262048,0.30190162786166486,0.2602151296314422,-2.889075892244166,0.006103749305081669,3.86984488575212,4.13850493045646,303.57644699794855,7.680316074841083,1.761041256597574
dining room__35.png,0.15954678021628843,0.17754361542419558,0.5756010008169935,0.1641446893427727,0.17241624563546218,0.1617709469026559,-2.388564246635828,0.003755106638927922,4.298565660782176,4.489621571128553,390.48239313587123,7.298080098548844,1.8671526259742373
dining room__36.png,0.2561758002675003,0.2316378825688343,0.6246261106004901,0.21233082284728633,0.20307034933348472,0.18948304254860476,-2.8529229630907786,0.01350635393262215,4.269299664450197,4.462148209086716,401.08244002575714,7.654613356385416,1.8639344866112921
dining room__37.png,0.13624405800781006,0.5365949049706219,0.5031174938725489,0.16754550062426957,0.28166016246801073,0.23561438122519382,-2.7453070688107095,0.010606254050036214,4.278950192521222,4.444283420549075,354.5257143983202,7.65868988908271,1.7549574735128926
dining room__38.png,0.19113237670753633,0.4909413291025426,0.6297994153390524,0.2677538962886471,0.25659851004276574,0.21218827424721626,-2.7045518746149817,0.011835652102779542,4.43220564882866,4.491868701540248,385.3724881230215,7.746638735731512,1.8203950835466223
dining room__39.png,0.22563299771343082,0.524736558315724,0.4303180657679739,0.2719904751135143,0.2422536874986719,0.2638794108050421,-2.581484516432879,0.002851192704521435,4.273394302253527,4.407496586869288,424.57396835914045,7.650482179351709,1.6881738584604502
dining room__4.png,0.12593942363367902,0.22636535782056233,0.5999366702410133,0.15348668640997803,0.24278262216892962,0.16367120630387777,-2.50699200813009,0.00557005706024103,4.101620463438406,4.3665082963633335,256.3897461484781,7.321100254692214,1.834485553338752
dining room__40.png,0.2076521661305342,0.24318149080288132,0.6296499310661764,0.26596728787686696,0.23693169857582222,0.17945444682793352,-2.255357941731998,0.01561814102132075,4.183490416554786,4.459297332369126,369.60307201210065,7.6130859723482205,1.8835000584901695
dining room__41.png,0.2602294580508786,0.3358334683683372,0.3994073350694443,0.3018907278712945,0.2656301498845098,0.21777628213471653,-2.280423754042955,0.005159595002797562,4.153333632957279,4.447957782428959,347.4146558465974,7.493675194254489,1.6296106013608882
dining room__42.png,0.21463886408096192,0.41561015687981845,0.4876525097017974,0.2393522378145373,0.20264712838176496,0.23186546718882411,-2.842703189670175,0.010485885981492478,3.931500929057239,4.266205663359578,445.3447335254771,7.557111816803074,1.7088640592898496
dining room__43.png,0.13813081410845449,0.32029919455463085,0.6337902113970588,0.2110260133572931,0.21084792887817416,0.20799307377084347,-2.3331437592212527,0.010352119593342674,4.13657309937835,4.3696136610313445,361.3779848694289,7.523543231361171,1.853279267080557
dining room__44.png,0.11827446936946678,0.39889254959991544,0.6196730494281046,0.11461459091777562,0.23855341650872322,0.21191192452629404,-2.7388992096360374,0.007480781325265066,4.181578107020815,4.41769680412155,379.2567561940861,7.664079210566258,1.8233553865193937
dining room__45.png,0.17355721097722834,0.18463671973981674,0.6363760850694443,0.17684200920619714,0.19926386466802304,0.17884135188107086,-2.8194500887284915,0.009459021264656125,3.618614778175836,4.073925275289147,286.8707228888894,7.340551512756398,1.8791782032670477
dining room__46.png,0.2729423122737692,0.22646261259034883,0.5261132812499998,0.31992092668882866,0.2170892111522829,0.26936537770901486,-2.8231793069519595,0.007665698363548111,3.7800234845611542,4.234744754713438,486.56610820027976,7.645665990011916,1.7709737362363236
dining room__47.png,0.1997466713305153,0.28519585216888543,0.5380617468341502,0.20038990430549994,0.1793246237673164,0.14154325376389704,-2.551001003994968,0.004669068363133798,4.166688211056756,4.403728577683784,316.172486146196,7.0600642049827,1.8054890032310411
dining room__48.png,0.10191626595289098,0.418864163006058,0.5652548891952613,0.13946665351160095,0.19676509965305972,0.2302900609205376,-2.6359922617139637,0.004308762356099842,4.133625911717721,4.401446792412744,400.12104334556307,7.6581244548606255,1.777139245476695
dining room__49.png,0.32521830654172723,0.3030613738801568,0.5123120276756535,0.3283902025026125,0.16649555185997328,0.21974889676519066,-2.7636446030163753,0.0084214982543167,4.083974081892812,4.341687755495419,387.33372049228814,7.362077626887051,1.7265990478329432
dining room__5.png,0.3456668764789052,0.23742764175602038,0.5113392820669935,0.3847305329657321,0.2735349930831092,0.21291761803978274,-2.5672342191711883,0.01380349562908605,3.972905018009567,4.343009685784552,284.0532321864074,7.466984826572685,1.803825587031896
dining room__50.png,0.13393031540258518,0.4435699290537385,0.5771168172998369,0.16988257145182573,0.17510175925691263,0.27120652309128507,-2.902224674664118,0.006939827804026163,3.8550603471303733,4.207730532752109,500.4639071200145,7.4677903426847765,1.8310481016994267
dining room__51.png,0.1296800866353261,0.35075022864722016,0.6555790951797387,0.07836679699142515,0.1921722844912537,0.2147457542890333,-2.829519880119475,0.018037990240241504,3.8237169387234946,4.287069456320273,501.31387856166015,7.584124232556837,1.8858813990670764
dining room__52.png,0.15525702348881204,0.21951307513281673,0.6493554815155229,0.2523386946364303,0.1326216640267513,0.159236364846225,-2.7621571353990744,0.03701961998524191,3.6675907696582484,4.122612081156263,309.8400917601255,7.247709941943923,1.8947411197228043
dining room__53.png,0.16425795665339177,0.3439196801368604,0.45358644812091514,0.20087420295905353,0.23942092085938033,0.29367658433933064,-2.9871816698863403,0.010388307691883869,3.9112163751573004,4.218227098849419,370.51799326913255,7.720101580801651,1.7282899812562262
dining room__54.png,0.24604842460004317,0.236700379949543,0.5775793377246731,0.19444714197000887,0.21854791947520164,0.16844255209938064,-2.391352489346135,0.007800380735649062,4.12332694511466,4.416355506717361,395.5472884680562,7.432532232550267,1.8849733306705208
dining room__55.png,0.31438378917771315,0.11761502434216574,0.5232561657475489,0.27926197467670827,0.1494545995096315,0.21451051927368442,-2.6350554592021003,0.010654483238418135,3.9532602447828022,4.325170585038167,401.19837382791485,7.648017587493591,1.8071430635739791
dining room__56.png,0.10428329531465719,0.4629875388275155,0.36687520424836595,0.12793547268214056,0.2754904078863879,0.2115478238668652,-2.590336983413409,0.01545244204303451,4.189291912447411,4.466352252528959,326.9978905087399,7.361578740982616,1.5803744449690384
dining room__57.png,0.1421427280512588,0.19505742273484292,0.4974786560457515,0.16648005411375105,0.15480578932977185,0.26922208486798044,-2.8247313433819974,0.0063921852311077925,4.000658708905609,4.225325249219985,269.3638173660018,7.313790118077869,1.801965697852405
dining room__58.png,0.24546187289107682,0.23969925864120067,0.3478029513888889,0.21246260123092695,0.2550588465345045,0.22492319027604296,-2.797415936823157,0.015111420764704078,3.938646147379734,4.202286239532762,296.98323846830374,7.518751044048014,1.5116841614560705
dining room__59.png,0.1257456297625629,0.46985385784301525,0.5800496706495096,0.08990161605898449,0.28242190657606603,0.20709505654302623,-2.690482795534787,0.0060075493170056735,3.9278715571808154,4.287891291727155,359.0875884602335,7.569315506362841,1.8055811859319035
dining room__6.png,0.18587538716360583,0.3492929735222915,0.39779595588235295,0.2640193135594122,0.21714986559976127,0.2497444588113792,-2.7566713992506195,0.009801265261939494,4.1439593814638505,4.3740111975067615,441.04881644268426,7.4140977941748565,1.6382940741960117
dining room__60.png,0.15591565802561794,0.4663303379211727,0.5613337545955882,0.1739832151165582,0.2349774401734857,0.22661699170431276,-2.785177005187589,0.008054571082518778,4.214541306154846,4.421587512263689,464.2131431658974,7.660943529902673,1.8388693223161845
dining room__61.png,0.1765458755975821,0.5162221824161279,0.6289998723447714,0.22899082662419074,0.2889258445477481,0.27815592181843696,-2.6844308000171506,0.03915102094450363,3.6353835358290336,3.996389843427386,381.9637259966844,7.677859122140286,1.825340754240954
dining room__62.png,0.16026741421192567,0.47570210674187696,0.5287631357230392,0.22658629089669913,0.2570555706739474,0.2097036208129784,-2.7550447964495026,0.00983525752313831,4.106589398528373,4.363726084688189,479.4635827570777,7.504245983548942,1.712956971208143
dining room__63.png,0.2094090857678001,0.2857537541932341,0.5115457388684641,0.2579481597716216,0.28308928642974773,0.21471242615577654,-2.6714694330658895,0.005984096307796004,3.7758992860809557,4.150132793276019,397.8344230592836,7.421887139466478,1.757144955245747
dining room__64.png,0.4814215830828316,0.13423204868904884,0.4845777930964052,0.3278136426187018,0.19338605285648958,0.25916671023042714,-2.6425199122829586,0.008034981167028719,4.173080463319747,4.417562308280373,374.2102468491251,7.737063752033858,1.7873276352999283
dining room__65.png,0.08212241354620617,0.6668291318956004,0.6867180223651961,0.1075929010700722,0.22039544467001948,0.23299360932982127,-2.7732132903020794,0.014746754105640011,3.6479725729053962,4.090266173932341,401.0216921343493,7.601166558197356,1.7860489098942331
dining room__66.png,0.22401433410150104,0.2781041856968168,0.5672438470179739,0.2736407107956124,0.18909708511873233,0.1718804626080093,-2.590383829162986,0.002988602635983215,4.079019926280361,4.399205271883641,352.5059077461579,7.412070746009668,1.812678978726072
dining room__67.png,0.21140563472981985,0.18887950837131634,0.6378898973651963,0.18226053563097946,0.21672617422680907,0.2604166229741426,-2.6827135909976354,0.019144935146163125,4.143975741948959,4.342835803756677,446.04222207189645,7.546678947950943,1.8635577758128423
dining room__68.png,0.16830519418131562,0.5965877202023909,0.4526131152982027,0.24205320997017965,0.2621134552129318,0.25557585710218805,-2.7792056872756072,0.006722587431556716,4.146100122784757,4.3449024971770775,366.71237616830336,7.596100932711779,1.6479992615633807
dining room__69.png,0.2884296122143923,0.08310710269640305,0.6672389961192812,0.28255029751911465,0.11755252922951633,0.19260625975707474,-2.5959557914072207,0.009282829513118047,4.221331988412182,4.425766090127823,449.866798972538,7.364592479198952,1.9107258752245972
dining room__7.png,0.1612154906809052,0.27560074002878715,0.49489093137254914,0.22137710698807056,0.21324922421810205,0.20662198652419175,-2.5645529286864925,0.008337465640226601,4.305795664660278,4.476219249534208,410.764812128327,7.563558881666011,1.7906452494281322
dining room__70.png,0.15556193455840472,0.25835784150302,0.3961489098243463,0.23427703534103655,0.14763589399638796,0.27965548901273235,-2.7967887757654264,0.014849293961552996,3.6797441126683297,4.036292089414444,477.94926583857773,7.261129769400091,1.6092429023983865
dining room__71.png,0.2266291049317493,0.20503041191414922,0.5461550883374184,0.2319021261264928,0.17645823599631077,0.3062452468459448,-2.8638424625276686,0.007074180982072826,4.070237932224378,4.342188783877438,443.1844033832525,7.659660255557438,1.8056733686327662
dining room__72.png,0.10163174764221097,0.48317632896961926,0.5286663347630719,0.11397995688008639,0.26590103878015564,0.24188300786850764,-2.6160976692012166,0.009610496224427945,3.9455253793452565,4.3056001304914355,377.47051498239597,7.700916429098197,1.7583411289790276
dining room__73.png,0.08865830740329173,0.610284432271322,0.42583297589869273,0.1146554623634329,0.2883104098902483,0.23908268936125984,-2.913101568596889,0.011644405179670742,3.9140350210056063,4.233311941799061,301.755635607984,7.43262349876208,1.5299710079292523
dining room__74.png,0.22984035082642373,0.15257859521082115,0.5588965354370916,0.2217864440199032,0.12829028043465693,0.266427397396046,-2.6591080452835114,0.005019374271467281,4.179741874136251,4.415413991730017,440.797409587799,7.49708525989411,1.8431066996612029
dining room__75.png,0.2242758784313945,0.3919908709950333,0.3585940946691175,0.22619916545945212,0.335135394483393,0.1849872773997011,-2.8661354532146386,0.007469423341454797,3.835043347892959,4.197835877538583,323.01451858085954,7.3043068191047595,1.6407184792286944
dining room__76.png,0.24463648048746298,0.09660569105124515,0.5641563904207517,0.2557098391474311,0.12517237926230498,0.2130718757105857,-2.6620335442518983,0.008878736647585397,3.8362102002158505,4.186869110762083,426.9440878111994,7.3471340498012365,1.8783920361734237
dining room__77.png,0.2698521094517779,0.2039444970955979,0.5939121859681376,0.29258036851315417,0.19327873714028382,0.29545259043141764,-2.802430646737824,0.01060346682999552,3.9922425859745654,4.297946497880486,419.04143757382815,7.4918547316191315,1.8364789010553122
dining room__78.png,0.20826242237979262,0.14370110533960664,0.5952727098651962,0.1902081182906916,0.17234026234798447,0.3119487597012336,-2.519741374004229,0.00534051657928944,3.9733986135710406,4.257686319080151,392.2474997032332,7.4903551759364815,1.847919737335189
dining room__79.png,0.31745437365019963,0.1563564476471926,0.624166424121732,0.25034907658951694,0.13481160911910328,0.21158937249956067,-2.6354696951752197,0.005239877072681751,4.052833434648117,4.297535254284819,412.92077389144055,7.649037533137347,1.8661834693400952
dining room__8.png,0.22605034026960893,0.17051095065257663,0.5255944521037581,0.32826950736539057,0.17789304157192737,0.21546194674721922,-2.629066815742312,0.004709834770301997,4.1678824152835325,4.376071787730641,436.179580282138,7.387245082248079,1.8679698875311375
dining room__80.png,0.12070881981601561,0.3409080941888761,0.4919781709558822,0.13458499584296374,0.23663252648663602,0.2576448375897985,-2.747529108466711,0.013664564276311316,4.047643603665677,4.298038841845427,346.11732390420957,7.48649329076889,1.7804750209728302
dining room__81.png,0.19296271623053762,0.29677784798687906,0.6027540211397059,0.2271890611860482,0.2779641813357514,0.26974587067743616,-2.8159712770845235,0.009194695614439214,3.912024681045481,4.273788156842083,499.73942017718826,7.869600495810834,1.8217049034155934
dining room__82.png,0.18660539682625113,0.39143668123623965,0.5144839282066992,0.2519982356385641,0.25177139836448104,0.23172035477663155,-2.646085871868977,0.0054425210512321015,4.110696509408099,4.331475323373948,607.7480804043774,7.811248733234126,1.8001878100008457
dining room__83.png,0.299051259256046,0.3153554106877004,0.4732846200980392,0.2521795291398515,0.20357412950540305,0.19786293269308697,-2.493793383798443,0.009426786318671231,4.127069026168572,4.418393374726977,492.9621020844466,7.557176067442206,1.7956466425013435
dining room__84.png,0.32017238740821974,0.07247156418810918,0.9007916028390524,0.2972868204657452,0.12593996485114275,0.09576747025738218,-2.660347762472626,0.008929994836539737,3.9990967930413586,4.273176811865498,204.81445366453988,6.13286028138318,1.9267202617548382
dining room__85.png,0.09590333729855252,0.21277934839873786,0.6263539241217321,0.06868836354662461,0.13199640759572406,0.13285559574956,-2.810124498146976,0.010387060220398227,4.303479363750501,4.4104295502278115,285.3122760599681,7.035534675694343,1.8987044255154075
dining room__86.png,0.3199303737106962,0.1697435401779237,0.5794307853349674,0.24110542422499925,0.14697140481533894,0.23031720635583558,-2.570284255984218,0.010349693726655944,4.214990021701032,4.428080880646246,431.24094743109055,7.766049813822613,1.8286766673232098
dining room__87.png,0.25724768912462875,0.32388046087677413,0.6036582541870915,0.2506317143862264,0.30578485997372007,0.23572656593753896,-2.6698117709367097,0.024239441570330852,4.136583496015215,4.3965762738481216,345.76988331293137,7.742619236790746,1.8385407666599765
dining room__88.png,0.2768342503676668,0.327240925092973,0.5331617008782681,0.2885202458917211,0.2692688243504052,0.26413748609346915,-2.6919192187530507,0.02347675436079084,3.684431676055385,4.176871095164356,544.7577482198037,7.885892556754951,1.8076009501836363
dining room__89.png,0.19521591466235136,0.46227506435256394,0.5579464231004903,0.297462558475724,0.29466098804995366,0.22931439377172658,-2.6140077607042627,0.013554938626007729,4.068589642418395,4.3823245471351315,447.9933240869912,7.764504151862101,1.801965697852405
dining room__9.png,0.3760001569670652,0.35365087621012387,0.5906266084558823,0.3716436590724032,0.25187814186256596,0.2095602746894176,-2.4902205054057602,0.006422965454448156,4.0115390677423335,4.337673605226184,411.6510482228951,7.78316714100582,1.804381159787243
dining room__90.png,0.4429496536505257,0.420150333766056,0.5802098396650326,0.40159549731369776,0.3196051081531988,0.21327374498579016,-2.7402053691840704,0.01038405762591912,3.853327865745162,4.251232066349977,459.6364694560893,7.518393633778979,1.764461097213451
dining room__91.png,0.302706908214436,0.24866778519753144,0.4931384931576797,0.40676313956452675,0.2123304944345634,0.21477297019597313,-2.6945753959573686,0.0030204424151216796,4.3346082125558265,4.472713365479293,396.37947463245854,7.491822234536323,1.8053968205301785
dining room__92.png,0.22427668836314282,0.29426525516695745,0.7196352124183006,0.2737036231353401,0.2671955403322536,0.24734711005536786,-2.5548232086556193,0.00814000026257827,4.267697584051771,4.398090948413285,388.71835684751335,7.490722001673836,1.8765247173434154
dining room__93.png,0.2656924215719086,0.278283980109856,0.48130395986519603,0.25901401737783775,0.2922118988433999,0.20343938169880518,-2.762461487855425,0.006565037678874,3.9664203030376206,4.302775324625351,358.19279042599874,7.554557399957233,1.7314041055119294
dining room__94.png,0.2891367299323715,0.12967768819272804,0.6399035947712418,0.29803212251599914,0.18432243546163896,0.22046159594978082,-2.566745177024899,0.015748799559224542,4.168829149045823,4.440221202297118,421.142488175538,7.578694099894465,1.8927048451365884
dining room__95.png,0.3883741814305238,0.3735198689328601,0.4960811887254903,0.3709537834898234,0.2625852806041305,0.290101911198402,-2.7368691076214864,0.01451942734505162,3.8448277430540365,4.140397251948225,574.0233542254714,7.629591323406617,1.7727340130644347
dining room__96.png,0.10937901153062199,0.5822370354148643,0.4191369612949347,0.14552463450209377,0.2128103031552564,0.2282484533910098,-2.842904485851389,0.013545880323589445,4.271382734722836,4.453556143433526,296.18152465707215,7.4390850419360985,1.6281659470936405
dining room__97.png,0.17150302430050893,0.5892583076873019,0.3519931321486927,0.22089507442860115,0.35260452982529245,0.29650688991857393,-2.7606476560872983,0.013210885830853046,3.9224600256520077,4.087268505274033,442.8113135472118,7.355499612682726,1.576732265182126
dining room__98.png,0.2134565480854166,0.3204951626648948,0.5794398360906863,0.21232618804431608,0.305150293132268,0.1681423316713987,-2.7291761807204007,0.01694845843134194,3.8018685850343363,4.151755712104171,369.12650010601453,7.436630300119402,1.8324781718378813
dining room__99.png,0.21572714633202816,0.20358927380211242,0.6128658854166666,0.24264663536084013,0.22580294005816923,0.2813453271212291,-2.9183002945761416,0.00926055687897979,4.054861237879352,4.2975380762553,357.87108223160925,7.4070333419840475,1.7759166552082413
kitchen__0.png,0.18981926954623515,0.3792560410382585,0.45131986570669935,0.2100653939533953,0.19809793590271338,0.30047925217812765,-2.7448788539157505,0.010411385968907297,4.344523074857479,4.469235715542623,490.9589720021536,7.750977308615443,1.7105338044505465
kitchen__1.png,0.1293157597322319,0.2656194291968365,0.5460421772875816,0.17383651647436937,0.20822751334125364,0.20229248117697188,-2.857689995333024,0.01017569256732862,4.075887149929204,4.349478789259726,334.74979887958904,7.467628925860377,1.8352345721797896
kitchen__10.png,0.3620819076717048,0.2629898908497195,0.6229351766748366,0.30879177198086194,0.2470140858546985,0.2125961097828799,-2.7234338246137733,0.012576001928197631,4.032153438928141,4.28468007468834,407.74200551217325,7.444598502453812,1.8872729450917376
kitchen__100.png,0.3139740240716368,0.22005186731000312,0.3996788577410132,0.24937710935720062,0.13118726701476788,0.2347671803039322,-2.6377638276182664,0.008691744536859064,3.990619674475145,4.247892222736263,363.7551955185237,7.583795737952277,1.611778752188829
kitchen__101.png,0.27215878357085754,0.20509085768203061,0.7548271803513071,0.2921613680037844,0.19519262627010908,0.24886642333313788,-2.6856598923150283,0.007614324844915838,3.8555483148488774,4.265510306885675,476.60272885416725,7.376713042420077,1.9098926536776968
kitchen__102.png,0.2729502169470864,0.24577941085125676,0.6930130080678104,0.2818531280832072,0.2750350053377935,0.2344316434959029,-2.888036222725992,0.011761839571664368,3.4079737039287243,3.782794780787842,465.79679608788484,7.644650936633084,1.8781055818701464
kitchen__103.png,0.14191761091797075,0.17590992150719995,0.49299820006127465,0.15511210654299906,0.16435958428448755,0.2038410275884877,-2.9051439437414883,0.023926709072714963,3.4655093503273404,3.833685592500719,469.10138782516816,7.63646236375987,1.7408960343922288
kitchen__104.png,0.24506207739932453,0.25336768828717604,0.46163991013071903,0.24772297982385938,0.18083294663859056,0.21287126622199062,-2.8035360975209587,0.010071830682345797,3.9761258177564294,4.305677542575897,325.3267941329909,7.559836316576009,1.7261626246581134
kitchen__105.png,0.14162178339654055,0.4196326460143051,0.5089988383374184,0.14545508660683745,0.16423139287879399,0.20420834594647225,-2.6619248687651735,0.017958718984093902,3.655872078337072,4.05700640467335,381.8563376143227,7.514874778907914,1.725385125490093
kitchen__106.png,0.3005003486953137,0.17144409775799246,0.5004814261642159,0.29898936843948337,0.1392464704340291,0.2512184472364482,-2.736388376369817,0.006906714014221458,4.043965955713636,4.243198864553862,335.6871474581701,7.481072413671613,1.7125757200677103
kitchen__107.png,0.27378311152813234,0.4482696943061213,0.548660781760621,0.30680598455738384,0.33476947533831325,0.21684945827572688,-2.695041663214242,0.010363143503080102,3.9364106894493083,4.284846216211727,450.60611236823877,7.755938910279168,1.7412416507274024
kitchen__108.png,0.29209641652215385,0.12550297819826162,0.6112296772875817,0.24905165767009077,0.16638606655292346,0.2461165349679124,-2.879824937059244,0.006126379601864911,3.6092593283430894,4.014085567989978,413.72022861392367,7.7611882514331905,1.8476808878296709
kitchen__109.png,0.09733749205540221,0.6287256353055712,0.5907063419117647,0.0970248284990893,0.2522025640470949,0.20011199648729966,-2.731490033306178,0.007368240018099497,3.9059411017511567,4.207768229910528,332.04558775502045,7.659281749274365,1.7523101789646915
kitchen__11.png,0.17953765159917104,0.2114556846778162,0.6127429534313725,0.250348670151813,0.21434583322104664,0.1490304228565476,-2.7033870918377354,0.010027377944207515,3.891091017311706,4.254555143560508,309.14380991145464,7.063070428496318,1.898904475734891
kitchen__110.png,0.11007049823639942,0.5431032006046027,0.4972888454861109,0.12470169230385963,0.26661971200332374,0.23750096639261836,-2.7785365789061722,0.014807105738051574,3.756637118568393,4.189865465763984,370.1291867094646,7.6444342191855865,1.7119391090872764
kitchen__111.png,0.305939883291101,0.3061223027822893,0.5657488766339868,0.3776316622146426,0.2787087663051971,0.21138127672863488,-2.8313792683605428,0.008578221068885459,3.813925308141198,4.250437032488913,375.342538122422,7.727029206496765,1.8115983773341706
kitchen__112.png,0.12318714013428929,0.4415105063753607,0.574164853962418,0.1342518278481157,0.28443021747778613,0.18788843941570235,-2.6304107956896843,0.011444277908766714,4.163997900223956,4.384037894733901,399.4816641022362,7.674362519923835,1.8041959688687939
kitchen__113.png,0.4309243746771772,0.19696890957332666,0.5896459992851306,0.27680853551496,0.1829027111908009,0.18491328420330264,-2.5828634129066557,0.005153940065652267,4.148598145702261,4.359481665490471,386.36410738912843,7.491250885466688,1.8693765680290741
kitchen__114.png,0.2040143641691422,0.362798286008009,0.5634330320669935,0.27975320662455094,0.280363557106997,0.2641268652208289,-2.825272397051652,0.02231331131359328,3.906093107799122,4.250745269779106,461.04103155364305,7.782643378339999,1.7668941701717369
kitchen__115.png,0.19954133754123737,0.3633976200591438,0.6579232281454247,0.24419751960756983,0.28806565527488,0.24268773105035413,-2.8423101720139337,0.010448321897568643,3.836615380084117,4.240373883187133,394.6161681161346,7.799456424860459,1.8122293472836564
kitchen__116.png,0.09967090895885566,0.3571401543729031,0.5151922487745098,0.08813725093328455,0.192498414571647,0.23691756231198036,-2.7608191413112535,0.01838185189500759,3.6533185703632443,4.0759132915053335,403.4571164914878,7.755897495096045,1.771699778195206
kitchen__117.png,0.1420541968006537,0.31184621340016133,0.5628145297181372,0.17464016695027437,0.22686056017475062,0.27858835858112396,-2.689519030797935,0.0065983003033011,3.864861860428811,4.19899037615192,380.106444800628,7.680433571623489,1.811237076181238
kitchen__118.png,0.08367914690294055,0.7443597802220477,0.6365069061478756,0.08849501881937126,0.25952625091051457,0.18911327875792183,-2.4414303624012055,0.01569940314681111,3.87622153056177,4.298297163593504,332.976579941224,7.364854194831315,1.7645673136986235
kitchen__119.png,0.3049122793404849,0.10225354882714044,0.515581303615196,0.26557650952509776,0.11810605932468611,0.18443771196351624,-3.0017349106654545,0.005714046460801475,4.128180849144087,4.255634194176707,282.1984271415344,7.442706861234745,1.8093339849598506
kitchen__12.png,0.29456564056262674,0.4159658944901357,0.6496191406250001,0.2875435871862817,0.31187931888291526,0.20504570902302027,-2.59553995918027,0.010019784227077642,3.992821842564183,4.254353252327015,385.10647113358823,7.688033487952475,1.8354007762135833
kitchen__120.png,0.26405186363917676,0.12811410523317446,0.5834505335988561,0.22146602275130958,0.16396687945077051,0.1781103604207107,-2.802937981135325,0.02558937653049154,3.857997742941948,4.23402389846284,353.05185405709364,7.388239969748335,1.8737011749746102
kitchen__121.png,0.29993027020910085,0.16589411315631858,0.6748942631740197,0.2947711408308092,0.17848319553928477,0.20842969494076963,-2.8841396793907075,0.012940169149852257,3.679775817680616,4.065016973883615,512.3082041882709,7.496207795694953,1.9000357088192064
kitchen__122.png,0.06397681394016505,0.6828316885601324,0.5142702078227125,0.08074699158021365,0.16538638939417874,0.2640250541449474,-2.8325037814872034,0.011001586779499839,3.6416576575908044,4.020350885659769,423.1462443802605,7.646660394149651,1.680318103727399
kitchen__123.png,0.13512359428677118,0.40121828050485153,0.631506765727124,0.19582101532436702,0.19703482705613798,0.17190528538467545,-2.7750286571656226,0.007867670073348106,4.282283142200988,4.422079076012312,331.97691193037,7.268890310026832,1.8240474447064656
kitchen__124.png,0.12863687048206007,0.4121098560816968,0.5739626608455882,0.16121675623608064,0.2849430096343153,0.23106312198348153,-2.8167903204636926,0.0178631104260396,3.431363353668889,3.9759798587505997,432.97171637011036,7.707666320783251,1.762328512342752
kitchen__125.png,0.2270937562125112,0.10332719185280731,0.6063804125816994,0.29476995767808806,0.12374655537278736,0.2265061824318849,-2.748204953338133,0.007700418050267713,4.073757962851893,4.327056185945058,407.47041098002086,7.617406408008953,1.8527319494924508
kitchen__126.png,0.2923933662338473,0.14999021777807703,0.633549964256536,0.2092039886787092,0.12009092107449477,0.19605724540392477,-2.724829449812818,0.01688461756000712,3.594126164214165,4.048898555808568,337.3666526210457,7.434132519968172,1.899969117136792
kitchen__127.png,0.08170801787167005,0.6989681561471252,0.4842096737132353,0.060633423631982646,0.17692507119081585,0.16664075600684577,-2.6249872121120448,0.006642473187093034,4.065720111771211,4.377157342282584,339.2861880071701,7.206968488041861,1.4813118877275777
kitchen__128.png,0.1192944708639813,0.3531124619957545,0.6535843673406863,0.061924126437333686,0.1819950510316456,0.19508425583495131,-2.5878593625765665,0.00643969680826876,4.137763142195075,4.300046504960852,340.45110151591786,7.018620735405308,1.8949439216647015
kitchen__129.png,0.10679004936504635,0.49665082846354364,0.6701986825980393,0.09318298508909531,0.3079053237305405,0.18982150271226692,-2.707469156158548,0.006549377100613488,3.9745615179915608,4.138401145092285,415.16290754873773,7.645959880513257,1.846484163751907
kitchen__13.png,0.2068377200633443,0.19821379860712804,0.595235089869281,0.27752039759038216,0.18670276815531467,0.2721317595661132,-2.7883129598167145,0.005582211202316209,3.959731755929855,4.191547289423112,412.09090453074504,7.623706382227183,1.8405880481358472
kitchen__130.png,0.3235053807372573,0.06887335665291137,0.6646742366217319,0.2963713547708931,0.09366003389840842,0.15948576181265256,-2.7024642600790045,0.005410648477609935,4.084324443812767,4.306674473839787,274.2307107599576,7.112318490601844,1.90995704398218
kitchen__131.png,0.1326134865077152,0.581602943971054,0.4760702359068627,0.19299970925645793,0.30275679052018145,0.250562161132065,-2.623714261196398,0.006928102101630153,3.7801623434816847,4.191899882003626,390.9001875611889,7.4053516039016,1.6505330475620124
kitchen__132.png,0.2638430100699355,0.2534700205117312,0.5128194316789215,0.2540617681388283,0.1875009354403426,0.21365801084180014,-2.677030961762751,0.010919565732142686,3.863710463972071,4.135073944101255,396.6904655953842,7.623765507046875,1.748518030306227
kitchen__133.png,0.19324088501977724,0.3505809998186162,0.6289888301674837,0.24939195379156115,0.2507143008653888,0.2412726634777068,-2.825504595360233,0.014294846193626797,4.04037407716441,4.303348374686541,437.3111959916215,7.8417961832638285,1.8308791459432192
kitchen__134.png,0.16568879403387957,0.4081262613314773,0.5916889042075162,0.16971222363122185,0.24602549489696626,0.19186664289662056,-2.6490146617188564,0.014424425017103743,4.022165360419116,4.3353282206695525,375.42364931199756,7.368223663592447,1.837305518468419
kitchen__135.png,0.2452179906675941,0.21034111941273295,0.4757913985906862,0.23155473946731323,0.17234538400551572,0.23402687442504705,-2.7720975972388824,0.009278157069621767,3.9751031290403755,4.266246537042357,383.5201786408682,7.544309840381553,1.7799720061155864
kitchen__136.png,0.28675377992607876,0.13066462449205354,0.5083600260416667,0.2143173081383931,0.1381381948700032,0.23058131868868312,-2.9042321158794677,0.01230342379812894,3.518598795741287,3.9631166195542487,363.10088666017526,7.57825784111157,1.7705579509795975
kitchen__137.png,0.10132950576338064,0.46808359347474054,0.6904851664624184,0.18780213568121976,0.23932826206881763,0.21346816980456287,-2.561184710713659,0.005679806181976227,3.8532439411849886,4.173266313337305,401.27726963418377,7.571797858647123,1.8695980816833857
kitchen__138.png,0.2386871808556114,0.17975467922479194,0.6229179687500002,0.24809416907782894,0.25238297421899036,0.21830456720617952,-2.800671464096498,0.005099998164768684,3.8651623322567454,4.229086656593869,331.92342008919684,7.69041068232471,1.8514774392439972
kitchen__139.png,0.15558301755776394,0.42119440345637016,0.5129132582720588,0.2336875603101745,0.14425656855556468,0.2652132359312142,-2.8066742683101924,0.005051421765451441,3.328646626841458,3.773015009254385,494.5870087491309,7.8413117771798895,1.768155559726225
kitchen__14.png,0.22270202797837949,0.166773672108391,0.710440461601307,0.23534125061253885,0.19954301891691334,0.17220318840897522,-2.356687376462984,0.008354391955324452,4.027785976173309,4.3132943991047865,445.17428135038557,7.372838244111204,1.923616043699825
kitchen__140.png,0.2768635638830633,0.21869045145652252,0.5619483889910128,0.2794339213466622,0.23577924355967037,0.17735553018497285,-2.9251447786661275,0.0123887806459966,3.9177313104576665,4.170824102275428,292.61427903691396,7.258438088463851,1.8265427065913038
kitchen__141.png,0.11254519801067595,0.2724681121000095,0.608614621629902,0.1637583508674684,0.18200867770811743,0.2644851297982768,-2.887764727314239,0.006540593896964928,3.721738274998158,4.063019488104226,452.37627384008584,7.72341124646816,1.832142461703397
kitchen__142.png,0.1172403549485594,0.46524543375239136,0.6522129544526144,0.19797575227004102,0.23566496443422172,0.1702170518271928,-2.8626340771444703,0.008210708148025629,3.9468403568450414,4.145404518755911,342.6252294361135,7.498200287397986,1.789770752045025
kitchen__143.png,0.267861245516848,0.16566737898526823,0.3825247268178104,0.2421485327373047,0.15052689450065007,0.23135858317142804,-2.6328485368198296,0.0072086909055624005,3.991736007461086,4.284847600135237,335.9468964595528,7.369030957921864,1.5595323490623971
kitchen__144.png,0.09240511729045313,0.6708325375586786,0.5786615732230391,0.06759454247610822,0.2284379966197431,0.19614393583147444,-2.7257636533753167,0.010631880200839956,3.421116116305437,3.885890315708035,327.0875642339855,7.2734299564002685,1.6405880475862802
kitchen__145.png,0.11464419728941025,0.3051302557641406,0.5263586090686274,0.16454004952367107,0.19593018470970552,0.2595775525174153,-2.723141578635676,0.006333999915737344,3.622892157150997,3.973777151213768,419.09399922548516,7.666326249058338,1.8010312129206771
kitchen__146.png,0.22650398344100575,0.2995089992150909,0.660952805861928,0.3501625619897969,0.21980846505428184,0.1952932933845347,-2.809773414936948,0.007465302733550492,4.006567221738472,4.260600815571177,318.21851759622723,7.692130541279356,1.832897534333745
kitchen__147.png,0.10668976797381996,0.2745612668563425,0.5929579120710784,0.1557721661069546,0.2112653932795041,0.21718737924941633,-2.8099558230640653,0.014150482619430681,3.585464591604622,3.9592655328213673,291.81252002497274,7.474752953610258,1.8210942962119698
kitchen__148.png,0.11143566805566112,0.26757323588513793,0.6753643918504904,0.12148894767859078,0.18174380762222186,0.1804334564206198,-2.624603854836307,0.004670100203320749,3.8886086193847413,4.2033392709451745,324.0995194424109,7.323364556251557,1.8885194753451913
kitchen__149.png,0.15702237460924684,0.3056000512918441,0.5955588490604575,0.21136448497928026,0.26757273247443475,0.22043211946256136,-2.9093527637698195,0.008472772524771844,3.256181416255711,3.7004124737386084,298.8680898217996,7.651429753422762,1.8039180449049996
kitchen__15.png,0.27977666397949297,0.2007455140296729,0.6104369127859477,0.32371572251636865,0.1608551284262183,0.18159147742773382,-2.6769134958976384,0.012635479344396475,3.7455999372244504,4.179465199722414,324.84972577180434,7.461131656147131,1.8733373972715053
kitchen__150.png,0.15578258730406225,0.3688096843508341,0.4479656096813726,0.18950865977931616,0.20819488063265512,0.18172877444493216,-2.2441715106889877,0.0060174405396980594,4.129806562890115,4.399576092591744,395.37776781683624,7.499191306170995,1.778154218289027
kitchen__151.png,0.18148367449810238,0.27914811260931516,0.5129900301266338,0.21567185943314537,0.17629144312846348,0.23831432030825064,-2.726992716197199,0.014167613026925579,3.713877373509038,4.183651309552444,392.23715297714926,7.7055168053437715,1.7708698587152025
kitchen__152.png,0.17305903198358613,0.18345400231133657,0.5270484834558823,0.16334378158216287,0.1595313395623063,0.1959941367858352,-2.75672183022469,0.009754677122041902,3.7769753537631336,4.226256339406732,447.5338862220811,7.597968377136313,1.8174925667445412
kitchen__153.png,0.340725601273053,0.09023424133170892,0.5753751531862744,0.19518830655103914,0.158433425707692,0.20042153559988538,-2.9972124390376513,0.008695299255208096,4.125535381825998,4.237134519801593,325.58268565239933,7.278804019867887,1.8630299954538745
kitchen__154.png,0.1177166969904437,0.5572904728540471,0.6642774586397058,0.10969062654209114,0.2598715453035434,0.23987840090206886,-2.818364620265223,0.013928206630033944,3.686047365177295,4.075562618789009,486.3398176161296,7.657802865026759,1.8437530792562054
kitchen__155.png,0.09747238003410992,0.6636681935869291,0.5504679968341504,0.11050413844947106,0.24133634943782317,0.21877427427584828,-3.028463520689411,0.011396093553550406,3.6596445933325352,3.9196658140609255,322.61646447790775,7.4421540899725125,1.6394433310621372
kitchen__156.png,0.2431550880811053,0.2259944147337879,0.419894020629085,0.1947912303298882,0.19411583999101206,0.2741252344994252,-2.8682178619341263,0.008377101141039027,3.589353880008209,4.084096767246921,385.1830716823391,7.61516918317392,1.7137179600416808
kitchen__157.png,0.13264284346214994,0.5249606151038062,0.32842871732026135,0.17417703981306543,0.3000252690483688,0.2557922928953051,-2.8295399685102653,0.012432487121532854,3.644882737891331,3.923308861089662,285.7824190376003,6.989044102924783,1.5121430111685725
kitchen__158.png,0.31518079448593556,0.2880541656536719,0.6237022824754901,0.3295490342630696,0.22250319310098374,0.20491760290520875,-2.4396834256806676,0.005231187711734084,4.121813124331024,4.408470262903246,435.1374810542997,7.682838088194147,1.8695243355226956
kitchen__159.png,0.20702159288442176,0.1899610186772103,0.6540470664828433,0.19211747340351906,0.21575580299008482,0.20751898533782184,-2.580652825670066,0.005322413960839035,3.864130498186048,4.219503288085351,436.10768834493643,7.546777012143707,1.8931811682864184
kitchen__16.png,0.16152003229562228,0.26773957543201177,0.4772669781454248,0.22674664651884338,0.19161019712413155,0.22235451656326427,-2.7799895046032344,0.02206339339576235,4.011754168214217,4.3310901726798035,344.95218053468216,7.60617160853947,1.7761615585030701
kitchen__160.png,0.13198409265350128,0.3466735525677416,0.4287923177083333,0.1790394494928363,0.2120764441649637,0.17988537792447293,-2.734026090293176,0.02090236411421059,4.105967987391889,4.40128277124846,329.4612561451959,7.39496428147141,1.6731186347900404
kitchen__161.png,0.12401951641196728,0.5634558034477778,0.4836591988357841,0.17419837648119352,0.27790084974312196,0.23603898646199403,-2.6368096173121414,0.010710491360484192,4.286883177279654,4.40739771078928,408.8205803125469,7.721047539331923,1.7187404037913574
kitchen__162.png,0.1415589245074541,0.5394028210946096,0.5265681806576797,0.17407261310873529,0.21269065951310218,0.19642241659097814,-2.5011398164411123,0.014701723628762714,3.7102006595383594,4.156630419230405,373.757539276561,7.518681693855149,1.7433066808128426
kitchen__163.png,0.12160832442338193,0.46179860826510843,0.5815055657679737,0.1417853906679573,0.24814215945613252,0.2681300609839513,-2.711568719924651,0.008409631400839253,4.107553531609664,4.383925666676862,496.5956069953799,7.803055173777768,1.8255988658033686
kitchen__164.png,0.16428002523050647,0.23952899809156336,0.6495142335580066,0.2076411848269294,0.2563449231221929,0.18751083430962087,-2.837468966073482,0.015552698647246357,3.7919701875029443,4.1052756309365135,276.5895967434517,7.544659188847204,1.8401796925296385
kitchen__165.png,0.09287884558546729,0.4026389748720992,0.525517476000817,0.08378029631206373,0.27725032582328707,0.1737252585339888,-2.6658921670202793,0.01002971769344359,3.866579978104232,4.12918997744233,298.35884698823213,7.155978781381671,1.7831758365219794
kitchen__166.png,0.32866310675434635,0.30364608271189747,0.4397417024101306,0.34117899801347606,0.2644592453621521,0.24213506040773558,-2.7319345045097276,0.008862309313656001,3.59972553531752,4.020815221897959,526.3439384434994,7.73083881379962,1.7580153250452333
kitchen__167.png,0.20251888222324113,0.39563562226019156,0.5481980187908495,0.2522143771739434,0.22692460515038387,0.19993351239360366,-2.7653273838014485,0.022410539175399282,3.749931682229989,4.110286667352132,363.43171309451253,7.574151479277854,1.763716481128275
kitchen__168.png,0.2258754673909841,0.3895451379820958,0.5061588924632354,0.23442459599469967,0.3067310465204951,0.22186920542782618,-2.7622287481018017,0.007141382566473037,4.060753996544676,4.33232221453063,331.8826354838069,7.723809010750919,1.7166164868462623
kitchen__169.png,0.23529536879059687,0.14475447990809456,0.6490514067606211,0.2995733046724783,0.15071164377802712,0.19812911004055136,-2.5908834124208924,0.0061503394488155805,3.7965649298445587,4.154399292837021,375.6677037445646,7.502117909396069,1.8787494849149766
kitchen__17.png,0.22692101581128965,0.46525960209831974,0.5825992902369279,0.20743094320511013,0.3929682015131236,0.17647840477746238,-2.6877082061224655,0.004305350499961524,3.7412283610017925,4.041331049808089,357.50635045966345,7.508771102526409,1.8216176738150758
kitchen__170.png,0.2414039500093513,0.3472321092933536,0.2106604881535948,0.24226149395944663,0.23504347763883054,0.22037723247508564,-2.480297972049452,0.007288405931582836,4.235927518064016,4.406323624971826,316.2662962036436,6.841552161389919,1.4922140743449526
kitchen__171.png,0.23304593741086024,0.2987544565140963,0.5646309997957517,0.2117055306150465,0.2393983649445326,0.21582889762237278,-2.8169174186286323,0.015672859497422684,3.627762579592816,4.062711682615707,420.88942246485936,7.656421678603871,1.837882554658594
kitchen__172.png,0.2025670846242951,0.16551422338971095,0.7481068984885622,0.28324682594797457,0.17187189579740064,0.1810182808395174,-2.466046624086475,0.007952302553539913,3.885238729607638,4.237302174300754,399.8632847008032,7.396024463412187,1.901162263975418
kitchen__173.png,0.13527342596254047,0.32054087848947826,0.6559495123570261,0.17403875929609058,0.235420801562183,0.20875121805268657,-2.728958567812165,0.005824716360336793,4.034194959511032,4.306251886095598,378.42366142147733,7.570149140561657,1.8561542666585003
kitchen__174.png,0.2853643531249247,0.15139854033504513,0.6574239047181373,0.31369635398802154,0.16914144432021477,0.21134098475495314,-2.4901579111013974,0.011682336054740308,3.7500442748299925,4.16228533982645,323.91683013589386,7.481370460957982,1.8643854939149151
kitchen__175.png,0.32951766547830774,0.28862776992212763,0.5621707771650327,0.3727975896725361,0.21981406696715294,0.2056432796697424,-2.667521662507984,0.005737156264156299,3.5864522882292746,3.9832413842732732,360.5322477556441,7.62015368149688,1.7989649445601512
kitchen__176.png,0.261193002365726,0.1917088234148931,0.49297815819035945,0.2588292524218642,0.17932222381758187,0.1500017394184447,-2.784189825286616,0.007219859614506797,3.8371623371970935,4.026040536984712,174.11226325466262,6.986144625583161,1.7933492294580577
kitchen__177.png,0.15448245199560331,0.17681830899397563,0.6426495225694446,0.1757326321428277,0.1168450460821864,0.26120242079518813,-2.6936007943741487,0.005505737048741925,3.989911615804263,4.29589536338434,414.5167205950845,7.434013330879594,1.87623661200669
kitchen__178.png,0.2437903759917572,0.25646285983251416,0.6711717984068628,0.29497988635008127,0.2470831629168307,0.20973375593410135,-2.540169078098952,0.002760598377374255,4.0717982005894955,4.251387578136815,363.47990961154426,7.527308096656436,1.8807444836649854
kitchen__179.png,0.23604238206593042,0.25672826310176833,0.729910360498366,0.18887466541728218,0.2429271206767215,0.20877751812840106,-2.6607213007410198,0.013879155629260648,3.8410957377848574,4.192692781427195,424.2790599458008,7.465650960390946,1.8934533136331435
kitchen__18.png,0.16115462427898478,0.36557517174908827,0.5971693218954247,0.19789153487803698,0.250413224869414,0.2187877139386562,-2.5741042522030892,0.006499914558949575,3.9541301269586255,4.281047221842863,479.65958718542953,7.75510431886836,1.852183806387621
kitchen__180.png,0.3006665596101623,0.05157304350756085,0.6891872319240194,0.2628211394384503,0.053085756466050724,0.13389013938582248,-2.58002482277475,0.008155684956276815,3.9096358665420596,4.2168672615625375,266.2539995099282,7.077365693952224,1.9174304468858328
kitchen__181.png,0.1553999469237291,0.3663811509027591,0.5621230213439541,0.17266951023290053,0.20806546053914787,0.21669939312688846,-2.4647283802200697,0.006463232271610717,3.658540248641395,4.093047788967726,421.3586589188082,7.4010365603676975,1.850612022544856
kitchen__182.png,0.18737950518987678,0.15763842886466903,0.7355832695057191,0.22081368496254916,0.22075467140893748,0.19870918793043865,-2.612793088757676,0.007415914431172748,3.9385416067228354,4.217906815012026,227.32044541170745,7.102743488070973,1.8878276923303605
kitchen__183.png,0.1710793101372943,0.21896877699252718,0.5843632429534312,0.2665060003087985,0.1674530646267304,0.18523312947933096,-2.377185842148591,0.010448950226056158,3.9195476214000275,4.238439216250022,289.75241647528367,7.382198797598459,1.866854614436822
kitchen__184.png,0.11444588581460384,0.4291081378950372,0.5413143254697711,0.16314882269613915,0.210888788274299,0.2869547929933533,-2.881747869441989,0.015927796207434706,3.645556455642375,4.0827209922559735,514.4302678139128,7.752338950649327,1.791420547218222
kitchen__185.png,0.14024645267469815,0.30193512614621304,0.38527789266748375,0.19765668379338283,0.16140179243060931,0.22904613337409982,-2.7512576523188472,0.015849069409825757,4.000469249524034,4.317554707311711,342.4573984486144,7.596504875221734,1.580173294060589
kitchen__186.png,0.09490154958420692,0.36786173164204977,0.6200412071078432,0.05993563145621096,0.1869314506457557,0.23138170220319978,-2.9170103208620315,0.011342489905952798,3.556864726959913,3.8548704075774016,319.50014585749676,7.501331985271119,1.827739705841309
kitchen__187.png,0.15542709385229414,0.2402447795417338,0.5316050985498364,0.22379045413192486,0.2212096396136106,0.18620704210773956,-2.6092532670806303,0.009179667694002578,3.455756439898224,3.9801433880060886,308.70722290078396,7.443737338353822,1.805304637829316
kitchen__188.png,0.09608043306945306,0.3585579687461182,0.5876154130923203,0.09192044285295148,0.24013182983724352,0.23987140706584772,-2.931991604206683,0.005713423628171159,4.002231625445084,4.168576265382676,290.7480853250478,7.7564438344649975,1.8177575576129903
kitchen__189.png,0.21129254148819127,0.1255073946449113,0.5741629263684638,0.19925510919581532,0.22985171385707123,0.12397152153244259,-2.7253821463117873,0.010159545161871926,3.802939549478477,4.174920182674915,210.9913027919885,7.089634432424252,1.8557673744871193
kitchen__19.png,0.30260825285816334,0.30327071396624344,0.5514408062704248,0.27742682068334734,0.29146167050041183,0.22386017386660031,-2.5322791978164507,0.007420484786848648,3.887562107796425,4.216244143752445,396.85622366442186,7.6991786108553635,1.7927719180956416
kitchen__190.png,0.27262033715059864,0.13362746944879397,0.7353259548611113,0.20737741101689008,0.15172972777356755,0.25275650254882565,-2.701842177757007,0.010976148397401637,3.6500402246902284,4.033944076154693,455.01201548591405,7.281616030241702,1.8946057349800447
kitchen__191.png,0.12019423766223612,0.4819024936044343,0.5400026935253266,0.03904211935091476,0.13943108070885776,0.20630547594096496,-2.722295666499842,0.01039726907659683,3.705843005807268,4.1068747339343075,306.19977131122204,7.5211240260500665,1.7696203015670935
kitchen__192.png,0.25374904426340056,0.2958858754804356,0.3834019863153595,0.18189619428768228,0.22779843715352963,0.22711238355662888,-2.829430220478069,0.008372304880068487,4.029187526824789,4.2973589867485815,392.35215087605803,7.39617039263523,1.6121392278250368
kitchen__193.png,0.17006226566639435,0.5394709313872181,0.5157201669730394,0.2267565571903698,0.3232207669980033,0.27408643741876915,-2.7130183000216634,0.01265899781118052,4.268032361719974,4.384004026612664,540.0845882397089,7.714620851620891,1.7567088072431587
kitchen__194.png,0.17203220436318786,0.39278973186502864,0.5060616702410131,0.22808322498377726,0.260597826173085,0.21878102875449285,-2.9660386962387455,0.006400774188369844,3.839922425018358,4.099387677076943,304.53841134325546,7.6686179582325025,1.7022187872466312
kitchen__195.png,0.2534862425680285,0.09780311561822723,0.5380975030637255,0.2629792088828731,0.0911853813986834,0.2146150140728736,-2.778651904803202,0.011001555275429727,3.668787199962118,4.058000420785842,336.1303700059638,7.454915977970807,1.8282512510380353
kitchen__196.png,0.19898488427972996,0.2568702568672909,0.4797905815972222,0.15939446660952614,0.22179042363751764,0.1974413636684057,-2.8113263709039202,0.010418595009114934,3.865166113294279,4.27836316688531,458.5283386217896,7.501368093573536,1.7880137772838105
kitchen__197.png,0.14560309678670622,0.4384337297826798,0.4488641110089869,0.15087535660856866,0.2363892644347401,0.1888243259631669,-2.741335661844303,0.011431689920177571,4.12266756855379,4.34707229651163,266.55767525200815,7.5038282583922875,1.6358160105762596
kitchen__198.png,0.38553201641004203,0.29588245242841027,0.484398833231209,0.23897740124027514,0.21314461804941137,0.25654177145441537,-2.7107312261706964,0.005582881441996228,3.8254446287997483,4.178789929167179,335.37688910166816,7.718846420869816,1.7541878167537512
kitchen__199.png,0.2421867351589106,0.2567230499364072,0.6313311504289214,0.28458338352667745,0.15525450836611973,0.2510521381792223,-2.8191662785102385,0.009159273910934521,3.5606117738717558,4.00914257718462,415.1238728985595,7.760540610988049,1.8476808878296704
kitchen__2.png,0.16327117902325752,0.5600223391439141,0.46453322865604585,0.21719829354602244,0.21310826889024126,0.2878124347557462,-2.8511496433797308,0.009119603074483404,4.3132555151725125,4.416201690961693,325.27349099999896,7.702360792199349,1.6255128739283706
kitchen__20.png,0.13916853246067523,0.48498616070599565,0.4838797104779411,0.15742191285258492,0.30637858519225253,0.15611438674687572,-2.763826144220007,0.012952932784900685,3.639484089638474,3.958447261548027,283.4269039748514,7.412819108582456,1.618022410345752
kitchen__200.png,0.06926872372185679,0.7890002100491881,0.43169190410539204,0.09717521682530299,0.26975606688413006,0.19814469018708875,-2.631144105871673,0.006419847353586941,3.955924343662001,4.276767887037768,365.24289020019404,7.268099790975002,1.5577980760110965
kitchen__201.png,0.11450270758260961,0.39057152584726057,0.5773485243055557,0.1363229816789232,0.30616846392202673,0.27607508723049023,-2.854326540431105,0.006682590834193015,3.77426620754984,4.082749278253082,486.9378913696155,7.739898555054147,1.8010312129206771
kitchen__202.png,0.26726425931620845,0.2724045387187965,0.594439146752451,0.2247666174960277,0.18201172887252695,0.2620874434124545,-2.780289076866126,0.010628244100389334,3.838819845298832,4.059386671574764,318.5760197119081,7.421537833354281,1.8525756516593468
kitchen__203.png,0.1625877291779099,0.43551090947219884,0.5880933287377452,0.14248811846986364,0.2629256505600241,0.2516243810774066,-2.853217056915621,0.00611925772127257,3.9451095742420126,4.304496180058358,553.2019016771134,7.85836436387474,1.8406694991192958
kitchen__204.png,0.13480344487049117,0.401476203255487,0.6754429253472223,0.08709948817353598,0.21648040981884892,0.28607345477581875,-2.8233654274498363,0.014845810875170153,3.7316010733786884,4.094236277488917,442.69072201533226,7.734408905682851,1.868711201549416
kitchen__205.png,0.14662198194586495,0.17755833608685662,0.5190303819444444,0.20377036654823405,0.14671477112063327,0.21611595005080347,-2.8724962994365866,0.010811818968196095,3.9972858630391532,4.251755313181507,374.18323881855565,7.531732996871449,1.7843681578438813
kitchen__206.png,0.19291930060022633,0.3239897179007509,0.4733286228553921,0.20557930727434826,0.20265357849785895,0.2297089671054961,-2.757685111477054,0.011745866560646953,4.052259431309485,4.311634256189335,478.2042783090174,7.703891717532407,1.7434210148791363
kitchen__207.png,0.14405629726188057,0.4221921837608225,0.4954468826593137,0.19569207737673305,0.2516191646904389,0.26081241580986425,-2.819295701498254,0.011507255374626685,3.9085968728809375,4.244881313079373,406.5903212344623,7.679456037375462,1.724532366714055
kitchen__208.png,0.22531190803481616,0.251520239826691,0.6153140063316996,0.2976121717453395,0.27140722723295674,0.20528085713230076,-2.8858732600273616,0.008537550387515396,3.75734314631873,4.090640878752239,283.71033270311585,7.224815878828747,1.8441562065898283
kitchen__209.png,0.09719712779294164,0.48416108497585697,0.5641324678308822,0.18505394009649845,0.3743198236983411,0.22990556960602287,-2.479565721433529,0.009878416577449464,3.951611396256122,4.263028769286923,577.4964422061571,7.633059370484975,1.7733527378491787
kitchen__21.png,0.21972118711733296,0.33726916603980645,0.6167433874591504,0.2589200930485469,0.30882590995228043,0.17806371978607882,-2.533634299429905,0.007802693861016945,3.986255842394226,4.2622979048568945,338.8728654750637,7.5589991537683066,1.8028971558894782
kitchen__210.png,0.330641018275591,0.14855623628066408,0.6961597988153595,0.21969870460989985,0.14528537051694101,0.21671045223117216,-2.7120540072203068,0.020816157817965298,3.7201673155776263,4.1994588910978,496.7689204490486,7.579533857384855,1.9026137975487
kitchen__211.png,0.10672106690222526,0.26087166675663986,0.5093134446486928,0.1382138428260943,0.19271048018030035,0.24259258591064076,-2.508404688046663,0.010540837313249443,4.064052066738295,4.382283530762322,281.8329722641115,7.596302278497611,1.785456876816903
kitchen__212.png,0.42207909012753714,0.18054774655124742,0.42877623314950986,0.299782241680944,0.18681917136433482,0.2663616938111231,-2.8962762804786473,0.007080834077022706,3.7873139051058358,4.07457789714947,376.84620452538303,7.389503618098144,1.783275448873359
kitchen__213.png,0.17220039503735152,0.19348174482143896,0.6567862413194445,0.12601335961528734,0.20294388908074298,0.24073888425039122,-2.76826007885114,0.010732991110473268,3.756571227813888,4.079537009860686,428.8800091365962,7.459670694134843,1.8764526222161737
kitchen__214.png,0.43631996756583513,0.15442794175752692,0.6672640420751634,0.20772683320764346,0.14964494677943518,0.21417186204946784,-2.7566534261590148,0.015339719159660295,3.460785775432401,3.9591113691910453,533.7067920660296,7.583990924985471,1.8952818331771168
kitchen__215.png,0.12764186284736057,0.5024751830791607,0.46712674887663413,0.09337778927107745,0.25947499182349215,0.24742435592931547,-2.8934695207391896,0.005909500864254244,3.810399221177664,4.168772340210454,382.19029153785607,7.452519583164079,1.7237994454491379
kitchen__216.png,0.34959046988782166,0.2574416878845245,0.7331753599877452,0.3331851239110641,0.15094428497990525,0.15781546876951738,-2.747207425061711,0.009593692939062922,3.8288487330177183,4.220342831502628,279.4317119643256,7.047780505276413,1.9115566202213248
kitchen__217.png,0.09000795282915003,0.5895463157417805,0.6691659900939544,0.06008474691932072,0.2815584588934406,0.18711193402167178,-2.6127763071039314,0.011454206494552704,4.130993560735179,4.392050247856732,388.9304126174315,7.55033452060669,1.838047382831181
kitchen__218.png,0.18033522014582723,0.33101502696738705,0.5160298585580066,0.21668909367203854,0.26126065703620455,0.27687705349359704,-2.879340271024363,0.013543116659749384,3.9687022212169367,4.215175001985862,565.9478789896509,7.8138462943693,1.7733527378491787
kitchen__219.png,0.12448177857687369,0.2753331300837555,0.6663736723856208,0.15878162529842002,0.2407035273932323,0.1762302016478747,-2.7595589098043667,0.007219453509729285,4.072654739260777,4.301507571824844,301.3152239868254,6.90998725276703,1.8903108466365783
kitchen__22.png,0.1788218682889348,0.26641368817842126,0.6997257838031044,0.20939849676334335,0.31594290556091126,0.09498280278043977,-2.6116768089686118,0.012188784671865937,3.536508387384906,3.920489624116187,295.7916502318956,7.2110365889422425,1.8837111155993085
kitchen__220.png,0.1572891761459312,0.32702172407580754,0.5694244408700978,0.20192497367745577,0.17279249551020304,0.21262618385487722,-2.6264659994028854,0.01021860496469287,4.02977542101538,4.304283981264276,412.69213168576545,7.713386234847536,1.8298648610614907
kitchen__221.png,0.09285576632963845,0.4102654889828217,0.5835368668300652,0.10507769340128034,0.2720669736221469,0.20502899033779193,-2.7521026087284266,0.005321243574978034,4.018417928691438,4.3019598192279425,407.10959868005455,7.690856982777114,1.7804750209728302
kitchen__222.png,0.14771794805145766,0.1370901848530948,0.4467966452205881,0.16709880059097823,0.0927459824276368,0.21176699786312794,-2.8447322313368373,0.0148836269701636,3.7673622346020568,4.043988168987331,344.88485110958595,7.483629912737373,1.7734557898535754
kitchen__223.png,0.18650829666709637,0.4128751668008402,0.5775319521037581,0.22613537429828365,0.2853224525745343,0.2054714901464491,-2.452202202551296,0.007965252727118465,4.090957936534592,4.365578743436385,476.59112595207597,7.667694579702783,1.8471231136963921
kitchen__224.png,0.09453771931369995,0.5348849481144202,0.5455859630310459,0.09653656474055733,0.19272559196312014,0.20809194979017606,-2.7072733809003005,0.013333923962978235,4.038891238629599,4.374332784426581,408.1077148663015,7.453342231841605,1.7093789065534726
kitchen__225.png,0.10859192037031187,0.5524217586086271,0.5369886131535947,0.12790320154320714,0.2877504700031314,0.23926818338636652,-2.9658432379537474,0.014029427585078455,3.4145588495816055,3.8243536400043845,435.8396970538974,7.648914110467736,1.71911367493679
kitchen__226.png,0.07992534128581363,0.4476559687973929,0.46909761795343125,0.103076820623025,0.2877683632723778,0.29259607561858914,-2.7476867651759447,0.01135073857464814,3.6908823789954717,4.103656928823944,485.7461956475633,7.540787922439755,1.7398103423138618
kitchen__227.png,0.1921123712140655,0.3981270713582489,0.31235502195669945,0.23292898773945664,0.2552171022091166,0.1724666108109006,-2.9834587077582397,0.01382072917216315,3.669835107482702,4.032257786803798,252.20454569442293,7.034755647721017,1.2570804947742857
kitchen__228.png,0.12222522187224383,0.5081268223955852,0.6425325265522874,0.18019364586975004,0.2597514404717636,0.21620769135144596,-2.7616116342920947,0.013029697885994581,3.773392051882496,4.141713500285485,582.8649020960661,7.7712651342082015,1.8500597518564053
kitchen__229.png,0.18241712772096275,0.19794626732747703,0.6542171670751635,0.22962596108234276,0.18241084867755664,0.1934517236630006,-2.8746845685010363,0.010135718642293354,3.876239291004569,4.192836560440548,392.5493916778657,7.475634305654449,1.8727540321197786
kitchen__23.png,0.3072231893165861,0.2588688084476193,0.5641528160743463,0.2899056103127251,0.27197228750473806,0.21076826142432672,-2.5822798356258967,0.008539885672668345,3.6544434814543445,4.016852351559918,382.3100208483232,7.6642165196540395,1.8034543796782736
kitchen__230.png,0.24596304606332087,0.31576452164153673,0.6990935074550655,0.30972352408694254,0.24075542141858727,0.18312146698855744,-2.7767657313658742,0.012070283033959546,3.7998256971351543,4.140782329403093,423.54106608194587,7.4141942512013115,1.8987044255154075
kitchen__231.png,0.19914001874932616,0.36012670608401026,0.6349305427900326,0.23420147224653662,0.2822881988509981,0.18899047802314,-2.762375523157057,0.005020266330086375,4.093800766756059,4.3254623493006665,395.5575788817872,7.521518003852627,1.8630299954538745
kitchen__232.png,0.18116447308398673,0.37605877884940475,0.6356028135212418,0.27205106524501205,0.2309324789189478,0.1910108797232232,-2.6348559026023772,0.008439600154010626,3.9497531960017613,4.284512692143562,524.31661879417,7.615704417392758,1.859153919261789
kitchen__233.png,0.16324910559210706,0.3557272583405766,0.6118328993055557,0.21138082429191257,0.23749758477126062,0.23078644286890368,-2.743558228795832,0.0075080038711924394,4.196206587733551,4.368039571628821,526.9048110342127,7.673084955247723,1.8425398448439592
kitchen__234.png,0.17629201960375246,0.3744672705698403,0.5980444750816993,0.2874616918253759,0.24384372584156944,0.2373050191159958,-2.8877460960644217,0.013037166521859695,3.4888313926893924,3.9910953330074213,595.8466318317933,7.840652213111811,1.812678978726072
kitchen__235.png,0.18708315499209052,0.29334701406505476,0.6672919092116012,0.23408378472892138,0.2084838403541093,0.1732597729971923,-2.774963587789665,0.009973184374143637,3.817255257133754,4.010107632362618,401.8718776380462,7.471302747276005,1.8915444437946871
kitchen__236.png,0.19800393478873582,0.2628851796533108,0.6092629059436274,0.2137769325531216,0.1789898964041882,0.16048873114187043,-2.667592791125211,0.013105334455110744,3.570757370977474,4.098103966560411,369.59793697962823,7.262561289445135,1.8661086224904397
kitchen__237.png,0.24367386825446735,0.3283501825121829,0.5875200418709151,0.3110143008166702,0.2502317974301672,0.25277339459158293,-2.7103883017108363,0.008956565994629868,4.060926493402944,4.262406624548405,483.3402275906249,7.814199138453702,1.8009376543586075
kitchen__238.png,0.13206679903357424,0.34161945276887046,0.6782620123570262,0.16169848038090573,0.24198788114935457,0.19476104988351917,-2.7044640320019875,0.00998246177156271,3.78565144190001,4.192463968335626,492.2293626942496,7.640408064352669,1.8771006528446246
kitchen__239.png,0.11886064280497152,0.39789946317736663,0.6713927440767975,0.14241388961828416,0.18424368943893588,0.20767643179968895,-2.859596075667066,0.0050707455580409145,3.903167904740984,4.2322015399203305,401.89744203579664,7.397103678050995,1.8958214459424638
kitchen__24.png,0.10024382933543015,0.37224140830052455,0.4865756357230392,0.1387353635550163,0.1296259933289462,0.24523136484749802,-2.7599532654852643,0.006151612155960763,3.911229959674541,4.218271157969687,334.66701977226114,7.718455782092653,1.699570392009465
kitchen__240.png,0.2029318122170676,0.2863974201169711,0.6341301189746732,0.28792802923361444,0.2323674363196177,0.22348563115035955,-2.717131307383013,0.017986273754020187,3.253538959128436,3.6619392656447625,487.0703848184793,7.802579163070624,1.8506907218058906
kitchen__241.png,0.12574466390771094,0.35597059861701263,0.6707468596813724,0.13492143179687355,0.20435297353489495,0.21355929006829868,-2.640254390669156,0.006825838670997058,3.6701688474232457,4.054324646337469,361.51494039992974,7.301828672721062,1.8983037747319575
kitchen__242.png,0.19989555611516416,0.27422136181941004,0.6167492340686275,0.2602324970711542,0.2288723798320301,0.2514842054016174,-2.7720987732798537,0.007643900558948395,3.9432677859828518,4.081464637941217,510.4759643799461,7.858322020839283,1.8400162402182585
kitchen__243.png,0.48096118445550873,0.23692876724469475,0.6669656352124183,0.4090875631408155,0.24151306131492606,0.18424909107839382,-2.6666576573767125,0.01054674660782981,3.489677316476273,3.9095977919815574,422.97914629900885,7.637731876740156,1.879249472877565
kitchen__244.png,0.1003334124262081,0.3980456106370823,0.6849621374591502,0.10913122505743697,0.20613533661240765,0.1670448533074854,-2.4503149350399047,0.0043242082627901225,3.8683716287465213,4.236650445576356,426.0698334542249,7.288449401019764,1.907960944543206
kitchen__245.png,0.12267218049899843,0.43211468707797235,0.7198973013684641,0.1530644049113029,0.19951677409053187,0.1782207268272149,-2.496626178808864,0.019925100727407524,3.762410895368707,4.176922414667575,434.907940276841,7.323876104274737,1.9113012603813235
kitchen__246.png,0.14771383746985894,0.3172405630937743,0.5983927440767974,0.21346747444196443,0.21343029572889163,0.21504958428063495,-2.629424017003629,0.006457609283474257,3.8395256342867876,4.136246962137043,432.6740244293344,7.655516472787861,1.8611362600886943
kitchen__247.png,0.1269571467635504,0.3751940953520487,0.6728033726511439,0.13013343575307937,0.23397779613631467,0.1891323824463603,-2.6655184601799258,0.009252747659570053,3.7632255945728503,4.15299652536888,469.75794452296634,7.494394157355383,1.9021528840443878
kitchen__248.png,0.13585071892213896,0.48972509301129413,0.6676775045955884,0.25722464367864606,0.19313444059759868,0.17443117295898558,-2.577636887452521,0.008100524329442648,4.089971761872144,4.3627367608632595,451.29429521242776,7.501553087441413,1.8490314331903661
kitchen__249.png,0.1712182146331993,0.3454468639187758,0.6169323171977124,0.1736778475590757,0.2596211182219178,0.21388541999078953,-2.782377074091819,0.007232554624115826,3.626809579530637,4.068757663611489,489.2520467401754,7.727672238598374,1.8351514701628926
kitchen__25.png,0.2013438092558716,0.3496434105250661,0.6078061427696078,0.3180471432826533,0.28641039752787045,0.16367482397070876,-2.5156650379818912,0.009476050088178492,3.6103483393805265,4.008326485421622,304.88366504135445,7.572663459186205,1.785456876816903
kitchen__250.png,0.11345680528106736,0.3792425030965953,0.6323162147671566,0.17104053157396332,0.17399610196149645,0.24266099358344395,-2.62470076746798,0.01235709774151335,4.037998738770527,4.3190987889753645,423.0653353168322,7.507154713478388,1.8776033925296267
kitchen__251.png,0.09423954474915767,0.4487299922554918,0.5918670087826796,0.125698317165194,0.23407295899517974,0.2768803343573186,-2.7352758276698874,0.01235953255875319,3.515555771445051,4.0394485808350895,552.3362738873003,7.9269405931587364,1.8174925667445407
kitchen__252.png,0.3690558957090867,0.22244859996083913,0.6157034569035947,0.3508068780201675,0.17486307323623634,0.20853711464052244,-2.622014748569436,0.007980579474510507,4.1110472450015525,4.371146702716014,502.2415593175203,7.625649718275751,1.8810281862458489
kitchen__253.png,0.16078756476905193,0.3431436316601818,0.5877101460375814,0.21584603255729845,0.16640579656830565,0.223906523930628,-2.611980076196181,0.017845437189237735,3.9303093223012775,4.25970307360458,469.6526169643551,7.80457409969872,1.8306259874811492
kitchen__254.png,0.08561300593494812,0.48703642285245974,0.6795653211805553,0.15038165375318338,0.2375992573488584,0.19173425279509881,-2.7138103102549134,0.010358730806292786,3.7224001922167775,4.1151444079710675,482.3360421206017,7.710803253402482,1.8261139882392332
kitchen__255.png,0.15084435914779473,0.4388672754450287,0.6720409645629084,0.1649547343288759,0.230470445807915,0.16238802960344667,-2.5575499762459986,0.011193354312844484,3.9549891399661563,4.258996301341103,390.96885725155556,7.321812940986559,1.893588973548144
kitchen__256.png,0.12293345771360911,0.3294350404723023,0.6922417024101307,0.10456484928309538,0.23687137997998692,0.17075378838603114,-2.744806188910409,0.008813708425444884,3.802030879656483,4.045145699672816,390.1789059995269,7.468260178416107,1.900765190431106
kitchen__257.png,0.11289074362959478,0.4203543670100185,0.6885081571691176,0.11801885412343842,0.2070695026918369,0.16681521409069527,-2.575082291607751,0.006785672328375011,4.154525198165139,4.429512011811289,415.7753018190292,7.433360443153411,1.9010962226374868
kitchen__258.png,0.20757138009724657,0.4778130378472046,0.6718468520220591,0.23598060525470987,0.3033011473750668,0.21108735047265442,-2.678308245147357,0.005018909767409993,4.052398222713254,4.271822300437086,493.60167484024504,7.699170769344181,1.8517916859436538
kitchen__259.png,0.09945083336673347,0.2489750899436594,0.7074581418504902,0.12328538983053573,0.17117222134066878,0.13064664714875737,-2.636086215611394,0.01216791392685793,3.970790864685707,4.238810255741643,313.3554878624613,6.995575848357398,1.9199204804980847
kitchen__26.png,0.15186290157916457,0.29841698367961816,0.7314092116013071,0.20986139603687468,0.32372650740836306,0.14853811517798693,-2.453121439529959,0.008152165183616202,3.986077820094994,4.278044112407916,327.992940756306,7.3353312647802555,1.864761104024399
kitchen__260.png,0.1970691415990715,0.24319433435615234,0.588998863868464,0.2239289464304719,0.15880755495965307,0.2022063253119796,-2.7635084488368435,0.01370437536013633,3.8302771675326683,4.236344730727734,295.1005513708754,7.456051630756846,1.8517916859436538
kitchen__261.png,0.1786952799265982,0.2518479803793477,0.5878208103553922,0.22967475291961154,0.23603179259804402,0.23864920143757748,-2.8982785252170005,0.01285141172332108,4.039779381330685,4.3356689985400845,580.7421455719439,7.661953355612164,1.8544481987619412
kitchen__262.png,0.3619615033450606,0.1442079814836922,0.3876188597834967,0.2741605339440859,0.1405341383688157,0.19364091570412106,-2.8554341988902423,0.015291145300949898,3.566799637446502,3.9251921778784795,246.32985033523403,7.442413990862246,1.5636098513351733
kitchen__263.png,0.09356044897482796,0.6351342193579059,0.5416216426674836,0.08886367901878335,0.30683133642749844,0.20420302874142757,-2.7687564867504104,0.008563358488494936,3.9207218393297487,4.234479985462582,305.00094712675104,7.378373708081723,1.6339850144821138
kitchen__264.png,0.11327178592780389,0.4729531371804562,0.6029697457107843,0.07851608661781449,0.18255780736174337,0.20999502635701198,-2.821676720418285,0.015394577353109345,3.985572509854123,4.272464686667994,398.0360282745429,7.494572479189287,1.850059751856405
kitchen__265.png,0.14552088049825307,0.29062145157844216,0.7391990783292485,0.14937994786952755,0.23819395948274644,0.22412861938706988,-2.695256154750907,0.009013100341947302,3.7664689981145067,4.149094301365323,489.859651887831,7.525567484845634,1.8874809753062212
kitchen__266.png,0.19902687491532825,0.19615759151522202,0.5582447661356205,0.24612180967225833,0.13367147787205955,0.1873425214956502,-2.7236540939595777,0.007110234593474058,4.156812543741395,4.3334011843655365,289.3457565727937,7.1436021433600585,1.8076009501836363
kitchen__267.png,0.1587879999874352,0.2362654077108606,0.6000668275122547,0.2652375567564582,0.15065880747075497,0.27338692256100666,-2.5789740321832184,0.007285920645880287,4.083276563719489,4.29578751947915,393.63517328292363,7.673367185008196,1.8348187869230634
kitchen__268.png,0.17883534950965105,0.3315021503142498,0.6206247446895424,0.16961952582696543,0.26940950676568454,0.14147340270408026,-2.6970608079900047,0.010195887829959793,4.336211305262122,4.4770696377480155,312.4764882880375,7.347298203139607,1.8451217859848321
kitchen__269.png,0.22497387819240136,0.1926773516994511,0.6325370200163399,0.2828352239472867,0.17874256883513706,0.2610580196515099,-2.685006011699319,0.01632640717734766,3.9410823222261735,4.2530621308480825,361.657601237119,7.628575990479056,1.8353176741966866
kitchen__27.png,0.07252208059231775,0.13967247657066964,0.7153480136846403,0.021063480623375805,0.09715633975736622,0.15470331440270363,-2.515740519460282,0.008845907171886228,3.6264838064642104,4.045625574232683,342.92006630839353,6.93677886468639,1.918553699975148
kitchen__270.png,0.1827623876628718,0.3757507654383632,0.5122116779003268,0.28309467521707277,0.23772176491815034,0.2741818306914419,-2.821457810941815,0.01034547852929013,3.4613921515307897,3.8777068719437757,400.3865851809337,7.65143632256295,1.74490281739897
kitchen__271.png,0.14196047981630014,0.2541151144432132,0.431232626123366,0.08882035785227875,0.1521986031988615,0.17287666582497466,-2.849022338701176,0.014128868608873342,3.507869343948997,3.8205937385386104,226.93999851123922,7.2435883173207145,1.5525318296555564
kitchen__272.png,0.29504571953940717,0.13031966726581962,0.3842684461805555,0.27711662204450843,0.1558034762797334,0.2647612866821936,-2.720778333291777,0.016899382780276067,3.4467946402188487,3.873909182723104,419.1022494154533,7.603263318202337,1.6187275392142895
kitchen__273.png,0.16112040963264787,0.3543872990363137,0.5798433925653594,0.18311730358825362,0.23700618233559295,0.19883195126554806,-2.813133324356431,0.006867589005884934,3.8030783647582656,4.204885056272701,389.4288387994156,7.615214070017568,1.799999867359983
kitchen__274.png,0.2472255755708762,0.132705205384545,0.5768968928717322,0.2229245534121897,0.17057598105995758,0.16251293902041133,-2.9981363599356476,0.006354366101875554,3.7762875904229736,3.8658171934962433,217.30426656242133,7.363564344473246,1.8337343331197828
kitchen__275.png,0.1888647216639318,0.3463376619435555,0.5480257097630719,0.17979669268294982,0.23298506219311937,0.23772391857815284,-2.695896804404566,0.011656032441806076,3.9754504503964805,4.309220408277887,492.97880477699056,7.8058990405927915,1.7983042560085962
kitchen__276.png,0.11240706506100044,0.38013545536323873,0.6969235089869281,0.05159750692341472,0.22965275534914062,0.2153517180544467,-2.745758199409144,0.021551992498080656,3.7852120945455097,4.200127693422301,409.7471783535504,7.558397691144356,1.8760200514527234
kitchen__277.png,0.20498999096836415,0.41520441334415936,0.5528374183006538,0.2805999777687694,0.291025842989152,0.2630642580375054,-2.9193202936780374,0.006635385701598708,3.6902988734770066,3.9953670267682324,354.5569267703081,7.605044080595908,1.7422760231827517
kitchen__278.png,0.2853849591393943,0.22715029755520813,0.6406029156454248,0.2715125785460182,0.21781569387355432,0.2732516947522747,-2.7639136733190925,0.01338593867554164,3.7612872862901856,4.136909098230347,519.4302417507691,7.725896280513239,1.8577731049545416
kitchen__279.png,0.33310593549024814,0.08898712360596407,0.5566699091094772,0.26434810390327595,0.13960567846291425,0.17841161311751177,-2.888108799603112,0.005286177835785808,3.8940048065621604,4.190855881165889,240.53918549901223,7.310485229955557,1.8411587553644704
kitchen__28.png,0.21359410562324357,0.14625000176095967,0.5411119536356209,0.25337456451545387,0.13856732945862943,0.23709732337962178,-2.771338562867198,0.009172981185113678,3.5440271849503473,4.072922213082212,446.7094161908749,7.709304448952906,1.8111468196860652
kitchen__280.png,0.09309479711543558,0.6454990359677313,0.713322265625,0.0378359115868862,0.23830835246865636,0.2384274657161937,-2.7348425574592556,0.014496253334956898,3.704245672943161,4.070983766061075,469.7160753125782,7.742220299185775,1.8428637225720639
kitchen__281.png,0.2853173861596324,0.1719135541946369,0.45186718749999993,0.2852929274097907,0.1907163424095826,0.2505393041038801,-3.0770320583037845,0.008657790368206447,3.9503812188035505,4.247482408069555,651.8598600929573,7.552325507843511,1.7759166552082413
kitchen__282.png,0.09149312153487926,0.47810789119033265,0.6408702639910131,0.09924406184645906,0.2630007044003673,0.12050157940206127,-2.5629293614771584,0.019065075044541035,3.917326416259349,4.271817899856885,333.4680811448753,7.007261974248762,1.8603754088412772
kitchen__283.png,0.15935213991739883,0.41210926260721714,0.5407899177900327,0.20401097393581996,0.2656684614475624,0.22409209536606733,-2.8106161033353896,0.01879177201695181,3.8694665173040876,4.215875251503173,468.3688333098646,7.627460223984986,1.7496385316731282
kitchen__284.png,0.1907315923607493,0.29666869084331265,0.5376037454044118,0.24162181584730902,0.20750943555248255,0.1919017150741991,-2.6743334709628197,0.018319191599252303,3.4548798951385478,3.936765733182484,279.21226976085643,7.24949728182262,1.7264778344606149
kitchen__285.png,0.22527521904267203,0.2390453099523821,0.3551396675857843,0.2581051447592322,0.17831579392931418,0.22416597630386212,-2.753195064729298,0.006434748165104327,4.011678800652986,4.29007221068423,355.6140580581716,7.316101462312168,1.4723887398702118
kitchen__286.png,0.1857850512179998,0.15315455385219554,0.6832128650939541,0.21322387645091861,0.18945691669815573,0.21180042122919623,-2.8531172819854804,0.011316356630584149,4.035303978241336,4.312094766522935,494.46911070395225,7.32056259164862,1.8766689075978988
kitchen__287.png,0.30091316454728095,0.199417679806007,0.5723054917279411,0.26154470412551334,0.1995367691541174,0.24177483136234265,-2.9343172159170416,0.014325625624887739,3.1344604789070347,3.477364584174763,422.0558843019456,7.406079721213918,1.7961232408234142
kitchen__288.png,0.1027518058011114,0.2238106215602931,0.6415941967933008,0.11175529385647433,0.16295160373143894,0.13901882612642474,-2.6703822620629434,0.013139789340242595,3.5634005441248324,3.9913262998444123,276.7205240311823,7.234012832687651,1.8734100427432296
kitchen__289.png,0.13889033732364714,0.2288638393206848,0.6421624540441176,0.06078682289846029,0.2096344444050425,0.18476543060925338,-2.7521724424943503,0.013444204501669103,3.8109620594784053,4.166032550690578,380.455156379913,7.3343961669595155,1.8938605685503866
kitchen__29.png,0.19396239248328132,0.2645613116711889,0.6353910717933006,0.2811890369906934,0.25841305554850047,0.15430765845910033,-2.3678019989808283,0.011576111641226667,3.8396131122207278,4.232629721957903,379.8682897183707,7.306232402207008,1.8765968124706571
kitchen__290.png,0.12151247293763437,0.3849133989373397,0.6308442733864378,0.07733264763886108,0.2322904992442203,0.19372307562168536,-2.568369880731346,0.011211095687514659,3.7480732941854953,4.171281122245225,347.87150209564703,7.540688887456587,1.8634072565968072
kitchen__291.png,0.2128371515567473,0.15363223860011013,0.5257240476919934,0.18182333097220668,0.19750869933073906,0.23697324746700843,-2.792429936881836,0.010498675839154589,4.086313685315364,4.361322355589139,387.01675631732587,7.694798775486046,1.8237882324550854
kitchen__292.png,0.22790194686959794,0.13777185466887146,0.5607505744485293,0.1721102158848013,0.17782410006117932,0.1854593681876968,-2.81864698955653,0.020015165258841637,3.8648434685354407,4.066840558569475,356.69615136169875,7.4967951829354025,1.851320315894169
kitchen__293.png,0.09011915137526896,0.5005398095808324,0.6092573912377454,0.05909901778893789,0.24181188717463267,0.2708974973674956,-3.0973266673031796,0.008810951680691353,3.6968103024243346,3.9621207125698032,408.26149873002464,7.61699704275491,1.7993416553586008
kitchen__294.png,0.11853726283607115,0.20315993006353972,0.5463039343341503,0.1702895875094452,0.1548076225293902,0.2176009205646351,-2.8033336108087306,0.018520123802914686,3.6018743909510933,4.007000822807077,431.28729846088686,7.664858567916489,1.8216176738150758
kitchen__295.png,0.13521507663463495,0.46269109391049423,0.5350189568014706,0.13224035660565225,0.26718393289078235,0.23937953796308967,-2.7634558471978927,0.005919937093627297,3.931417940643322,4.09087677168127,460.0868304370507,7.781886850005396,1.7645673136986235
kitchen__296.png,0.09844779488167898,0.4434057881134166,0.691160232843137,0.0805309856883609,0.20835552027860854,0.14994712418368752,-2.742269031858486,0.007140805755210678,3.801597305361512,4.123195946269646,277.6704755287951,7.23121557444219,1.837882554658594
kitchen__297.png,0.37267643773361697,0.1984149160721902,0.6806878829656863,0.34847587277138126,0.16600693136725736,0.2102344490255139,-2.613618843917571,0.017096390858990836,3.9559823291695113,4.277616263044,330.75490380271185,7.611082780867516,1.8489521835848486
kitchen__298.png,0.23999828487736258,0.22023906908622806,0.5398967396854574,0.2687660201750358,0.18542585870698536,0.15550184761925723,-2.5803578167834633,0.01578921768244355,4.152174670252451,4.373887522299551,356.781535455465,7.053186990902939,1.868637180216485
kitchen__299.png,0.095539296951465,0.4474248340532036,0.5247123927696078,0.03898454788386428,0.20724994876859182,0.1860887504651865,-2.727200825990673,0.012329487101343815,3.6150577771493917,3.834691454725142,367.66248114058055,7.371286867551874,1.6728269522141772
kitchen__3.png,0.2397806961162576,0.15283864124055185,0.6599834048202614,0.21272381536782967,0.1396643393346428,0.18829820918714002,-2.5519939718469753,0.018379673757469735,4.122482688341254,4.37084781222033,495.4648919583201,7.5359909900576945,1.9060163023133696
kitchen__30.png,0.21089090131581134,0.27616129579767,0.6914518867442812,0.23838836324874546,0.24993795659468707,0.24795531619466407,-2.62824716896379,0.006846030982300082,4.001074428037294,4.225614742675781,556.5765339292423,7.681228141115539,1.893928260921766
kitchen__31.png,0.19434115188725265,0.21634492745995465,0.6096865553513073,0.18086130249601676,0.17515237338751602,0.19402954738821868,-2.6662729999978576,0.009145435703479367,3.8184961710063727,4.133161069511257,365.11840329020265,7.443387763962444,1.8763087071339317
kitchen__32.png,0.22734257916340359,0.34175633393414506,0.5144626608455882,0.30639639414423314,0.24236783994246328,0.20373952218064464,-2.534379770953811,0.019667319031151646,3.983450861270465,4.291548157157731,429.06622960481593,7.502502021849396,1.7503088512531313
kitchen__33.png,0.1706176750815286,0.21501657085949874,0.7302264859068628,0.15958836363916895,0.21845294834703516,0.2067351689565452,-2.3309120110892687,0.013065019965906503,3.800780235921219,4.075561610536301,509.9873950018497,7.47914919625784,1.9120029495968438
kitchen__34.png,0.09833715239345678,0.3942440792202752,0.6332520552491828,0.11469279199831568,0.32257377517675684,0.149287818038464,-2.558958377840311,0.006115870283157544,3.9056578085551297,4.191967398904991,305.3798390270258,7.28934641630516,1.8007505372344688
kitchen__35.png,0.2965489583839452,0.18079976483438115,0.5517084099264706,0.3283911605602834,0.17140406215492732,0.2285051147632943,-2.8030382875208977,0.009258674588282799,3.5662443957351897,3.947107252677814,398.22794924247177,7.42190102143988,1.8209198370109347
kitchen__36.png,0.08750404793549796,0.3664150573198203,0.5253315716911764,0.07672306820616669,0.27476119065165494,0.2427638382354024,-2.7057730048659123,0.00834218232313374,4.232191748547674,4.392342357983748,407.3048112746721,7.757791734946477,1.8066846266198393
kitchen__37.png,0.2955461725223984,0.44464179876435755,0.6121188853145424,0.3256616902531713,0.37856704300763355,0.17574167714621758,-2.4690767154466324,0.011435305905917216,3.6587833900062847,4.013125241296567,366.37460973108193,7.591714396642435,1.7802740076505015
kitchen__38.png,0.23053838869950752,0.43646020662128165,0.5682979473039216,0.20583118297389755,0.35273927430626667,0.19624642660149372,-2.630678120159948,0.005574376893547637,3.8308660818693347,4.1674509696232,520.4267025649077,7.710388034579519,1.8190794850605823
kitchen__39.png,0.27439481367447727,0.4829398460801132,0.6576169066584965,0.2855375035824986,0.3484764236643742,0.18544355484995295,-2.522601344192096,0.010571067013156625,3.768646385814024,4.169366004999504,396.10224761567315,7.570458372280982,1.8331487665901256
kitchen__4.png,0.1760727828891346,0.42910360653837587,0.42338075725081703,0.19126650381815946,0.27416739313713945,0.29195604564923416,-2.6476533597931273,0.013751282852762331,3.618599364797367,4.0063459054180575,425.81142060795713,7.3602177441535055,1.6313008468535677
kitchen__40.png,0.17923252967790787,0.11573699193044784,0.7659679074754905,0.26265231595865435,0.148004627674861,0.16080792394163793,-2.6532978529220075,0.005336574218705705,3.875764653197339,4.17301631457507,314.8471212488785,7.007026574456855,1.9125755830311568
kitchen__41.png,0.17173419553725325,0.3833207348259044,0.5107744715073528,0.2572490418395863,0.3120549600020779,0.20378794894316016,-2.7773745075202143,0.009590231701055312,3.7630438717919796,4.086779571829713,405.3987237521152,7.62031752017938,1.7592079215393763
kitchen__42.png,0.10974285440671122,0.31561107283992434,0.6711279871323529,0.14397863722269266,0.2848236194240978,0.17798572185855377,-2.596633607289085,0.015049283059418519,3.929398992719265,4.233778240284891,303.5587124602542,7.396142702462159,1.8489521835848486
kitchen__43.png,0.1353304947586366,0.1359570237931299,0.648789675245098,0.2071578232286655,0.1404698238010989,0.2047065829766783,-2.683763298025908,0.009553862117068245,3.7843194754509337,4.091274364038378,377.13168092086727,7.291944246148,1.8847633742503476
kitchen__44.png,0.09220972255328443,0.09423075105568438,0.6679641799428104,0.1313855498076819,0.12291777288377619,0.23134736669571448,-2.6807426051812704,0.005501739648834454,4.267057384117009,4.370080411120404,435.98775576607306,7.705268716480401,1.885532480665006
kitchen__45.png,0.27803504351775826,0.33141776505440357,0.6391472758374186,0.3011135489635396,0.33565520807057386,0.18392853911240362,-2.5720835533663027,0.010368777159105863,4.099400043110408,4.350665748195598,403.89210702860174,7.579092795405398,1.8376354499858345
kitchen__46.png,0.2526943704779641,0.36816289031283983,0.622394607843137,0.28627671907696584,0.3400408374959765,0.16606710444379064,-2.6866870061604295,0.0047289635555087806,4.254664258164114,4.382794726136479,346.2743526305384,7.5032437585560325,1.8382942123316994
kitchen__47.png,0.14677446981316758,0.35394161540795105,0.411333575878268,0.1902700517528139,0.2463796609010344,0.1845736213214486,-2.7082309643432203,0.007924315735131094,3.7829588754887697,4.184556839591171,327.1968343701589,7.399217360826075,1.654136978407373
kitchen__48.png,0.29306366728814076,0.2745991779148653,0.5833684512867647,0.33000330156224966,0.18631252066483545,0.21801416464814727,-2.737013427568402,0.006188503449845245,3.7146918003507023,4.075660641118981,336.514171155047,7.543308140088673,1.8217049034155934
kitchen__49.png,0.18647330409299148,0.2520280713150349,0.7331472630718953,0.256612843762633,0.23780151577063877,0.19395931068248837,-2.971433307659596,0.009080958437692204,3.374400519397662,3.6874026066147096,289.5266981309638,7.388197030229821,1.867003482619409
kitchen__5.png,0.13686104784671832,0.2549409465859838,0.6445918734681373,0.18444372383136326,0.19674373107426776,0.1830151547735377,-2.457921286268179,0.00568593182693611,4.25363256346105,4.409395861165107,361.2485676192991,7.549794290999012,1.8918862077184815
kitchen__50.png,0.07433745124519192,0.2961391345274308,0.7371901296977125,0.09122872314785894,0.2686381391605776,0.10487532785301129,-2.5261744066609353,0.01330087186501681,4.288688951726327,4.441644827055901,302.14030475496503,7.074034744373712,1.919610361382049
kitchen__51.png,0.28370154018615756,0.22141913164578686,0.6658393586601308,0.280136003337357,0.14592414118181174,0.2170351265511336,-2.5950188307750746,0.011990703880615497,3.708514793235167,4.084220873855345,446.5299888758529,7.41535899342684,1.8977688398947137
kitchen__52.png,0.19528635788284382,0.06867575460703379,0.8052739353553923,0.2261636053468301,0.12583838813268303,0.14535326520365524,-2.5764050029579977,0.015069729162406785,4.0762771949901415,4.329119528174336,327.19403685703463,6.856054937359431,1.9265989107963897
kitchen__53.png,0.1834827503966987,0.16761210441965946,0.6720819035947712,0.27674166806745876,0.20788250142256012,0.1813851420618223,-2.491773444670306,0.010783957181741894,4.095927706877577,4.342860380644743,425.84838355470026,7.3986385920339055,1.9077025578085496
kitchen__54.png,0.35333660899212876,0.33706603656923284,0.6503164190155231,0.3341982492305356,0.29117828598141593,0.20447395799647497,-2.741345380596768,0.007635134480016914,4.031517964305204,4.2247943067919085,326.4462816225357,7.623503246212097,1.8488726588070896
kitchen__55.png,0.3684600776610914,0.29031468116018727,0.7517917943218956,0.28675468289991574,0.23015076540608653,0.18481267729662706,-2.6416952298507956,0.009453347599321135,4.044315531482813,4.3210179052206135,350.1257006994069,7.571194852315886,1.9046470452402606
kitchen__56.png,0.22598818523059583,0.16868096093089796,0.43641309232026143,0.21556548962074965,0.13844137531471518,0.2330741428438845,-2.7018796742946183,0.008229672962029769,3.987780886683122,4.301115505840966,300.91993577406726,7.6117823808984735,1.7355439342973782
kitchen__57.png,0.09288616039460353,0.37033432892276114,0.719625816993464,0.12582330532336689,0.2825394407606424,0.1284644739706568,-2.46752706105841,0.006984600322754232,4.016440008948733,4.318532234011046,315.8466674337903,7.0891745378354525,1.897567964158506
kitchen__58.png,0.41834956629876185,0.2484614382292066,0.6108156275531044,0.326263533213309,0.24560238215716937,0.17217242113717995,-2.6915067134651616,0.020593172911807713,3.924513900821623,4.176886375813751,382.2507079181345,7.467933164206595,1.839770786578947
kitchen__59.png,0.22661378291149073,0.3099806038908419,0.5905178334354575,0.24541427442547323,0.25767029573918065,0.1916681703142685,-2.451085117108812,0.008529768968681394,4.016453944726877,4.333565292910991,435.18390338486705,7.656275840610151,1.8615919453204204
kitchen__6.png,0.20088557380195513,0.26841977744955725,0.5773570389093138,0.25757408620862154,0.19114250300850408,0.14491304342797498,-2.564327595972908,0.009027352079436874,3.836701869174668,4.238846527302151,284.07383241729224,7.33314108645622,1.8213562601857642
kitchen__60.png,0.16860828319474952,0.11525617807616695,0.6683164573120914,0.2084790203383811,0.09402872349452425,0.20632872144895545,-2.478120055037603,0.011603781695746461,3.812006572473922,4.073141596801033,334.07278220009573,7.484764470975479,1.8931132007427973
kitchen__61.png,0.3662835064034918,0.12345654209769083,0.7633270526960784,0.35218087014032284,0.12675242347752064,0.20813337227219497,-2.39135778184811,0.017994915454295466,3.596428780151107,3.9531473083968516,354.73900820289504,7.27047543359661,1.9120029495968438
kitchen__62.png,0.10008712284056206,0.36898319664654566,0.6710176930147059,0.04411487508907453,0.29824726268338025,0.18493070815954685,-2.6489411904820215,0.003053162902770381,3.934145172455299,4.204751761263089,373.36270120506015,7.514136331948873,1.8509270947612364
kitchen__63.png,0.11844366596818832,0.17321311975651318,0.66416304125817,0.17062439646448657,0.18999634402563004,0.17652718512436352,-2.5099928035286188,0.01775094694316138,3.7824998421358353,4.173929458241524,475.00127575751986,7.528633555150698,1.903008669715081
kitchen__64.png,0.17416268443602345,0.22015688255777396,0.6762815436070262,0.17720712177095757,0.2620492195428445,0.13780736011434158,-2.5708411694355693,0.0066289811515655335,4.165514761232988,4.2119528553480645,526.8039571319489,7.292982674353297,1.9179301596761795
kitchen__65.png,0.08390621518451194,0.2403331063646134,0.7572888199550654,0.07171921627795096,0.2511803749750432,0.19257362333679331,-2.623356398711899,0.012540026448581099,3.7991882318326304,4.133714064479306,512.8883948231958,7.290618067272101,1.9009638647893827
kitchen__66.png,0.11431994367515921,0.12060721001906612,0.6185113740808823,0.0764789870997991,0.13515629275042104,0.18773402501822478,-2.6904277400306986,0.016282108822214546,3.940444276414573,4.113796773519883,303.6804696997251,7.3526158519770215,1.8882429272426038
kitchen__67.png,0.2602104561947789,0.2964433745229214,0.6493640088848038,0.29929496240812425,0.289373236129978,0.1542345184735516,-2.6669082634044803,0.006725614686927946,4.145661992854807,4.260513170159586,317.62905546483927,7.345218641980937,1.8603754088412772
kitchen__68.png,0.06578160123092858,0.16903077894948398,0.5981161790236929,0.0900955379729762,0.22793158698847435,0.12100095380006412,-2.348334133303089,0.005290774824027287,4.193842135585178,4.379641461343687,271.14839979827553,7.134896674093657,1.8911338868105472
kitchen__69.png,0.22710191624449436,0.24817568342194568,0.5745046977124182,0.2687149779036016,0.18312501997779154,0.1773994099865195,-2.822438782774733,0.012322812670033254,3.565691487357018,4.0093582533319925,269.57840371884316,7.462759986714318,1.7994357642651528
kitchen__7.png,0.2719862511964295,0.33107048528302924,0.6330405560661765,0.3165840592906091,0.31119690921483983,0.21723329324714177,-2.675069288828891,0.007349620847510671,3.965325716330696,4.24860345111194,558.0098551115673,7.7494434741199285,1.814292588749527
kitchen__70.png,0.17330328547108148,0.13901960094849508,0.604485919628268,0.1597579301697952,0.11636458022363258,0.22749442776090917,-2.8690799307018553,0.005446097150637638,3.4499313870424873,3.775200316567498,510.97423240982164,7.690180960349703,1.8727540321197786
kitchen__71.png,0.0946122689311327,0.28505006182627374,0.6194874642565359,0.07498743287029416,0.19892334812242243,0.17743129169423671,-2.6639478459888046,0.009976237970997308,3.9809436023576135,4.200844664746404,407.5869478872165,7.26963730487239,1.8667057462542354
kitchen__72.png,0.0840897367853149,0.705717680145865,0.6788066406249997,0.08985672563867407,0.2615911268793964,0.2028248890664938,-2.7181700969388096,0.013202092239813711,3.722911819289269,4.131210576627074,463.43015065888994,7.574389761706357,1.784467357436899
kitchen__73.png,0.09903858139817928,0.25338593350640526,0.5144361085580066,0.13105117917454853,0.15114224473755486,0.2669297838780364,-2.969748245527974,0.009354448214057159,3.78321170203233,4.2126331143631095,438.8688107385647,7.329222175820041,1.825513012064058
kitchen__74.png,0.2615088884184,0.17381543261212895,0.5391874489379084,0.23532035234382348,0.15547765540850128,0.18706347767844658,-2.8049019966139364,0.010348834612975592,3.5797761801713675,4.011078367665513,297.5066083138159,7.1835895753312755,1.846003988190698
kitchen__75.png,0.18117200903050854,0.561071245436391,0.44267361111111125,0.17086733907652,0.3001774276937911,0.1922038744883808,-2.714595006473262,0.016978530209667476,3.509559263456015,3.899218418332712,303.8594037509841,7.464242739144087,1.601498867595336
kitchen__76.png,0.1557131507322762,0.25921357893279956,0.4998145169526145,0.16818703975844768,0.15433191987838468,0.23758597687385802,-2.761118666882796,0.00649384648407371,3.944767421596705,4.297447452351152,420.74791047512144,7.48852606255981,1.826199841978544
kitchen__77.png,0.2126028224361754,0.29031756294867994,0.7069775326797387,0.1871563842646652,0.2578982072389181,0.23363419874976582,-2.8346621971183383,0.021666969851124148,3.6690808536915154,4.0600580974321065,430.4947179390792,7.676096335561141,1.8535134386579717
kitchen__78.png,0.12360889009608897,0.38735150438952104,0.6197081035539215,0.19308170123606744,0.19416990909254317,0.25938800075592283,-2.8179760190498526,0.010391450959076856,4.004945800225768,4.252241677662287,507.2837937521455,7.7458524633689105,1.8207451026376582
kitchen__79.png,0.21883948819632992,0.22961124450150994,0.5554211984272877,0.23690946475639388,0.182363858535631,0.15062699069007363,-2.60094282518401,0.015423473927731555,3.8645174970517258,4.2775722726537655,286.7535365339176,7.246833353909621,1.827141756560789
kitchen__8.png,0.3613080929615369,0.24883504885787494,0.5213586218341503,0.2594026791840601,0.21206607220706497,0.3060114540363336,-2.6959180662070352,0.021836329356568266,3.79474202199909,4.215140558742874,509.53232739351,7.514666420642414,1.755505891789964
kitchen__80.png,0.19180734057947396,0.37778620058094475,0.27539599928513075,0.21645328903329153,0.29106803591606556,0.2043637253378158,-2.820992925843709,0.025192797395757947,3.7017635875807993,3.945008589218985,285.21328518420603,6.8761013506919655,1.40299002542181
kitchen__81.png,0.17561295999742707,0.061930029979991565,0.4698006791258171,0.15320218228418614,0.05855254821845802,0.2732999424176052,-2.7603194955584045,0.0058419854984387756,3.6458045693967596,3.9356435994144725,350.19354062860685,7.486192405865317,1.7825778872414595
kitchen__82.png,0.2296823050347003,0.1974929822891956,0.5206751685049019,0.24169182357863522,0.15447984568785197,0.2407703442243971,-2.7648583730121903,0.008304450831902626,3.967188655556943,4.3082682626212785,318.6287405855136,7.595637882695679,1.7774441363201443
kitchen__83.png,0.1169500650987734,0.6214351056074394,0.6145413475285948,0.18162463953605557,0.2265141254306019,0.20765943290238456,-2.805113555392521,0.014529256530354785,3.7819351002975146,4.2227702253109,343.6951644182896,7.575205381953347,1.7616855724007663
kitchen__84.png,0.27048344862023727,0.2528047608500446,0.5569371553308825,0.24428034583724303,0.20313116503954345,0.20908146170793834,-2.7628632242554825,0.012451529442096555,4.142957513873509,4.388647662232969,340.33268965678695,7.556206971231688,1.8261139882392332
kitchen__85.png,0.2335990330751591,0.2108148587371806,0.30790133527369284,0.26478328079731467,0.1734163461890351,0.21555370098675705,-3.014227676456329,0.00641787135966835,3.5932043658119888,3.970714482097616,291.1673192983846,6.9014153367340665,1.3931568829621983
kitchen__86.png,0.1929218372832298,0.2151977958138905,0.5659814006331699,0.22336179278844198,0.21984898542964906,0.22576141462292573,-2.6791313183906733,0.02086986989997839,3.6735471606221024,4.018739889286337,333.36102907205657,7.5629558757385205,1.8003754774694674
kitchen__87.png,0.16254663016701273,0.3151656430279139,0.6555978094362745,0.21960849559823228,0.3386877612356266,0.21766379569750116,-2.705440254945263,0.010511114730542854,4.132237719732522,4.394824367753891,377.9684175923353,7.6799609450880455,1.843025799022237
kitchen__88.png,0.15154856688634322,0.37324477612674267,0.5585106592116013,0.21292013484945177,0.20049801084390398,0.1961313287289154,-2.817645845953045,0.013199623613516447,3.9652777110147697,4.2917016732806585,278.42350297718644,7.452475970211478,1.7311658063508937
kitchen__89.png,0.10888948888170927,0.46348357521080125,0.4556010774101307,0.04493628788591878,0.13696215211636387,0.19324731271432496,-2.7488174194471284,0.019477248672360992,4.226267761624127,4.391580794045351,311.7841512222565,7.422400427817253,1.6232688442999124
kitchen__9.png,0.1932683158990477,0.2710166054965552,0.6805603043300655,0.21380305099085978,0.2797516803251082,0.233653299784193,-2.4958961135468303,0.00850121113591584,3.8875460442761836,4.216741956815535,357.5780258576122,7.623211143819151,1.8698930663261453
kitchen__90.png,0.38942133341721835,0.29662069275914366,0.5684145475898692,0.34628337743039317,0.2704054969738106,0.15949750845951796,-2.818205312134712,0.02125272808749514,3.468434505909519,3.8423071718943747,324.77513948685606,7.451119156303155,1.8086053288646748
kitchen__91.png,0.1486202017677365,0.3367635102568293,0.5526357358047385,0.17313202742195627,0.2902959155199535,0.2540193756286516,-2.9096643912448403,0.004339143396638827,3.7616669059498613,3.964689953676325,374.51055026517986,7.692050868739359,1.7317612790812411
kitchen__92.png,0.13525433902352635,0.2201043966014069,0.7441863255718955,0.16983572719420195,0.19643943129548316,0.21328763159491387,-2.703949166814554,0.006056403401046082,3.7712836498438005,3.9753561845485583,304.3348346704013,7.42646099487481,1.8931132007427973
kitchen__93.png,0.14380149295797318,0.3190164172726401,0.5400631382761437,0.16342874659611753,0.2325064604162286,0.18570818812391474,-2.7096733512788234,0.008758419766602384,4.15382397617792,4.35143488232255,293.82269991823574,7.402054638558912,1.7837726851135336
kitchen__94.png,0.0884227291699578,0.5798963360714953,0.5077272135416665,0.1177827126571752,0.33466138427084396,0.2505766820858188,-2.745801617626875,0.01514722902931568,3.6313803847767643,3.979616643167209,402.3259183326976,7.7489675270331615,1.689140951302782
kitchen__95.png,0.20171929828723742,0.4460706643532394,0.3406192044526144,0.22383079684276533,0.2489537775650384,0.24668437648319802,-2.719416205090683,0.006388023625264045,4.243008778117067,4.429850888129714,425.9451750316414,7.557883284276462,1.6941317502447
kitchen__96.png,0.09730863130320744,0.4737356207941955,0.5010724315767974,0.070180141417812,0.26792813173556546,0.21175246691232258,-2.866820213926116,0.018307033611235347,3.3967044444980568,3.8202972004428157,330.0095322287807,7.589406134076858,1.7423907700074075
kitchen__97.png,0.11506407129924827,0.03237660034050887,0.6811248212826798,0.17925881066481053,0.046138081525240175,0.2557144541322772,-2.8845990674456723,0.0145702583871171,3.360463799360333,3.7721894072257247,389.03879455335914,7.476137734407742,1.8549922142831505
kitchen__98.png,0.12791221181106388,0.4637808208639497,0.7022665185866015,0.15075565621308806,0.27907818757434627,0.21581343139809214,-2.930409424273375,0.016335761369233415,3.335435252001636,3.8541040498408132,374.8340998190018,7.820980208778972,1.8267997174647532
kitchen__99.png,0.13869647156079096,0.2716104895168183,0.512866676879085,0.23271935501894933,0.2091176146763199,0.2204071677354898,-2.79650220544211,0.004971902479533309,3.864562966689703,4.209020906800174,331.90724667196986,7.581734275811336,1.720725221168435
living room__0.png,0.15612141117615985,0.3051392928592476,0.5243127936070261,0.22602401318257792,0.23231191390664932,0.2330144675368973,-2.8448368583361265,0.005294378069835745,4.027543437912654,4.275619935263295,367.45638979786384,7.2208345112617165,1.7844673574368985
living room__1.png,0.1473030156075315,0.19291869013335808,0.557813240400327,0.25909084252620984,0.1818936605314456,0.23052176044839215,-2.832190101235789,0.0034894018754014515,4.419271201626723,4.435532768570996,348.41115929547715,7.483632393263573,1.8312165071111515
living room__10.png,0.2099466896655945,0.30710586074442064,0.4706252425449345,0.18236925864714884,0.2619622333460726,0.15058900349116883,-2.599402686719499,0.004555349252795192,4.092175658155946,4.364837166213457,375.1906983492036,7.287705294098731,1.7529743071692632
living room__100.png,0.13442471131929756,0.3215858061102726,0.63446772875817,0.2466677910828552,0.2930503455435417,0.17009409962473582,-2.685662017999466,0.006066411625688994,4.049225518291076,4.290137385915059,385.24928975202045,7.4572149623981225,1.8595361335050664
living room__101.png,0.3405243422072401,0.2508264079010685,0.5495159952001635,0.3364705865978185,0.21910363283629905,0.23185544634099117,-2.584656017993345,0.008459184440281129,4.064407215427328,4.235448202383031,369.05009575855763,7.791593445960728,1.8236151491152568
living room__102.png,0.3268250591285517,0.4561334524417912,0.47074040032679754,0.39296272083700284,0.27156868716531224,0.19809274951559858,-2.8149200933468155,0.013772253690416823,3.539852503753303,4.021528753739446,405.3152250468863,7.577329987613341,1.6607561090876597
living room__103.png,0.1051479254895073,0.3186550497064558,0.6740646190767973,0.15359838670398387,0.21952163522238236,0.1608322814335413,-2.710203014964139,0.006764746015560363,3.8869544635311994,4.201211244849806,335.02303302246696,7.508100371641138,1.878248671435664
living room__104.png,0.21317447052898886,0.2766068418848219,0.5632471405228757,0.24186539271164678,0.18356432467415135,0.22968575533545266,-2.6723119552171837,0.006061279061444367,3.978091173522584,4.285152923465699,431.95531866341116,7.618684921996755,1.840914127241883
living room__105.png,0.16386966879595166,0.22258179417404217,0.6638336907679739,0.20833491918559843,0.24638350228704506,0.18012073861478312,-2.5721540373873704,0.004755507844764402,4.038557285817913,4.274581036562241,374.06402012866255,7.345898760156009,1.904516338425605
living room__106.png,0.23485498624323572,0.32448932270956665,0.698953112234477,0.26293438073490305,0.2423188596764192,0.15873701378442817,-2.393553495583307,0.0035588081534236,4.213629616312678,4.420355029910257,376.3124964128148,7.428732260699801,1.9132106805642628
living room__107.png,0.16148411080985628,0.5066877177823472,0.49481405739379075,0.14566539695528855,0.3496591325591765,0.1924854165261604,-2.5381920503003164,0.01174829600016327,3.9129461983926435,4.179379203574567,306.109434488548,7.506719320345089,1.7312849559314116
living room__108.png,0.2628815625562672,0.3330185674334155,0.5563110830269608,0.3143597791944463,0.2409627613453922,0.21394169435643942,-2.7341630610544447,0.004488042575699469,4.377629825219931,4.4642320694535575,322.0893043230398,7.823932493895682,1.8121390907884833
living room__109.png,0.20409222092233717,0.2907499490773677,0.5239601460375819,0.21292839082331644,0.2256735785379848,0.25821139539773297,-2.6059944517975717,0.011403052819939918,3.8814652907947593,4.242795119355824,371.86246315040785,7.468848976851639,1.8290165050413143
living room__11.png,0.11749572127981263,0.5148113542475223,0.6892530126633989,0.166985278641678,0.23581273438449127,0.1973994468661159,-2.5878982740495164,0.008023392599843521,3.923682475605801,4.221280961264865,332.85780650546263,7.5087240180400245,1.8460840633129396
living room__110.png,0.289717399752881,0.22521979094001773,0.6745739379084965,0.26463931944231806,0.21255669227169952,0.16576657237379755,-2.8305751391188196,0.005673800562478019,3.9412593875843056,4.256650580285538,254.20049426750066,7.340635399556189,1.8842727421439658
living room__111.png,0.16653374201806154,0.27548782791620996,0.6392234604779412,0.2497095966753745,0.20348609530925094,0.19864856902194944,-2.6980333244374926,0.0075977019956135995,4.105516481807118,4.276342369654512,297.33043587011474,7.304278052793282,1.893928260921766
living room__112.png,0.08726696622808888,0.3799128610399387,0.6579374489379085,0.05555323773010985,0.26126286524409587,0.258987878823155,-2.7624516099515133,0.008269148311521486,3.7153629779799866,4.069036220783351,568.1501420378418,7.8475232576107,1.8738467410903006
living room__113.png,0.6971401819275719,0.1758409747413845,0.5815547385620915,0.3626306334639803,0.15308747025156574,0.19690406862586385,-2.7918753221588184,0.00680002561242593,4.132883279981473,4.254091039444851,389.0693989154624,7.433986603780147,1.7921935060442595
living room__114.png,0.18993806489819798,0.23039069008743132,0.6224087137459151,0.19253932964019704,0.2755359976053897,0.21363466425944833,-2.684208370645371,0.011262012692332854,4.205928015942038,4.422805658841044,381.69613690653387,7.272226110138516,1.8747905818782358
living room__115.png,0.17150377323375446,0.27028551504088366,0.5275112336601308,0.21283779111215442,0.2548859670918717,0.1636432665350945,-2.2975657177755777,0.003939587234440302,4.274956173759176,4.463033836897344,357.6574162823,7.295716839306611,1.8604516315521393
living room__116.png,0.18044816867126096,0.2634741834569601,0.6526709814133986,0.21578660804669678,0.2015147605868373,0.1640901132633373,-2.482988887570989,0.005427546969569317,4.181753034126997,4.406158850199873,377.5801792405236,7.2713005659367,1.903402716364738
living room__117.png,0.3454783596131341,0.22086619769135477,0.5328375970179738,0.3174233484048477,0.17416961225557195,0.19690238249191397,-1.9228685031354253,0.05780896977866378,4.087999138565598,4.350606781804059,352.79795125800143,7.571197845923927,1.8204825883193814
living room__118.png,0.2340206060384348,0.48403901771836283,0.30041795598447707,0.35154447889076884,0.194218684221775,0.2956720792550611,-3.0491560279304455,0.012823977364176696,3.822926703196895,4.119403885899665,359.11544973909946,7.159270550985344,1.5517778577141739
living room__119.png,0.08276964103058398,0.8055027525868684,0.365656658496732,0.07332595431778581,0.24110431233623134,0.262019640758483,-2.7706269727253594,0.005306169498512186,4.146848195000759,4.35627455912598,383.3735426288122,7.312609241557433,1.5177429038667865
living room__12.png,0.15998971791149205,0.35910903865978466,0.6311231745302288,0.24668228088573468,0.19195853121164455,0.1878398953117506,-2.7265273522069164,0.008694101193862068,4.363961964540754,4.465173329675822,315.43279652752784,7.43550405722704,1.8560769432586723
living room__120.png,0.2759031474784402,0.2616428927891848,0.5271006050857842,0.2885741719606355,0.23037356392657676,0.20852972165741454,-2.8120398831762126,0.011281147223812986,4.136476419121447,4.3108643726406575,409.0338947775263,7.601490914688571,1.7494148166408858
living room__121.png,0.12347025299672919,0.25202197274138544,0.5817883220996732,0.07196359086737202,0.14997376410578286,0.18603674705067372,-2.69549224802663,0.016486240278964875,3.9030271090066533,4.235863825238144,310.7141054323233,7.251511135627199,1.8453628368682815
living room__122.png,0.13728105103742355,0.4289904332374298,0.5037070823120916,0.14190368444350554,0.22637764242294137,0.25796503006212207,-2.827097726782952,0.0067137169035005806,4.081504928692311,4.273080962794838,282.9098470866865,7.775163688217517,1.7513113037284804
living room__123.png,0.10000301486977606,0.5448192228312411,0.59741202001634,0.05118945585248977,0.21508805983546206,0.28017775855485694,-2.9319684650503817,0.009408843521898224,3.9610910211439316,4.121257780722173,451.320124291375,7.734088810551347,1.815363008768497
living room__124.png,0.0842965353211632,0.5718167471697928,0.6429680861928105,0.03701771540841517,0.1921165999743339,0.1813595768986158,-2.770695037096127,0.023003077411377124,4.111312631988435,4.366726007062614,426.75655316920154,7.556352034973754,1.8181989338881646
living room__125.png,0.08920317142323324,0.7532637036233528,0.502637331495098,0.06284508571763889,0.21943214457972773,0.2268364259409866,-2.754057691872944,0.013936138250328196,4.0160647095588935,4.323417606078732,337.0313718245827,7.3834686308577195,1.624306656408279
living room__126.png,0.3796010541703327,0.1486645512524618,0.4465637765522876,0.29985146545574265,0.12142532473736434,0.2755946168490709,-3.0152774989563818,0.01066000883077675,4.001985562006042,4.277703735439355,456.0553963283692,7.788394496291831,1.720106496383691
living room__127.png,0.23295542886202777,0.21361923081537826,0.627331622753268,0.21594950979738706,0.23461438376128063,0.2772051527123059,-2.7091736774239683,0.004340074117223621,4.134019084339565,4.356382609799585,396.9744705732949,7.5838825134686285,1.8364789010553122
living room__128.png,0.2892794074213321,0.31387730161226823,0.4169623544730392,0.3098567785915453,0.2012278015672168,0.24090509050120743,-2.9675419784975183,0.014386452598556058,4.1837111146237715,4.258502133047374,358.46508634279553,7.5784496136168045,1.584368157294314
living room__129.png,0.2856566131743788,0.16389722116877736,0.6292746757557187,0.2696864128200687,0.19922402829585328,0.22930369891490437,-2.530504135426986,0.0056811789738117945,4.106510635861505,4.334176482422276,329.8167972287889,7.354656705722041,1.8718767830142575
living room__13.png,0.23235129967506235,0.20736390044171016,0.6495525811887256,0.3108245252211021,0.18412914678658382,0.20602676518074808,-2.733678917650835,0.00891921552003847,4.271536078241615,4.448562762760605,373.55773060538763,7.426477592578616,1.8701877757966643
living room__130.png,0.12970672158958366,0.3291229404110068,0.6447681142769609,0.1401332822887861,0.23020905334587247,0.2204920838962593,-2.897774981986598,0.009258005188921318,3.9892280598860648,4.242426146638474,412.3484613701611,7.673124257922498,1.8707763692209771
living room__131.png,0.08598113357769925,0.4459695550866683,0.3606200852736929,0.06918442202531569,0.21287539506314831,0.254525949163755,-2.7868970160835693,0.019822824472364664,3.7809902269396285,4.077033041596211,277.6244784607029,7.519721187700755,1.6295427714033877
living room__132.png,0.2706418091273841,0.15456976499162528,0.5737423662173202,0.2770290766652815,0.1979769041450781,0.23749011863272798,-2.562919208664807,0.005598075216149198,3.976642321114759,4.236903903612099,334.15142359125264,7.346972915869058,1.8695243355226956
living room__133.png,0.10742480465699801,0.3689518445447942,0.6533268101511435,0.06127999395009308,0.2056149810097738,0.20276540745654925,-2.8315844307302265,0.009758132437250959,4.209648990235838,4.385530874025312,332.6344112974059,7.6213210265809535,1.8534352897414195
living room__134.png,0.14901218355135418,0.3215710368827725,0.6028808976715686,0.24273536974592952,0.21941204190414376,0.21148482600921856,-2.6546520660124786,0.003024218712005298,4.021644390996292,4.183518886392848,467.11559792297663,7.701230491876751,1.8546036710783214
living room__135.png,0.27600643202569813,0.2011451716469931,0.5010775377859479,0.304653006296264,0.16956429078297855,0.2323316131007418,-2.764512402348778,0.008721197740483883,4.082973503817273,4.322231810281009,382.6739968440707,7.641191868270856,1.74986210911925
living room__136.png,0.15225401012287015,0.3002140486659275,0.5794989404616014,0.19684023351069774,0.27902183144983556,0.3147413155163958,-2.791995352340656,0.006040855788870614,3.855916781992346,4.091543476368147,458.6931880191927,7.416943488352566,1.7886982682342445
living room__137.png,0.24555896921620327,0.16362512665652648,0.4225338158700982,0.30479915181827627,0.14273048010911685,0.19476484434093919,-2.715393087714082,0.010032031159970251,3.857340252679937,4.214251558364453,320.9330917450322,7.537404340184138,1.6892788125957137
living room__138.png,0.11046970553244151,0.23093261932862139,0.6198737362132353,0.0918701111658883,0.17082184384419263,0.3020659062388272,-2.858303321209464,0.006853527309947046,4.082295897219318,4.2661308302781515,529.2462271635211,7.442813886445414,1.8684148410454493
living room__139.png,0.2438327204099501,0.25398822832352913,0.5365444750816993,0.3306007072835034,0.2369346702065347,0.3001291714765009,-2.8707281855440003,0.012523210552623384,3.939482661157885,4.319808016756286,636.1303107716222,7.753544998879001,1.8130383536733148
living room__14.png,0.4227159852375704,0.23772214364988084,0.4890788143382353,0.31148921828605924,0.24759527355842567,0.30992699059954115,-2.3880098429740872,0.04220414261895445,3.6233743462051704,3.914010975038028,415.0595362824354,7.628174603675593,1.705365106654576
living room__140.png,0.09365773666065585,0.5073307919778003,0.716434002246732,0.067185603803057,0.2643756767689329,0.22604799574845488,-2.8795100713901736,0.009408515447415082,3.7849335811343026,4.167800419097009,304.35874295383445,7.72363328519989,1.8433491264058588
living room__141.png,0.10966140247602991,0.30058751098512426,0.6234333384395425,0.07600545685712748,0.21287453459650757,0.26719838280139036,-2.852232456292934,0.004460724029150287,4.234054498344511,4.334799404586692,474.76840228279934,7.68088173096629,1.840995853397573
living room__142.png,0.2401407945256194,0.16673609069550166,0.6522695950776142,0.26203332386009404,0.19198912965259857,0.212306107469686,-2.6082607021930238,0.0030073078419775674,4.26590279968367,4.432271378348018,398.66631233334255,7.509028114521843,1.893928260921766
living room__143.png,0.1975193438981766,0.4032762349811567,0.635314555249183,0.27672353395120824,0.29665835193274503,0.24423115247960406,-2.526213629886657,0.0035684656429331926,3.9839702779377344,4.295615337581131,382.3627104372568,7.787427498608226,1.8307104653592527
living room__144.png,0.1243761468783055,0.2615323453580825,0.6911260850694445,0.15214141258007213,0.18087220394358275,0.17689594674659057,-2.5799777108611575,0.004770877609121537,4.28712660044993,4.44766593402238,375.1956561378359,7.3417722980433275,1.9010962226374866
living room__145.png,0.09346301753089872,0.36992294855953023,0.5143471711601308,0.08073772644002233,0.3366538178041461,0.3164330034542672,-3.005082295479569,0.007099120732766577,3.9768518251118508,4.214282446555828,423.07549067442466,7.430668666446087,1.7410113315613671
living room__146.png,0.2043737483128362,0.48072337815755145,0.570762420853758,0.29058490729713565,0.30857126749412667,0.2524334044985179,-2.849772309404806,0.0077721816784907995,3.975472000762637,4.295374180427708,575.8926493589515,7.855585851033061,1.784962529885263
living room__147.png,0.09170018821798644,0.4415207517027265,0.6789092754289217,0.04023085807520444,0.23201949894230725,0.20371765954990995,-2.602794200134075,0.004477222714799566,4.025479909924754,4.248809052900891,281.06516429093045,7.490932327968866,1.8575425106162649
living room__148.png,0.12925858360442444,0.37701494451556705,0.4807839179942809,0.1287011926325151,0.18479044317294493,0.25594758928087086,-2.5552537567280185,0.005459690932476264,3.8180318399930933,4.217495089614099,373.4537111510631,7.6950481276940845,1.7576892459391975
living room__149.png,0.20493646811466,0.2712643243146637,0.6008993438521241,0.24464981483996648,0.22758448821295954,0.24515460665477096,-2.7939817810899847,0.003309843888082154,4.107460689110825,4.315576240614583,559.2213307956528,7.5593512508741005,1.8772442927546256
living room__15.png,0.39881571187037435,0.2425762766404614,0.49908265676062097,0.38136617084741736,0.19712933798774196,0.23850698516468272,-2.729917066972972,0.01281053366833311,4.223008298304277,4.40360919620863,438.8059733174814,7.676320959260495,1.76200724875094
living room__150.png,0.14110459551073493,0.31738482022177267,0.5599977022058825,0.1491313541875407,0.24512337076052745,0.1880883380163966,-2.693954763604867,0.008380365930600644,4.153647739088887,4.398450468735442,268.53226803230797,7.482312073907581,1.8312165071111515
living room__151.png,0.11060422889634867,0.4093631519226829,0.7291116089665036,0.14311758827761686,0.19215174064615545,0.2248357305025825,-2.6767174239663136,0.004017744319180789,3.9301650781875344,4.289839900436207,561.5722635975134,7.6847232633242015,1.8827961678967182
living room__152.png,0.3950432038434423,0.2072713431643608,0.2758961652369281,0.36108195050326464,0.17472105235733457,0.25668986325428556,-2.8223849493024806,0.011134094311070692,3.473662530723792,3.946669318058638,474.3624906735309,7.230042524978985,1.5558344468966052
living room__153.png,0.22638276190556117,0.1724140185296265,0.36341601562500003,0.2635675116761747,0.1453352306354814,0.28344416607299067,-2.889447829556471,0.005330083870365543,4.0070868722315875,4.292361038800181,375.8112721260582,7.574945227637223,1.6779477700401475
living room__154.png,0.09069478683118462,0.7534417294698367,0.6363808083129084,0.06069905304786278,0.17664227358167353,0.2383792669131235,-2.70311506838884,0.0022347922206623397,4.232429113678217,4.421060818095299,416.472148911946,7.572151849357465,1.8302878007964924
living room__155.png,0.46622421953193793,0.09716619877773769,0.7023975949754901,0.3105645043229977,0.11248081953130155,0.28273323670477474,-2.770369165842527,0.012518661559739056,3.5319694317576342,3.9488050731636513,523.8974246915119,7.4433106040989205,1.8807444836649854
living room__156.png,0.14783020286208223,0.41920304796403635,0.5262914624183006,0.1419288571602831,0.21065421757846484,0.19548563002153627,-2.853950049786256,0.010846654909701882,4.076462592860996,4.336302495619568,265.05395634817904,7.399794759013071,1.723064597978531
living room__157.png,0.23118764380136406,0.6522959621017745,0.439755348754085,0.22195733494921296,0.2751778586459152,0.2277950759653457,-2.7502578114654557,0.005586463661345486,4.196911309551128,4.4136139088003175,260.75807321382945,7.437929213639952,1.6563859611361758
living room__158.png,0.26127047465718684,0.19092741675520436,0.31058288654003263,0.3085742141199095,0.15960729189883224,0.2177383495112072,-2.938495938801037,0.01437318309818289,3.8560144135751204,4.119199115491186,390.3195459017968,7.209440608784983,1.3877198922308822
living room__159.png,0.2167499680440821,0.25242842393414,0.5815694189133986,0.2057343921289252,0.1954693735673787,0.2772873209534507,-2.875126784600993,0.009128371549160822,4.100977522269322,4.317256396128318,311.43282475895194,7.598821516488731,1.8004693112037777
living room__16.png,0.2711986901181247,0.23421400084340477,0.5928716681985293,0.2976692383589707,0.20137304318756186,0.2463563470409146,-2.8809199665220993,0.013593166501078549,4.184131488839188,4.369838099033348,447.83760965182177,7.842731665653711,1.8507694210669254
living room__160.png,0.23992352269687967,0.2846737790804771,0.6357643229166667,0.24512828789231333,0.36230273541951113,0.2855627121806355,-2.714373476024894,0.009979692290588817,3.848050551084773,4.22825483329328,508.7349406799846,7.636666849518499,1.852340654565208
living room__161.png,0.08399248517347656,0.617499660936608,0.47900233609068626,0.04351235958746114,0.28956366826003044,0.2820296659533218,-3.1138080029868,0.011960314069917127,3.2712569607875235,3.617540733367732,387.228768484749,7.690211028052635,1.6561541285228123
living room__162.png,0.2197458611936193,0.26545591352965947,0.46284603502859484,0.22631817036587795,0.2076713249461931,0.163629128078851,-2.5999241642607416,0.0052235869579342,4.1405048567012575,4.356890487599229,308.2900389103602,6.940855926252507,1.7728372026549521
living room__163.png,0.1616699955098304,0.34577009201546804,0.4406715303308824,0.13457791593355795,0.2636005575123251,0.24115012431770178,-2.935491732176052,0.005737544263794779,3.9208163578127064,4.18185872259415,436.8880358199117,7.690392917010672,1.7022187872466314
living room__164.png,0.10568850524472757,0.22733653444088195,0.6684018714256538,0.08656359559071113,0.18421276359111283,0.25318125164217964,-2.9000083295278976,0.005703546141283363,4.114034543111215,4.358250290358494,464.39815772593727,7.752393197808375,1.8708498402094254
living room__165.png,0.2708096799155753,0.2829619630356968,0.5425759548611111,0.33679294098915313,0.21805747083157434,0.14714254705973764,-2.6581543610099514,0.004937632797445525,4.326157991604953,4.46802749856862,335.23915534874715,7.132139662268138,1.8320582589975345
living room__166.png,0.27901227148527835,0.5245580272239992,0.5283879442401962,0.331781495024992,0.311383942008711,0.26167887970364034,-2.917959709390917,0.01349070512033457,3.7477508829258257,4.0646329163775015,514.5897984829703,7.753369585610807,1.7276872164614823
living room__167.png,0.40841392102364726,0.3227283229215673,0.4697916794321895,0.3409110261001114,0.2177329057936612,0.25723549923061295,-2.741443414785032,0.028752090801040728,3.9086092651838813,4.214141380535558,395.2924017314002,7.676515689307947,1.6854206225993178
living room__168.png,0.28790898035457657,0.21748594262803925,0.35328548815359473,0.29686267291359913,0.17780057707390357,0.2667711505753687,-2.7752166111693772,0.006047868534626366,4.185664140999602,4.396690921932362,453.9499706332957,7.481833728650885,1.6241339858268127
living room__169.png,0.20342348962567602,0.45802402156855804,0.41185651552287583,0.26086067897062076,0.2836958057655853,0.2412707955450216,-2.91002661999369,0.016798143648338662,3.789400957232397,4.163803616564594,327.36076805843607,7.497657061141157,1.54671606433398
living room__17.png,0.2359876969330129,0.23140270012588435,0.4223498008578432,0.19986640622216195,0.2599964420234659,0.26517206345617805,-3.039588976636968,0.004837646056831623,3.844544430882549,4.176375403689855,405.842648871485,7.761294162860711,1.689554397595456
living room__170.png,0.2097970046984349,0.3957314771931998,0.41294164879493467,0.2624775932057661,0.3111516737850324,0.2579902240976289,-2.8237585328348236,0.019189891989380297,3.877297778210301,4.114596474050299,329.6663100996169,7.567115335974314,1.563609851335173
living room__171.png,0.14743522235081602,0.21469438297216864,0.6093420649509804,0.15735802151122982,0.13501976355781783,0.20739093573279452,-2.866065016475432,0.0063588977566190075,4.040925987061174,4.239915584330592,266.4157297642519,6.9766470591676635,1.851948534121241
living room__172.png,0.290582301742,0.173509256243135,0.3617991217320261,0.2951128973106962,0.1364602210936411,0.26524081999417143,-2.7033102285571986,0.006289810078036716,3.7692040319654314,4.1107734639912366,263.0023378160585,7.520792442342947,1.5857529615990615
living room__173.png,0.08779369049975785,0.4710609052314624,0.5072801266339869,0.13098865340007865,0.25389691657930186,0.2424334066001603,-2.8040115677524806,0.0072310088486981965,3.863756740709644,4.186723189888716,380.22751599404563,7.608857726273345,1.6896921213022669
living room__174.png,0.19358600170617346,0.26095417286719996,0.3670327052696079,0.19415038437021392,0.23933211566987236,0.24831284531806314,-2.7033684769322743,0.020424489189035708,3.881442306028237,4.219973889270665,362.4152487361573,7.402306882538988,1.5439918591443127
living room__175.png,0.19543781952825665,0.26825724984932847,0.510822789011438,0.18889462641790702,0.21054137919649674,0.34465500119451065,-2.8386825379009415,0.009762495308174917,4.05667222430578,4.292324396023408,466.3602555441467,7.696793660791147,1.7617928895749047
living room__176.png,0.38261710775837104,0.19217864516227282,0.439407475490196,0.30158634538619955,0.18291861418064864,0.2190215713743223,-2.769922601550383,0.006017778846726893,3.9922394306390228,4.211787456104061,364.36527883504743,7.490228338560358,1.7239217595104315
living room__177.png,0.18666573547742146,0.2552883651891437,0.41658144403594766,0.19841531838931412,0.22241931216854452,0.25234736087709236,-2.549531957370769,0.010520608977166276,4.204672442156559,4.328644910566862,295.15617071485764,7.730278437892394,1.684833267450091
living room__178.png,0.1449083581130556,0.35108332154849536,0.4013890037785947,0.19655454164270386,0.23822859507102778,0.1860488355091491,-2.5612171099622625,0.016040558656616175,3.8897129440478557,4.288914410675339,343.4076813277493,7.495249518836596,1.6042885637784514
living room__179.png,0.09803321699403046,0.37938058841282785,0.5137168479370916,0.08627930066281927,0.1597630779171189,0.20446480943940906,-2.764900223237486,0.007268665543031077,3.800009911589516,4.135198305263373,385.1354263484817,7.575186060567502,1.7393934563681703
living room__18.png,0.24180113250067672,0.4932151887808721,0.4752108992034316,0.34508293724249267,0.26215749549081085,0.24313703050272592,-2.7847417133124615,0.010161509715883093,3.8996467778768826,4.224092201238021,428.01567185589477,7.745760936954381,1.6630298573181868
living room__180.png,0.1174009869566347,0.4247693856665265,0.5458132021037582,0.12077963554001156,0.15751634644963844,0.19095926500198612,-2.56032570012754,0.04433642556269246,4.114786154264463,4.362830635579551,198.3243508007337,7.446121782044939,1.7536369219265076
living room__181.png,0.1501236852848654,0.482090746395669,0.4027376812704248,0.271986601676656,0.23523841643337395,0.22641060104496283,-2.925525418318772,0.015347407801858547,3.764049130700224,4.095213711877123,332.0983601661903,7.375172920085376,1.5601799669324858
living room__182.png,0.1326698304036974,0.3562765637801659,0.6444176879084965,0.1569398639607526,0.2235889905162088,0.195403675047232,-2.6649047002678357,0.0076849311118296895,4.17817379921398,4.425212397976839,403.8578075559121,7.650222696733704,1.8716569203933946
living room__183.png,0.13417832869308052,0.22487626966364535,0.487899037479575,0.15335155002517706,0.1713528907767591,0.19694017684516216,-2.86973998832436,0.006444604990853675,4.199276296014704,4.320738211855188,279.6467068028061,7.329710742305703,1.7411264911443847
living room__184.png,0.1514754363393435,0.36728054806350374,0.7214701542075165,0.2453449356212418,0.25603074226057326,0.21027014212802356,-2.6991659262828196,0.008536851237167449,4.117681905936034,4.390680570039405,293.67220228547325,7.706042633319218,1.8529666714143485
living room__185.png,0.32251130446132614,0.09639991095549616,0.5847097503063726,0.2555820626586005,0.10242864308992924,0.2547850554118156,-2.706363974600542,0.01047213585777636,3.8887455125146717,4.2685806824223445,447.52173620650314,7.7616396826982434,1.847760687779671
living room__186.png,0.13000292275521838,0.47412039619808877,0.5974376787173202,0.14511262658058507,0.2557501043071525,0.25231947641231306,-2.8316219653500747,0.01856776518829465,3.4513920691543962,3.8522948986143795,349.505731846554,7.727286923270913,1.8313009849892556
living room__187.png,0.25980955080727736,0.16755052156081837,0.6169200622957516,0.30912836838020763,0.19261235906364613,0.18739453497957143,-2.769080144363318,0.019165033104545013,4.062428598040995,4.291686507993183,338.0578756557834,7.434645669309859,1.8738467410903006
living room__188.png,0.14476726113538296,0.350244747268149,0.5426097579656864,0.17970342331580982,0.2558548796247595,0.2967901701909384,-2.862596716065047,0.008928659455046579,3.992138472684281,4.262408553041557,436.4610580409692,7.592295345878558,1.7702457680717516
living room__189.png,0.34371270148887834,0.18179537502912413,0.6446962954452615,0.2531374695559802,0.18360442051212592,0.28185953837725986,-2.693738358922943,0.014305580492519501,3.95272635875258,4.243437268451492,391.85141680569126,7.58611757549542,1.8539812314683186
living room__19.png,0.1560992934644493,0.26310218698550514,0.5986276169321895,0.19303214356746998,0.20577597900625116,0.1768051074514929,-2.6192444943216366,0.006006529364508256,4.122682302832601,4.384535098986466,327.4044540317902,7.366400710856073,1.855999344686603
living room__190.png,0.3335443708729721,0.31853753401999624,0.24034054585375816,0.31502147992985025,0.22405771602555355,0.2713239777237213,-2.6682844876097502,0.009696625754317033,3.7915892820531027,4.0819667744425665,356.71305192957425,6.76004303298279,1.519088771299378
living room__191.png,0.2231057948226747,0.1699006992320861,0.48292075163398673,0.2262755205386264,0.19703233390733554,0.24883773682857188,-2.838759005978242,0.005702638607601181,4.294465498158716,4.370279074218187,304.1926684829165,7.633483995108841,1.782478137303959
living room__192.png,0.24262352151804242,0.5402234131138681,0.4822784160539215,0.36858310075813544,0.2508244448042517,0.22425969906898924,-2.6625492374526583,0.009679740738698305,3.9005544453909256,4.204994503671566,396.65484013337897,7.379198086546904,1.6725348568799518
living room__193.png,0.44872849146904165,0.25908325341427857,0.5624122114991831,0.3921963087638252,0.21406651641313162,0.23885090102583317,-3.049131637882974,0.004262560210587976,4.055923271629504,4.281859022611478,249.96563524195935,7.503889911505585,1.7418167607118877
living room__194.png,0.2616338045440858,0.33531578747448165,0.4512553104575163,0.26832061208280295,0.3060815677623331,0.24258128753059727,-3.160233271373387,0.0051986030513603435,3.8942881754876018,4.179971359570619,209.33240437393042,7.43891768127164,1.7355439342973782
living room__195.png,0.35293024034376264,0.4885366789184033,0.32485804738562085,0.39996038770073084,0.16455689620188754,0.21545115228275433,-2.8520738633218032,0.006810310216428041,4.093217874316981,4.314411975371558,302.1937574108403,7.145212833146487,1.4369750355073871
living room__196.png,0.20926847282502423,0.5536895023910793,0.37367866625816987,0.20718585134200038,0.2925840483257752,0.2605747610279706,-2.7325569196958637,0.011542887705096429,4.222538586025276,4.3512210152585515,443.5272662961337,7.501886109693293,1.6220531333374937
living room__197.png,0.12323072507528428,0.3768826674551426,0.34817604932598045,0.15396800444095307,0.21910672421822638,0.20151256193216435,-2.7504316621151794,0.00992032277800076,4.126168651789904,4.221318237860491,250.88658540402076,7.21511638081163,1.5047123975484542
living room__198.png,0.4453551111823016,0.07626318106702583,0.5662388684640524,0.2798926547094821,0.11969920245445925,0.20099450201357408,-2.8524797375691837,0.005833071941823231,4.005237106375654,4.2823799179110775,294.8854006979068,7.385357010961049,1.870482210094941
living room__199.png,0.16604472284796043,0.45900544681204725,0.5015830141952614,0.15288994043978218,0.2193815387191208,0.2666467718206896,-2.941313106008278,0.039252679001703525,3.8355393791152963,4.146373171924155,415.19119613368025,7.832671916129999,1.7643547431421571
living room__2.png,0.31368123931849895,0.1931013138788277,0.5565451516544118,0.2830662131247943,0.20086646762094412,0.19719583952303193,-2.7936850917891562,0.015153693124602042,4.121801331660876,4.377935972046039,376.36050429612067,7.589791372037825,1.847760687779671
living room__20.png,0.2626025320670838,0.20074921901627063,0.5969769199346405,0.33579848679971863,0.190394613675443,0.16344787393009713,-2.431014452011841,0.019505964978350297,4.0507565208065035,4.356054238874008,325.918308140456,7.292744348111284,1.868711201549416
living room__200.png,0.40621778670213976,0.21583136196011637,0.40774006842320254,0.2974053018020587,0.20120975912271696,0.27167516998372215,-2.819638947104365,0.009283601242673037,3.788715608117083,4.161331942507774,484.0104878273865,7.635763339438377,1.670629426694513
living room__201.png,0.28043801909037536,0.32975756507116394,0.4134087137459151,0.23216267302118024,0.22402330030935746,0.2843003938774566,-2.5965993914407677,0.017431669631433184,4.383293007977094,4.485448138229792,540.0134213524385,7.765820481676001,1.7390456386550652
living room__202.png,0.14532382500743626,0.32278952446941445,0.6006015625,0.24930443016585252,0.25174558708610867,0.23026379981727307,-2.7770934155748357,0.008812580465349454,4.040891867400463,4.358874700344589,455.265358878547,7.758725639042694,1.8515561385050323
living room__203.png,0.121750763193604,0.3440481114185889,0.7065296798406863,0.1560444840507279,0.24338205799645093,0.2695225162574367,-3.0115296147073964,0.009154025861890114,3.7605720976193275,4.062455764501707,389.7842039251196,7.5565868681099015,1.842701921294132
living room__204.png,0.12908598534885288,0.37511326566924463,0.6035364072712418,0.13036272512901034,0.14008592191081592,0.1718911543942169,-2.7155905589154004,0.01037055115085084,4.17565220784539,4.340624913059463,209.84237773359263,7.062555212849158,1.8534352897414195
living room__205.png,0.2752326888014519,0.1674731860736545,0.7214546185661764,0.1953395401467067,0.1505692607608849,0.12679571793696254,-2.4711988921134744,0.009112271445761148,4.2709467734925095,4.445323328547028,213.50326618979048,7.012627092806021,1.9262354082655258
living room__206.png,0.24114506381932047,0.28318748523404624,0.5959569291258171,0.27441243318089936,0.23364130484617007,0.2162478374871122,-2.50672222518629,0.03991967019445078,3.7041834074389266,4.0908537678235515,395.99907320954395,7.4775942405540965,1.8632561870362896
living room__207.png,0.16878183780562683,0.5585864310480322,0.48432013378267974,0.27240347566376655,0.2857076491078436,0.23510727271072748,-2.912532686673175,0.024768385731712205,3.7814308018434666,4.222837600396528,312.29420313594653,7.672402827562471,1.7103032101122697
living room__208.png,0.11246786005473325,0.3317278036185778,0.5743837571486928,0.08942675796279832,0.2387637026604713,0.23445773899806321,-2.816329636967464,0.007086579791627987,4.301897098522168,4.44991854867664,332.82172509044653,7.681397908328736,1.8104231166912346
living room__209.png,0.24555700571835318,0.275624580055738,0.4242479830473856,0.3125969744967219,0.2920892786233495,0.2859023306947777,-2.6978505699809645,0.038687601872072416,4.0589491719749695,4.286847752004071,377.41983500817463,7.738517243618558,1.818287126591527
living room__21.png,0.30374644370759135,0.3119062036072908,0.3971100771037581,0.34591084326329236,0.20656080981882718,0.27932934397995834,-2.9987350337114855,0.018270323001922276,3.940338628581996,4.242381403038627,395.18688339267896,7.538973741712642,1.7549574735128926
living room__210.png,0.4506131505576328,0.08461225138570896,0.5994455678104574,0.2805827173675163,0.11216296549372647,0.20355451495473806,-2.8640245873393524,0.018180045631087886,4.12611587487418,4.329174353569271,385.87570528930365,7.483839060396806,1.8731186353396077
living room__211.png,0.3253030472678461,0.20108081409347256,0.35884844771241825,0.3516817092872235,0.22684474483181635,0.2340365032447122,-2.6699130922475987,0.017963015902591355,3.4032111475183533,3.86617946081905,339.86760284187784,7.2413491902823175,1.5059641560744939
living room__212.png,0.31958146558551154,0.20412793594571557,0.45087122140522873,0.22126468433510096,0.1307749823575839,0.2152013129793844,-2.9393276195086933,0.008295573468408717,4.078991753406772,4.355694246329982,313.5503601776261,7.556493599904785,1.7147294932009953
living room__213.png,0.10637509914335204,0.42910214179079237,0.40580344924428097,0.09608531899396319,0.236799154445847,0.2627497331821262,-2.7641682145336,0.02395214002107174,3.543471259327325,3.989120084195037,427.2888312087217,7.66681013921241,1.6497437159876125
living room__214.png,0.24506299542122206,0.3071184333257234,0.5957039547589869,0.27253461316312144,0.24348529846330447,0.2583731013200165,-2.9320959282917674,0.008029166640405398,3.546387464383818,3.9831039346255612,504.5741164202357,7.8113834180551205,1.8222271803297336
living room__215.png,0.40528746258659987,0.22341381281854533,0.5051023539624183,0.3403157804185915,0.19454254382800623,0.24689246282837105,-2.7430574608182763,0.010594078751175955,4.160015638194425,4.396235789527745,408.1628075105823,7.603708600988558,1.8007505372344688
living room__216.png,0.13834235115037885,0.20761147644245107,0.5093718469158496,0.1241563199297578,0.1508559144317786,0.22801924371315668,-2.753866845694288,0.007216773730470291,4.017185416823643,4.245710274331624,282.02399675447583,7.70280935867124,1.7847645434575898
living room__217.png,0.18993690970471694,0.39827121201021337,0.5011352507148694,0.2681204075529965,0.21085697646040896,0.24144448228449392,-2.7801597144057686,0.010685169353087904,3.9315131810413058,4.22295132826509,390.4374719020356,7.748209617020367,1.672680973340125
living room__218.png,0.3397087724817072,0.18442018914938807,0.5174744944852939,0.25872261437934424,0.16034516585161254,0.263514170121212,-3.064788409236953,0.023977344638950574,3.9191298977219757,4.272305707262815,373.5385372566015,7.73632663225865,1.7933492294580577
living room__219.png,0.16952817835459583,0.3293224134328231,0.619970894607843,0.20746907808349924,0.2390274905092665,0.2707901152818027,-2.8833089382819113,0.008977511334909611,4.085544492917313,4.313321339258916,402.8095394741615,7.8127461682831285,1.8302878007964924
living room__22.png,0.17954514902945165,0.38581168099455887,0.5287830244076798,0.14415014333689552,0.23360973536722135,0.2685763734409236,-2.886206955122032,0.006121487430563494,4.333899750474064,4.421500733149947,342.09622608663375,7.596834089095831,1.8076923073677746
living room__220.png,0.20564866549086072,0.35380618337279973,0.6796228681576796,0.30532315905500973,0.21042117049077555,0.2780682817748684,-2.964824997387951,0.00818638104655381,3.799840489965133,4.192188230818766,521.7062018275246,7.601552940938945,1.8548367419667702
living room__221.png,0.40509082542056035,0.24187724542872843,0.5072494127859477,0.26205354261560915,0.25262389964349796,0.23544714165482225,-2.7980925625956994,0.016700663651788728,3.6464600215967184,4.034256497338216,353.55532765672575,7.600124408799005,1.7877198933300165
living room__222.png,0.18879297827117406,0.33121650571315225,0.5381431398080064,0.24754975211030905,0.2183564430483074,0.2596893934250606,-2.759773150313513,0.00597172782319678,3.9576588730234157,4.261959918765757,393.2625630261286,7.873236335603074,1.796028031227897
living room__223.png,0.17165023550829306,0.5296338071229655,0.2869909492442812,0.12202578083674448,0.21529307757958535,0.21179797492284014,-2.6414889612022887,0.010357646056004517,3.97272009326414,4.276820512143862,295.1015729507312,7.256076089268474,1.3487424321699386
living room__224.png,0.0930392732805966,0.342594457289218,0.5834970001021241,0.05090212877210866,0.19396353195949068,0.2902746896400432,-2.810403010104612,0.005897361764780962,4.14272676673717,4.332867914109805,478.3193703178135,7.6000665649607555,1.845603337407248
living room__225.png,0.15074305216149492,0.25808875960210975,0.5067506893382353,0.22210124770460307,0.21049949179245114,0.23377950376826465,-2.920709367944117,0.01668337801672541,4.041169355107595,4.319572682472823,273.9782239272395,7.4681454214993614,1.7723208419440017
living room__226.png,0.13660361844727756,0.42559294269223824,0.4440670828227125,0.13809400006891032,0.21110061893358126,0.2233699531958848,-2.7723029980602973,0.006793901336543529,4.280115200899749,4.368685251415708,287.4595193287803,7.5082352882122105,1.624306656408279
living room__227.png,0.2736697551897881,0.4568600811701799,0.49827150990604574,0.24878768861217254,0.37236835030951304,0.2486437932422358,-2.9312487973180406,0.009762959491573428,3.9532108010592864,4.269636002264561,401.7174589845436,7.7941248488705925,1.6983706410370458
living room__228.png,0.16314005711351282,0.3060472636313815,0.7602517361111112,0.22326237675700147,0.16523541157964525,0.25868568715766577,-2.823881936441893,0.013283520276099308,4.069455322478941,4.316085576675055,400.68497174405707,7.508262292348623,1.8788925744804945
living room__229.png,0.07931002059121067,0.5691073887059295,0.4229828941993464,0.11254830183105792,0.2119787169024462,0.21382404771535674,-2.9781742458116973,0.006303188297729479,4.356176618877001,4.39961251294425,287.4188673730815,7.468069298662036,1.4767408640398856
living room__23.png,0.26207536808363313,0.5518007166785484,0.597413947610294,0.3717895666157392,0.3601414516334051,0.2895040494195395,-2.8607588848219407,0.015169602693900304,3.840033938940253,4.169076219853634,600.5572065785881,7.7461168593607415,1.7833749236386183
living room__230.png,0.45564733198528795,0.4045128631381612,0.3548078022875816,0.3815958944582136,0.2114390450993391,0.274622974390496,-2.758616999171158,0.005737148719887463,3.917084748689444,4.2211093078845465,352.273920418863,7.423545024512419,1.590645248878565
living room__231.png,0.14800872217516475,0.19575172793378082,0.6293500944648693,0.16831351624787583,0.16895280349867398,0.22615764168504104,-2.701826482649659,0.00909532740996047,4.191013556698281,4.360976873359142,373.89603788915105,7.0940206085818485,1.8747179364065112
living room__232.png,0.11730935712885537,0.23404519328140702,0.5923466733047384,0.13560993779372263,0.18710786075840016,0.18632874507619973,-2.692672309959252,0.014065293403619165,4.037705573917423,4.306001045558142,313.0267428497571,6.896132051128558,1.8690070117089004
living room__233.png,0.09158041353607634,0.6079602753431654,0.667638799530229,0.08562274240866706,0.2659734575909606,0.23219212300627728,-2.8160444183120346,0.004903256554058639,3.958417845780547,4.247152503351098,279.62528453304475,7.526836326983842,1.7991534375454965
living room__234.png,0.1443870424351967,0.2871168677935649,0.6050124463848036,0.15919477946194277,0.23432799541704322,0.19249730991209493,-2.5976832017761087,0.008327763282123517,3.9610765800170524,4.306472897424283,383.3392484336297,7.315164257478127,1.866482031221993
living room__235.png,0.11005060212164862,0.6559102569720424,0.6414188495710785,0.09966939385262313,0.19022012224760526,0.24046624425405433,-2.9266174349725724,0.010376289030334952,4.063340880359278,4.198679080121526,383.91112320616713,7.3968923781334786,1.8404248709967086
living room__236.png,0.1273292430508471,0.18664490672187328,0.6940823759191177,0.12504170886465749,0.16838497138412364,0.1516211386799615,-2.7012623993803175,0.003325523527939914,4.405895460216419,4.453323114241984,305.7707475015931,7.118743707586213,1.9108538303168392
living room__237.png,0.1330017174544416,0.36008267275792616,0.626228311376634,0.1674606566711168,0.2272414607086382,0.23980143055293146,-2.8180275329602162,0.010931808614222268,4.061504836152173,4.1830461371927665,455.5766134714803,7.7085330332093225,1.813486884426765
living room__238.png,0.11184581061501556,0.26884519849916494,0.6213785615808823,0.15484759202571777,0.15276488925699205,0.19759546701453468,-2.588088016175894,0.013730619227621935,4.292430168096083,4.467971845054788,394.41199944011726,7.455846392170623,1.8862993857017334
living room__239.png,0.19628093675833133,0.2837258902160251,0.4056682240604576,0.2294374447180874,0.22301341735704985,0.2681988933060017,-2.96017382891113,0.014537362626316636,3.7754858889590563,4.068767662044052,335.21991243916693,7.565471510566713,1.7045555499204343
living room__24.png,0.22706099440337812,0.23572223925358618,0.5188525965073532,0.3448301863572321,0.23476590574729306,0.2771514718148536,-2.8948688346866964,0.014460782165544429,4.179352697232262,4.387557518463169,300.4432591397727,7.694414980351739,1.7686794876738137
living room__240.png,0.346932745760454,0.10049554181274077,0.5323773233251634,0.32571798170826577,0.11448541382317062,0.30280655292672265,-2.7393737830699383,0.008402160603189308,4.225424166202107,4.412393671325351,357.06910292215423,7.616673192175983,1.8198695045655857
living room__241.png,0.23015047086170357,0.28609595649388975,0.43248484732434644,0.22153627451656227,0.2500023719872571,0.25440072019212073,-2.5206959610775237,0.04362398008462756,3.2485077884568114,3.6848979258492993,409.5647201568305,7.76382236643481,1.7113012598317567
living room__242.png,0.26598343341820124,0.2017476159415463,0.654198491115196,0.1960318197962922,0.2239837419211565,0.25962181576795273,-2.6050639365128014,0.026162174053761977,3.8290903311703737,4.187882375141928,476.8299445738709,7.790407603541064,1.8784635809561823
living room__243.png,0.25993883330939155,0.21328343159232113,0.5715892054738563,0.27071731295615326,0.21281185400517635,0.25967894927313945,-2.6810387866211713,0.009436896460172355,4.012212353051154,4.266961767306955,694.5292085949159,7.722976106481973,1.860908417472831
living room__244.png,0.2898899390784739,0.4048177285026168,0.574003178615196,0.3946181014830336,0.23106808728989964,0.2812268986819292,-2.9007000219328507,0.005236699374677755,3.8945388533840912,4.231002323534609,546.0411672632569,7.837491620284695,1.8023385562394754
living room__245.png,0.38686599690877105,0.14138338501476264,0.45169808261846406,0.34929136773515546,0.14503873672163198,0.19885547815986931,-2.925549819726154,0.00404801108999731,4.149802071768097,4.256072457215998,322.4738386608737,7.539504127779621,1.7376501026329045
living room__246.png,0.2509092965539874,0.2852518291682416,0.46450324244281027,0.29816250205873235,0.24248012872255445,0.25830106353892657,-2.9307697441479634,0.008096830655436585,4.049071252885396,4.304520709602953,444.2450554213391,7.731087147688312,1.6639344860617253
living room__247.png,0.14589642740339787,0.3751327106907821,0.5178615579044117,0.2672548020569716,0.21641983016283203,0.3004719127879803,-2.885140737838145,0.017280512796940282,4.045106905511356,4.321290915083313,320.9992659110173,7.594207498597032,1.7541878167537515
living room__248.png,0.251935407312294,0.1992802753806286,0.44482794628267974,0.2645744164957269,0.1945220425576154,0.2335078277912176,-2.957792160527271,0.007522196433036603,3.9453518912891585,4.217378959289785,312.5298373950704,7.391126626243962,1.7436495454256025
living room__249.png,0.20418984788093805,0.37510624539861054,0.39639910130718964,0.23906778079711055,0.31657441289128146,0.3013928783150421,-2.812778879312796,0.007883022830864648,3.8470021858305143,4.193426254623625,524.1593143167983,7.538306918817538,1.6881738584604502
living room__25.png,0.1660643651550257,0.40738295318279905,0.5643376608455882,0.1969545102311876,0.25617349277756507,0.23076430716424925,-2.8075795846570224,0.016029446261067545,3.962656881562097,4.325364843110569,446.59551361717985,7.773084874276959,1.7981152126787676
living room__250.png,0.25852743232242065,0.21950220404524656,0.5863586345996731,0.22612272682706694,0.23004929399232357,0.16305443329592967,-2.5256094851438022,0.008312022908817043,3.909483986168979,4.212882454098027,409.8175714796625,7.356230755732904,1.8786782153044594
living room__251.png,0.3049085193590752,0.30551545914197487,0.5746833256740196,0.32204702551560044,0.2709653837465794,0.23667560495890969,-2.4708030292095406,0.01022635608481608,4.153358139656815,4.3905821263033165,346.80752337712124,7.708719184282736,1.8209198370109352
living room__252.png,0.21952587223855805,0.14254430165965226,0.7168869485294117,0.1873091070982144,0.18061889918860066,0.157260444312224,-2.450298992894992,0.018728090333133593,4.027290066161643,4.3084750588732215,295.94079985868547,7.129829973154679,1.920168410687569
living room__253.png,0.10951077307547905,0.45509634535108917,0.5940314925449348,0.12663636581315366,0.27528252107070605,0.24951942224201706,-2.621106555519534,0.003227306604476186,4.257697455690332,4.427187493109608,392.4304285663022,7.866231559393629,1.8133074721253848
living room__254.png,0.09423313832386412,0.6876877481471203,0.542020041870915,0.019442653277722412,0.09409591392441893,0.2727799655159254,-2.879380305639264,0.006938148675699441,4.2170806047159095,4.338110457118288,252.80945969692934,7.388857157071632,1.7789634998509267
living room__255.png,0.1134437259709578,0.4343475220216928,0.5561321359272876,0.1760898201436058,0.2639190242008314,0.18176454589138658,-2.7888115577851376,0.005691528274062975,4.077671857365707,4.30826094067175,386.6614907589345,7.468864918954439,1.7789634998509267
living room__256.png,0.2255506365292329,0.08520289049444293,0.5168112872753267,0.2945285388847546,0.0835154155694632,0.19428918266773987,-2.5437730444897393,0.014309376302875819,4.045715576590583,4.28884706509613,357.40265311102155,7.450620100959636,1.8490314331903661
living room__257.png,0.2300671099577229,0.32677827899577017,0.48340396497140525,0.2492468330239712,0.22139792862271665,0.2541044998893659,-2.6485331342553367,0.015572061193423345,4.1036055892711545,4.288458510661182,357.88901313000275,7.6731498007293055,1.7701414777922682
living room__258.png,0.16678955924322736,0.4976240958839248,0.4921163832720588,0.19289398005388125,0.2551038737794608,0.25104506785183717,-2.887711996434022,0.009287020059472732,4.13165216170297,4.361874170562791,486.3309120779652,7.796046833484407,1.7286510072369172
living room__259.png,0.34651159514468505,0.11821360306271754,0.43161035794526137,0.23993697277214748,0.1691184539929582,0.250523999031985,-2.7907267476834043,0.009881321998736252,3.324432079915981,3.843711647288065,427.3378629130876,7.71832844321588,1.699437346230757
living room__26.png,0.14690593237757743,0.49887060725259746,0.6428895016339867,0.20424480296479638,0.2615650084941598,0.25227770024958385,-2.712676633303475,0.009202860856776749,4.035143368112257,4.302367066890887,415.3519433308525,7.616583678253828,1.847760687779671
living room__260.png,0.1825480825246274,0.31712909112239074,0.5221293402777776,0.2371083049710926,0.2648860746057833,0.2948093043222135,-3.001380833651615,0.012072449560755287,3.7923931664723574,4.1716754052426825,449.7251193737728,7.378253725219453,1.7369496516924703
living room__261.png,0.10358130955479715,0.652106008409556,0.488103502859477,0.1511093373252937,0.15382344864228814,0.2712759989457072,-2.9019974507061828,0.007263989909225435,4.087539088612143,4.346850671859139,338.2704390859125,7.675160944490999,1.6781771261033385
living room__262.png,0.18483290024551768,0.24956780136705434,0.6018471711601308,0.1806560721559806,0.22333631877706556,0.23350548254198666,-2.961023050101544,0.015475736322180071,4.331650083996323,4.44943809149831,425.3729495642985,7.630755115483299,1.8354007762135833
living room__263.png,0.1351560781167632,0.4405979554056043,0.47863525071486906,0.1542139925675357,0.2521278294828334,0.2627670693181002,-2.8489074766721205,0.013509312230306506,3.974029305274663,4.297967111817781,363.09591681188425,7.680746560707966,1.6349851279934111
living room__264.png,0.09129598267508993,0.4031843676339233,0.5792395067401961,0.059900327618170844,0.22159195419355077,0.18914946623847131,-2.7088127646539824,0.012931061936437902,3.972201318180257,4.260367771609657,265.40249252842074,7.410615168320501,1.7998121998913614
living room__265.png,0.1933352433479865,0.20721297317675844,0.4187322303921568,0.22571003031992837,0.1765907532483714,0.2747384962543019,-2.808302359210688,0.008520208342141625,4.084373322509023,4.3228588766377944,308.6647588614263,7.591330033455603,1.65708049587342
living room__266.png,0.36041159244718884,0.4902148321952684,0.5176844235089868,0.3516135365833659,0.3222719198928484,0.21227672464850258,-2.8863785828144404,0.01770231425090445,4.1604879001251565,4.410491878047437,396.6765525869235,7.7301653109781,1.7296116335315765
living room__267.png,0.1805334969729546,0.2557041403001773,0.5371732536764705,0.17849247580825228,0.22027684973682024,0.1875863529889489,-2.7516617111648283,0.016839119097502856,4.05133575782825,4.303874144439953,286.15097931393376,7.59157945721713,1.7889911890851942
living room__268.png,0.3862152983443435,0.3275128743208566,0.38821243106617653,0.4222221156098261,0.16512660365069676,0.23996701935703055,-2.7309402653462653,0.012334620780063171,3.761590240203165,4.1124352784439475,272.7993735931041,7.340430644007959,1.5005000608774015
living room__269.png,0.1434497402370459,0.6737501806821518,0.412646599264706,0.19122945575397393,0.21626177256283372,0.27863899470832415,-2.7033125846713366,0.008471763159186659,3.926141537059425,4.180003238048647,284.79917037495994,7.377104222647054,1.5527530681376263
living room__27.png,0.1117264656638513,0.419251488879232,0.3509247217116013,0.10880692669428439,0.20438100696445194,0.1921947786111981,-2.7273106828202467,0.028455948039009533,3.6854937765588245,4.032095153509596,289.98154266582975,7.317584300408681,1.4665416049131177
living room__270.png,0.16612014152317434,0.44458111637464093,0.3469679074754902,0.11503505289939452,0.24452005196911072,0.20111776536314385,-2.7559054205942797,0.004789844060506443,3.954565561569831,4.2503287120551425,301.1321394941245,7.256295347250345,1.409606541965804
living room__271.png,0.19692857743732192,0.22817143714430324,0.491394020629085,0.2699893501839319,0.1833292250666904,0.32531195269352453,-2.7731257327396563,0.014904692893683853,3.9378462292369982,4.173746227326001,317.6617744410017,7.702946959832203,1.734485071512546
living room__272.png,0.22923339238771703,0.14222826787016304,0.6716724111519607,0.2781622688891192,0.16482814329310844,0.19999378007006652,-2.663918697046477,0.013130915404168627,4.169849650980903,4.3962713047258,280.82330820362336,7.341282943502514,1.873774095618576
living room__273.png,0.3112708144657798,0.15341190347292324,0.5750358966503268,0.28075032160577756,0.18270603607355967,0.2211073296380754,-2.963194529493205,0.004475444725729637,3.872344062186972,4.194223071849776,419.0357769935861,7.706774583905704,1.8294410958097647
living room__274.png,0.18377225022546814,0.21025317066740098,0.4903518305759803,0.26636921951370135,0.15641396237908167,0.22930304809228155,-2.8968655221797737,0.009665199141734903,4.109899054092801,4.309336945822463,336.0059661226317,7.756532892457394,1.7553962356517736
living room__275.png,0.3447043679986497,0.2891695071332311,0.4130544704861112,0.27800049837063795,0.19820309642549325,0.27536499169013967,-2.902178690563016,0.01448485676216693,3.939627315433161,4.25481440672469,356.07013978461464,7.4671770094026675,1.638951323094549
living room__276.png,0.25203594454412376,0.24688999794892358,0.7113851613562091,0.23667758628459523,0.2128160935833981,0.17207100066866607,-2.7008424077287976,0.012900138349402358,3.856750268907557,4.167971772563268,414.63309183496017,7.36088861521931,1.9073142897759616
living room__277.png,0.13339514155450344,0.5321994957782058,0.5439914088031046,0.1802069249952486,0.2712207259174741,0.18130477947015214,-2.964198493875258,0.02379906323292612,4.100285837702289,4.296665998759863,365.13832463005883,7.391454918397435,1.7263566210882868
living room__278.png,0.25647194180318156,0.2863564601933208,0.5186053155637256,0.25051821614616737,0.24071610546041614,0.22259670123108355,-2.7398903772523786,0.011846207791695717,4.027980014507388,4.294984149397188,363.01643778048793,7.689348451485404,1.8059493663908703
living room__279.png,0.20260049924026602,0.3573426142766261,0.5279901960784315,0.2158568037501818,0.30711306781180636,0.19985808464222854,-2.7793054984791055,0.012041018180183603,3.9204057103002645,4.260762289493593,402.22568916332625,7.607348754782601,1.8024318396293038
living room__28.png,0.3097847682974209,0.24429896847861202,0.5554997063929739,0.31831156408124817,0.19613317375373307,0.23495036022005417,-2.723379773098324,0.011539207351439823,4.161850823831028,4.349752907832322,407.3487219813779,7.795520968437817,1.8076009501836363
living room__280.png,0.1210173298977309,0.4505803363296106,0.7019398233251634,0.1375772610437429,0.19712092003636747,0.18568577807230166,-2.8689821435703413,0.005367086521185692,4.046185498258947,4.333452440600278,390.54243630576707,7.356162668282972,1.8890029529732968
living room__281.png,0.30870725499101787,0.42651584681380933,0.37539836090686274,0.3292615017031819,0.3156443952310581,0.22904763044407003,-2.792208746488264,0.013522396908662807,3.444165356050105,4.000246063605673,520.0264099856494,7.242319425398956,1.5705579504300307
living room__282.png,0.13721163942999035,0.2086252159210291,0.7018984630310459,0.17141085335832873,0.21034710461074527,0.272597301373031,-2.698721508902492,0.007230213340247236,4.059500871184367,4.313413893933776,352.53686374403634,7.666267267091068,1.8596888540990324
living room__283.png,0.291449612391023,0.17215958363832076,0.47469518484477113,0.25023212241248655,0.18999558897742472,0.22262748568071547,-2.7942708442918844,0.009098827613448596,3.830064961112286,4.1633129518841505,321.062569825981,7.251785440786568,1.8136660215559037
living room__284.png,0.13700053308061197,0.2757360440935852,0.5965299479166667,0.08795382011201763,0.19677875787081006,0.22615686977689972,-2.8063635983349937,0.030504932298282144,4.271492866548052,4.430207870332495,488.63071699806295,7.671926151363562,1.8653607043383675
living room__285.png,0.2983612345337946,0.2619821308666765,0.6122577614379082,0.34576571198990486,0.23662986706996403,0.21904863312310313,-2.66619668262024,0.005950432664459893,3.7926817456604,4.128348394972178,367.5506995110994,7.505855390826512,1.8213562601857642
living room__286.png,0.33364605418794685,0.13738823252673854,0.47418529156454253,0.27664782297923723,0.10186954297630013,0.32549966575895983,-2.6346108395282477,0.006849141005476207,3.927197467330008,4.195052538579743,436.40723231844106,7.648002296404214,1.748966698645798
living room__287.png,0.2913656880513421,0.5152601397495823,0.3698427925857843,0.2587798169760412,0.38252229245221975,0.28787171824320834,-2.873584802873934,0.014195312971607746,3.829467902941407,4.23269807383551,461.4145033796034,7.447997907365467,1.5921935054946927
living room__288.png,0.38990577219300704,0.3173505189298543,0.5838412096609477,0.33178035818913304,0.27683548126183477,0.2806051576214185,-2.955314311867107,0.01029239441419351,4.180856083387962,4.405689759593193,520.0479794934889,7.878145032748863,1.8076923073677744
living room__289.png,0.11286644626256255,0.3507591869181983,0.660731081495098,0.06887319099345635,0.1978712646129168,0.23305234940075123,-2.8289799096087784,0.027799356805113133,4.127169096186352,4.358963306878104,485.2606617607568,7.65741860139003,1.879321017660324
living room__29.png,0.12896339316830877,0.12571410229594873,0.5327213541666669,0.16167982632783848,0.1869719448192421,0.23980021199571253,-3.0621392480302054,0.007892533981175424,3.961985723263516,4.162178508543572,216.55341359525764,7.2896093066798375,1.8156302010148777
living room__290.png,0.1832873136339483,0.27201478105934246,0.43895118464052285,0.28164139360919116,0.20922327538874205,0.17933885617222908,-2.4991859203515814,0.010836511352525962,3.5308917862343776,4.072766678366259,426.8489197070584,7.437692694129613,1.7427345977230124
living room__291.png,0.2177827475720757,0.37032749177889324,0.5316003880718954,0.24532745573930784,0.19970056144550974,0.1795451840172378,-2.6897908302477678,0.00402478402793896,4.201600068882202,4.388231010090922,350.6175008493257,7.37657270912862,1.7992475464520485
living room__292.png,0.268687422091789,0.3441711276824922,0.5793098830678105,0.3180352068385305,0.2579754213858343,0.2321027947998388,-2.7683723576392114,0.004796762803084385,4.150394437919214,4.387118020356248,332.63563314174127,7.719613840353532,1.8086966860488132
living room__293.png,0.14278667971760511,0.29588295138230436,0.4929351766748367,0.15997176250546213,0.128696447129136,0.22033837715793336,-2.864013908048142,0.01680732339899994,3.722608754246152,4.095624510424682,415.14848452989304,7.597916069316037,1.783275448873359
living room__294.png,0.18604465819318097,0.3482415546427805,0.44397723907271247,0.17433199187785314,0.23144540526752905,0.23611773941022945,-2.638625961095747,0.0059018537948735085,4.0179749783593905,4.2255010741743675,275.19670988402487,7.6634044132958525,1.6558446973373802
living room__295.png,0.387481807825368,0.2978333214951607,0.6347892412173199,0.3302930895217544,0.25388633629433977,0.24932641460854393,-2.7031603486843157,0.01157821508541712,4.163772814481484,4.398533666108963,422.5792175057104,7.775488499271559,1.840914127241883
living room__296.png,0.24169638946164743,0.20794208674222112,0.6118812295751638,0.2543546374738133,0.1671679234150866,0.19077732034407052,-2.648569001024466,0.005705233193652088,4.121425638558955,4.333142265041919,284.1464459034242,7.427369280308579,1.8625008392337001
living room__297.png,0.13223689043730158,0.3625228973491344,0.6793595537173204,0.13097719237543187,0.2993078562653047,0.20994038888947059,-2.6554206643193683,0.00908290202128181,3.972804685152763,4.271710766865149,571.9590555808434,7.687299801684277,1.8933853460895225
living room__298.png,0.19300242838554812,0.16821815741747095,0.6750877374387254,0.10976667418210367,0.13309945550758165,0.1854747468556714,-2.8487526914327628,0.021290296560493607,4.104962155406942,4.356589751233692,358.7822953833364,7.375862223563125,1.9004338830524836
living room__299.png,0.23548643070094474,0.38930522785781074,0.5714447125204247,0.19720557692623178,0.3527154696810259,0.24584558027094458,-2.6486722543723524,0.02241872157757355,3.4851982347667354,3.8878212631429143,538.2934696614649,7.342345971785774,1.7975475323447998
living room__3.png,0.23533118363241154,0.4687673003295233,0.6574806474673203,0.33395984584563226,0.24529274382562663,0.29672621596478405,-2.621003364479152,0.003143643488132037,4.177153613075221,4.36160823022116,442.8064487639813,7.900399211203953,1.8041035109956902
living room__30.png,0.25515207596640455,0.12984500355557294,0.4689757199754903,0.2677566596152106,0.12262645336449111,0.2509588922129348,-2.934417351407569,0.010184329529074557,4.151428860173571,4.350406023607908,286.36536297981434,7.519292606406483,1.6690071487454539
living room__31.png,0.26231890144077563,0.14800624915346058,0.3927906964869281,0.21102497056439107,0.12811767872363297,0.24064780669147648,-2.85855871895924,0.016906984978702015,3.749928161778125,4.090510358512611,291.77953578301464,7.308091952214362,1.5314041049623621
living room__32.png,0.402070324748331,0.18856973029972277,0.5970905075571895,0.28405656238881105,0.14636668315123377,0.22145360542054238,-2.9380428831487135,0.005425384470950876,3.9801796865586683,4.238184957022973,255.6556421618765,7.6232126173137615,1.8092429029479535
living room__33.png,0.2742765987529172,0.1529822712129944,0.6437385493259803,0.26199519230353957,0.21936796514362167,0.19253489546783317,-2.5901901854071627,0.006341448172722175,4.175775891091914,4.352238877347317,272.1672639297841,7.4791468780200585,1.8925686348771051
living room__34.png,0.13050914520837362,0.4321628508794373,0.46508482689950986,0.12454345385787424,0.22013622043287026,0.2586954467128738,-2.9366074135104636,0.035687951484826064,4.06130432862645,4.310159983240324,311.1069557342395,7.559905324211773,1.71948639573774
living room__35.png,0.34711476191286744,0.1851417171511931,0.6112045036764704,0.2909119955748644,0.25271650530288964,0.18481172145706906,-2.6521656273950587,0.00632466433546043,4.113194464205635,4.327469603909374,293.3547466539319,7.3739112436394505,1.8828666119905115
living room__36.png,0.19844976922526292,0.28387641535495967,0.655613996119281,0.18485497192307548,0.20599393760545667,0.1947651301043562,-2.4727366082571147,0.006753284616834955,4.161684510752103,4.369365691115489,266.6484491856731,7.24081853492936,1.8928410553960717
living room__37.png,0.20711602841367732,0.3263124755497704,0.476061146854575,0.2621996448202655,0.21237149133158328,0.2643853176153171,-2.569453963896925,0.010316532746796963,4.207378432994245,4.316675546105848,450.6754320474962,7.764237485871353,1.7950740090670305
living room__38.png,0.3189530840089326,0.23908653777839695,0.4526130387050655,0.23816294137144806,0.2076608420656439,0.3147036258403027,-2.753066900105816,0.014429142248759439,3.8365421555141417,4.223419051155299,451.08269134479644,7.616007092327621,1.76296993883741
living room__39.png,0.11720849816515333,0.42439570426705825,0.6288325291053921,0.21714722656590382,0.31766295363440034,0.27123305000106096,-2.798448696852354,0.003996179469117543,4.197634494024064,4.314707881798286,254.28220328949388,7.270366068922352,1.777139245476695
living room__4.png,0.1825871361884229,0.509582061007782,0.47396140982434665,0.2600616511966384,0.2783776772001986,0.2464180946734763,-2.515704222317713,0.007551258924288409,4.234862573496412,4.436689005043983,392.34338208423736,7.710379412661229,1.715233883919446
living room__40.png,0.3077824850164588,0.24029166194076584,0.6225503472222222,0.29068902711187333,0.2184610008808066,0.19122561401798335,-2.8729485695299433,0.010242667566116753,4.106648179182905,4.381394347352951,338.9616277775501,7.6389338738420065,1.8647611040243994
living room__41.png,0.1519371791292387,0.4773452781154065,0.6708865272671571,0.20981245151475128,0.21606270814216091,0.1707176191808646,-2.5283357919921534,0.0075185731582257725,4.22442215095941,4.354095653357212,232.54900951765654,7.251559217632998,1.872096370462879
living room__42.png,0.11794186388404872,0.36776169050499224,0.5651314593545751,0.15076625117292566,0.24176142814588036,0.200988270769706,-2.7633060460943657,0.023261925424856073,3.6184497199958754,3.9903806524393493,331.2792356374662,7.658505355848635,1.7965987384565199
living room__43.png,0.277278666313321,0.31810233112286446,0.6254610268586601,0.23271588376126076,0.23659974031709183,0.21163687058454644,-2.813863423758295,0.005677029304475834,4.099416685478859,4.366366373435142,354.93011164135754,7.677038290558927,1.846003988190698
living room__44.png,0.20586367145350867,0.4775041427260292,0.5141709431168301,0.2578980509228824,0.2649164476516357,0.22364062300697318,-2.5560000722353737,0.004008834119074253,4.219731000871827,4.405441258975036,414.6486162171286,7.6500701760380085,1.7927719180956412
living room__45.png,0.12586908938378363,0.3882039062597943,0.49518225337009814,0.201691524670836,0.22583082124863407,0.18552367392449193,-2.4038322737112248,0.010323871130582373,4.082316600211231,4.352647231449272,390.9503336992114,7.552252228251068,1.8006567035001582
living room__46.png,0.30507934665154596,0.22946737227955244,0.5967181627859478,0.3002408499322019,0.2815460340917048,0.19342377504739874,-2.5810327012177265,0.006379806497053184,4.082163648131311,4.309417699804857,241.67943612895402,7.315248097762681,1.8586176085633386
living room__47.png,0.1320369283098431,0.37754526127993965,0.6153191253063727,0.1344028204133319,0.29063726396343714,0.21579916324784337,-2.6103886120376405,0.009519567817362747,4.153743535819484,4.36075588504319,367.1946912435962,7.604909295742562,1.8434300270448247
living room__48.png,0.19002825289995276,0.42871275881621046,0.49672759650735315,0.14222138469555579,0.25483516532065603,0.2516731077221002,-2.8076797029919365,0.0067225378412744405,3.885487494492549,4.225275879838953,456.4870756687077,7.6709202844271225,1.7755078868436704
living room__49.png,0.28824501174060674,0.2922968154203786,0.4326847043504903,0.28207253164963186,0.23716619366239114,0.21190986818785912,-2.7214932770014477,0.005483842392689167,4.003879044206562,4.2834098612456755,434.41457184858086,7.50015095863098,1.7381159692375614
living room__5.png,0.29341491139313197,0.2760705206252382,0.6411667943218956,0.2452325622861455,0.2326714348775274,0.1868164531760822,-2.9326828889016685,0.012883970485035248,3.9013676538537423,4.283514214734907,324.9219625620791,7.588153662769,1.8632561870362896
living room__50.png,0.2329629874676005,0.22461421810893645,0.6786530458537583,0.30362215627897926,0.30183790798730287,0.22965926503925202,-2.962370624004824,0.004675436467025409,4.035815987380663,4.219966026443329,370.1857634084093,7.398718872414753,1.860222963419552
living room__51.png,0.4230833130676568,0.3122855507808136,0.4018367161968953,0.35342072976997513,0.22507802952004144,0.2791653693114213,-2.6517916012648257,0.006126553170150369,4.301724137670877,4.439063653138268,409.4813543161405,7.5991259399817555,1.635483877680913
living room__52.png,0.20812824045123643,0.41073151920236256,0.4759843111723856,0.2430313913080289,0.22974518279837558,0.24881505839686352,-2.597360364407668,0.012210979531921268,4.193767045171858,4.42987809370062,425.93707266630463,7.61873168547573,1.7542978856503038
living room__53.png,0.24965125291744455,0.2966048572683074,0.4309298406862744,0.23341744052176966,0.19017081055974763,0.2519331894993857,-2.6256302150088864,0.022921281313099805,4.284039872312241,4.429416059699205,347.7377743597491,7.543702887001431,1.7096359174269218
living room__54.png,0.196687515794673,0.477907693279869,0.39814130157271244,0.26415242626936003,0.2600456286915231,0.2876066276340156,-2.9518625337045354,0.016912192895504895,4.016700821034747,4.175012050469538,336.65522086845414,7.4961390150726945,1.5879158154163122
living room__55.png,0.2374597182643611,0.24947892078761227,0.6508144275939542,0.23801637605275344,0.2323721422026766,0.20029615172065807,-2.654785845002553,0.016428852337205653,3.7282704185146804,4.085719369561054,359.4982712223184,7.719190493405725,1.871216919979427
living room__56.png,0.23231967612549184,0.2799351716982091,0.5307435661764706,0.287250381123592,0.23715841852385489,0.2181212193508804,-2.604102462736198,0.002627650648425883,3.933003581033519,4.2375933333707065,341.8028324609932,7.678795706448744,1.7749962040608236
living room__57.png,0.1636475971682956,0.3866045377586807,0.4424408062704248,0.1786566802416514,0.23033987310907109,0.24366514442053744,-2.6989933550107046,0.016325139425987553,4.2331551085269155,4.392142009708058,403.66715181050904,7.678254284554487,1.6489520454491609
living room__58.png,0.10177082838664915,0.583353301539754,0.46067038143382355,0.15111236715504364,0.2563401489124686,0.2652347894212538,-2.785151925338513,0.0098017159799799,4.055478673733383,4.3182598687155975,371.27452669996893,7.686186198623831,1.656617656163418
living room__59.png,0.1439354105933787,0.2362595208320225,0.5361897722630719,0.24163511650112857,0.26832728477369566,0.2336990254653125,-2.992722930697215,0.009642560278171055,3.696297418781108,4.035440132527777,425.01546828929685,7.378873511572303,1.8303725538468378
living room__6.png,0.17098118772982757,0.22981114994774282,0.5279036841299019,0.22391640978968116,0.16502988880199798,0.25578088028767537,-2.7824241076192253,0.015112441257594584,3.7234903457899313,4.145195578716904,373.89150212310466,7.621309412393639,1.7869346893392373
living room__60.png,0.15589919770883434,0.29771240308504815,0.6235083869485294,0.18317626777014454,0.28356060136739947,0.21862031226551584,-2.799874590187231,0.006137370772560308,4.238907829060467,4.374850704304107,338.86700629904567,7.608950894421031,1.8634072565968072
living room__61.png,0.23191893894662144,0.17489332072945285,0.5526891084558823,0.26751485344194115,0.15726052291497264,0.22813376575446373,-2.7260476174717434,0.004214739717436021,4.280338236922557,4.431183485570973,495.9340438098002,7.757362107413735,1.8368096580894515
living room__62.png,0.11290597829668743,0.22160392744552282,0.6046056857638888,0.15414121617815563,0.22724510013470073,0.27447107150967975,-2.860336590907276,0.011702809218344256,4.0924043203574385,4.360720248119562,411.151415798852,7.696751139569506,1.8327299544387443
living room__63.png,0.30498143172782666,0.17072268001308444,0.5974983532475492,0.28261544149440226,0.1812728027496065,0.1967886751702817,-2.8153173119024006,0.006982459023590641,4.233025353829763,4.410073709264618,288.4597293383998,7.34501876111436,1.8769567377623826
living room__64.png,0.14774517841256682,0.4064342720844528,0.6420537045547385,0.21692813337136013,0.2951839637539614,0.23847574750027994,-2.8305670522702777,0.0046012456447826495,4.073607221218739,4.3213914394239366,366.66952587341103,7.7199973990443755,1.852183806387621
living room__65.png,0.209926311199738,0.13615688999593906,0.6105013148488562,0.18241318589079483,0.15803314067964377,0.19150580224194444,-2.6026679066929956,0.0035636544842143616,4.10013916906709,4.294628113267283,515.9123273776303,7.548530337333859,1.8968302273793647
living room__66.png,0.143909283650558,0.16732053866226315,0.7217343111723857,0.15397544267540003,0.2203143416408512,0.26466189273850127,-2.921730140508734,0.003984832369124156,4.060736874205636,4.250571793259415,375.1985245006904,7.274707845449664,1.8829370560843048
living room__67.png,0.10231684845773657,0.4992058118149842,0.537077601613562,0.14735412371111764,0.2135223549533747,0.2738043841197222,-2.624666142111546,0.005812460928002849,3.9141967431602804,4.226514520533274,389.2283748872275,7.848124330023242,1.7778501529623014
living room__68.png,0.11265145338180337,0.3821433173110945,0.510633629493464,0.07854512469289567,0.21159777874729316,0.25641525001233073,-2.948037003749555,0.0037526735037392424,3.872630361874443,4.182460767991376,365.6920652789256,7.686081968605005,1.7689934592012289
living room__69.png,0.25402783354281105,0.11081463188677527,0.5665130974264705,0.27640948235443974,0.11534845493845136,0.2658086817988357,-2.724589104065199,0.005673382598406031,3.700488582305045,4.153062549527961,573.3093392818442,7.837892441457617,1.8602991861304148
living room__7.png,0.10495967580271777,0.508013338710218,0.45616067963643786,0.1374739889343851,0.24113232602074464,0.27196881976208076,-2.8503446755326705,0.008012789105944764,4.212614674642758,4.377815796813092,282.9033877203884,7.614898925077277,1.627398216540189
living room__70.png,0.17110509574292615,0.25239860236644035,0.5335748953227124,0.19301005087078632,0.24560314263391478,0.2071817672937353,-2.689415077478264,0.019522797331190306,3.738022619358077,4.159187972670169,435.5859436886014,7.670323524653638,1.8078752969082927
living room__71.png,0.16065458018438722,0.32203293750280293,0.5568084533292483,0.19615739496327686,0.2784639421641457,0.27533945226170875,-2.645357800247135,0.006045691753413967,4.08479159701427,4.369356953721436,423.9799884712858,7.8295631650014545,1.7871311623195827
living room__72.png,0.1856707054260265,0.3653846824616121,0.42544034671160125,0.2164376588534216,0.24958189926325752,0.22445805470675984,-2.6775624258586737,0.005213178146770774,4.109022124056772,4.347043813868939,458.79178912946026,7.683975914576179,1.6737013120111637
living room__73.png,0.23033888479445924,0.2776053309809966,0.45596442248774516,0.26213881171346654,0.1943654624459505,0.24621590216450656,-2.7035720105135086,0.008295173919358667,4.054568971492144,4.343960990776211,310.98899112575134,7.675814548459437,1.734485071512546
living room__74.png,0.15260762095276248,0.24519292502914933,0.374642386642157,0.1707180049368584,0.20208899895230303,0.25983690123794023,-2.93851387425469,0.015534512593312219,3.7729495461965668,4.128781760997769,346.52754324976297,7.606002534120739,1.5789634993013597
living room__75.png,0.2107862534668906,0.498306939599266,0.6226408547794119,0.3028461510797849,0.29696640644980793,0.26247327018786765,-2.870666892489602,0.008390240810780436,4.029881439043018,4.257695244885446,367.38716285464926,7.850418990185746,1.8007505372344688
living room__76.png,0.37690961538503986,0.29415213738327656,0.47493535539215676,0.3625529785821117,0.22016428491509057,0.2841832560791852,-2.781576017725901,0.0124223098671416,4.168525380124784,4.367455698753523,411.30043172240585,7.564079685724453,1.7093789065534726
living room__77.png,0.14595349639122435,0.33693821693305426,0.435639195261438,0.2227036830697762,0.2723166271628351,0.24186802959677967,-2.853257565535363,0.010078374848477938,3.679324843917147,4.003622731116062,368.27385964265494,7.5128068461091475,1.6568954425410916
living room__78.png,0.08183364320086303,0.33114792334236753,0.68015123314951,0.11078320665771393,0.21518692402891726,0.19829493997664727,-2.9162479765646765,0.007482938030708047,3.8897975549889354,4.3017098954727535,413.9004708560308,7.501248927700942,1.877172472799625
living room__79.png,0.1573278663808366,0.604376735457638,0.4101110600490197,0.24198859374640808,0.3040079303357931,0.24608748441447886,-2.8435397370460485,0.006168805537983675,3.9829852722988335,4.29137094884173,447.91628611947726,7.564994615538404,1.605396957566732
living room__8.png,0.1090450838443936,0.6228423960916949,0.7329918300653595,0.10166041064236724,0.30394357915856596,0.27274551618517556,-2.8089079040145863,0.006025975853001416,4.230733835913329,4.408662652609456,463.58601913253153,7.414562187496861,1.8505330481115796
living room__80.png,0.12596057071745742,0.5303917160867561,0.5195904181985292,0.17517748192715296,0.2844416077854361,0.3072374461752877,-2.6606116552382386,0.016756490875985203,3.7930424916550862,4.176782205346697,353.20778608631105,7.834190955971076,1.752421073377968
living room__81.png,0.09676030264458749,0.37256211942697526,0.46331307444852937,0.13511426683562286,0.16957804501179558,0.22546473118562718,-2.9062281291778045,0.004605739484904155,3.9878502998954515,4.266714384396164,335.37910870709,7.574018844891302,1.6648360879106086
living room__82.png,0.17327438835170375,0.33298584506773515,0.43649253216911776,0.22190737411401124,0.1885422028866078,0.25810867309138086,-2.9171725591999333,0.0046034228308715905,4.1344763342227715,4.309118075976035,403.4621982494742,7.4481053527848955,1.6575425100666976
living room__83.png,0.24829994914053033,0.13863407020844734,0.4901014093137255,0.2629116869727402,0.14431185313816766,0.3023310756589473,-3.007923365055736,0.00445787357814372,4.1118963600269325,4.295744811260355,350.2098823595193,7.500855651350878,1.7397409989090342
living room__84.png,0.13162705866486626,0.35210803429742815,0.7072930836397059,0.09888325121353948,0.2506461669891997,0.1450845682344297,-2.81164192110943,0.007136655919626067,4.050427316176872,4.315709292112317,221.9174497301073,7.283614418895094,1.8843429110655179
living room__85.png,0.07993825241146701,0.5362385383074727,0.5000607128267973,0.05517219953258061,0.22753479713893418,0.23704931649475572,-2.9126832220813696,0.006094947075347014,4.144174788155508,4.3042959531276415,309.20205902902626,7.520830209524415,1.6998363459807588
living room__86.png,0.2643807507205088,0.1543012698714282,0.4731915722017974,0.2465134951324148,0.18844418430085336,0.25871399725176325,-3.0352330017836318,0.007670040128798761,3.550027435766488,3.9040325582662954,392.2993451522731,7.732409476851302,1.7499738290492506
living room__87.png,0.23773093347448376,0.34047856893185485,0.5365871246936275,0.28264644734971245,0.2447292269704586,0.2512095010569631,-2.7684911521294135,0.02153481808330024,3.812457826477803,4.2059946844423335,442.4780829768398,7.8111595452644895,1.811417864343825
living room__88.png,0.15801860273403814,0.29519409599223334,0.5682029335171569,0.15161635545229843,0.17613530768589666,0.22737694251448057,-2.692668273960758,0.007381607383076123,4.040158422260758,4.285040605391972,304.30687852903907,7.713395459821785,1.813397178276075
living room__89.png,0.3063167796688651,0.26899315107389543,0.6917271369485296,0.32482325259689643,0.2275006213924146,0.19561470583232524,-2.579913150366089,0.003268269093787398,4.14201383712705,4.388877714832422,403.48279940185125,7.427798975578102,1.8901047426277842
living room__9.png,0.21142177114759136,0.3324883175968802,0.5253751021241833,0.17032267194364065,0.30670041204268894,0.2648521249557409,-2.6809766975027736,0.005702067393015718,4.013424056600239,4.33571453145137,377.49422303653074,7.780736431374522,1.7837726851135336
living room__90.png,0.22668794690442695,0.23559536201589243,0.6449402956495098,0.2167431720170668,0.3082935482219185,0.23159238706888227,-2.638061979510196,0.0094622257114698,4.219506192789456,4.36079520416596,515.5158554774903,7.334031013990826,1.8840622353793097
living room__91.png,0.13715887366819998,0.2934183003283293,0.6884550398284311,0.17306657621797253,0.2565921148908913,0.1550984600111012,-2.655481788831564,0.0074009030189394285,4.216267623097506,4.335827251044248,284.52571923635594,7.457234703173588,1.881453602531023
living room__92.png,0.24823643253331432,0.2613221164810892,0.6142259242238561,0.2736907237189845,0.2724536822153809,0.20768923156406444,-2.5265391866592357,0.007119653614683225,4.1743457917827005,4.321066335462909,286.12533908219837,7.5326372955635295,1.8600705179978274
living room__93.png,0.1739908571760378,0.17898408248293238,0.622619651245915,0.226180505409468,0.1962063033337276,0.1569561018795557,-2.6003181726186537,0.01007154240987124,3.9889901070815714,4.310484891268957,333.41621749109424,6.936412430231701,1.899636984241446
living room__94.png,0.20666476048127982,0.20282558244961493,0.4685003446691176,0.31678051160176546,0.1652565179623694,0.24309139406710523,-2.840195996646423,0.0026699397254398224,4.40854340639949,4.450491118577325,351.3039673553979,7.5197996528115425,1.7880137772838105
living room__95.png,0.30132269411084744,0.34592690831740597,0.4486999336192811,0.2988843387395043,0.32730957045113235,0.20259646826305247,-2.689337117656433,0.010644164802062948,3.8015130331869007,4.190339815950971,403.17505134795556,7.295640501080346,1.7754056603559978
living room__96.png,0.27830232120599924,0.14221403026487947,0.6768636897467322,0.26881800179891346,0.17368097714914213,0.20420749376780964,-2.6222531807279568,0.004509248588801355,3.973222662356145,4.16526815316538,231.8464577574361,7.116201710403089,1.8491104076236424
living room__97.png,0.18791248737608432,0.26565313587598494,0.526076491013072,0.2684330623942601,0.18197181887179256,0.2279151011955039,-2.7563616116744916,0.004558841149665472,4.106096931093638,4.359013654573888,245.9155577316199,7.799616635524185,1.746263819304838
living room__98.png,0.16362408493441297,0.2056184235970272,0.6571586243872548,0.2267911143140145,0.2308966583585871,0.17206369505136326,-2.723542817012209,0.003054910984234224,4.090359749016612,4.33344126284475,327.303320062547,7.2200299229458675,1.8894165368520917
living room__99.png,0.3974808078463192,0.2546199095952999,0.6452630974264706,0.3743581622542045,0.26553776457133077,0.1924268014773696,-2.1317343442779184,0.0057525388583589765,4.327199721245977,4.461601758975289,341.54687886436193,7.586260931924182,1.8978357067493694
office__0.png,0.274133870841066,0.12331104372499652,0.5608104064542484,0.2789409113403531,0.13410187571944251,0.20344736732340069,-2.6815909687934183,0.009723848973430751,3.921317016545524,4.288423829790331,399.45816030574,7.664834503016599,1.8378002781584215
office__1.png,0.22564509878169128,0.2811365093257942,0.42310839205473855,0.24281472792293823,0.2241150839159975,0.22371185698083346,-2.6641898713911347,0.010729493459103892,3.947082121920829,4.259537863307611,474.32889834645124,7.588875769131274,1.755943828412121
office__10.png,0.24160611077929522,0.26207485308027473,0.4522540083741829,0.2495141173101427,0.2342002330648051,0.28825115188964356,-2.6060612067756854,0.007480374421108983,4.200380432883364,4.4247271862136675,391.166507352327,7.673307190269173,1.712448452906072
office__100.png,0.17040012214003253,0.16540292523073488,0.2930339179942811,0.22231745213959267,0.23281190010986155,0.193394695489542,-2.7270204448951563,0.011801540555439978,3.972590444783173,4.3024604321480915,485.4401331156635,7.156435240377049,1.5908392453087383
office__101.png,0.31077147108664166,0.2140682810259139,0.4071523948120914,0.24995654923897812,0.2282182854584682,0.23273965268969043,-2.6928315725641663,0.009805743753742085,3.854354226017747,4.2487288861989745,411.4717060274789,7.532133754271628,1.7370665998950572
office__102.png,0.43553020375607987,0.33514892264074897,0.2971186810661765,0.3278588914827951,0.22849023293293713,0.28266093114199015,-3.0019312276057333,0.012985356911901837,3.744501114135061,3.9020952566183467,490.74263983692657,7.036710092022901,1.5449028168494032
office__103.png,0.27929125732358256,0.30446729219506724,0.346011106004902,0.28732889351097507,0.2347472420577441,0.26858412600341763,-2.7635218345651147,0.005428981209510891,4.042159810539738,4.2712541806201125,493.91688816304827,7.331597407117299,1.5571449546961798
office__104.png,0.15628082822063924,0.46673687651030915,0.41997958792892165,0.17876115011145313,0.21476698526682267,0.273298844875576,-2.955590153973121,0.009422484197149387,3.946941500939804,4.218999066394273,363.26794585550675,7.449547033336695,1.639279465992395
office__105.png,0.30106252708025766,0.2617387509113777,0.38404988766339865,0.2804055106851508,0.2366030379344685,0.27367219530371356,-2.921116051986162,0.006079360246000516,4.224801019760908,4.358547683958369,492.7235896709836,7.58837146008284,1.6423776302580984
office__106.png,0.3494576563665252,0.153864189888335,0.4833026960784314,0.22442525664693144,0.1801676751938995,0.2708410069789851,-2.853683790995488,0.006603230340659915,4.143286791573508,4.342929590049129,531.6931879394313,7.668554786913814,1.81660733764402
office__107.png,0.22920648687742837,0.1882237638014954,0.48282545700571905,0.21141019731885832,0.21567242029848044,0.302512300575961,-2.827431386805639,0.012159556312436653,4.1604491290156504,4.374310005984892,367.8630127615722,7.7666748340660074,1.7628630344216334
office__108.png,0.3067722460646639,0.24745695356525313,0.4885682061887255,0.29525210974515553,0.18284604058332615,0.265311858214003,-2.9060534562237454,0.018832971568405903,3.892091950214571,4.256913178705832,489.906730689855,7.813130100302541,1.770557950979598
office__109.png,0.13261859735598783,0.6504348796727477,0.2848725490196078,0.09012754735990047,0.29912225623309835,0.27969581901313234,-2.9222690115409398,0.007584435371341443,3.872889478763561,4.183133045362377,378.68401300308375,6.948059777274888,1.5845664188942288
office__11.png,0.2684637110902229,0.17832033720727006,0.46659298406862737,0.2292425444941409,0.1743719284494538,0.23961617333701526,-2.8105263350450507,0.0057670352979242384,4.105973635425775,4.2765243578758785,328.20861098390446,7.5667437330635465,1.7519776333109836
office__110.png,0.3073202138377777,0.3246889059085341,0.48777846711601314,0.29010494595784925,0.22989733298007206,0.2838459557421835,-2.8258468616052084,0.017266485408722,4.108283933030075,4.243859982399621,506.4165194124468,7.653180965421591,1.7695158737014896
office__111.png,0.29726480601796634,0.2524511371714772,0.5030973115808823,0.27831531836492557,0.19024941973066095,0.27881359120591453,-2.850930172966393,0.017769834200774916,3.88752418835675,4.258845777027221,521.3247873692648,7.876925472622935,1.7720104476557246
office__112.png,0.42022636676939684,0.16955619142417475,0.6341855979370915,0.365903896952014,0.17436663037723543,0.2123708907192468,-2.5534052237604152,0.008401677621251696,3.8219070816075154,4.238759375338056,398.93533403387977,7.631301619170532,1.8842025732224141
office__113.png,0.35940450043542743,0.21467871772643377,0.6227526424632354,0.3192785403277212,0.20889143678168653,0.23494909261734737,-2.6313853690963716,0.013006479693684335,4.001327957531528,4.328002042283582,531.1616739054239,7.77957182354463,1.8661834693400952
office__114.png,0.38747454919118296,0.36245265485342953,0.4857684461805556,0.22867477204194375,0.31344693786750105,0.31375099588834937,-2.591166870614979,0.0033768087510011907,3.90070487399813,4.2626142808743355,619.6692831574609,7.7292533256245255,1.787719893330016
office__115.png,0.3436632071019919,0.12504099705071894,0.40879816431781024,0.2943600985533578,0.11519396038544516,0.2533476095329928,-2.9971602116408564,0.007461322644152266,3.9618892114549933,4.18437824141852,307.3445166595741,7.531129847678482,1.7052346750121614
office__116.png,0.20545606768312116,0.3556437239081062,0.5137782883986929,0.2281388522193857,0.23350454992416267,0.2760768012535118,-2.805274561970723,0.011005219972765021,3.805860053897417,4.116107446975325,433.5026843999856,7.745751378387811,1.7681555597262253
office__117.png,0.19709889426099106,0.313779618183226,0.48567265369689544,0.2035181202073712,0.19903649582554686,0.28980803010265677,-2.840427849705144,0.005149897988541271,3.5528967736849157,4.032526660758167,502.13740246535934,7.799940566202444,1.7265990478329427
office__118.png,0.2612419876676475,0.18817622822886781,0.4690358583537581,0.2665386254264824,0.16806071868747438,0.2711347842251925,-2.753701431814798,0.02721304643642316,4.172744137087127,4.3619292945555594,303.3463128765339,7.471245824451054,1.7792664644886869
office__119.png,0.3087341067113757,0.24619739085625117,0.44101110600490206,0.3067554723070658,0.2550310924210591,0.22283676527031462,-2.7863459855337065,0.004862625255386969,4.258043188462313,4.394701562646524,386.61468014217274,7.358143073138736,1.7385811479116153
office__12.png,0.13998109667495637,0.3166324082304912,0.48313296568627456,0.2207636743728739,0.15703876566293365,0.2927057733151485,-2.7828212839115656,0.007916145323194231,3.8279013863134654,4.145538484290981,447.17870854882113,7.383945405048101,1.78177864946637
office__120.png,0.28211303162490986,0.22449115871287414,0.5680380029616013,0.35386313237054506,0.2012926443372367,0.3079068610664639,-2.988388632459474,0.009398953017877045,3.7635869182737833,4.12145751754625,368.7979555158592,7.35319127083934,1.7523101789646915
office__121.png,0.11569417567129929,0.3792525795082448,0.4718320057189541,0.16150162230986884,0.18583224138361162,0.3002488803887402,-2.8248879087536354,0.012625540104438799,3.8071273556354215,4.1014134711784775,290.16017710819096,7.637816315487907,1.737766638077129
office__122.png,0.23405124837174904,0.4625590359421021,0.5758816763684641,0.25900183690445905,0.3050110992994372,0.28088104039202516,-2.8192331623236924,0.007415222315905699,3.652896124623076,4.089219218223819,394.4045442825323,7.3513048026480865,1.6414028325930077
office__123.png,0.40551999454310156,0.23536642920957807,0.34934881791258166,0.27429046407767926,0.27338379021072684,0.3486155412226297,-2.896400087634687,0.011221587014429877,3.730099095162714,4.056581939417475,380.1958849716693,6.993979320617615,1.6329813237316784
office__124.png,0.2959358274553599,0.42216056141863656,0.43889500357434647,0.2579185502153292,0.2760121838569734,0.3118301553752468,-3.018331971392247,0.005997008724381979,3.6058751583988147,3.932635425518054,418.4561120361343,7.303042184538701,1.6048433110170746
office__125.png,0.30008818985094454,0.15981091123996827,0.459098383884804,0.2792512414870416,0.1593145310621502,0.30226838880436663,-2.7612514518337505,0.005933480872375177,4.181486659663568,4.40910513567822,585.7892126355815,7.743325225395087,1.7655214734456106
office__126.png,0.3026789602533728,0.2208679401610344,0.37435101358251627,0.2631380013973346,0.1982240936994111,0.27011520779562853,-2.8009600245567294,0.0049399478873934964,4.197852994512823,4.356247765836155,429.19084507892154,7.621119860055433,1.6564632845360034
office__127.png,0.3373528685078918,0.27889462952581806,0.5487436810661764,0.2960906234953015,0.21151265005113953,0.28782874873704273,-2.8414952788830523,0.0038991790158263433,4.2175250583378485,4.385075075606577,573.198949284714,7.75873047569991,1.7966936728797962
office__128.png,0.281894429608015,0.20062312258229997,0.4646609732434638,0.25024072456427826,0.1704946419747957,0.235785645764229,-2.886158130009615,0.010008670459152056,3.7497826327334725,4.132179309134275,401.0044906092846,7.496414856293657,1.7354264357503086
office__129.png,0.22739060103180583,0.31978882618427557,0.4926651603349673,0.28335417966845666,0.2393642014219306,0.27416752439111663,-2.9466206358333924,0.014032937198199624,3.7590628619011697,4.1513658238089315,360.1230639017462,7.291011113938587,1.6796062331389479
office__13.png,0.2504967223713045,0.2206284325011803,0.527728821997549,0.25474234917647326,0.20498303517339433,0.24971220458563356,-2.833893873489594,0.008078025379848353,4.381862687637083,4.44087815184151,412.20995000223866,7.725043009272844,1.8234420657754284
office__130.png,0.2012047066915559,0.22962904535282036,0.5959320491217318,0.20930112166288997,0.15384078442388402,0.21165731646447317,-2.672840475828948,0.024434743389021133,3.970355075176602,4.245379298073037,299.7357198766553,7.002441035440345,1.8706294272440798
office__131.png,0.338243134356505,0.11868138278525726,0.4784523973651961,0.2511748159393929,0.1478327791212181,0.2934624029577648,-2.8920140885283647,0.015092325622946677,3.839828936141592,4.236174464391507,447.5152827323902,7.679168102422394,1.7813781362690406
office__132.png,0.14585873007784902,0.11964344619127781,0.3663019556781046,0.16539153045404364,0.1260981669122377,0.25585610009904547,-2.6570840044773343,0.002308240748364606,4.108015511498159,4.257428408246123,411.8900515996403,7.543580021163852,1.695011613486514
office__133.png,0.4004974297557794,0.14885281622834265,0.5148193933823529,0.2857620261835467,0.15858830048739256,0.23762814367550977,-2.910169492297915,0.014570591424336053,4.073611371391316,4.313975662776797,401.1102834832069,7.622221155018035,1.7841697586578458
office__134.png,0.11073938152111838,0.37408259764266283,0.49790722017973865,0.07516136486856628,0.19347675276306017,0.27873403860693907,-2.801697970886952,0.006413366293916635,4.087185767647364,4.267176428593696,246.7649324669792,7.4333908851257045,1.7330672465388328
office__135.png,0.20278664881691208,0.3848056426820623,0.47314216962826805,0.25235817114190756,0.24376689433043566,0.3010594779456979,-2.7486642701003494,0.00823202268799882,4.279960701584724,4.404439935262312,479.59385616127105,7.537616151622593,1.689140951302782
office__136.png,0.3042327523792567,0.19742906427577744,0.4000350285947712,0.268883563981341,0.15780058625138774,0.2750970774314685,-2.704143916698438,0.014702235639856141,3.9828007751150136,4.302892936704684,281.9033901426414,7.630116971907408,1.7399491667096385
office__137.png,0.198998769107367,0.2570798353878413,0.4489894684436274,0.17896640268060593,0.17498938955860857,0.22292651302313707,-2.872771343474631,0.023858246138497522,3.2375690962777024,3.572752221817361,379.23630285648574,7.4988793144648485,1.675442051610137
office__138.png,0.183630618912218,0.34192562793122905,0.5829420317606208,0.09096582083464556,0.1810064218064806,0.2768788666057871,-2.9078400907800224,0.013403446471745538,4.100124088417683,4.261436105456841,468.2315554585745,7.861179073867225,1.8256847195426793
office__139.png,0.18490201246821744,0.4409015308768812,0.5094089818218956,0.27788342616087663,0.15891278757811006,0.34256537971042306,-2.702806602130567,0.005628804729912125,4.179037251802191,4.33185919820937,333.55549516744327,7.2384234389054525,1.749190826436402
office__14.png,0.2480036027375902,0.31790176427357214,0.2515219056372548,0.28587663747195646,0.2441458607189896,0.20330527314651486,-2.921349755934233,0.006720405671580216,4.007851229717778,4.165044565444302,221.20802109120467,7.022565040908317,1.2784634417213607
office__140.png,0.3175950532037189,0.25836123080711637,0.31857121885212414,0.21695311073301776,0.19890861574579882,0.20688226881234145,-2.7257687977642004,0.014695932010727037,3.9960126131556777,4.310050685089911,403.39467830435774,7.456403206265256,1.5460373520006148
office__141.png,0.22132930744102752,0.22874035779590243,0.3784373468137255,0.2549367284394192,0.19086039365903731,0.24914956769170205,-2.8797723281807888,0.008763656706068266,4.077717553533905,4.327660339718871,366.7499832531487,7.51123876743765,1.5825778866918927
office__142.png,0.2580387847867819,0.23886636381938767,0.4921329656862745,0.31286627560973573,0.16061957375709837,0.24972026619123747,-2.8901117709577275,0.0050592046770506875,4.053221696346231,4.287668944335184,222.2227230461331,7.643466444115512,1.747505809216309
office__143.png,0.23721772961729068,0.1789276366236647,0.48841355187908486,0.18616523982762256,0.1704064186605456,0.3020053803801194,-2.7756363464513147,0.06488081154141274,3.8295399002018233,4.166105743262369,328.0949250672155,7.5957603030827,1.6966288007491073
office__144.png,0.1798141684231622,0.3165834808972855,0.5198643407883985,0.20515102748616235,0.22335540397415954,0.26071894507464355,-2.8023393254727904,0.01123591543630213,3.5675805600993904,3.8850720526863625,402.3992354314373,7.657618847000861,1.7713888335624461
office__145.png,0.3531129805893003,0.18155989816319063,0.4368103043300652,0.15989416936475837,0.13793715083107205,0.2783157906827987,-2.740369521160484,0.008060517251604947,4.002805408710861,4.345944098953013,411.182055444561,7.777810031926229,1.6878968975995008
office__146.png,0.16340340848650378,0.25296289064439625,0.4524244025735294,0.14642868690889188,0.18061440805573575,0.2668401004248412,-2.936931752106815,0.013965424974255767,3.4272170252175163,3.900239049868377,452.19932502389946,7.514599108647631,1.771699778195206
office__147.png,0.33585319457987284,0.19714617019265832,0.4563113893995097,0.2584433876480141,0.1920249869810575,0.2674901315125935,-2.9203331698437203,0.011875568339421848,3.793453278743713,4.150847987451354,409.397331393729,7.514541436928064,1.7834743984038774
office__148.png,0.26417604932152966,0.1519381814571776,0.45082587826797377,0.25059232462779224,0.15103368384209603,0.24872394193408023,-2.965621416440566,0.007438729900539369,4.086801194215275,4.338798175550275,438.5252911367165,7.63316478462366,1.760826209490935
office__149.png,0.2726994088541039,0.2524370559117118,0.5095786739174837,0.2663546928573836,0.17003245161868077,0.26858649172788696,-2.4251714648469136,0.007011951270502715,4.435674446774971,4.47978836320661,461.90865270558794,7.804328966664599,1.7795691539542056
office__15.png,0.4006397125869223,0.3024838972331261,0.42527782883986925,0.28711257619894553,0.2548349452498798,0.2464734597096985,-2.48138341260852,0.026186373854474074,4.198869899059339,4.411153368713502,479.6246060529573,7.701589052673377,1.7303299706677007
office__150.png,0.3730720476623644,0.27058444984992774,0.48826201235702615,0.26837887911379255,0.2012112300406892,0.25643532932496826,-2.963673093355662,0.007341698039032798,3.718955588220667,4.013183219925928,461.5124505214418,7.643839750331091,1.7220819579045614
office__151.png,0.22293640657091027,0.24443506873554582,0.6083971354166667,0.22889140958728443,0.21141838205994978,0.31811643530002703,-2.899510407768231,0.008889023534237976,3.566734915764645,4.012307965646482,533.5879669854185,7.735116850410957,1.8379648311587669
office__152.png,0.2301364382685891,0.28102637722939555,0.406484579248366,0.18293393814584327,0.19589671407696857,0.23994737391992205,-2.8209542436862343,0.008574191403809432,4.402842161175684,4.434561296058365,409.75575032678233,7.5255335497886495,1.701294621273955
office__153.png,0.1640536628478705,0.3083511827913695,0.36401752706290846,0.21878283128418785,0.13130723562068913,0.22594954720423735,-2.8176930962208906,0.008639327950743566,3.83595295993058,4.2391088080984725,477.97938420158727,7.4991214958476995,1.6513203153446017
office__154.png,0.13924775508156426,0.3216126107656114,0.5919170623978759,0.13273698316539184,0.1953334890998497,0.2301443920851164,-2.526940504220316,0.008574711059535414,4.155085638849485,4.397741089642956,401.24389963101146,7.647860681277607,1.862878925893357
office__155.png,0.1484448553003828,0.2879882204212988,0.4052271497140522,0.10839628802347404,0.18606336414834793,0.2441288512000806,-2.8554674338994848,0.006296165387089122,4.094034987365537,4.331170897902209,330.561744029261,7.639393086495836,1.612858803236247
office__156.png,0.3200834974324365,0.1917083112843584,0.5234792432598041,0.30280902792504344,0.12901948255569773,0.23657820586675105,-3.0311048585267626,0.01290016153593721,4.089470137369593,4.29502701797317,420.93729143973155,7.759818232339185,1.7806758967090375
office__157.png,0.5804354278374563,0.2998573034296147,0.42555836397058816,0.14878373705288295,0.22461766231272953,0.28784021518542935,-3.018958236085977,0.019572354108835045,3.897570571636645,4.18649926617154,203.56507842072506,7.527642904018285,1.7327827184412457
office__158.png,0.24644366074595997,0.11316193898658042,0.5855272671568625,0.2772431919435616,0.10686865285876719,0.29099312128522004,-3.011625351773172,0.01533610066489508,3.454946264806164,3.8006835721323537,433.6114153997526,7.319946514082835,1.8576192836716099
office__159.png,0.1864841245913171,0.26108332872361356,0.6332829605800653,0.1747062515604348,0.20651037683608905,0.2271870902098184,-2.6734047172727484,0.006724050840354848,3.9424111772527883,4.293707465138187,379.01647943904317,7.722565898662184,1.8659592039633701
office__16.png,0.31604213421586425,0.14952047258524898,0.42492936836192824,0.2862412229606276,0.1576974877226836,0.32081082193129873,-2.8118897123109616,0.010251882065446765,4.0031328139155224,4.36340885535475,501.2233657625517,7.710682003681884,1.7430780126802552
office__160.png,0.15546510562483815,0.37952616124542066,0.3746969847834967,0.18303327345043321,0.265359423228181,0.21860067839315545,-2.831464396551024,0.008591499144198935,4.087602002514775,4.332695611126504,362.7748255119092,7.420337484839852,1.6077838015884667
office__161.png,0.18166086667871667,0.16954940434038035,0.42838061683006545,0.1761368794715332,0.1250351380099129,0.3054086364860066,-3.0209776840483205,0.015677258743631736,3.2830265573177453,3.586385462693574,507.4644793843349,7.196287426432221,1.6664818930863052
office__162.png,0.24174438451439684,0.2405763500940564,0.47503922845179736,0.18016708023631545,0.19444161335232424,0.2960414509794002,-2.692928284108712,0.007354939197912044,3.716026828284399,4.133413629871263,422.4799702316527,7.303377307595253,1.7358960171802245
office__163.png,0.2047176031759905,0.48756616373805656,0.40939128880718945,0.22358980507128912,0.2543180292413017,0.26963481731752403,-2.715173211910541,0.006366937595888992,3.7818689316859704,4.223048275501919,384.17726029712287,7.374301457706645,1.6009377913951615
office__164.png,0.19406409137685576,0.16356577665326016,0.6028762765522878,0.20376998626955528,0.19050411350100782,0.20950411722657483,-2.74234905445947,0.0065690911720525285,3.9124050922985085,4.136519750731621,255.4673551287511,7.492596513708441,1.8313009849892556
office__165.png,0.27149811704168153,0.029652701589820037,0.47791200725081695,0.28536242834280134,0.0713164451144612,0.2644757662124874,-2.8899949310059627,0.010412755882299988,4.0739902379630815,4.22417636129927,233.64839373370427,7.364990601718255,1.7915171326749466
office__166.png,0.2667661486536536,0.18781712808363982,0.45979266237745103,0.2687332022100571,0.2632893812947433,0.30516615261578206,-2.7052313232593406,0.019111590963082306,4.134653328480521,4.346593489889717,375.5378045562105,6.871873553565699,1.7992475464520485
office__167.png,0.31664827572062443,0.21411066513888585,0.35813531454248365,0.288935210782663,0.18920508878815973,0.22307546398921269,-2.756470103529103,0.011843972030729058,4.065995580461396,4.376459461184073,431.24071698336854,7.5339153662487,1.6208323316886086
office__168.png,0.17177644194694536,0.23841421247299063,0.48384995404411757,0.11180343625492148,0.10457176858194009,0.19797797108380974,-2.7642357481742446,0.012931675655826144,3.6604525218672936,4.0210618352147005,413.89854679660374,7.50206686687402,1.7708698587152025
office__169.png,0.2944020855015456,0.07505078676825212,0.4864302874795752,0.28642836580404823,0.10808078904762358,0.32080387217753376,-3.022405540657576,0.0068060154301934255,4.180211936746638,4.343786999403051,498.2746974683099,7.83859243488865,1.7708698587152025
office__17.png,0.22000106752730872,0.3398059676539009,0.5706653135212417,0.1548730271435914,0.1801868168749429,0.28559175276547527,-2.750395210701679,0.005812809544176152,4.197457041638295,4.17933366614072,357.23548757578203,7.7385308977197305,1.8097882943303698
office__170.png,0.19310881596969895,0.2040168545516749,0.3118115553513073,0.21878934493352659,0.16325242031130016,0.27779260102184533,-2.7460693342625206,0.006190262545861954,3.780302049865177,4.124777148887632,384.53035629743846,7.093763080961963,1.5730435812864205
office__171.png,0.2501987728707885,0.2658426673743559,0.5048869612949345,0.2931394164646853,0.2428153040909313,0.31570068391948536,-2.8190170613461842,0.006968675184834521,3.9867044921573345,4.271461379538114,451.9318019154432,7.712379792793981,1.7695158737014896
office__172.png,0.3613326002430949,0.27031468925598123,0.4501938061683006,0.27172273824320137,0.32352466024325865,0.3241414114284692,-2.6799287646035417,0.009630187098732054,4.075580339269809,4.362414462586541,408.3607805359557,7.294109056478092,1.755724928894103
office__173.png,0.15150895598299965,0.2874550815028642,0.5946274509803922,0.19253729657777735,0.24544047044635936,0.24410742461600635,-2.8061373904210547,0.010829063275005591,4.16657168412106,4.430619305077031,381.6163226491803,7.760328122758721,1.816784548567469
office__174.png,0.29715932874042383,0.09518980412936401,0.5309750816993463,0.2277084739103327,0.09614832247221043,0.27000995045705606,-2.840587668881381,0.0067907338536008655,3.8289937103992626,4.099797827801472,379.77241949866806,7.525332238930207,1.805304637829316
office__175.png,0.10064910031677402,0.5031282641784813,0.6222248774509803,0.1728995585796179,0.33864702737739216,0.3213121697606793,-2.6883077394066026,0.019314250804098345,4.048525882510656,4.307217119858839,421.4255784399342,7.028780887559212,1.7794683033277394
office__176.png,0.3233452718732303,0.14025542897053242,0.5282099673202615,0.2679164526398572,0.12833271335003663,0.26874129949223197,-2.893534518321969,0.00972408952992787,4.00564584751292,4.31730599671558,418.2902725201749,7.736541572539277,1.8004693112037782
office__177.png,0.2552054536400184,0.11355327801432956,0.5073230953839872,0.2768122244608928,0.16226853011689432,0.34597425942133514,-2.949346301406111,0.0074281861887893616,4.2251535195200045,4.315897658066836,271.2683005694059,7.034795970483356,1.7269622751915654
office__178.png,0.30716738511194897,0.4879361417144266,0.5032894582312092,0.324563559252726,0.2928078928959445,0.30483714858576577,-2.7988306187706904,0.006934737440075464,4.117880036287103,4.3560435282021555,513.9985033224389,7.752112938051286,1.7370665998950572
office__179.png,0.3807015292938795,0.13482008610049898,0.6580887331495098,0.2723928912108218,0.14453717512821715,0.28538512347026673,-2.954880886760135,0.012523511513813854,3.817586198770413,4.224751483312797,614.5055650816918,7.588731779828983,1.8602991861304148
office__18.png,0.3821070402438141,0.10359595700350835,0.42303617749183003,0.24814377111028765,0.08750341922964124,0.3141962508770655,-2.683009555361991,0.0047869791936046785,3.9610911890536142,4.1588024307199465,346.6730429983098,7.437985206620283,1.695011613486514
office__180.png,0.3650812798382451,0.1936840046008432,0.5099203559027777,0.2664406085630248,0.19997174955398891,0.2368935830500152,-2.778490041511679,0.011428720975366109,4.1715201419384895,4.38110091494803,454.3482264243824,7.695232652843615,1.7792664644886866
office__181.png,0.28734518372793455,0.05932161195388269,0.6983909824346406,0.31017222750202045,0.07133032976018037,0.22055201797504362,-2.961116972305466,0.01092320123840591,3.719350562827387,4.205204131398807,472.7341332931387,7.261613375765366,1.909121621057349
office__182.png,0.39772113792590963,0.11145211490090307,0.3584784262663398,0.3219260054048596,0.14070580172991154,0.2117149931072917,-2.670719284789162,0.010971101506472044,3.996186616726747,4.324795922875097,419.895880733081,7.252272715597499,1.6157190810992765
office__183.png,0.2679365589454079,0.14449013170247785,0.30732756331699346,0.20861522469796365,0.19648016931248366,0.23544635195321983,-2.7286073832725815,0.026499829769540694,4.05488316224319,4.300923438153714,368.4213263954036,7.166452772738945,1.4869256766239811
office__184.png,0.2933408544978524,0.20682232547820664,0.48544067861519596,0.3215628647107555,0.17043755616151224,0.3172652933380713,-2.8838496656025314,0.005840412597354906,4.154315166356511,4.362074359818429,374.05469857835163,7.660345493955699,1.7496385316731284
office__185.png,0.19312815635120847,0.09284687066764391,0.6068432904411766,0.19852158339881965,0.08863988069354063,0.31266567539250617,-2.890926389292687,0.006661011103326921,4.165237105263202,4.31797717720858,500.4602995672918,7.707189972535149,1.852026958210034
office__186.png,0.19545061907817013,0.19471481909073143,0.5136426547181372,0.22470851521998858,0.21087337106451687,0.291270775933944,-2.826593062737024,0.012816800859455408,4.051026751897067,4.365309705093772,401.3044510368862,7.643410547456576,1.7785591342422182
office__187.png,0.23030381019632132,0.22120196299974618,0.5653567580678106,0.27961884618106947,0.24633387784174193,0.2458358171396498,-2.717739647524334,0.014181988692601887,3.679128642872797,4.157021413881667,417.12349084680284,7.659426625569728,1.7951694938347895
office__188.png,0.29423542383876156,0.1363832747951744,0.46821153747957517,0.30388665180462665,0.16166267930158937,0.338534166770367,-2.834036136222263,0.020632195322488802,3.636465828486204,4.135911675744256,482.0997871254046,7.309540749540807,1.7349561663897894
office__189.png,0.2256139157247685,0.44641987389183496,0.37975616574754895,0.12616246612129922,0.2950494869305457,0.3005731523749051,-3.048830074725644,0.02255323232264326,3.699048010621416,4.0284992612620165,337.3734666785657,7.550479606549154,1.6767408645894526
office__19.png,0.3201206707268966,0.18417351598198314,0.6149065819035949,0.3255190152996229,0.1911741039724305,0.2513471398016097,-2.821908546422823,0.01633720421425254,4.1354753183745965,4.335402772964545,473.16842670259695,7.587828585425123,1.8538252088074558
office__190.png,0.41120438940385384,0.2131609047883601,0.5589092754289218,0.3328760760689626,0.19309240226299876,0.3179001271050235,-2.819811647283323,0.006435955625751268,4.288684368839274,4.347308396865605,400.22367230241224,7.724119573994395,1.749190826436402
office__191.png,0.3968248391180746,0.2239041519037879,0.4551679815155228,0.2486756281619346,0.18673573491586015,0.2400770335521141,-2.7087983750348537,0.009178094827149055,4.331953696200031,4.471034594087154,463.9184179316459,7.588645999733098,1.776935893190315
office__192.png,0.21206140436360146,0.43392637252290833,0.2175357817606209,0.1671803200609113,0.3041763613666624,0.12227673604692471,-2.4286891302166658,0.011391008896460466,4.235959910078879,4.41929017468025,250.90092725477697,6.698654649117478,1.2386229039253274
office__193.png,0.32406289655291226,0.15949704032494982,0.3136766876021242,0.28850304564534934,0.23499919725511398,0.19442264212366756,-2.665155467680436,0.009036192005245568,4.305462115467327,4.412425433079456,280.33833165823563,7.036836465641629,1.4483172225387289
office__194.png,0.2969669062116566,0.2522991765677174,0.5914655458537582,0.3574108136204104,0.1964918849026933,0.27374328967976047,-2.866751815662661,0.008575101423537028,4.181014696210365,4.330632513086078,538.3094877155784,7.679400968266302,1.7954559481380667
office__195.png,0.34729849633255006,0.3483833296078007,0.4771310380923203,0.23166361815990988,0.18184460424414672,0.3123892457785736,-2.7055971002773735,0.015082768613009074,4.020760252289369,4.231803342803878,259.15178276042326,7.7797769604632245,1.753195270479092
office__196.png,0.11060978348551574,0.34368000504462487,0.48479808772467314,0.10670258485010974,0.28781338611511476,0.23953158547699727,-3.0629477439185693,0.00993986955382574,3.7372339109877353,4.049125932266695,363.79994130991344,7.3012744442420585,1.7390456386550657
office__197.png,0.2374106612679306,0.14062202340380459,0.28947039675245095,0.20925134490256694,0.1158942166327992,0.25965780739971367,-2.9327637707656584,0.014791725316546454,3.3273198771424646,3.667355371554171,259.9856578870425,7.365323905493905,1.5270347825276018
office__198.png,0.3189594722979167,0.16102975264548283,0.39396289062499995,0.28866863076848776,0.16551556700461628,0.25342930236202843,-2.6654413751462904,0.005019771670793304,4.185617449663787,4.356194300302575,399.4370328369425,7.315263369235085,1.7630767056670655
office__199.png,0.17274530156155288,0.17786677854118527,0.6464859451593137,0.2943826682237656,0.11996986785397103,0.19404088596945715,-2.8332253761973107,0.010150809194302269,4.2496135863738935,4.36760761441995,356.34952335144243,7.358841317082355,1.889967156507094
office__2.png,0.2782215504148862,0.24140554605093129,0.45312231924019614,0.271734753485879,0.18415263655607483,0.304419924379917,-2.847725772647243,0.011133589452050929,3.804124092788509,4.192622114356167,485.84996324813307,7.77849086044491,1.7338951022270261
office__20.png,0.35358950043157045,0.11795805512030592,0.49913896548202624,0.363268325479379,0.1290071187105445,0.24825143345108291,-2.771902358794665,0.009456066412324793,3.801001250826567,4.123765875150632,438.58989445144897,7.635261492912296,1.7900625722070092
office__200.png,0.40218131945457886,0.17847273532644226,0.5827117289624184,0.295028249044557,0.14543505937119425,0.29203530304334546,-2.783429259250943,0.007312698342676273,4.106299108898899,4.3243724919856525,475.9315460056082,7.724486859908545,1.7986820674960118
office__201.png,0.3413185078628276,0.19096978878335236,0.48631350847630717,0.2887385060911495,0.14234809003821147,0.25341911741189116,-2.8028919204544356,0.00906323561740064,3.559047298868173,3.8651294414882997,363.33241257396816,7.639701862180238,1.7237994454491379
office__202.png,0.19316638900723532,0.2311574326721126,0.45611171109068616,0.22234237625015651,0.15974690459083818,0.3034876256065559,-2.9204840999297894,0.012824425282539098,3.652757626141941,4.0646241725767185,322.2338685279276,7.4989862840165955,1.71948639573774
office__203.png,0.3752944742453845,0.13402556922796277,0.36127116523692804,0.3281083960610315,0.11608714464857371,0.28212117391230906,-2.748894677735066,0.023959302126537716,3.188692983065564,3.7616073635474145,463.8168615562206,7.658537221351708,1.6475217001384652
office__204.png,0.5572647934544211,0.1807290167159243,0.5398286994485293,0.2145975286852261,0.17131919519489444,0.2011111484621146,-2.7911374854864706,0.013070387474655325,4.017267961235302,4.266825501724283,331.99653766190727,7.326786873608531,1.8193431000678246
office__205.png,0.20554936281508843,0.1829460796396129,0.559132506127451,0.22584632199236737,0.218603727224825,0.2874895929821136,-2.979102322258563,0.03382602949874186,3.877682084747723,4.232710103072403,485.0486096598244,7.569586801489963,1.785555526065438
office__206.png,0.1950622723416827,0.25738417508909756,0.5027629697712417,0.23848885548809948,0.23316515887854686,0.27692310132654574,-2.7853790979218207,0.005575618846450506,4.122009584342658,4.333192124758655,511.72290522070614,7.739773221218639,1.7552865795135837
office__207.png,0.17412427081637077,0.45930654670643717,0.40815767973856204,0.14640004221113592,0.25536695958886985,0.21822610706797085,-2.8214719930976813,0.03215401645342389,4.053765352632855,4.3487291177636385,263.3646827163262,7.463741665327974,1.5509775192501187
office__208.png,0.36568814806088784,0.11531729977033722,0.5453511922998368,0.30283372895016086,0.15422066885584762,0.3087519394234212,-2.7887272238151626,0.007992506852246072,3.8724831479894046,4.044901138553325,453.8965146455959,7.834744795135402,1.7841697586578458
office__209.png,0.22728579272713204,0.2831299606296603,0.4911493055555555,0.22528368749257668,0.17935335450118992,0.3003820447035061,-2.7317519403368418,0.00504153926900295,3.867853104610416,4.186845606135856,319.1233318146874,7.731952513118178,1.7739702243588364
office__21.png,0.22895775119099682,0.3083008848562953,0.47623479626225496,0.2357507059714664,0.24019265270410103,0.27451913202257816,-2.965642951514277,0.005960977249656239,3.9095299459342647,4.1905172148995815,489.3503300442666,7.801976985072826,1.7167419653883318
office__210.png,0.18906839307266365,0.21305543361731574,0.5506577435661765,0.24926338314380536,0.2132078948470239,0.20682016031371098,-2.7941462943440096,0.00818353132024225,3.986714601624289,4.285607205399293,373.9646111265121,7.461882580032299,1.8427828219330977
office__211.png,0.4203385512711399,0.13646699167058032,0.41474389808006534,0.22667773490340568,0.11488665500198827,0.3137512790133328,-2.6051231576332987,0.08601590399999717,3.261487496780338,3.603201730207139,400.80844017244885,7.485135008608445,1.6519486711577944
office__212.png,0.3749246485412351,0.26368382773657434,0.5504654947916668,0.3069228031845995,0.19635788531082443,0.3143954817393487,-2.8559272941838034,0.0056966367310059335,3.9414003226069942,4.18602479395718,388.09289419827803,7.576699705704327,1.7540777478571994
office__213.png,0.2053860933514402,0.3367191447017781,0.40970772058823535,0.21557768319049547,0.20921459269209416,0.27957356400757627,-2.809358193146371,0.025824034334770037,4.00194050688978,4.3535895002195595,527.6085808681142,7.586857677638645,1.7429635410278408
office__214.png,0.4299423853013973,0.21492168081968818,0.5436394505718954,0.2646884023102863,0.19532288156057512,0.2877941155704553,-2.865006398468764,0.00819902081999436,4.072816281488314,4.332519976473487,304.21783171948414,7.541438596438804,1.802711139454305
office__215.png,0.152333564365426,0.20204768578114932,0.5150595128676471,0.1504263451851693,0.15922799435835225,0.23578837816399364,-2.936049431832014,0.0043527135468433885,4.216753425937642,4.37581135846659,461.93568045532567,7.50397814422815,1.8276544024464811
office__216.png,0.1406040186708875,0.4427249855541571,0.6161938061683008,0.12275993139220227,0.17827718886788793,0.240546454853788,-2.7536901292780813,0.016905107889716272,4.105487805891302,4.3664093814544325,450.75001695081284,7.57961893392687,1.8688592442152792
office__217.png,0.2642441706674032,0.1742609704972999,0.4655144761029412,0.28132279888966166,0.17729117252778523,0.3071855843929529,-2.827166308452699,0.006557100293651473,4.130395206635768,4.341204686271777,356.1312764578705,7.579199482971948,1.7408960343922288
office__218.png,0.22644471918835682,0.2204228839934477,0.634004812602124,0.27353239868707185,0.16450597346425974,0.2536794752195427,-3.053371039345885,0.011856951106904353,3.8909350943739103,4.242374655945892,478.036080770231,7.671171930963519,1.8306259874811488
office__219.png,0.18926098242571818,0.23912706273070777,0.5232611698325161,0.1079426981726765,0.13152823227453989,0.30887853870250276,-2.8797565961246194,0.007786415672218541,3.6530554498927783,3.9451718829504134,339.73295708194615,7.718904143135233,1.784962529885263
office__22.png,0.2360516802110036,0.14517150709629364,0.43676985038807187,0.23567319064254846,0.1443800961022785,0.34628186198910926,-2.772825751588697,0.019280421340993475,3.0263028644807752,3.355239763648521,412.01842155866814,7.436462652235939,1.7319991654839146
office__220.png,0.1559136950243924,0.3224841685053417,0.37232038909313725,0.19502320273307713,0.20256152447286924,0.2783600008772774,-2.857364579565384,0.013910923640682311,3.6367308620326195,4.0386046422373845,382.2507098742737,7.221035861552021,1.5655214728960434
office__221.png,0.33500140364191694,0.19630825777957944,0.5231148386437909,0.24792354380767384,0.1728016910273033,0.24641496050922299,-2.7366230530890983,0.007140142681546618,4.171655496966791,4.384314836836786,422.2968351998052,7.503145042327659,1.8131280598240047
office__222.png,0.3407311008516202,0.2273710579923542,0.3534150071486929,0.17663956484617782,0.1962088968715658,0.23519199163530524,-2.8674369300864258,0.007308550414255162,4.033758241936715,4.245431875129035,409.5813648679164,7.378257724842081,1.7035338353881886
office__223.png,0.24668819055252306,0.3786920117930767,0.5048891314338235,0.27283759737087854,0.23446389281394436,0.23777282589765822,-2.79421786456085,0.007554567806999808,3.932641115369586,4.206290825314765,504.77353463214143,7.550953828379442,1.7154858041064298
office__224.png,0.3008302293071912,0.37599451064089223,0.3031204044117647,0.3701637277870929,0.21600423076917546,0.23352407637202777,-2.741861310131143,0.011458084873217787,3.947385048439025,4.2405920653416285,377.76747047904587,7.127735863874039,1.4883121319621768
office__225.png,0.1658104690417293,0.23580411023875614,0.4323234400531046,0.146790504532039,0.16792638928770978,0.2937540323748602,-2.868789844123791,0.01132132192221389,3.725269028836025,4.086640077089949,450.73847842912346,7.731824137322509,1.7100210209787339
office__226.png,0.15439978236857,0.5258744248783846,0.5244485421772873,0.19253266895554738,0.24683790944901027,0.24111746117762892,-2.8831042338920114,0.007518726449862649,3.756311919209631,4.134051172876516,367.5963219765977,7.54045745843096,1.7218356787485258
office__227.png,0.11817761967318266,0.4223306543618376,0.5044532654207515,0.12181572487381712,0.27633498764822884,0.31866151518245056,-2.849444710045639,0.00964646329077813,4.180729220619194,4.355897481063398,433.9782353606117,7.735951276238888,1.8036957057339642
office__228.png,0.21428642599576497,0.1925275655975575,0.4406231362336601,0.2595855692494662,0.17040240358315537,0.2811771522937587,-2.831399629703806,0.011865392661417309,3.9646618175337,4.344354013898774,574.6325119425928,7.662491772667976,1.77294039224547
office__229.png,0.15288649210106198,0.45004656033182433,0.597091273488562,0.1981331430718243,0.29685728623963026,0.21512424941085806,-2.8730238722993793,0.005271783692932618,4.050502842198419,4.3193903524487975,324.91887293103525,7.726730435384235,1.7406653024678314
office__23.png,0.34015657691135387,0.24451773083633033,0.44428639450571883,0.299359970364704,0.23542369533880128,0.24935672866022568,-2.695213408055662,0.0077274091913427335,3.738611487077066,4.040077817684427,408.49938216840263,7.530484610710567,1.727083213391652
office__230.png,0.18875419106678032,0.22387172568607913,0.40065004595588233,0.16634647111501857,0.17707843477496554,0.2708433026033301,-2.886436039419015,0.0061831633747146935,3.790142367576572,4.127716630273071,401.4285096412377,7.4563417772458225,1.7348383926704785
office__231.png,0.15799331578581233,0.39484217003937383,0.5222985217524512,0.20506047505174896,0.166583084390195,0.23884099081837667,-2.9441369661682675,0.01284012325049977,3.8103525610126017,4.161493499051996,388.2896651803605,7.623120426624032,1.7269622751915652
office__232.png,0.20864360260614323,0.4393873341600599,0.5810438495710784,0.163364607366327,0.2814546496191454,0.23672269097845453,-2.7440340635794307,0.010681475617654682,4.003304166759795,4.284203954682168,520.9999029258028,7.689134785123182,1.825254900501643
office__233.png,0.31143902156746683,0.3269593276886235,0.5093420777165032,0.26473415148524226,0.2576163802664172,0.27617130163079506,-2.9894219919620366,0.0164043842463492,4.14503308534467,4.294790107877792,300.7483664621532,7.824574756444696,1.7212192929278338
office__234.png,0.3346866974810951,0.31106881011959026,0.5018840379901962,0.37893054671439846,0.29557134026106235,0.33410949353172287,-3.1524993280553417,0.007145811926577798,4.3649209278129355,4.3096227207961055,380.86513031116544,7.243586534093859,1.7933492294580577
office__235.png,0.27656773910158233,0.32967677660046185,0.47915261182598035,0.31008656458017303,0.21197387735122133,0.2674184210793296,-2.665831868004762,0.004439888157339632,4.1957455670604045,4.304354017302925,317.069494887782,7.5715905984694745,1.756271971309967
office__236.png,0.24595884395294315,0.279062713484362,0.472932164011438,0.276487716322154,0.26136666813241854,0.2752719014292042,-2.8859316490652898,0.011098689130589524,3.40087680546873,3.7568847992686987,382.17533576276537,7.473330973421273,1.7002347953862778
office__237.png,0.31056410667763723,0.16172443995347985,0.4827756459354576,0.24120274500916783,0.14595623427323867,0.25421919342232757,-3.0226231834283217,0.003055142024629537,3.950799334903046,4.25320695512288,296.1967487210165,7.609314748496936,1.7228192819253405
office__238.png,0.4581315252492421,0.2077274446054598,0.5181810661764708,0.234444498046068,0.20168051803079967,0.3161772976868049,-2.718337072094913,0.07251085991307434,3.855811371630738,4.214451158927526,405.38693280156275,7.261956815883095,1.8045660755334505
office__239.png,0.1655025290496699,0.20933150441178766,0.4062939261642157,0.18493046600587182,0.13259116245158253,0.25035081197550857,-2.8964693997035615,0.011009207152936094,3.9494897436160246,4.261636565288836,331.846801198653,7.279765237543288,1.720725221168435
office__24.png,0.15127600029068228,0.35086628291821936,0.5168044449550655,0.17078672988969298,0.14443456053382017,0.32786451623603696,-2.976139221085635,0.022015430994267383,4.421731063860934,4.410091276396805,381.1945009172862,7.396812688984932,1.7719069828929654
office__240.png,0.38622878559590673,0.1869734815518455,0.48559913705065344,0.268453112276396,0.16964543242246913,0.33762250146242423,-2.8223082109329263,0.005913745407761496,4.15814013184896,4.3282608499331126,424.56638982660394,7.427621742514592,1.7643547431421571
office__241.png,0.35003468582616404,0.20857812222098226,0.4539945108251635,0.2716576561335089,0.2658970479301349,0.2755139684284872,-2.984166865000253,0.012033866027928813,3.7757541992375785,4.082513860912258,315.0419124491023,7.5077580703927875,1.7176179762187664
office__242.png,0.15493414325144295,0.3295295441958109,0.6142548381331701,0.07009869579336567,0.14450940094652687,0.23636606277743333,-2.9131864654312123,0.009998886981333647,3.955139682234879,4.223437834900966,453.2174571379153,7.6414930795165175,1.8739193865620247
office__243.png,0.21757757826796018,0.3129533920081314,0.482971137152778,0.24852891687290554,0.2857429649787563,0.3142590412101895,-2.8659050483711987,0.013278212549795958,3.4935305583045855,3.8905124079413187,536.5699408621091,7.420705716398377,1.691065505958997
office__244.png,0.23455633167636833,0.2407679394519519,0.4364387637867648,0.2655506935675063,0.12999977982099045,0.2449586305500258,-2.678101806098635,0.007762210013211151,4.001500062769674,4.363670500988089,565.0017225976729,7.473899954149103,1.7010300431638676
office__245.png,0.14164697390268532,0.39962697012212633,0.4962020016339869,0.05681497181680759,0.1349357253848921,0.2903437033926095,-2.732936390631265,0.0077667717824711985,4.062002225069164,4.313663828510256,408.7448261342664,7.835819876208191,1.7933492294580577
office__246.png,0.35486011109803617,0.31199426377818884,0.43798616217320274,0.29049699883645175,0.28322906776338513,0.32871165426914306,-2.918076966990096,0.01170788152087019,4.158731712293212,4.326714161980898,452.4901805913305,7.395897644805144,1.695821307806776
office__247.png,0.13164155010707784,0.5586969681832347,0.4103552134395425,0.15616651177317506,0.24570025956353977,0.31872699275755173,-2.8270993686953023,0.016465011741216038,4.046502307351375,4.293425691909354,365.6404686120846,7.241313022430662,1.6856719924418186
office__248.png,0.298717873338688,0.1578787720503139,0.34608288654003255,0.27824634609427695,0.15273351901490093,0.2463000535612993,-2.899638996595605,0.007241808262875347,3.7084747247634033,3.9180357717630057,340.58909516090705,7.496942790470382,1.6082222885551065
office__249.png,0.19014156020214454,0.28866963163154075,0.518171951593137,0.17718938058470043,0.21685407572084536,0.24521605210885594,-2.991245742115719,0.003809463083571934,3.8785018167438485,4.18916345970825,345.388468145922,7.568499248694573,1.7281694558145015
office__25.png,0.14793584752838926,0.504447559843512,0.43870571640114375,0.12942268856305233,0.2829967006510079,0.3043838328665116,-2.6714240425763767,0.010420243037471952,3.9233090062707543,4.19906389575763,388.0738684175066,7.286000371634351,1.7364818588821234
office__250.png,0.1926902783219175,0.5218100455734075,0.6119331597222222,0.161258737611851,0.25704002504298357,0.2707504436079653,-2.9148743586090995,0.012103911898121024,4.068724595914675,4.321426643158585,541.9729458673295,7.694323463552897,1.776834079461004
office__251.png,0.3626812801259927,0.2487055899216612,0.4980970690359477,0.1750167857440963,0.2430992239668556,0.3364536990202761,-2.7691758909105118,0.007158403359898594,4.107364732224299,4.283311545341789,385.1003590624809,7.463291390977496,1.7894786567107996
office__252.png,0.35332681138799277,0.18652040643925025,0.38043730851715685,0.2003518082787756,0.1778346191427591,0.32057571205409874,-2.7945947283271857,0.003780613529232804,4.229713688111835,4.27791821549743,406.195043427595,7.515060945204247,1.6941995802022003
office__253.png,0.26665302242835476,0.18667457009843513,0.4656062091503268,0.24588930596046993,0.15646828154072198,0.24216486777880872,-2.786155800152697,0.01876749508155161,4.109743597198916,4.330123213095965,440.4836788396614,7.44536290110174,1.801965697852405
office__254.png,0.17405111254471714,0.35213608243364397,0.5244516952614379,0.1722361199500724,0.22476532825468995,0.25461619368235255,-3.0026839194954626,0.01368791446549215,4.140704753579211,4.265912752669043,309.93960897315895,7.201931224982512,1.8095155986391618
office__255.png,0.14701102946769645,0.2526297264233317,0.4720316329656862,0.2018405401702754,0.19849396183927234,0.2991557615137353,-2.8142736802589736,0.0054925781730065645,4.043424299329277,4.313415528004829,344.39354932631875,7.4508030693374865,1.7095074119901974
office__256.png,0.328854330752137,0.2931678979333178,0.4649360191993465,0.19552717545569476,0.2898939310306913,0.3268412347544319,-2.895997812278786,0.006782274533453248,4.251035439793235,4.410586767948716,423.92799622274055,7.7096902295569025,1.7140976977347857
office__257.png,0.20545383982161572,0.28851845374033797,0.535827499489379,0.21062363745774831,0.20458710653103282,0.29180854761223923,-2.8638768355885627,0.01717892691195284,3.72817915329297,4.093544226066176,438.05736624439487,7.775648950514671,1.8158079622828094
office__258.png,0.1924023703958639,0.2778792513032928,0.5090869715073529,0.22257619892342007,0.2528723728220038,0.28929283557812224,-2.7330017467568006,0.014961782875174958,4.101616903746002,4.3653870481133845,381.57255817772494,7.763237855136147,1.7885028959428646
office__259.png,0.27744227334668725,0.3200347056710446,0.5055281862745098,0.31170508223866067,0.3130879150799643,0.26140494025655536,-2.830351177198707,0.009827160663207919,4.141952092111645,4.36338239408844,427.08039674845867,7.727453783932394,1.7886005820885544
office__26.png,0.18613193218387175,0.515588152933536,0.4696055708741829,0.21487314553658635,0.20063185863403,0.2665995133346337,-2.7959642277581223,0.005895846838090031,3.9139168898086325,4.283251098313755,530.5991877406079,7.641603129555675,1.7223279618883556
office__260.png,0.17617311504294514,0.26660673969995397,0.35824789368872556,0.1924532160897958,0.20277475567925518,0.2856929649785825,-2.6249793896947717,0.005816645301563115,4.034769941691522,4.275790757222314,529.7864697308858,7.290656947929724,1.5998120617556737
office__261.png,0.29683511506685717,0.12145006998087804,0.5486893637663401,0.2868401709370393,0.10445233253611139,0.2866805850646628,-2.6415429299187605,0.02772315646810833,3.6995410629821577,3.9844766524087722,365.16880441362684,7.708829075466515,1.7930605737768495
office__262.png,0.3668689901706944,0.16833204141425362,0.4049196410334966,0.3050762984463486,0.16725038543901408,0.2828433378090075,-2.9210550150837453,0.00603905301290519,3.980190475593475,4.2626436025863805,457.7044846713947,7.315216728954523,1.69465994336203
office__263.png,0.144702830900795,0.31442849569126785,0.5688940078635621,0.20074793942962457,0.20809933616869275,0.24166787969141165,-2.7890345736571445,0.005346403473405828,4.280544944510989,4.432646090622083,420.09380387851877,7.79042340170292,1.8225747228705973
office__264.png,0.19619202011988524,0.2535536642614443,0.4688542432598039,0.3003698987925756,0.25932210849613335,0.36185712950794857,-3.001552245943049,0.00740490607457773,4.1635542660141756,4.312140912269216,301.6172428921115,7.117910055268063,1.7229420087449963
office__265.png,0.11073458518392018,0.44531673152293566,0.5286875510620914,0.14599311969924336,0.31410279262706015,0.27699321245095704,-2.921743035611221,0.006875631520996458,3.890439079445596,4.196034944391328,391.07387938746035,7.625458326076664,1.7096359174269218
office__266.png,0.2922324748114079,0.1715221680213139,0.6250631382761438,0.2629052906018658,0.16196735796665984,0.26832565906586414,-2.8981717486885166,0.00786592874112475,4.0766580496087155,4.3004676851434915,434.0586180419827,7.524958934906501,1.863331859402669
office__267.png,0.29637847905273856,0.1924824671256855,0.4911927976919934,0.33284467648144966,0.15704104918095246,0.2821323919929607,-2.9236434462522043,0.012504118470470824,4.3203154447815475,4.391083461555663,443.3262407263223,7.579060200172663,1.7800727191559313
office__268.png,0.33614728018733453,0.17219666666486444,0.5399655075571894,0.2644851866286154,0.1767443236060447,0.23759987384462158,-2.595575307280695,0.017645053251990547,3.909814823180934,4.225245111918059,426.2553315445868,7.697509082946437,1.8141137267926297
office__269.png,0.19849491910904107,0.3029071919858882,0.5294427593954247,0.2156644878702268,0.20175039889671886,0.2539494305199822,-2.823449320157141,0.020085298295871065,4.107579627431923,4.342313722836809,316.14788672274864,7.559732158099876,1.8059493663908703
office__27.png,0.3836934650590269,0.1892238553038626,0.5939221813725492,0.23039890600171764,0.18532583476236117,0.31658176074639793,-3.0096567904320906,0.005634723795683982,3.783809223854334,4.078642353745985,473.0106356741998,7.729892592654208,1.8353176741966866
office__270.png,0.3626114219778151,0.16697185842075604,0.5292528339460787,0.3661596408162179,0.22950260741854078,0.26755642710429745,-3.1492445044050137,0.008002472701135228,3.7174225070871443,4.070005418526957,360.37969654908346,7.506855891648822,1.7983989152596311
office__271.png,0.2981388501659757,0.24058285236164076,0.4448055810866012,0.26684492666856224,0.18659924285382173,0.26677134006649306,-2.8957854136829515,0.011240559329905645,3.594628071580546,3.9458747967190773,370.4992435516086,7.542911748693628,1.6709820599218417
office__272.png,0.21013572124941876,0.15217589821410454,0.6113387969771241,0.22004150152119178,0.17117390296130577,0.274945458315506,-2.804155482073298,0.008368888420977506,4.3849298740786775,4.452028662846106,383.51226934711923,7.411963130688699,1.8574654623886784
office__273.png,0.3283407095629041,0.10407993179873544,0.5105397135416665,0.297567525937887,0.11336050064590679,0.26292431024363194,-2.938700420272031,0.011409824156269404,4.123376126679796,4.326822974730846,393.0760045272586,7.741805306730722,1.8072346959303587
office__274.png,0.262035708615874,0.13067204226486703,0.39809600949754903,0.2541401870919989,0.1296291544153744,0.24353261973054577,-2.898237209577607,0.00699866202859518,4.127438518734081,4.306720081670702,297.4545778097266,7.375199733302014,1.689140951302782
office__275.png,0.13427538169429462,0.3644307015090146,0.325879212622549,0.11765861189622445,0.26514328849928387,0.22096531597950697,-2.85317593746342,0.011894482710030095,3.9025151622829837,4.285384738404784,459.87180045229314,7.3281162007922465,1.5851603781772485
office__276.png,0.25318414942344086,0.19358124649902886,0.652420419730392,0.28547104008990126,0.1375329485527221,0.22024121019926404,-2.9020650237243024,0.010720468486229475,3.9973879757416944,4.239356260623933,441.5371816917486,7.4970947862202495,1.876956737762383
office__277.png,0.3908841525306407,0.19405531237244694,0.5379204580269608,0.2962550336748314,0.1749231280756251,0.27334003876554114,-2.868673123418174,0.008567210136301648,4.1624293151932985,4.3004602852542195,433.82020986901375,7.781895882435033,1.7665779972663909
office__278.png,0.1974351614092771,0.3078214675158925,0.518892884497549,0.1931367176683796,0.22573143900675358,0.22557203632521614,-2.783778401887571,0.018912069424161945,4.00040435615756,4.324184457761284,394.7290178493113,7.664273623716382,1.7814782989649032
office__279.png,0.2718632941984743,0.21701625749254944,0.5522191329656865,0.28639641481025674,0.2765163088294603,0.28407364107346333,-2.7690527049330047,0.03579221657356943,3.997163639145037,4.258644564184351,419.17169104354514,7.749064699856273,1.777139245476695
office__28.png,0.2611324688283608,0.15554414753987666,0.453238893995098,0.30837382182402606,0.14470232424784568,0.28847050194488744,-2.937732751683194,0.008894645426242565,4.1208194166478265,4.305888264268801,498.2062488645095,7.684527854835393,1.778154218289027
office__280.png,0.35017542045342653,0.35646576726822443,0.5362904411764706,0.3962231734337248,0.2522648270975027,0.2592547619483912,-2.8718169918654475,0.010637650070912576,4.112498437877601,4.397210533205276,420.5186752915404,7.624178419592327,1.778255481673855
office__281.png,0.21503845747764241,0.40983590992010416,0.6314739200367648,0.2806583722022583,0.20777830114717746,0.29193338899893806,-2.891879679454631,0.01193164821819624,4.277550930374201,4.323548361141042,473.8785366537455,7.7015164163278,1.8307949432373565
office__282.png,0.210456317919508,0.3812978628239517,0.5867776884191176,0.21499452559248822,0.1946325117628424,0.30195479526643404,-2.9446310283866275,0.008669411608441507,3.671924944403683,4.057624582159263,462.6803341583402,7.726569593943308,1.8044736176603469
office__283.png,0.21588234271609247,0.33527569243044286,0.5497926751429737,0.18758367424402494,0.1893074618300757,0.318212015250584,-2.8458717707216734,0.013269510656333281,3.7603128773053274,4.069184327073041,522.3172819094432,7.7335995225920815,1.781077373009212
office__284.png,0.2524792018097958,0.2239081456739876,0.5111725260416666,0.22980275189798394,0.17465553417006116,0.3439989528318241,-2.907655059240922,0.005714808123975926,4.117856450662303,4.313986398471033,512.7451006199286,7.685532567739763,1.7740730011909922
office__285.png,0.22182704923709687,0.6363318537814305,0.4336434717116013,0.16707432767818683,0.36001187308595267,0.26861651980128814,-2.8559633191253098,0.009323111845414808,4.415383773856775,4.42212041513065,413.4498724432324,7.706994723809663,1.6433491258562918
office__286.png,0.26579686621826776,0.18900330931947762,0.49543873825571905,0.2884539947741566,0.18017893989686418,0.29626509069266244,-2.7158920004540237,0.006359431073219765,4.107142543611916,4.342212749944198,414.83062827437806,7.811664048771386,1.775303433868325
office__287.png,0.4425567218005017,0.3591340423137124,0.5425676062091502,0.3432482671094566,0.2088914065031852,0.22990327531902904,-2.7988525084502216,0.012667407523237055,3.9529082489534964,4.2469482790541955,444.1694306818515,7.613258478643445,1.7412416507274024
office__288.png,0.31603486168469985,0.28223667975440475,0.4459807751225491,0.251937651750888,0.2340771654849493,0.28640126511137637,-2.550322835960784,0.20785323196888555,3.5063998822162317,3.8655840938088892,304.4687585053784,7.555228843105373,1.771969034233397
office__289.png,0.23275273719251877,0.22400092414568007,0.4756634625204249,0.24027591523587757,0.13982097515634795,0.2784083034668832,-2.8538894716800196,0.007919676653817504,4.209919984464185,4.363797221352726,594.2472137978431,7.825984393328991,1.7612561661180923
office__29.png,0.4031359463126941,0.27355773579802956,0.5639293172998364,0.4042630922810676,0.24304942983211578,0.21843587121512034,-2.7503814178633363,0.056710654740561896,4.042866896430366,4.1569669814276295,255.04803984927622,7.717876170070433,1.750977519799686
office__290.png,0.27328927731875036,0.21762038774824816,0.4421839894812093,0.23974501024406022,0.23349486931500477,0.33562107459302903,-2.7900999415504613,0.012872692397841974,3.999264862493174,4.266769177710304,403.60297098192865,7.315893611217082,1.6630298573181868
office__291.png,0.24015828071471304,0.1922303749387603,0.49986903850081676,0.20011791267931323,0.16147535931677456,0.25476341164966043,-2.8828904963652406,0.017555980711770388,3.943053916933435,4.186446065600755,315.05141365080976,7.745982229462516,1.7481810818966566
office__292.png,0.21858001978383285,0.40704826879469297,0.5986908318014705,0.2980964232256665,0.17399142127800699,0.2892450022404584,-2.7567591171207932,0.009320860669747659,4.1831776505186955,4.403133612041391,404.27714245044643,7.685046422157724,1.827739705841309
office__293.png,0.24141202711251553,0.32995309011766333,0.5490293351715688,0.27621041001254776,0.20095101770432774,0.30873682970516186,-2.6382173885523366,0.006521026164698487,4.121138131695798,4.346907160776724,521.83749930138,7.798718714026694,1.8226616772988735
office__294.png,0.42133419364540614,0.16461081819873022,0.5200326925040848,0.2754656803546373,0.18296007882204804,0.21721051263040927,-2.69151004591873,0.009791168647977693,3.8462122766682505,4.214067201516571,515.0478670998785,7.701300781558682,1.8182869890054065
office__295.png,0.21855289275536904,0.19244630306168503,0.4267968749999999,0.27380416786734335,0.22118710489698337,0.34687831098898336,-2.917049716589655,0.008383182937918204,4.173922957015442,4.274460601074586,414.28368395601274,7.196260442491446,1.6820196312819753
office__296.png,0.1189473010289034,0.42892527317997375,0.5301975847630718,0.12076676891621795,0.21072881903661647,0.2889199250675255,-2.9197400234880084,0.010875041778430442,4.046134151377532,4.321234115408281,472.7056873730719,7.6272025758119115,1.7689934592012289
office__297.png,0.3181564144787201,0.2117483677849205,0.5150918607026143,0.32219790188723424,0.2555974313553785,0.2684639069054805,-2.9187764879081017,0.008737109543021027,3.7178051477837553,3.992004058778896,437.0581139073098,7.677439687891823,1.7161145726779843
office__298.png,0.24022219527686095,0.33059117647594133,0.5679754136029411,0.2275940285475112,0.22320825589919457,0.3155896641478652,-2.7449605118568208,0.007115609797726194,4.322681533526012,4.449655245637169,406.476435549147,7.756068883719746,1.8102417781841649
office__299.png,0.22374002050570535,0.2352249819133462,0.46945058466094775,0.13798101243566085,0.20202680989540117,0.33017829775463176,-2.9887834106527396,0.0082590754734357,3.8222088081905152,4.053878826712186,359.29973086632003,7.6561677951111955,1.7536369219265076
office__3.png,0.2597436122226219,0.34666737117637014,0.5535963158700979,0.36313973208123795,0.215076356164884,0.2571138382422765,-2.8875601214206235,0.013663545209580614,3.8161086496727927,4.091913366988668,395.6254282231514,7.488285076116646,1.7954559481380667
office__30.png,0.4336580474108577,0.22455282593999115,0.5159829580269606,0.2674626309669008,0.2209383353595759,0.2585172634377183,-2.6135835104517167,0.009524086445139298,3.8559811373237984,4.22536418063304,516.5328103248729,7.830833391311786,1.7546278171677188
office__31.png,0.3369095572750879,0.25183094340848605,0.4723222783905229,0.24933752089361685,0.22458301024371857,0.24301824667849695,-2.5677834331373925,0.010091538348946924,4.181349433067606,4.343972194222928,425.1970626446571,7.6995032696942785,1.7669995611401859
office__32.png,0.18338938632069618,0.3147011695825732,0.6058261974060457,0.19643672663038048,0.23867064899373033,0.24327173245475373,-2.978351201294483,0.005596728952895908,4.096370917776332,4.18658315593323,435.37651820412907,7.618082661106226,1.8389513236441157
office__33.png,0.3385483460371018,0.16129426162775193,0.5114073478349672,0.3457848747899075,0.15583035057655567,0.2489355926108307,-2.8324319234503887,0.008616029488439599,4.227442666090407,4.3744406060110235,380.2603416571203,7.658712547661669,1.7743810565152178
office__34.png,0.36299903506373804,0.13002626634883102,0.5886661815767975,0.2853812980662247,0.12738762904408554,0.25522214595879206,-2.7856385651393314,0.013362080616822385,4.208553882164063,4.3511712650011845,482.1333754374354,7.660128382052312,1.8454429119905231
office__35.png,0.2417146317068669,0.2033709714221042,0.4526907935049019,0.1844315100829045,0.1496567347072978,0.3045372857665293,-2.6918606625763757,0.01020062509204301,3.7059876033114887,4.240922511124198,565.9548615354873,7.706731001612142,1.7521994221375359
office__36.png,0.3176513068973213,0.15000430823558547,0.5496148897058822,0.23729898923671308,0.19175038979463588,0.2893846470266017,-2.942067823833434,0.00725297367587106,3.9618155020122003,4.1607408521411475,381.6383707449396,7.783190480957351,1.8282512510380353
office__37.png,0.23726258476856718,0.3214007413953455,0.4677035462622548,0.212779257546005,0.18982070402109377,0.31541799753670385,-2.8028015974752987,0.01244587969858589,4.005877877813504,4.248533403050486,618.3805386721281,7.693287822803425,1.8100604396770952
office__38.png,0.27081363861501123,0.17947863152310758,0.6594820006127452,0.23267228578902768,0.2447076666990526,0.2239578576502106,-2.8104752281823093,0.010775111678611534,3.732749179361281,4.155260986385942,511.36646239093267,7.5797335573146,1.8698193201654554
office__39.png,0.3085186949909365,0.2908988597983236,0.4772875689338235,0.28571897975555277,0.20345480756222392,0.3267487891576113,-3.019438718933469,0.010073161195169707,3.731515211274857,4.110257056130821,609.1559611812072,7.61441040382376,1.7684700815981231
office__4.png,0.21653089127513908,0.21003700118596497,0.4145770143995097,0.24813770224869028,0.18333041986085521,0.28648410344789305,-2.7494679462445726,0.007919719939281353,3.942816967763746,4.273590756084026,421.7525281911801,7.610765750864006,1.8193431000678248
office__40.png,0.21391116379186048,0.3736002403288326,0.5305297053717319,0.32519035827131104,0.2705018342866336,0.2972646948390474,-2.84495568353809,0.009976822145648464,3.990547185310951,4.286477085015363,413.5022630590709,7.706483249736251,1.7469419812937201
office__41.png,0.291731120023603,0.1842953256894503,0.5062394939746732,0.28359245162515984,0.19067377859824639,0.32560019546665625,-2.972181712983221,0.006736851695091397,3.8728052229419596,4.047963905152802,392.1653216131037,7.414313471668609,1.760503294865675
office__42.png,0.19949779816687113,0.20907266359247678,0.48632263582516333,0.18965508320109922,0.16122385216419985,0.21524900734512287,-2.852736085279359,0.015665580567075826,3.876730677565518,4.249636165716997,306.8164375363998,7.468197939421207,1.801965697852405
office__43.png,0.17071803182407166,0.33744812609968644,0.46225500408496734,0.2296019935788659,0.28315592493961317,0.28303301883477566,-2.888745959578892,0.005650187852882326,4.066100974440311,4.301380661818571,362.38762298423984,7.698587548588576,1.7183668574736835
office__44.png,0.26319686909282464,0.2489986708506947,0.648217218137255,0.28846909029183715,0.23380351355626275,0.2090974619644002,-2.7135236515370047,0.00459017090000897,4.230924665907542,4.404337557311857,470.22068084096975,7.703964514518002,1.8538252088074558
office__45.png,0.5257006418249003,0.26485469624082725,0.48820945669934646,0.2949282240067894,0.18366930386809707,0.33490978388554693,-2.8939819238194415,0.010686050334281265,4.16744193449378,4.326046439833938,360.1920605820522,7.597799349901757,1.7427345977230124
office__46.png,0.25023766961151617,0.3001595393492425,0.4909269684436273,0.1748394885737163,0.2055276333667684,0.32375112708189635,-2.9353794412604866,0.00740236315308457,4.22130022554184,4.299500625655146,513.9789637486267,7.679719890532402,1.7874257342039805
office__47.png,0.14540836275442012,0.34164297953440204,0.48517519403594767,0.14255802525136413,0.22319725322811187,0.2636269367023532,-2.7788916165100432,0.011113368215719519,4.3347961131609996,4.420711998355461,453.6729190892513,7.679062855539519,1.7137179600416808
office__48.png,0.286979628091583,0.24816073939796657,0.5023216784109478,0.2687537730602295,0.2760407279635071,0.2771525952504679,-2.966759987675305,0.00376155505698624,4.067786997794337,4.257943130323781,446.80672947193113,7.6349294526335205,1.802711139454305
office__49.png,0.27879688128954344,0.24644827843853945,0.4955499259599673,0.29703612055652967,0.1873839781839983,0.2669935867794267,-2.780159481113969,0.007730785003948112,4.1791172381853565,4.35965952837515,494.1659415896353,7.802431016531505,1.77642668695764
office__5.png,0.29996083603514756,0.220718745790258,0.4728904335171568,0.2979472147779782,0.17355582405579692,0.2831415238556184,-2.724698021356899,0.011537068086853314,4.239197462493861,4.397631997878617,545.5673621691125,7.7717695108377445,1.763716481128275
office__50.png,0.20535787141182266,0.13582863543025125,0.550463592728758,0.20306284725508436,0.13850721169606695,0.2367332189730716,-3.006267163825561,0.005078421865452733,4.110289697042072,4.245540491103996,507.9710874323582,7.6848205179017235,1.847919737335189
office__51.png,0.4680553776717439,0.2529279489197123,0.3340217141544118,0.328486201639367,0.15852715006793694,0.32696771928072965,-2.8681427853817105,0.01051728782360045,3.854016346052265,4.134867063976644,491.31198246387476,6.847390738697981,1.6009377913951615
office__52.png,0.38336040576448044,0.12372914644742287,0.652044615502451,0.32704709461426457,0.13944882020162214,0.23411611937330487,-2.9613205715856172,0.01210488869604021,4.12953655919879,4.274567378532426,404.26159391185695,7.511297958231365,1.8895543981450231
office__53.png,0.248218261316009,0.2470448879773709,0.5006597222222223,0.21102896545098432,0.1785090810349416,0.3369126590466163,-3.0346432886504973,0.007995724641033179,3.8994776160555116,4.066280543475121,307.2472445353081,7.178458190004317,1.751422473313998
office__54.png,0.19650573307323035,0.20598521066659375,0.4724986979166667,0.17624110186109315,0.16010524814724778,0.2715164767496382,-2.6333491869710337,0.011390119442793932,4.032655917091386,4.371308811068665,566.2206442155884,7.800011191803592,1.79122682596029
office__55.png,0.46521477520468485,0.15858196645743483,0.6775651424632354,0.37885009153633337,0.15450230164174872,0.30047229617121374,-2.7057568977812942,0.0059998735784508985,4.183041566031795,4.347229382113455,347.3539900073938,7.4103952715103345,1.8329814618673663
office__56.png,0.1640425377059761,0.30992905838217677,0.4385738868464052,0.1371278841866062,0.15458925627897793,0.2695976542830621,-2.7610511137974107,0.011428079875107406,3.968529211075078,4.203544010046359,523.8543142628322,7.742681911267757,1.762328512342752
office__57.png,0.24022219527686095,0.33059117647594133,0.5679754136029411,0.2275940285475112,0.22320825589919457,0.3155896641478652,-2.7449605118568208,0.007115609797726194,4.322681533526012,4.449655245637169,406.476435549147,7.756068883719746,1.8102417781841649
office__58.png,0.31990406871567517,0.22380255060977916,0.4593482817606208,0.18977565226760346,0.17856242123449326,0.2880737042043684,-2.9357522811095764,0.00537832488412159,3.6050869102658005,4.043727988982294,497.58496035819763,7.587450320491395,1.7064062208298387
office__59.png,0.19700068889541364,0.308000326523211,0.5474108200571896,0.21669447047768162,0.22859217512589086,0.2601831402938407,-2.7241359533456198,0.011161869870891203,3.831535101843634,4.223370519465378,414.24281850779704,7.662098889446866,1.813128059824005
office__6.png,0.1523262695597996,0.3913753810711449,0.5465984987745097,0.20596880097835096,0.234557978808738,0.21350445871203536,-2.747472422892684,0.018137802381061278,3.946604697268861,4.284267421084041,356.8981389447339,7.674833402043108,1.7972632794194539
office__60.png,0.31727374327042046,0.31836736800152,0.4646444674223857,0.2634931543788325,0.2289375672532533,0.2963245096549725,-2.926923997704335,0.01746386475978881,3.944976235386677,4.226631927479935,391.2319986729351,7.455150219254154,1.7541878167537515
office__61.png,0.17475922019267048,0.44459716944860656,0.5256476843341503,0.21516319918064133,0.2894559104919646,0.3344106968726562,-2.813504567038587,0.004805738229227112,4.20741469648479,4.290205207574402,358.6289240678273,7.062017351531427,1.7549574735128926
office__62.png,0.22374002050570535,0.2352249819133462,0.46945058466094775,0.13798101243566085,0.20202680989540117,0.33017829775463176,-2.9887834106527396,0.0082590754734357,3.8222088081905152,4.053878826712186,359.29973086632003,7.6561677951111955,1.7536369219265076
office__63.png,0.1595871018427021,0.44716642860000244,0.39904701542075166,0.19862597886695849,0.3325694884208037,0.2791120172131826,-2.7307316422269166,0.0037716956587704065,3.9242200252845105,4.2090129538264565,358.6939643477915,7.314630646321747,1.71786783261394
office__64.png,0.38120388333955324,0.15012249092924956,0.5488863868464056,0.2947499186137881,0.12514409901970405,0.22481554857994468,-2.8863459209040356,0.010601447171640684,3.96824625126691,4.2916481825395305,278.7604078254688,7.69944996709627,1.8170503649526424
office__65.png,0.1659477802744317,0.2683474148523004,0.46831463184232025,0.1601580157610733,0.21943647473650638,0.2941870566982227,-2.672321065467227,0.006911855024022144,4.223443148217903,4.423558803631236,469.6962879098486,7.676165605536055,1.7742784172691828
office__66.png,0.3151479161418406,0.11274306305743456,0.34126171875,0.2638018762452256,0.1307129937698943,0.2088796907395146,-2.8883073285376186,0.008700953208543938,3.990817990140271,4.254793426901705,289.8822930529003,7.501087196145551,1.5083483859599354
office__67.png,0.3428957275518551,0.11032156886279779,0.3705339945874183,0.2084188387707801,0.09853842566873408,0.3042631488613917,-2.951366505292013,0.020259192156149103,3.6454532779117823,4.075223133967535,561.3005836599426,7.5001719532724715,1.7052346750121614
office__68.png,0.22002538227524382,0.3503718321866867,0.48019486570669934,0.1983725192084959,0.2924525207467001,0.34460561909421616,-2.902233760949327,0.009446219473800206,3.9190741284834987,4.270191830262404,565.2007733541096,7.61372370866047,1.778761385839633
office__69.png,0.2476349426016668,0.3053929907900015,0.4417659824346405,0.26432034906564456,0.2197067174270492,0.2919895347279683,-2.752291132534786,0.009458587609800354,3.8727921320318694,4.12756963024446,491.2075121183409,7.6609543053400495,1.7220819579045616
office__7.png,0.19634499269306624,0.21311416434150898,0.4419127093545752,0.14049724260821628,0.18533006943534142,0.30845712863323094,-2.6936375274526534,0.016194660792616146,3.8266052280776863,4.0996624863396125,388.2623734713251,7.67699583090349,1.7134645264073693
office__70.png,0.126288346974291,0.579458999274038,0.47901164215686254,0.16858611752453043,0.2391986945174323,0.2052998302222795,-2.953129781107505,0.012675542399384005,3.642915098341769,3.9740401354845574,290.45690042772515,7.275872520426861,1.5414718317577503
office__71.png,0.18919254483038733,0.531813786995465,0.5474229090073529,0.2325695671662385,0.23474922118539307,0.32398042888113776,-2.799161816793955,0.017317510262671393,4.040018993808138,4.317321003861372,378.4099947932833,7.473043563575451,1.7914205472182219
office__72.png,0.11585831584753378,0.4537211299532231,0.34375011488970586,0.09062581850743238,0.16744685563865286,0.20523099446439821,-2.9432352281524676,0.00720963171998701,3.921774927549845,4.2427998513000285,330.84769735259545,7.2517883843357,1.504973673591645
office__73.png,0.27032491483143145,0.33560875998493617,0.3972247242647059,0.1774021978475271,0.27511125685336535,0.33342065355702194,-3.083669650583318,0.01324883754807559,3.6169315943932174,3.972596009228543,597.7562330584811,7.418554537297488,1.6983706410370458
office__74.png,0.1848028589971009,0.5408466765520963,0.3709455550449347,0.22405339936079632,0.3677799362738625,0.3189401342162122,-2.6862699452562486,0.006732038522072829,3.6567167392416935,4.152181490653848,517.8504835055771,7.262578532446954,1.7045816912833653
office__75.png,0.30403785516413906,0.24422315161479882,0.5404913960375816,0.29499959631486866,0.2014993724715693,0.3296308677270005,-2.7408503783918654,0.0076907768902445914,3.747195527440232,4.188394843356754,454.7033802672478,7.385556535477775,1.7870330634155305
office__76.png,0.31030540396070205,0.24907354653213068,0.43926964613970576,0.2892105871553343,0.20623222182583584,0.3356947736782039,-2.7267348034698693,0.013182115536141042,3.9827451124367403,4.28019427850991,603.2150112451849,7.612889703643495,1.7733527378491787
office__77.png,0.25130823721548284,0.22873615205100728,0.33325522109885625,0.2827732930620315,0.14101801149078064,0.20954763198696624,-2.812325715215097,0.009047034361339008,3.7105252558947646,4.113819056336829,287.86235112021524,7.301923469658283,1.5493028209890771
office__78.png,0.3081417257548745,0.3530451424045538,0.4607868157679738,0.25127677123306624,0.29632872138444555,0.32695302399902704,-2.625596293739299,0.003951342653560102,4.243849048368999,4.444408367595882,391.06395340732996,7.685434709812213,1.7626493631762017
office__79.png,0.2864158153053176,0.28809473097151045,0.38845958435457506,0.2880038625547917,0.30228475281083084,0.3440690539818627,-2.810134284261829,0.0050582094786068045,3.3560985647765333,3.7673140585046214,597.2757181378573,7.198812906311943,1.674137460013752
office__8.png,0.3433193264027816,0.19123586537831352,0.5094210707720588,0.3001674096862039,0.18737540582654272,0.1870621584684556,-2.9195909264371402,0.007996542485743392,3.835350608841578,4.187633393205665,399.22792990144467,7.3840362639885875,1.8224877684423209
office__80.png,0.41114515913784366,0.22414945412427115,0.6442106821895427,0.34543312755183625,0.1712248186333782,0.28983669248370614,-2.641352233402891,0.00828962884238707,4.061432637147429,4.3292928229216745,311.23152932429247,7.382749738105657,1.851320315894169
office__81.png,0.3704723212308804,0.27994657161092257,0.4548652726715686,0.2552354426000714,0.22431627510467697,0.27975173953904503,-2.7581841928577546,0.011259147767345545,4.271301084894215,4.4429141595454995,459.8267603930286,7.494961313733531,1.695416667025826
office__82.png,0.24063665436330733,0.25592659546605373,0.4555452537785948,0.2555941588318208,0.2522954295659128,0.34652007480176433,-2.8979300479038694,0.015669766481418258,3.085403584747494,3.585195585369364,507.6847208192296,7.521339636251926,1.7062763395319074
office__83.png,0.3231453843595994,0.3131903967902695,0.47957492085375825,0.27558663912025483,0.21865904640561173,0.2627309706791213,-2.63461236840594,0.008972229275397588,3.5042365631921175,3.9277654582181256,371.1455984215363,7.743342580130445,1.7318802910756381
office__84.png,0.376997683623066,0.239918395737489,0.5100194163602942,0.28403683591509826,0.21866000321930545,0.2698783440780601,-2.801520595188394,0.013128326015496438,3.9242042409779154,4.210262289617578,449.7543131711183,7.758759784325477,1.7823782497803382
office__85.png,0.6135101297581229,0.2636181768950326,0.4620751761642156,0.28876138904531096,0.21959843801854773,0.3011537678797608,-2.6404414395322404,0.006446255308772028,3.8457633240190487,4.228232354250143,554.7317633592808,7.75528552059057,1.782478137303959
office__86.png,0.24875697378093964,0.38701677807824664,0.3214631842320262,0.24231745725042864,0.3242029424049674,0.2552787481522607,-2.749185475243795,0.009426803591425465,4.431911435376111,4.491137748257977,721.0311587765701,7.495029290846543,1.6813118882771447
office__87.png,0.2535274359995581,0.22916255091545362,0.3335489047181373,0.14212693618810882,0.14026310941491404,0.21397197570535662,-2.8520986717699532,0.011543530515548612,3.71695972661971,4.1112192279081246,300.3885639265394,7.005454547021574,1.5674204365338102
office__88.png,0.31385395250035236,0.16946208231170068,0.4874490655637254,0.13456134177028725,0.14852657778773198,0.2701906570064115,-2.7544011554009677,0.0061864849036776665,4.179741056467103,4.396172018376015,444.0149033060527,7.727690441811343,1.8040107779503451
office__89.png,0.24178085060103258,0.45775848980965167,0.2411232383578431,0.2608753907304739,0.26379389675464354,0.22396847191399902,-2.703387292318914,0.007187869221035926,4.363870533969554,4.358374473282813,278.5509854529676,6.834981912363752,1.3578415526756675
office__9.png,0.4027372332450004,0.13618528993646828,0.5063840252246734,0.31606449236605916,0.11636212776420293,0.26667512759789,-2.829869615167737,0.008597694714735723,4.201200932109284,4.403443882688717,558.8911437162348,7.767280285942087,1.8002816437351565
office__90.png,0.0966850141669793,0.5817570992550795,0.6195974264705881,0.07526600663938378,0.2575808622248171,0.2740586663566633,-2.7416884070175285,0.004730552823868296,4.340862374859428,4.39933091578172,494.380749391452,7.8787357553023885,1.8129486475226249
office__91.png,0.3671521434066131,0.1710737977738075,0.41554436019199353,0.290141549037582,0.18032935574266992,0.26946862276454425,-3.067256789900191,0.022354846907390438,4.080684767897427,4.297154747632752,515.9622804026305,7.675016333260924,1.7263566210882868
office__92.png,0.2465541828325705,0.29600858551622833,0.40162185968137254,0.15382375636988785,0.2760534439823913,0.3080516055021053,-2.8702438166352655,0.008748514689741122,3.9179233262988977,4.228764087825489,561.8371009803096,7.694150433958402,1.7294916584343347
office__93.png,0.2490359434879782,0.5552312755770702,0.37964204197303925,0.27447907479799005,0.27028305843334643,0.3207681600350203,-2.8536295467358967,0.012052996128171452,4.059433482103128,4.054399091511734,398.5029466419891,7.237959684807771,1.5738673093909932
office__94.png,0.2406377297470163,0.2500108235407411,0.4534364787581699,0.1441643608077766,0.2058351570951299,0.22285751588937402,-2.7729433544193696,0.006298516422853795,4.158661502329254,4.382095818909375,482.1085014462654,7.62021589260466,1.757144955245747
office__95.png,0.1760971930886179,0.25245874055576917,0.4635654998978759,0.24727581010973138,0.2278856943590572,0.2853283066858725,-2.812096096783184,0.01105616135770014,3.8506773558344483,4.252502208564291,464.1955615599096,7.67507095156308,1.7420465295334402
office__96.png,0.3133124027892604,0.24614769505174455,0.3591496119281047,0.2219465517884324,0.18978747936046456,0.2858442070480077,-2.9071364336757397,0.010214560255578596,4.206311304145439,4.278108004777236,298.59931749515175,7.540324287857929,1.5738673093909932
office__97.png,0.20552430901108096,0.24651433719716323,0.3724777624591503,0.2430158069914843,0.21777910409943527,0.3013489215417413,-2.8033072743566154,0.007774207537832101,3.6889237258482486,4.012713382776737,304.9256755450728,7.191624099243629,1.6895819148195943
office__98.png,0.25284747796779633,0.2103564831449101,0.5295093571282683,0.28456159242684537,0.18957389840005173,0.2859733178381075,-2.774244230777739,0.012456413925446086,3.7036814903815913,4.130388654239364,482.6873152019516,7.678146231721578,1.766050216907423
office__99.png,0.16012854808658133,0.41274239435917237,0.5968343801062093,0.21556619218473133,0.2821425805652677,0.26545398861877195,-2.6440570181537875,0.016708569286465524,4.125237044986407,4.338375483303685,439.4400259242305,7.598333102004964,1.814649762318839
restaurant__0.png,0.3051458040113458,0.481949596908593,0.6048415798611111,0.40952645381010117,0.21460251298686792,0.25793299186684554,-2.7527048624635335,0.0023992062000967487,4.425588793611329,4.45818974274828,411.63206537375567,7.765217900836741,1.7795691539542051
restaurant__1.png,0.11510680311463538,0.8242818066725603,0.4153799913194445,0.19593446384959254,0.20922275761972056,0.2669220312329439,-2.487653491428696,0.00542850502788744,4.3125095094724175,4.491235608378715,506.6910656483956,7.4782094475685,1.634151906446511
restaurant__10.png,0.1636914062932324,0.2496577389118319,0.39682835477941175,0.18084861963284382,0.17636800339442982,0.23099124064323495,-2.583490174886224,0.00878896908040774,4.1877889722376995,4.447387127109963,367.88966246266625,7.423103094278195,1.5925791593909875
restaurant__100.png,0.12606638855072735,0.6957807135730332,0.4765109145220587,0.2267923092262293,0.26050671971502243,0.29843068155896796,-2.7269937700801585,0.020429300047865917,3.705010232684849,4.153278696843673,661.0252929345959,7.539349997842555,1.7447890336771592
restaurant__101.png,0.16852962394221171,0.6877481904342261,0.4478754723243463,0.2906760421277815,0.2733513933930922,0.3005907917948164,-2.6407207051184707,0.006861547881856928,4.153473501959171,4.3028421416885845,519.04563796978,7.63836746882095,1.6856719924418186
restaurant__102.png,0.13701908160736848,0.33984374048558713,0.4391568627450981,0.16957685272180242,0.22202367684917806,0.18744675956069892,-2.7579070323044474,0.02528006462921095,4.184792901599707,4.428005872466164,486.4738220402012,7.227036378568111,1.650848257364514
restaurant__103.png,0.3703202306387072,0.18330664785358797,0.5081777088439543,0.27692930548028544,0.13735516950628007,0.26667367277786547,-2.7155202676950663,0.020804764816321323,3.7309446527749097,4.12405838320647,528.7245889352592,7.772925278619564,1.8243930610416395
restaurant__104.png,0.13380730391955273,0.6706189311842589,0.4871682878880719,0.24662993521341497,0.2335424472529251,0.29396689454561514,-2.694876869282552,0.006616453882482563,3.994647125951464,4.328536670398444,631.4820414114105,7.749035017151692,1.6954166670258264
restaurant__105.png,0.21758089151698998,0.32482140740110316,0.46147871987336603,0.2073411836660218,0.21352617381962197,0.25262693493421096,-2.6038756682315465,0.005244589411959672,4.164767221399236,4.402311344391088,467.3688457135777,7.712978565593767,1.74399185969388
restaurant__106.png,0.2973509341220591,0.5745099486681271,0.5355876863766341,0.4011064302708526,0.21913907474956895,0.28944831265400073,-2.809001115505257,0.00882351374122184,3.767025944582432,4.254221725143374,300.88235826381845,7.479262912240882,1.7026139345852538
restaurant__107.png,0.07313427742544733,0.7050732464681133,0.2618649790645424,0.052322508650469966,0.16127875300542824,0.18359481954771328,-2.199124443121016,0.015292745681815047,4.200383050161857,4.422017295918511,376.5441106715417,6.874876200876625,1.4784634422709275
restaurant__108.png,0.11143816807586893,0.8344456508085231,0.44044685712826775,0.2015449783220348,0.2971829370643912,0.26444812801646306,-2.7354522689624448,0.023455711774037238,3.573530422376531,4.122311167191275,478.9622490718709,7.380495873203332,1.533067245989266
restaurant__109.png,0.14556860303756122,0.6958081868152856,0.3337728630514706,0.20891305576749214,0.23570810807314269,0.2705712590185607,-2.2208985687986194,0.00571678984232443,4.152437091745692,4.438557872228948,428.7887095498225,7.332260035700842,1.638951323094549
restaurant__11.png,0.08316050574050149,0.7450057935990454,0.43988881229575166,0.0826860583014474,0.15066375502127177,0.2572655221357212,-2.658146917055349,0.015565957504183006,3.940488986295258,4.339705314211832,392.126482442586,7.533443740501122,1.6394433310621372
restaurant__110.png,0.2362151172403755,0.2296969659842458,0.3222364047181373,0.2908249539739334,0.19801502212683925,0.2413203736973859,-2.574702349767539,0.00944220557958092,4.123919542172153,4.395630906529145,428.91654945051175,7.268017468739073,1.647362237824585
restaurant__111.png,0.12134273115446592,0.8105078205585344,0.4589975490196078,0.20996354154561597,0.22351715341304634,0.30432340369841904,-2.6691557838623328,0.013692978870053642,4.2776688516088015,4.411730452660923,498.88389593620894,7.468226241944597,1.6196064393532588
restaurant__112.png,0.2606037888870796,0.35810988294570645,0.3720936734068628,0.2940606558420525,0.28879937743195316,0.24449080827394046,-2.470223552291246,0.011519404943299902,3.991136653253365,4.362823651626646,584.6466461588374,7.518287077190829,1.7169925097141086
restaurant__113.png,0.10761193002503507,0.6640485294492956,0.4340718315972221,0.180643184981341,0.28003355308631317,0.2856113768664479,-2.689844671622992,0.013061938752391797,4.140952597432662,4.416008601605797,628.8331205127918,7.483319942884454,1.6110564250552044
restaurant__114.png,0.18137531238794635,0.6806738917039383,0.359865030126634,0.3131467633147001,0.25211763514674296,0.2834493025214888,-2.6254076505330413,0.012109978460614306,4.218805430496868,4.469895605813719,524.5662577037126,7.122464237682145,1.6044736171107796
restaurant__115.png,0.12406073964961377,0.421038064479357,0.48503095639297383,0.17067146126218316,0.29247712354926325,0.286749177358327,-2.9411114281372623,0.008980856676860676,3.9290423039234974,4.239414705819751,589.9164615793105,7.586282796054648,1.762756267591978
restaurant__116.png,0.17603617783672434,0.3865213137726221,0.5090966605392158,0.2654330346696312,0.34032654831151077,0.2647709790639235,-2.835302792441899,0.011579375535939612,3.9593141913343297,4.303807476038785,582.3578768933373,7.836421536611614,1.7906452494281322
restaurant__117.png,0.20684569334498326,0.21240212276479953,0.3490272799223856,0.25202372166647297,0.15658573186631355,0.2361673860481965,-2.617492741367892,0.011725780047677664,3.944623026120141,4.3301945682525,468.06302246975247,7.340581752596382,1.6549144775753934
restaurant__118.png,0.1652768619491692,0.5464416916613113,0.3878061044730391,0.24694989130040387,0.27654197878977554,0.30156838155311283,-2.973808671676422,0.007783263662075882,4.098577859571655,4.345678360980099,473.1828949760962,7.489704257579124,1.6183751811592018
restaurant__119.png,0.09815216303992612,0.6287646119395593,0.3813221635008171,0.13933654936831272,0.34185032647909874,0.2919451677597287,-2.6821669594798685,0.0203207609032458,4.1746265475709965,4.363387396232569,337.15470086368316,7.377755437341915,1.6096065425153712
restaurant__12.png,0.0829081857348391,0.840161302078858,0.4093347758374183,0.08807089543742978,0.21870378635906126,0.3049639576026858,-2.845926237752165,0.009267272118251534,3.989119162471443,4.29774017180602,487.12089935728613,7.487943082979958,1.6167845480179017
restaurant__120.png,0.12231123878819261,0.4083108405999968,0.48704318576388883,0.17889082260965694,0.25067326784404886,0.2657875077818704,-2.9424536093046503,0.009144924600210637,3.7620383634280175,4.13334286282637,587.678232034999,7.7449544460376245,1.7192379152037733
restaurant__121.png,0.2834010730983299,0.8710320025443644,0.27076851000816987,0.40848750583832844,0.24193986081156307,0.22281682499970645,-2.8502143888260703,0.02850832311625826,3.480173597138666,3.9001644435557776,371.3250298890895,6.590131918261924,1.2697455723560644
restaurant__122.png,0.32007873991089747,0.22305076435070126,0.3792181500204249,0.3446022780119645,0.18717633164076325,0.29544677390374197,-2.735790218583711,0.012655015189145066,3.886091105159677,4.2663869874774125,587.6282121986872,7.353838246322448,1.6778903966278196
restaurant__123.png,0.21316425570468814,0.32942141478685477,0.49437874029820267,0.27865696274671264,0.33820485850871385,0.30033113373695214,-2.72346307721511,0.018908363535937344,4.013706176580342,4.354022660617976,672.2513679616621,7.742302476799118,1.8079666540924308
restaurant__124.png,0.20156769800008614,0.7118069951619485,0.3747239072712418,0.3420047724509341,0.35910734648018305,0.32229159562823584,-2.7183765104103172,0.01792662348851475,3.9039377973148675,4.264721665275713,605.3750323726683,6.913124757889723,1.5831758359724124
restaurant__125.png,0.2810262841956348,0.1843244045133891,0.43467558976715687,0.25101106826969344,0.20826135496676634,0.34670751817622525,-2.675075961370219,0.01156459536530648,3.9578970014727397,4.277080013212509,762.9329765825496,7.424423799531484,1.781277973573178
restaurant__126.png,0.17940375507395703,0.5408976191505096,0.3735350158292483,0.2715394124179892,0.24738018634522843,0.2941558986625591,-2.7524343834310354,0.009778283446456043,4.095041050594697,4.339728272039231,488.62026976866093,7.511095593792806,1.675442051610137
restaurant__127.png,0.1861567077206415,0.32769128652110274,0.4624369127859478,0.2516829302406715,0.25024327128768564,0.18033960836307167,-2.463020445013641,0.007102994771687072,4.211091229519729,4.3818743681901,329.0385379728613,7.534441108823118,1.6877583483759655
restaurant__128.png,0.20499078036848914,0.35167285277048804,0.32132193372140516,0.2234523155885273,0.23805880760430856,0.20104303773740198,-2.3348386732200126,0.020033664900829622,3.998094867954409,4.3343092471532945,470.4797197773437,7.320793882695813,1.6575425100666976
restaurant__129.png,0.2581679394212392,0.32579164937097904,0.43892722375408494,0.3063892897714563,0.2563411533777889,0.28217055219976683,-2.6825717711217294,0.02434235827645963,3.7618487031992145,4.186179360158273,566.4932035856311,7.251748708591075,1.6672269219298428
restaurant__13.png,0.07573985262687609,0.6737334993744444,0.4052927006740196,0.15319710292674873,0.19151485836612078,0.2356656447194913,-2.713826292266845,0.0282058923109234,4.310558295706117,4.392853298025274,437.1367550564917,7.126115696757937,1.503927193557675
restaurant__130.png,0.24142369219891455,0.2594093329618542,0.46066669219771245,0.24071395399276357,0.1496583669871367,0.2527912291261615,-2.779472788716687,0.00806854795427731,3.920855601512543,4.3264188096969045,498.73735279720177,7.728767931797104,1.7466031066784597
restaurant__131.png,0.20073069648728803,0.3506209178601065,0.620468252144608,0.25336782505577077,0.2559654784218406,0.2878098847063921,-2.714463189431993,0.012552941197449246,4.007249002725225,4.246609543695887,480.02298943480906,7.7896486050086695,1.8580804723481634
restaurant__132.png,0.34685390143218725,0.3240374290313912,0.3247305836397059,0.24537722664850034,0.23702446501119678,0.24780370812549488,-2.4877525468989785,0.03598231813326455,3.762706888858216,4.16499967842255,579.3319326016458,7.526973045179503,1.6573885511976454
restaurant__133.png,0.19628813431314326,0.3734117186849677,0.4055502323325163,0.23953233763031745,0.24508445256194725,0.29001693066308687,-2.8214846946682504,0.008991959008377286,3.9204230008694863,4.257507773531884,415.8423624405819,7.486143778907819,1.6379649681953203
restaurant__134.png,0.2382226804988466,0.2604385001993926,0.3712167202818627,0.27104504084396946,0.17269425057914461,0.2098530637610753,-2.693541580209175,0.014418797797975558,3.824033547723722,4.237693278625836,350.08807713423056,7.43524232353688,1.6470433131968254
restaurant__135.png,0.20978326867538225,0.354870047772693,0.31261034517973857,0.2471522136893942,0.24847390849333967,0.21826490436856286,-2.420357302869375,0.014103466375894363,4.157097945424446,4.420855525407277,457.31425171143275,7.310789110203757,1.6046583952708668
restaurant__136.png,0.20765788583312778,0.35620691097843876,0.3497645399305555,0.28041172284264093,0.20121397821390327,0.21834337768514184,-2.6416204021505467,0.008063534938142452,4.069104970361204,4.352806717358179,411.8738757080573,7.475335679961014,1.5969786131861787
restaurant__137.png,0.3013275032652525,0.29213772082561135,0.4428519582312093,0.28760151294734354,0.20522174872639637,0.2626430385437061,-2.534858615268091,0.007580129825335644,4.291994887870938,4.4481774725357255,529.5573452255841,7.769581434232343,1.7643547431421571
restaurant__138.png,0.16309471914784776,0.4772253497181991,0.39446609477124184,0.20786707283961245,0.2835562153772887,0.2721972282930877,-2.7837635860635053,0.01011030192209392,4.169695346350514,4.395199098172289,470.76661470525534,7.472712599646914,1.6081492303250198
restaurant__139.png,0.2681013434711244,0.270795710040306,0.39799170241013065,0.23390524137880614,0.21548172327219545,0.23643794402190113,-2.410702719109404,0.02839976845386391,4.063149251170248,4.347051063147903,531.777651625154,7.605162766277314,1.7119391090872764
restaurant__14.png,0.32673308052893624,0.31547504118459374,0.45594056372549024,0.34826839916918584,0.2014499881780232,0.22255292372178634,-2.5377519952149656,0.014820563574583157,3.849846379057756,4.281543680491957,529.5427419525732,7.659506730247095,1.7563812146897952
restaurant__140.png,0.31174796903780744,0.31145414295301027,0.37203533496732016,0.24319591039457794,0.234210919945129,0.22609801602266036,-2.583489128112898,0.012387185313508919,4.119434251477694,4.407903749556241,626.7345430641393,7.582833865769866,1.708219330728295
restaurant__141.png,0.08838555559894003,0.42948445826718135,0.3039723243464052,0.07343756444601797,0.1335073572989607,0.21696415841647906,-2.887307514942476,0.01122596717083026,3.698897372071147,4.168840746882735,343.24053504172736,7.130939549595186,1.4114178632446912
restaurant__142.png,0.3436216200373309,0.4987073658582363,0.30826133578431375,0.3555919343193762,0.19336601958167862,0.19254052221684145,-2.6054772383955083,0.005724876005809625,4.222170786234772,4.400000147906237,342.50833720717355,6.983586374745748,1.3735793410908215
restaurant__143.png,0.24620778521712783,0.5388932502279088,0.5196666411356209,0.28500068601690076,0.22000693823936487,0.2325054475217347,-2.7108850968661127,0.014218874537604799,3.7942171195767633,4.177044618262289,547.4115377641787,7.5958603597375305,1.7119391090872766
restaurant__144.png,0.2125990943908476,0.4066050189141891,0.44565810100081704,0.25020636121581086,0.21787996230102824,0.24832365052261085,-2.567554800935139,0.011397089713515848,4.132926857958522,4.4189850184646255,605.1430447201196,7.6330891646964485,1.7482933521711395
restaurant__145.png,0.07846140303542341,0.8250371685964852,0.5437118183210784,0.07755712156533871,0.17024214687497835,0.2540094852435969,-2.7361417208571397,0.009234383671735189,4.250698706499893,4.453721313990206,433.0482308859761,7.577270205942863,1.6688592436657121
restaurant__146.png,0.15519968741640588,0.4525180520234277,0.5267155075571895,0.2535753744967132,0.2398736694872487,0.2668028703064085,-2.8944574968844523,0.004705158375458848,3.998890981122381,4.337378711802754,509.0197916630425,7.550695503024088,1.7184913729129083
restaurant__147.png,0.35118511594193225,0.13813268067273718,0.5081577052696078,0.31016523080478897,0.11468014902911348,0.2045708934717872,-2.7433715407031274,0.01552356161176545,3.911173704542447,4.2703446567684855,346.3397680574211,7.368088068319985,1.7714925734974465
restaurant__148.png,0.25341275355911497,0.631595537926862,0.29239464613970584,0.34522166771556123,0.28458261034414695,0.21062826608944407,-2.7151513832567353,0.01805948825976362,4.153526557140964,4.431293941543945,451.12265293550655,7.088908165164253,1.4258565635082874
restaurant__149.png,0.16003950580190618,0.9398789814441303,0.3448416692197713,0.28024060684873675,0.14923071515866823,0.23723966535440386,-2.6738158377497907,0.00561389518150766,4.136572191069412,4.380398193028966,425.3023701057498,6.957189611510515,1.4255128733788034
restaurant__15.png,0.18303175800706603,0.3955548461855641,0.4848579835580065,0.23916607462901301,0.23904001739218164,0.20865053668718533,-2.3348220399007875,0.011722997535983234,4.183830083310557,4.459731741432066,510.76896714334026,7.625774320092612,1.8164298515483295
restaurant__150.png,0.04980171016052718,0.7032970173891749,0.5080751633986929,0.055194925342361416,0.23683567273382503,0.18627051705315473,-2.6959933431653056,0.0031076592081702276,4.333762608861989,4.450824450130303,369.0723390143251,7.247591015994259,1.6133971777265081
restaurant__151.png,0.3090396962669313,0.734938599730533,0.4108276526756537,0.4021572966442551,0.2229740616500105,0.2727634796791699,-2.8493542855916982,0.021963689879866907,3.9049066156568353,4.210872308117825,387.7592271023757,7.331111806832148,1.509635916877355
restaurant__152.png,0.1327589334997201,0.49525267554191943,0.47126371017156865,0.18077234644608473,0.27136503107329646,0.27938496135578594,-2.806913856400624,0.01392674857909658,3.997105512308537,4.291593008495733,539.6699786342364,7.619243776166862,1.6952816950414291
restaurant__153.png,0.379946002162906,0.34634951825185345,0.5265570108251634,0.2965036768908559,0.2096514165804482,0.313650369648028,-2.7868343611255946,0.016875744484094575,4.129033232773654,4.3755489350909516,635.3279149363531,7.777093633459947,1.7776472134342831
restaurant__154.png,0.10588145033367312,0.5353024880068487,0.5374660054125817,0.08318507041959045,0.2516828780667129,0.2596403226882849,-2.716577579165529,0.05277877388126149,4.028331691829439,4.3758398236720595,507.4704107304443,7.894311669455377,1.7930605737768495
restaurant__155.png,0.11229175476734501,0.6338921175013064,0.534251225490196,0.14417900003591505,0.25531746018385576,0.2157217418720659,-2.758784590069209,0.015454468461294911,3.8115360403750307,4.177540219981099,486.5019979000517,7.57724556657945,1.6487934086520049
restaurant__156.png,0.17032254477626463,0.43027942185953205,0.4722185202205883,0.2838177618789535,0.23429627586024573,0.241540562607058,-2.765929816705116,0.017853887701674672,4.1118093400986595,4.393486971987093,606.1502931584066,7.667433815261827,1.74986210911925
restaurant__157.png,0.1274705329236915,0.4472830779150695,0.6177677440767974,0.1974004050288647,0.22947966280000479,0.26566978217234744,-2.6563072593976154,0.015354796500185139,3.8691813649022775,4.242089117207324,473.8407325648631,7.859950831212065,1.801965697852405
restaurant__158.png,0.3358689809156646,0.2961216166295455,0.32498583026960787,0.3151846153225862,0.2791147749226547,0.26938900957101364,-2.6200227251909953,0.010252815854070452,4.189973918387171,4.385194692050524,578.0641494465999,7.41205439610682,1.6516346996303792
restaurant__159.png,0.24985051266070282,0.23724646584364553,0.4447127374387254,0.24082461126779248,0.21290490199578682,0.25480844368293415,-2.641223822049627,0.011576131014355544,3.6806114625082573,4.16496419587783,582.3876232369145,7.727727617748615,1.7594242069211012
restaurant__16.png,0.08280422999417307,0.4972345153951024,0.4994595460580066,0.06864221601423062,0.24463793920620908,0.20840558979736332,-2.8480852149582767,0.012977483067796223,4.000102506867016,4.311701839041461,415.90879707047765,7.495663288327157,1.629949475976148
restaurant__160.png,0.1262255529022793,0.4656497800120301,0.525103311376634,0.22240324389673427,0.3794472689546783,0.3024996237608349,-2.8000250324823903,0.008386425059594003,3.6451952302728268,4.035911915278248,692.5340740778051,7.754994549706657,1.7889911890851942
restaurant__161.png,0.3255097619176003,0.44591247770615305,0.2609947533700981,0.29257078042062373,0.2749581634071239,0.3012766203557878,-2.5729904978729783,0.019132898805011875,3.9357178545725664,4.30909319474276,513.4892212807289,6.725570845477428,1.571596175296759
restaurant__162.png,0.19529414623104116,0.5198583799854778,0.3455169143178105,0.20627259108515805,0.21477883644964374,0.22924450223689039,-2.6092021450166927,0.01333975278452045,4.205150815726951,4.471872234602025,471.52392560518877,7.352615986327292,1.5606110242486086
restaurant__163.png,0.10995808533397773,0.8406432608697667,0.41161963848039224,0.2200690652562971,0.2264329668399089,0.23094228312765225,-2.757807406640413,0.011583159815451395,3.6937615318381,4.094922926376372,455.3352420590823,7.212740374204984,1.545584143319061
restaurant__164.png,0.15069407260737142,0.6827169986864994,0.3793153084150327,0.22126425293308832,0.2924268237741402,0.2290757723335516,-2.3095970417557905,0.009632466253291335,3.9847631758392836,4.339886798352237,486.56054288889476,7.377320162267506,1.680460367776193
restaurant__165.png,0.14788033361621464,0.375432409681359,0.6057795138888887,0.14705453546247363,0.27377878506604936,0.18104449619434979,-2.6752791292994185,0.021178067439702013,3.7753187031327724,4.170569146420398,466.54315796259965,7.459102547098303,1.8637085702011187
restaurant__166.png,0.3459528151977839,0.3123152909204161,0.6402035079656861,0.3376303722343651,0.3162784879090153,0.27196486647985624,-2.4901869758146304,0.022477205403406298,3.3592714597370015,3.953183274099436,826.731586477191,7.909448499071201,1.8935210060045229
restaurant__167.png,0.09346363464680979,0.6370664610607196,0.4936616753472221,0.15298488283068928,0.2583537901816943,0.20773952087697373,-2.7338757832641956,0.007337932272183677,4.235099869481445,4.450332834063628,439.2316814326787,7.543165045574128,1.692841054846505
restaurant__168.png,0.09863390864521292,0.5051102593710457,0.4105491472630719,0.15130025063770716,0.20222335254436336,0.27260823585925975,-2.633837251130251,0.011985611774662211,3.994356775510952,4.309302478111981,513.4607196303382,7.571449474729997,1.6770286947539368
restaurant__169.png,0.13036012427147778,0.5633900140083133,0.5077236008986928,0.0707686143571403,0.2706759288870668,0.2577649789133691,-2.695561300148618,0.010424620365026003,4.100284770615122,4.425808924252299,710.7416027126901,7.81933524152313,1.8082404504726046
restaurant__17.png,0.12313006421205965,0.7101843428433486,0.3197711524714052,0.17754793038801595,0.25462331247119824,0.2419053980794598,-2.407980482700856,0.007837213017501076,4.31121242877186,4.480251916482663,424.99952011562567,7.334566003262734,1.5927719175460744
restaurant__170.png,0.09821077660233611,0.694175255083443,0.4220647722630718,0.042505938148170094,0.21419563075972128,0.2038073739431297,-2.7354406982899153,0.008432923142387977,4.1006609788104145,4.386992142881311,438.7805016729146,7.502467269664698,1.6158969799533291
restaurant__171.png,0.1065166648512665,0.6848470029469582,0.6911710835375816,0.09646888782593983,0.33252570045027313,0.26654691873859665,-2.5737605214678885,0.010639327296112496,4.03264831123388,4.338798426566307,508.3673804964339,7.726495966235967,1.8237882324550854
restaurant__172.png,0.21044966238146023,0.3020909266343408,0.5481622880923203,0.21966701314884235,0.18536178712884605,0.24259474279758983,-2.712069720271039,0.01782876103265345,4.176130296473276,4.414665938797696,551.031893458697,7.71974918528176,1.8199572845105858
restaurant__173.png,0.09650072547877708,0.620236203363954,0.7512402216094768,0.06871366292237162,0.24810345319993554,0.1793130389026651,-2.458338280855089,0.010519459973341687,4.262611764787847,4.459583257220586,401.12967181099407,7.595742301715988,1.8865085166051823
restaurant__174.png,0.1309832381601534,0.3348717307454152,0.2641276041666667,0.17807927121585088,0.20221016081233875,0.25214429544167094,-2.8691059636332836,0.007749936965234866,4.0955043001633555,4.382987491932661,446.9511164126372,7.087187037696136,1.4527320859794375
restaurant__175.png,0.17030803932819996,0.5011462250298757,0.5099955448325163,0.24463774587891873,0.22426375357676148,0.24043896590425382,-2.567551244227398,0.016397910514558228,4.194330575611246,4.406421290421035,507.8967776909806,7.742120030476008,1.7549574735128926
restaurant__176.png,0.17228011209917976,0.5378181635138536,0.27616877297794123,0.2819681616614416,0.29546032349918655,0.2421707266742248,-2.7793472039665597,0.014989089467849026,4.149228763376032,4.400110585353027,341.95790318473166,7.094708283629708,1.5009241013013692
restaurant__177.png,0.35985339823553736,0.2686188479395649,0.5048059512867649,0.27125087956899907,0.19805040006145938,0.22765439809665905,-2.684303444678,0.015485048707946173,4.187331119472029,4.422314039741576,403.4732505507529,7.704169316764172,1.8012183300448157
restaurant__178.png,0.31590826012919737,0.27149210909691845,0.3731924785539215,0.289583449171697,0.2536982099998802,0.2319723124146256,-3.0909035787906256,0.03661544833852235,3.525232132085761,4.080089546571792,602.9586648312102,7.551342880054629,1.6983706410370458
restaurant__179.png,0.18420515977033936,0.2633872449419849,0.6947850285947712,0.1909893194092935,0.22008073927104418,0.25166801600614774,-2.642939135775359,0.012039298744820966,4.0168154098051865,4.355554025316298,456.92698409174733,7.678554513211158,1.880175977814293
restaurant__18.png,0.3936550971753498,0.1492762192215947,0.4261460120506537,0.22551626923372825,0.1161024018110501,0.288854151226451,-2.7223927762028652,0.009200582906561157,4.114729693865172,4.388157356368808,619.3176261919247,7.556259287991725,1.7487424332690726
restaurant__180.png,0.14188733618868218,0.7773804935971691,0.7731060304330067,0.2439087658479127,0.21937869654510236,0.21703024351957573,-2.6660429994270625,0.008974355898363151,4.057517711594899,4.379273165729749,427.6831734613678,7.579918649589481,1.827398217089756
restaurant__181.png,0.36236181420537056,0.491931543947424,0.2926846405228758,0.3887612454863667,0.30795833116472865,0.26869137477050253,-2.633509209281291,0.013153967256778054,3.855551426314867,4.267332302986566,551.8264711120302,7.053866430855002,1.574893839437463
restaurant__182.png,0.12459312269059751,0.5501443551028524,0.5063098320057188,0.1627869441416878,0.2836966370954207,0.25906848954727624,-2.77737164664761,0.012653460123706358,4.275254166353687,4.45292868293379,564.1044212237256,7.777153519967742,1.7497503891892496
restaurant__183.png,0.40901493576241493,0.23633577630163477,0.5380233609068626,0.32961048457399783,0.19197310350378313,0.2802422154124527,-3.1194536261495323,0.024061418820616673,3.457148600590367,3.9908449050935544,709.7685724735182,7.787798354397947,1.7920969205875352
restaurant__184.png,0.3114742785274901,0.25948864731249294,0.45663753574346394,0.33507793544133274,0.24426032762138217,0.2644472091956845,-2.7907672454521,0.011323654032242584,3.9287871317625704,4.307909589056305,387.2022962688825,7.6017945142815915,1.781978562099733
restaurant__185.png,0.25228055515478637,0.31781247059601675,0.4410890778186275,0.2577734831520899,0.2611539930372712,0.19407760295513002,-2.3237732588676385,0.014077061483213731,3.9791067889160416,4.348713863287885,386.69136729828097,7.534205430373379,1.7002347953862782
restaurant__186.png,0.18497494771001002,0.42299238928062144,0.35394260620915025,0.29649538864989855,0.30761772242798874,0.26318412941380853,-2.692944979161572,0.012566771503713065,3.918622933852126,4.289036781485807,499.8011206255812,7.321537899289975,1.6256848565792332
restaurant__187.png,0.12371525611726196,0.2761896286470361,0.4419278620302286,0.14565737389010652,0.20104452718669014,0.2666421326387662,-2.793863920559255,0.012593999308396137,3.798222869690611,4.237990934924437,516.6973396411657,7.699628362186793,1.709507411990197
restaurant__188.png,0.10723161077055728,0.5742862309516059,0.413081609987745,0.1460667589455529,0.3279367871822862,0.3285409492518344,-2.8273110168747824,0.017057570579020867,3.2278680989397426,3.574188332862619,934.8280944587787,7.511590805203353,1.7542978856503033
restaurant__189.png,0.14832651314721598,0.3887737388527253,0.5874595843545751,0.22358220469545786,0.29327408769743485,0.2810489418792807,-2.9162645624178514,0.007345071659898535,3.907589743339358,4.281781078034912,617.678570999928,7.743388500883144,1.8368096580894515
restaurant__19.png,0.23023913027754664,0.3007854899589063,0.4801911509395426,0.3116646214158614,0.166030122309831,0.20875269174864572,-2.7177581887734434,0.015499769265687153,4.1187235837220735,4.435402777114205,455.69261916665636,7.50012569104472,1.7378831735213538
restaurant__190.png,0.194238314013513,0.5546082986381301,0.37405274714052283,0.3065651615858473,0.20653758346785261,0.27104923290815836,-2.9263071786844175,0.008330307924839856,4.34819508571698,4.4252821576531085,470.82015532326795,7.34170002807287,1.534249248352116
restaurant__191.png,0.300244810426455,0.3147110204539162,0.47577734374999986,0.27316412482836855,0.21791956291935957,0.22742908029568362,-2.6516630182640823,0.02525178785315299,4.050112107058966,4.373054402954851,597.7703928696083,7.688604329434233,1.762221470340855
restaurant__192.png,0.1952333005110188,0.3763743410768049,0.42054623672385616,0.2813178055678527,0.17485844601171505,0.2202918796941279,-2.6450593004882683,0.023298447492994732,3.618683068468396,4.113559296986265,402.8110683215889,7.450804082924165,1.6516346996303792
restaurant__193.png,0.1617453099529032,0.7116704885827523,0.46935997497957516,0.21925316877802586,0.21575394094460282,0.22076617746045282,-2.4145213359779403,0.004376952410866994,4.252281604710948,4.4689555991474785,528.8349989260114,7.42275708081475,1.7497503891892496
restaurant__194.png,0.33531598051290584,0.620315984428201,0.34828553921568634,0.38651003546631496,0.2604522024985604,0.22106847211224906,-2.800574027124766,0.011117367032899693,4.295808046467234,4.419332010637973,448.16020030824205,7.15915653775028,1.5047123975484542
restaurant__195.png,0.12886016472579012,0.5455357552286413,0.3447043887867647,0.19360795642382264,0.3035147021607131,0.2329922894273585,-2.5378068537235787,0.017435816710029108,4.180971661320848,4.4215477079910945,459.77171745493536,7.046985321938136,1.6135764524417673
restaurant__196.png,0.3504831678279292,0.27640221472819226,0.4030589767156863,0.2710114479549395,0.1639723724293253,0.20529571153887968,-2.5722894668864598,0.013345028964441159,3.95848817733025,4.273768276357238,424.48034729044684,7.395233593874448,1.6645358749952623
restaurant__197.png,0.053582183523981426,0.9481408039819819,0.5955399688521243,0.10728222778902627,0.07290173387821691,0.34514385201454895,-2.522397553802425,0.031915965636897775,3.8080228765201407,4.073045574903392,490.4396658499976,7.530654847627303,1.666929185564669
restaurant__198.png,0.43224128275675544,0.37961174457132835,0.3978879953022876,0.3196320811853961,0.22705241160666492,0.2607684954387511,-2.7904981481148576,0.008137065102372734,4.03268630306327,4.342259813733171,547.8269086745033,7.582396015943177,1.7088640592898492
restaurant__199.png,0.4326617784295281,0.4102024569092225,0.5999719669117645,0.39648066506028373,0.35646687211675065,0.34181452033132487,-2.7847620616291757,0.010777621931268962,3.8505862137019085,4.085318751745816,838.7424761421562,7.435120702617634,1.8459239130684562
restaurant__2.png,0.14412401491684262,0.5708462236390142,0.3966810406454249,0.20236616210176595,0.23999992685515018,0.23122944588550934,-2.571632572792926,0.010614539950360529,4.16240820556763,4.444493585155878,456.8095500343692,7.412040726020282,1.6074178225074305
restaurant__20.png,0.4487277384981713,0.5890330862713237,0.3270864225898693,0.4307350929866993,0.20700988859800887,0.2915182032402226,-2.641056081349706,0.010359473218445636,3.9944943676619893,4.351776483381073,615.2345059547876,6.965667199306943,1.60887884952304
restaurant__200.png,0.17726893110343983,0.7314157372273898,0.3442370557598039,0.15549334122207809,0.23549165701721722,0.2760030582760353,-2.8121342116033827,0.02037093897117196,3.9184255547607636,4.1739403609060615,399.05780525135225,7.158904316683277,1.5080901368114
restaurant__201.png,0.12946812087795817,0.4914333117784804,0.7553158956290851,0.206124137356999,0.25405170157161205,0.16978390111892375,-2.776275737636461,0.011825277602477747,4.0921201931269575,4.392234305178469,374.9506266346214,7.512005958397871,1.8832188324594785
restaurant__202.png,0.28114222896811847,0.35195054232205253,0.43046133323120916,0.3439500807815782,0.22676433357905335,0.2714011977043383,-2.596478096208824,0.013966944967701263,4.214737321478054,4.4663260094797135,567.4513228515178,7.5244728157587675,1.6968975064428151
restaurant__203.png,0.13856046513760514,0.31512024876398587,0.5982135416666668,0.165134954977318,0.20216578895044884,0.24570928264541664,-2.794640808031025,0.0053310527527129035,3.9410533198982955,4.300063508038403,533.5520788504252,7.670302784171411,1.8237018283712918
restaurant__204.png,0.27597568559706,0.3747872238743344,0.33965346711601324,0.3287154437612144,0.30314755883195105,0.315538817122456,-2.7262826083221694,0.012633896709454423,3.846001898014041,4.1440321868334795,463.43289995695744,7.104474164974076,1.6092429023983865
restaurant__205.png,0.4263904152089865,0.16641034853039915,0.2851146982230392,0.32225982145749404,0.10688770116681547,0.24333596855669434,-2.788850917558424,0.012753060871760874,3.847010929411618,4.168903468956542,377.42904863769826,6.908776929493222,1.5665779967168239
restaurant__206.png,0.14575246425642902,0.5854253375846173,0.4857980877246731,0.22993166369554208,0.280329066482292,0.3007862750626417,-2.5335630662397204,0.0065034767244072055,4.31177483264595,4.441380488183865,696.4810923152145,7.680223928119465,1.7669995611401856
restaurant__207.png,0.188333761085719,0.33622596636061874,0.44480550449346395,0.2251752652594827,0.2351018129195134,0.22522496084495236,-2.5038400164354973,0.012526832921102925,3.944222988513401,4.351387149181627,582.6655319961224,7.750293598738509,1.7652037870929367
restaurant__208.png,0.26889858377463954,0.6493136265636582,0.3775989838643791,0.36622466965068534,0.27353340382339053,0.31125283986058566,-2.628093577939986,0.009623459860493594,4.142867171705973,4.374856179631395,340.9578260466919,7.187500590982866,1.5437636037700877
restaurant__209.png,0.1892536561656444,0.40184379599057835,0.4819442401960784,0.217102054022422,0.30261620480002366,0.19424449327895693,-2.7775179672721477,0.012943949360118603,3.9340102640115937,4.254938774289919,530.0434947277406,7.64072178829673,1.7358960171802245
restaurant__21.png,0.2955029274365409,0.16879725254826516,0.6547673994076795,0.32869650916664905,0.1256931247266294,0.1444499635454685,-2.6012593631263146,0.007567474655969357,4.15451705989236,4.415964286630537,266.4174273662093,6.9675997688943285,1.9010962226374866
restaurant__210.png,0.19143576108313173,0.5030132387696561,0.2581666156045752,0.2727600979910741,0.24618694531689644,0.21860021782276362,-2.7059690212856635,0.03449650384839779,4.168740028998565,4.41942586408732,528.6012729129078,7.062589151602164,1.5132108170512495
restaurant__211.png,0.5728833023234294,0.30813595081796974,0.44640362030228764,0.2918658854305469,0.22909244815864765,0.23458926145628137,-2.7921032989803396,0.016811663607746666,4.133437420752612,4.386634376352281,475.00038248956923,7.41066091007645,1.6108756368926176
restaurant__212.png,0.33067466943767065,0.14351220216657187,0.43448845996732016,0.2634702428591186,0.12721139182836447,0.25224600871464176,-2.8253352207316555,0.009073339561467593,4.176159077363046,4.3724122846082984,698.2407015837631,7.763420867308295,1.7763247356422085
restaurant__213.png,0.2652330288706411,0.19025784174032498,0.6221869000204246,0.32099405757391314,0.17942274190084723,0.27862576478331885,-2.756174825428495,0.022054264606892814,3.770580001786717,4.151093535054581,416.0391487637505,7.624444055887566,1.8262856957178546
restaurant__214.png,0.3944390724260256,0.24443964094824272,0.4960984604779413,0.36594278955118403,0.22242525795940363,0.2624776972656191,-2.665726691631204,0.03628120677486318,3.423733483928703,3.9205897775653775,740.5288448827099,7.832021534556784,1.8205700930921402
restaurant__215.png,0.1399477824111757,0.3691215507671182,0.4904462188521243,0.22704998503496396,0.22795103229473415,0.2894504981345751,-2.613383591899103,0.003968550307725549,4.2615885949954855,4.4304741321135666,465.53843490549235,7.496705295926838,1.6948763663298756
restaurant__216.png,0.3627460688444489,0.2909508071165475,0.41184308619281046,0.3192949078094587,0.2924973904648024,0.28521398850581037,-2.7270889201668935,0.008034020401862673,3.647006548852919,4.0073185618956115,587.4239855278379,7.64479014722638,1.7162400512200537
restaurant__217.png,0.15591562011636967,0.41258447081882255,0.3619496910743464,0.17072197706436146,0.2420070870909553,0.1920381632461619,-2.968902746257358,0.009547277227367267,4.214648577238446,4.417091929986866,354.8840151483866,7.340825868901921,1.4793210165611899
restaurant__218.png,0.3916406200762724,0.2766171951027602,0.513698695363562,0.30419616469431515,0.2449505059771542,0.261103716396724,-2.9591938081229188,0.0076538195777900355,3.5525832183907102,4.006569840600032,596.9964527508599,7.74842959135882,1.7842690958369842
restaurant__219.png,0.3801928617689191,0.25941384559866276,0.4053896548202614,0.3325514712875961,0.19276681810278412,0.24024971774141,-2.8150873593597536,0.00537036379673765,3.9430487092611735,4.239136272187508,322.4491724290435,7.483170040544075,1.6492689062851107
restaurant__22.png,0.42939509583279073,0.4396640799212337,0.5234062500000003,0.3764471071961067,0.2356040782250105,0.2561967614448004,-2.72551352998505,0.012846719809059612,3.9712380924687807,4.334744494120531,650.4625623066657,7.80633697932408,1.7820785872094747
restaurant__220.png,0.2659493307886179,0.2757695604504269,0.5696639476102942,0.21406350304763025,0.23361798956838373,0.22605268945602627,-2.810061105824789,0.047170610536462786,4.2979300007398535,4.489120307462699,548.9695411141728,7.810416763079153,1.8435106525115494
restaurant__221.png,0.12501010875762172,0.6077048615083132,0.7536702410130717,0.10922479512963125,0.2502353287726381,0.2497050604087694,-2.6466351117599114,0.00714671949538727,4.3256973117409085,4.494664170165854,578.5625158979445,7.696874926794807,1.8791782032670477
restaurant__222.png,0.24056199277621715,0.33267796534203786,0.5599736774918298,0.2708653927286675,0.2741285847100706,0.22898256946060783,-2.6839342877206507,0.009514926025778674,4.0101279186213885,4.262099413139208,412.4431333990219,7.579120396986473,1.7977368508468696
restaurant__223.png,0.08574885368030837,0.8773482729965785,0.5779643841911766,0.07076564039908914,0.19543350613113075,0.2933929692055722,-2.7921679886642785,0.013325899583586877,4.051122896327946,4.3932921475279905,563.4393537888433,7.690452994975284,1.706665983425702
restaurant__224.png,0.26386461269413514,0.3092742769249165,0.46977309283088253,0.2959085354541959,0.19493746007537915,0.25028901278739724,-2.6743518084220095,0.01449488563905134,3.657946637726881,4.163101932923579,557.6320074654277,7.763880259407545,1.713337672004093
restaurant__225.png,0.2493402951468624,0.3868230322767776,0.5731504416870915,0.29554703780098207,0.33469144712794935,0.2574808402253442,-2.6595380964004245,0.010876029863584697,4.076396674399534,4.366215188004333,685.1218845871061,7.902727698771391,1.8401796925296385
restaurant__226.png,0.12373204488723401,0.5820192157641534,0.5969759625204251,0.25271348101323404,0.27037506974100806,0.22754319363110617,-2.9621088109422473,0.013556441395550015,3.709814877423799,4.097396614969765,542.8625324363088,7.713783713184379,1.6941995802022003
restaurant__227.png,0.5667907554740543,0.4309629919064352,0.39282152522467323,0.2412321556490791,0.22792286041744877,0.2509093366001811,-2.663965981392468,0.014924750633623023,4.0790167495974,4.378280039682413,452.79980428051164,7.428261093507026,1.5986820669464445
restaurant__228.png,0.31255358619633855,0.3275203521766846,0.41491895169526144,0.3756835011269393,0.2759025920636314,0.26140398073420906,-2.7027922796031216,0.008371155789118971,3.8652675625957373,4.191621245246767,491.1497684326105,7.634809521489931,1.6381295211956661
restaurant__229.png,0.22488844893930213,0.22285208175438337,0.5038129850898693,0.3132182091340976,0.20260847209259958,0.24445321472823522,-2.690437891240743,0.028097172256751228,4.25128042093059,4.465463480122737,503.13142091219555,7.801442186260188,1.770557950979598
restaurant__23.png,0.3105091276798866,0.5063652970396867,0.218175270629085,0.3503704386889107,0.2528866231119687,0.2113421737303482,-2.6881387766282945,0.008324004107748468,4.309321934808182,4.454774072211927,425.13481589384065,6.758078358531194,1.4573885506480786
restaurant__230.png,0.14535108818571293,0.396319187540278,0.5309330193014706,0.2501676523083902,0.24860190921930803,0.24738722012170278,-2.939787869350909,0.008973544640017646,4.202595164563414,4.346962361111825,370.8704996647978,7.640684592986544,1.709507411990197
restaurant__231.png,0.13892428482200747,0.7468701513203108,0.29340152675653597,0.12615311885384167,0.22329763782767198,0.20971488163340082,-2.5695425045139495,0.005068229584107211,4.341306148047053,4.4956265713489385,344.63591375407736,7.093463650608041,1.4114178632446908
restaurant__232.png,0.12068684214271982,0.5381425597055914,0.4729427338643791,0.16128253182175495,0.24589412543932404,0.308902413960169,-2.4867258517388566,0.015204098526384087,4.268128323758139,4.471233601830049,439.9784912338834,7.783094094688211,1.7162400512200537
restaurant__233.png,0.40765362610593325,0.3341083334805019,0.4243892207924837,0.38983404759116824,0.25006607592396324,0.2474318961653282,-2.569372711875198,0.0038379954854933546,4.3483904281896875,4.450460895764658,595.8414512494661,7.593681011833049,1.7220819579045614
restaurant__234.png,0.154847949369324,0.5897152871600627,0.47144767412173205,0.26543737657091265,0.2943556861400794,0.25671233433507473,-2.769394727080254,0.016659187858423997,3.9144107835545174,4.196626094704374,440.77362067333826,7.399924051096938,1.6055811853823365
restaurant__235.png,0.18244257989324625,0.3782471929709119,0.3817746119281045,0.23025322923820446,0.2262397317231539,0.25350981280380047,-2.7442889300687785,0.017618261556314935,4.059139373151864,4.319732030898538,562.2976899283359,7.399628347561079,1.6153631458050508
restaurant__236.png,0.7372078864675028,0.31527170996837334,0.4277677440767974,0.3444281143124383,0.23619781936773052,0.21122297246749414,-2.1467733009982117,0.04002449683807867,4.105627382543593,4.344133818399837,460.38652348371255,7.459342325784755,1.7725274962972783
restaurant__237.png,0.12776770040788313,0.6586188364507969,0.4261322252859477,0.19812196777451083,0.26345310011591927,0.2322015535143173,-2.681431632271951,0.009867477231247118,3.8106842012419184,4.217665490982545,505.94968304206844,7.428472443808422,1.598870697517911
restaurant__238.png,0.2143157653183616,0.5865433508321692,0.3761574116625817,0.30161068804035895,0.27567730617430936,0.2391490733858893,-2.6516497772962415,0.009661450561736768,3.88167487010958,4.288041571199394,451.7211177333121,7.4070658534791685,1.5593160636806718
restaurant__239.png,0.33904324850469325,0.1517609006044938,0.4023655024509804,0.23520974188473465,0.1512581862309467,0.23882089412881108,-2.585469277788105,0.008341294242823587,3.9141491151710515,4.298322828847364,469.7050338942062,7.612912149206774,1.7209724634273154
restaurant__24.png,0.12897571547026226,0.8118365935176598,0.3718265676062092,0.26614275257732156,0.20245462697641906,0.2813388307141131,-2.486104828445827,0.011079198555717273,4.0803060000837945,4.409106479150752,341.92199802391826,7.184812909072167,1.5414718317577503
restaurant__240.png,0.1730695684527375,0.5077195179577907,0.3431961294934641,0.302194633135156,0.20734958628235484,0.3005296493047777,-2.8444910612231022,0.015804551804447432,3.809398519513632,4.180501572517599,588.7908673216714,7.111332239772063,1.6123191904709
restaurant__241.png,0.15837022603964096,0.5228019944278122,0.30694545292075165,0.17492575399034527,0.24915250173669956,0.27402444827242595,-2.6571864626278523,0.02474755100347262,4.0881972325848945,4.324200498684154,562.4190186011241,7.261044032011936,1.631637795263138
restaurant__242.png,0.30493274462071485,0.2529672097292046,0.49368788296568616,0.2641215455240922,0.16497925460646173,0.2720709256703989,-2.6821622798467857,0.009072431226023825,4.250048727673526,4.400870966873213,488.1540849066486,7.648344307886767,1.8065010867348383
restaurant__243.png,0.28756747178217124,0.18450622452796864,0.3494238153594771,0.2906103457052828,0.1386802409275477,0.25881756439127046,-2.723793855063402,0.010461341534300705,4.014479265431072,4.283641921239058,405.9527425947545,7.272715485694978,1.5777486138556651
restaurant__244.png,0.18387139155638296,0.528433292989257,0.3686369740604575,0.26235351223534065,0.33605110588537673,0.2726550299923393,-2.662626802308326,0.031038189009890447,3.4956048737143934,4.041169624000102,358.0681455892009,7.494613046810871,1.6373053803327313
restaurant__245.png,0.1759104308738031,0.44008304506349066,0.5016750663807191,0.22356390724870787,0.2781931634376876,0.23162614074868493,-2.7559123485557504,0.012918598048081955,4.112787539285648,4.350539622343094,376.1134384624433,7.753045578078418,1.7275664158475164
restaurant__246.png,0.11601235120974737,0.5725784731255449,0.505970103145425,0.08181489425545813,0.17976760617018717,0.26217736852731505,-2.5045623806517106,0.008404379586135779,3.943053385878741,4.2931421682593776,511.26937915990874,7.6911825102381215,1.805120272427591
restaurant__247.png,0.17533281713695772,0.33276213044636305,0.6529230366625818,0.194330179262022,0.2682864678752122,0.23788203170970282,-2.4548825016335294,0.004294837833897867,4.175052443313959,4.432682914488967,652.5854930630442,7.83003486007283,1.8820903510975775
restaurant__248.png,0.29278526440248354,0.09135403770434158,0.5884810687295751,0.28023760935875075,0.08895679949214227,0.24693923415386226,-2.8062245036385223,0.017071763547203224,3.5988095362892656,4.0575022702602,625.6384013680942,7.713100809851428,1.8517132618548604
restaurant__249.png,0.1859930608098175,0.6122972197956561,0.48051573988970586,0.26003724397227423,0.23993783502933516,0.26612012657948336,-3.2557142837469915,0.02797999943318956,3.734465518845142,4.170440868480275,531.2553616961744,7.663048606376101,1.6664818930863052
restaurant__25.png,0.3167098434383821,0.5863724935260068,0.20736640880310458,0.3659668926600147,0.2705271577337795,0.21539250980294347,-2.634236924072085,0.012135859943020138,4.24317901180208,4.428840056062046,427.62612827890865,6.5449369804761455,1.3981153491657543
restaurant__250.png,0.38175639390564603,0.36100070288565783,0.37030024509803927,0.35940202817665806,0.2610587548266803,0.3224597205427198,-2.845063032536971,0.01750654952556937,3.8652550276962963,4.198423372138067,672.7441119726655,7.340498046880103,1.6855323425293183
restaurant__251.png,0.3277860906926231,0.2871800244830737,0.5100958307802288,0.3100186519911861,0.19650789558933385,0.27517945526778,-2.9207770996494706,0.01960320467476458,3.8506690060215236,4.2467344213235005,603.5259490517203,7.771517512438949,1.7624354167585286
restaurant__252.png,0.15971329909403054,0.6393660512052006,0.5332829733455882,0.23602109016709952,0.22423164959109967,0.33584983083119263,-2.734763152028945,0.012056535303648504,4.088760463852747,4.3813934867593325,545.6919768486731,7.7167508590026594,1.770869858715202
restaurant__253.png,0.561835609140291,0.5981528055243369,0.5644024203431371,0.44579466252791977,0.3190298667277111,0.2587021962481627,-2.8675754126867727,0.009856624479672225,3.983734965370293,4.264989977262794,510.6586139314782,7.418687387061604,1.6055811853823365
restaurant__254.png,0.15207284875963806,0.3405355853695452,0.4874246323529413,0.24745300034558393,0.29532598426872003,0.33250339558031744,-2.625186742479803,0.03503093044161502,3.9375348589684602,4.321739288477828,789.9063430920264,7.769386386268189,1.8127689600490033
restaurant__255.png,0.1817918412221476,0.5200383862072199,0.41330665339052286,0.24245005209166198,0.29623756312924415,0.23799819526298832,-2.4855284602738994,0.0090801698111978,3.9513262891059844,4.329731753332137,562.5935297257389,7.543123118663404,1.6890029524237296
restaurant__256.png,0.13985960049829646,0.5286319544418294,0.5655241268382352,0.17485916842463445,0.31114372174637067,0.2180295848281459,-2.6270620198589105,0.007083461509912495,4.104902137442757,4.376746847872786,563.1848214158707,7.81676737072236,1.8063172716775964
restaurant__257.png,0.15093717356065595,0.4076681935227022,0.3565560534109477,0.14879702061312805,0.2781231741373427,0.27222334461357006,-2.765850158304592,0.024542121941994448,4.134613139840937,4.405529106518193,518.9667345942397,7.550841472944934,1.6900773624402
restaurant__258.png,0.2738967754878112,0.31995311588317643,0.3875148590686274,0.2419007055488075,0.22954081069217688,0.26754709294619594,-2.5899757192377444,0.012969498770108525,3.886805105523453,4.295677915971401,565.4026240251584,7.702382217774298,1.6955516390102232
restaurant__259.png,0.2463654370851828,0.4092823977076366,0.4285648743872547,0.2800017188737305,0.2638126205359515,0.2289544490479582,-2.410646108845177,0.007411341196975601,3.8015412013428045,4.247818515876028,471.34246783003726,7.539049511315339,1.7550671296510827
restaurant__26.png,0.3880994012879111,0.5466715356607198,0.46387460426879085,0.406681554141044,0.32544980108663674,0.29718060072844843,-2.5689790171895512,0.013259743272302869,3.9659648917282304,4.259927702838022,578.8652378545358,7.541076805454505,1.711428939751757
restaurant__260.png,0.12339324983163703,0.4408291368834482,0.4959815155228759,0.2007705272309542,0.31225618949590533,0.2806972882579812,-2.4262215534984475,0.007721393917587485,4.003990681830267,4.357359175485757,593.1566275446635,7.869700462002419,1.7992475464520485
restaurant__261.png,0.06198487478354603,0.5614887321152505,0.3348055172589869,0.031340013492886724,0.14829946257923557,0.23893073083894037,-2.7228266239338232,0.010951063143064339,4.250759317140594,4.428252125405458,455.069391636005,7.241621666637112,1.5460373520006148
restaurant__262.png,0.3529835484747649,0.4550128062584408,0.5207779437295751,0.4273179653360904,0.2881942943791699,0.32401411013109654,-2.8162231914128077,0.011939362660358891,3.4023138035298413,3.890892957229261,731.6096776683423,7.3915604940556,1.7298511709676982
restaurant__263.png,0.2166908629943267,0.2822767657370576,0.3444040160334967,0.2748085321129384,0.18568736031827915,0.29493216322454685,-2.6903726128916685,0.010841520630377867,4.307808110684981,4.477725492220649,531.6888093916327,7.338973506631343,1.658003836329372
restaurant__264.png,0.21897013459019532,0.2583488070787091,0.49574618310866025,0.29140422818959816,0.2474502366941999,0.2997528284825264,-2.845884083077795,0.007473841408368795,3.8369368324047906,4.184377862238814,499.63868370107326,7.5363504210351016,1.7527530686871935
restaurant__265.png,0.16200576742091127,0.43089773857751584,0.5560000893586601,0.20719482285186117,0.2485517498787047,0.18948546764015264,-2.4888274936717565,0.023070745213664055,4.112796332711959,4.3984886503641984,411.34565235001475,7.461361563225323,1.7920969205875352
restaurant__266.png,0.10011264439254798,0.4566982059135491,0.4192851307189542,0.18957823371039884,0.19590943735889263,0.23776303980909655,-2.7761850187785764,0.016545747789831377,4.058744405458321,4.37650200377605,440.037683986385,7.36602649926626,1.5924635870496076
restaurant__267.png,0.1783203756051247,0.47817090484130925,0.27326793555964046,0.19248283771118335,0.2952168117703859,0.20639560035826857,-2.4757549778401593,0.018769934400509166,3.890250220662036,4.289013697913348,461.6530635993486,7.096505823401035,1.4787496214019633
restaurant__268.png,0.2204997238036672,0.4936245840909174,0.36731981464460767,0.2538347923555114,0.3126506796789068,0.28356188786060743,-2.628104935997656,0.014437731899411005,4.149742705635932,4.438904018951714,464.0030232482538,7.538487234854404,1.6599942947373978
restaurant__269.png,0.6247041770903428,0.35047115743778384,0.3690967498978759,0.33857663732255,0.1837319326922241,0.28550088976768245,-2.6807798109657783,0.022974551077553695,3.932549241798271,4.318604721951853,594.6941769428583,7.475780090974383,1.6748629516281515
restaurant__27.png,0.3634411470972784,0.4381809824855113,0.3321667687908497,0.37230625496261366,0.2978082361683109,0.2333581138278362,-2.535569440628409,0.006894406069722784,4.121669139879436,4.374652679311412,413.3651628852698,7.315169119692072,1.6217049028660262
restaurant__270.png,0.13899537614200883,0.27125594834249694,0.5855822993259804,0.16747788970367006,0.1813595409863564,0.27479902868606715,-2.6305527037816905,0.009173368515240104,4.054488178107503,4.348740833589982,468.1420428543236,7.816771699227062,1.8319743314639134
restaurant__271.png,0.21038248398152248,0.4621103993650787,0.531371795853758,0.2535987432004783,0.23961928470584512,0.19522449494158894,-2.942042566843072,0.03310765982812738,4.102631673048796,4.361236028719848,501.2074501404701,7.5722623873647885,1.754077747857199
restaurant__272.png,0.17991687785598168,0.473161415693239,0.4999228962418301,0.21316132378397631,0.287161984489359,0.23483019812650457,-2.636472148454462,0.004630450356777945,4.141810752951045,4.340209236038718,515.3588421348077,7.733248380192691,1.7229420087449963
restaurant__273.png,0.18554856006570225,0.3208343621055179,0.43414168453839863,0.15950252235807844,0.187066160516946,0.28723142631664644,-2.7324805970469854,0.012901191141640908,4.191271429597563,4.4196100735747565,634.442528935991,7.839045351518817,1.74829335217114
restaurant__274.png,0.26971216259281294,0.5576783648322066,0.45582959303513065,0.3197853563972689,0.26898805035071915,0.24702926125698646,-2.721920327786793,0.012868212886562232,4.044475345672041,4.353391270319659,628.6426189068692,7.684164735471387,1.7164911458903134
restaurant__275.png,0.24272889038493684,0.27759031879279583,0.5820020169526142,0.26259236342557507,0.3000613230445845,0.2596754140997821,-2.776309926115385,0.009396285108529225,4.255137963028899,4.374171545778524,480.0336764355611,7.763676629984347,1.8424586690327516
restaurant__276.png,0.39702342290855946,0.37282179350404676,0.5563980034722221,0.2841784973690549,0.22420947928438043,0.25514437724590133,-2.941758384079498,0.008575973806657146,4.428294723073645,4.485743846634713,582.8089001302366,7.625768069080368,1.7687841907116588
restaurant__277.png,0.172644192689401,0.3379032896066051,0.5351127450980393,0.21287331131226733,0.2656946063915795,0.2738206845894733,-2.7118594825228746,0.005499473900121086,4.146855681578179,4.428973721087522,612.3265083346167,7.898472941789325,1.8270564531659612
restaurant__278.png,0.2719657068421166,0.2475276090668261,0.5657551955678105,0.24079461402905356,0.23809706352890644,0.2820952490734228,-3.083943725195719,0.027477138503512126,3.8742272617785956,4.298743758342172,837.658639567152,7.823967049633843,1.8276544024464811
restaurant__279.png,0.23169452183226477,0.445642413059351,0.2703572814542484,0.31237487508311906,0.2565123747437278,0.25743727089622404,-2.874799306324694,0.016771547855255343,3.913375302053977,4.253025670425628,551.9054782010946,6.8434252251938785,1.519982530739382
restaurant__28.png,0.3175065026155896,0.4036525925743877,0.34770486111111104,0.29544306395722547,0.2830340087349992,0.23435296725213947,-2.720024100264912,0.009156676495727056,3.880829394627946,4.215377148206169,578.3378433736301,7.532917440089498,1.6378001400227338
restaurant__280.png,0.3311921900629695,0.45198961776586694,0.3498545751633985,0.21648662957407358,0.3547835048087493,0.2757614106682798,-2.7193858243866478,0.0071704538592481425,3.8408322785852493,4.171997940126888,488.62900370602546,7.6024905354953,1.6451217854352653
restaurant__281.png,0.19440391078512462,0.5864696975642903,0.38299643841911757,0.3020037813072103,0.2032867911119564,0.2752093379108226,-2.607195968318617,0.010901190593227384,3.9426873509709286,4.3252683430848045,429.7993349245879,7.4405133348931765,1.6009377913951615
restaurant__282.png,0.07139304059344247,0.507032547470442,0.27635379646650327,0.09858131190936864,0.14852458235883728,0.23502393017209472,-2.769549223058449,0.00800361475856887,4.274274255996654,4.425791917244662,403.4644082999806,6.955098446071512,1.5187404032417906
restaurant__283.png,0.15723313021175037,0.3657521241551342,0.419442950878268,0.18448628142300313,0.2911378671699406,0.27052020610447725,-2.9231229345186156,0.011857054826963507,3.604369317072528,4.013780641716873,504.6635458700964,7.651353870776521,1.680460367776193
restaurant__284.png,0.09507803682229332,0.5746038525167588,0.5639731541053922,0.1551695624389576,0.2123521865874373,0.27677595796629206,-2.6788924644397114,0.02425124320250702,4.104658139935054,4.426556419432102,695.5806195489187,7.80471174894169,1.8339013626703011
restaurant__285.png,0.12516546184635402,0.61640415895201,0.532319993361928,0.10994982863522804,0.27316981580974703,0.26897317481188326,-2.578787041909572,0.008702524433995587,3.8573142894516486,4.269897512057723,600.783697306646,7.750840540959253,1.801685847682921
restaurant__286.png,0.12113592559495451,0.759938502067239,0.36750920394199343,0.18168251405419578,0.17073262479343299,0.2252557775844785,-2.463761444866335,0.018817970909309194,4.247849986798988,4.456113713939091,499.7168730939803,7.214518853812218,1.5619000686133553
restaurant__287.png,0.3890124733492527,0.36418024349286066,0.39414742902369265,0.25031021980254387,0.21942221928607028,0.22764664895006778,-2.429197166493708,0.008991035361788515,4.026637337889049,4.34072733979297,631.3105158706849,7.420878957855592,1.771699778195206
restaurant__288.png,0.10268516764854743,0.4103000993551992,0.3845533598856209,0.07787054908218338,0.180013135206959,0.21317635948679126,-2.695686210218205,0.007921876891066739,4.230711347889142,4.434288674217951,379.9194050227982,7.306792605619374,1.5715961752967593
restaurant__289.png,0.2726981337123473,0.3086688502342607,0.3850702486723857,0.3309083673650457,0.22317781813546292,0.2096405745793618,-2.7618887198570743,0.005021709591496237,4.155404325766646,4.412163835170345,456.33899055929635,7.09259371770187,1.646723975810703
restaurant__29.png,0.24390350268254887,0.5888049031169046,0.34108693321078437,0.329988203143178,0.28910203076419627,0.26678561066945106,-2.552951107241771,0.016982533873843884,3.885966845761615,4.289829688872215,514.7404819508102,7.213983897559336,1.6133971777265077
restaurant__290.png,0.14694976333325477,0.62830269870338,0.43359815410539226,0.20811429192248737,0.32613313266310967,0.2548416710360166,-2.747247086910867,0.012985638683242057,3.6753798242892715,4.077209484794465,456.8105150652418,7.539862387369026,1.5902569808459774
restaurant__291.png,0.2810236438588049,0.38726248981352224,0.40179141135620916,0.3102174500696773,0.19088114534847092,0.2981861043548585,-2.8639613335656167,0.01485992339667045,4.17107206759049,4.429002252642259,556.6784383616072,7.557409773996438,1.6639344860617253
restaurant__292.png,0.16712424911734336,0.6753336179795826,0.5901863638684643,0.23780383450247444,0.21477055664307618,0.32423483902017175,-2.65668279331959,0.012217087263159655,3.7636791770379707,4.160036790380948,444.356250745433,7.675268898764625,1.75053187835477
restaurant__293.png,0.21884079537856146,0.19698029444402393,0.5829858685661765,0.24268424295630592,0.17348414637209922,0.2552692885566467,-2.590640789705187,0.01248694752717904,3.912018454727635,4.29026980467154,490.5421957347739,7.580165741904089,1.865285857488712
restaurant__294.png,0.11353631512510072,0.5098298029398882,0.3736438929738563,0.15254509058135263,0.15311206387244278,0.27932896951912467,-2.7859059128498807,0.01796999802353167,3.970848863293155,4.342723180667204,451.81439184948874,7.334914924684124,1.5954559475885
restaurant__295.png,0.2118247647773393,0.3027518822670509,0.5527428640727122,0.2526162644521327,0.23943363459778128,0.22437468969491253,-2.6011787444424903,0.007087247461218005,4.278275741171548,4.435889360705361,509.85978792537185,7.771396242229163,1.83239424430426
restaurant__296.png,0.42952539966419534,0.32310598932824275,0.5128296185661763,0.37074384989247083,0.25024772407354323,0.26987331652841806,-3.063880057121354,0.012144275724589298,4.010547428250663,4.2963667097371605,526.1484989541992,7.842700324469756,1.7581240180805786
restaurant__297.png,0.1739272870317273,0.44004365781765764,0.4020145399305555,0.22527909707363278,0.20390668368092352,0.186110978090991,-2.477566337549129,0.013118533639161697,3.958345768700885,4.311896796315753,330.76417776821063,7.349193704354555,1.6208323316886086
restaurant__298.png,0.24628724010932482,0.3061067729036577,0.39443221507352944,0.26560065446220527,0.2570183721488609,0.274568561652038,-2.753701622134078,0.009508357541118274,3.9607258299444776,4.322115645517763,477.30773090992636,7.700900434705248,1.6478400744217425
restaurant__299.png,0.07362626745692406,0.8615014302020855,0.582083690767974,0.15528041864743594,0.19611236712180605,0.2582118494514845,-2.7576878987114886,0.014384411789223428,3.8353614068034036,4.247009121201604,484.15393238220867,7.427375807762324,1.5927719175460744
restaurant__3.png,0.17867444125805554,0.6532864778557237,0.42739750561683004,0.2728893002325291,0.27201953481544044,0.2956880916339499,-2.64989429796486,0.005921269765586684,4.1035014340462,4.402194269776807,575.7231335612355,7.617410736870582,1.727445752819671
restaurant__30.png,0.10594083967871953,0.40901868354075643,0.6021885084763072,0.06643933527429076,0.18976139945096707,0.2225123830389265,-2.7091613421143084,0.023202904081714795,3.9240380133977726,4.2723741312950425,386.75558108581845,7.286868622586737,1.8301185698680436
restaurant__31.png,0.06800595575791292,0.6420994462482517,0.4775277650122548,0.10363640962397748,0.14054922111021256,0.21756490841900944,-2.5999772202624007,0.009797164278046715,4.003135253535879,4.302606651910975,246.25654134559875,7.393846098997069,1.5534162332393535
restaurant__32.png,0.10913545719597399,0.6213635788862011,0.47338327205882347,0.17719746633518288,0.24359589552159192,0.28731374363383627,-2.2847190040490415,0.008067744437888071,4.3073746971853755,4.494659717121349,479.59251798593715,7.649991859786601,1.7212192929278338
restaurant__33.png,0.31228161047338626,0.2602162499851406,0.36369061478758175,0.3090647892744684,0.23242948816075626,0.28564911467026566,-2.3235759212696436,0.006688166395589167,4.131444511587736,4.438834649094988,589.938971236093,7.563651026255325,1.7435353489454297
restaurant__34.png,0.18490400424995918,0.46655990462646313,0.44845177185457513,0.24221355700704952,0.36826023927664137,0.32424656857467127,-2.819482183808708,0.006183473421965336,3.959367673529748,4.268142104764757,572.1136161082818,7.31970202306727,1.7334223563163345
restaurant__35.png,0.3434600764776771,0.1733426802630125,0.4975527726715688,0.32084028502237905,0.13109630746779105,0.252203241125744,-2.6349835379306663,0.012307776098293957,4.026655928326319,4.344710498527438,512.8261234847672,7.769956636827287,1.8233553865193937
restaurant__36.png,0.0952605162646164,0.6150209515827683,0.581115962009804,0.12473041121406012,0.2753609954418095,0.28789302689611207,-2.503421623444713,0.005480433682730819,4.123069984008426,4.414139448617113,540.4890722730563,7.918099174295193,1.8297801080111455
restaurant__37.png,0.22838125012809035,0.18673495861681882,0.6993334737540848,0.2514738616598509,0.23689713135900492,0.23276126308856315,-2.727477289666703,0.009456801867959965,4.238453218864156,4.419570351063134,383.08063307594944,7.6440615530412135,1.8702615219573537
restaurant__38.png,0.10734743144115055,0.4027764895358627,0.521270156760621,0.13117168678327698,0.1982666429827502,0.3031023276636997,-2.810811180518215,0.014538299481612773,4.149675346757106,4.391852980789106,451.7651274038886,7.882547359319331,1.763929326856983
restaurant__39.png,0.13171692070155944,0.5500873637323075,0.7213918760212418,0.16290907537289845,0.2864630910568877,0.1483154297989539,-2.7972689158708333,0.009103247854420377,4.347309983788914,4.4782375902139995,430.9230900717228,7.532957344788309,1.8692288005354531
restaurant__4.png,0.1247936387179889,0.5876279815044286,0.39266789215686254,0.2150707213860572,0.28205522916953696,0.28961052598744313,-2.740469284601395,0.017437876415812195,3.8916334527636094,4.22201021886191,495.502643629782,7.39252085673113,1.6748629516281515
restaurant__40.png,0.15743275923599895,0.575305749084007,0.6391209533292486,0.24746956351334365,0.22232747973780675,0.24924989148403273,-2.593164984117244,0.012186265181955773,3.783023627627736,4.220550240279684,643.2485533817594,7.742880753313586,1.8413213821591259
restaurant__41.png,0.28633824734762525,0.36262242460584293,0.5354705371732026,0.28992341734698435,0.28320334807289793,0.2410312856209032,-2.547132934045266,0.006971455869196362,4.2147962892692385,4.454932086703493,600.2584236544714,7.770988896318715,1.8266285603306147
restaurant__42.png,0.2832360198503619,0.3960881381572523,0.4459038628472223,0.2411440812841704,0.27784351063382984,0.35125475099477843,-2.7535862213823092,0.018063547998739646,4.246088774664729,4.436876025033255,549.6611683232957,7.484902042066018,1.7154858041064298
restaurant__43.png,0.28866272025110523,0.17562372120645814,0.5054590992647059,0.28747224892520495,0.14819793972097256,0.2379390701745313,-2.7763713398102445,0.004768519465866581,4.226941088363089,4.401414467871675,503.62133702242687,7.727186888054803,1.8221402259014574
restaurant__44.png,0.0755511307196513,0.7948544491829209,0.39201702920751624,0.06324918344714783,0.14189319222571667,0.2915777837503991,-2.7888316378706066,0.011143740051250484,4.108873118551729,4.4060463722690075,474.004900574197,7.294730964623317,1.5697245912970097
restaurant__45.png,0.1935366923762503,0.16046510188904098,0.37155224928513075,0.24118817778715348,0.15446386389968267,0.2735323347465059,-2.6552007373211346,0.007713143291452459,4.244446525982468,4.461930169903978,506.74425667315796,7.661410205105937,1.6986376956973053
restaurant__46.png,0.14444773440319458,0.7213176787005988,0.5375873417075164,0.2709009593029112,0.23982668494074147,0.2914848440828918,-2.6470511353338475,0.010150249616915958,4.036902970630749,4.37209309496101,444.47316372566274,7.461849313242426,1.6487934086520049
restaurant__47.png,0.09863390864521292,0.5051102593710457,0.4105491472630719,0.15130025063770716,0.20222335254436336,0.27260823585925975,-2.633837251130251,0.011985611774662211,3.994356775510952,4.309302478111981,513.4607196303382,7.571449474729997,1.6770286947539368
restaurant__48.png,0.16614319097120991,0.5234992209411632,0.661625204248366,0.2558428533243192,0.27803097289496936,0.29966673747627504,-2.850955702948734,0.006710901250023385,4.197188386213815,4.356557160488258,687.1375062702165,7.728071710787969,1.8341520445821988
restaurant__49.png,0.28784386240720333,0.45580156205081807,0.3982235881331699,0.3539923960683897,0.2326946295773066,0.28945046750882286,-2.7986765041594164,0.011990744268278543,3.585626239308831,4.07934359364043,701.4284500394282,7.596813642789162,1.700632694447314
restaurant__5.png,0.2329768656361089,0.35789467166551747,0.34367418555964047,0.25882572382366653,0.25020613332490554,0.2715992273233093,-2.588889302209294,0.014859909348272922,4.088000168501814,4.378772529398994,546.6612899903408,7.441469225623495,1.6855323425293178
restaurant__50.png,0.10511550511265513,0.6003669245421964,0.40389736519607844,0.07682899180848893,0.27200921433988556,0.3019783874813848,-2.7718729938899003,0.024427526404810843,3.7239121878336876,4.034865627076895,548.7633091803314,7.393251223051654,1.5927719175460744
restaurant__51.png,0.12414183576913387,0.5659126821318734,0.4737287454044118,0.20361265028471956,0.24964787524842433,0.18023275561448673,-2.691602398323482,0.012842743538302078,4.106941309836152,4.419174217138828,480.6746858754952,7.413688970599851,1.6439950926929328
restaurant__52.png,0.3962046535452618,0.28162558434239676,0.3384908981821896,0.3047461999310115,0.1774244489436988,0.26397011871208503,-2.579288249423383,0.009961108535106731,4.112444104968585,4.378806962042304,381.80217992317563,7.430885874030945,1.5730435812864205
restaurant__53.png,0.2534737790807945,0.291784951358194,0.5398601536968954,0.2856536396626155,0.24626331306907387,0.27939507042704526,-2.925876981208888,0.011590130111102692,3.9274125666553297,4.252207548801463,445.3433161486177,7.8258650855857335,1.7642485266569843
restaurant__54.png,0.23882758004378918,0.16770470263315723,0.5039506101919935,0.26458514935288796,0.13395730978125833,0.19623704919473473,-2.7225173499322883,0.004772908837387867,3.961185521439608,4.299223736467375,418.0975179151301,7.426817164911886,1.7606108872120552
restaurant__55.png,0.11414367931801538,0.7201744053985069,0.6431142769607844,0.09798620662319144,0.2646453903859056,0.24749892247052535,-2.911416330734178,0.016365082155555877,3.8568308749813136,4.207213374266682,523.8697393283657,7.766552868775389,1.7935412996825413
restaurant__56.png,0.17854215775758103,0.2502906013719864,0.5073406224468955,0.21528253194593133,0.17212076293415296,0.25294644785606446,-2.802979451954047,0.012388460142353846,4.179904603478111,4.350981593138532,477.16860900121964,7.537185333974419,1.719362155470757
restaurant__57.png,0.4164160765112383,0.46125656544780647,0.3551628242442811,0.39048428685180203,0.19951123761231465,0.3017386638103065,-2.4413233898733604,0.007288136670451499,3.7706058244448695,4.134972867455996,529.9440317157495,7.220770114408901,1.6552248718636704
restaurant__58.png,0.28954528426518705,0.3201736602977838,0.45799573631535956,0.3412166669860317,0.18602137334518268,0.24132206899178907,-2.4009167246445253,0.006508084410948554,4.181833555255548,4.439355210075362,534.6759641281224,7.745564762495371,1.7796698669945505
restaurant__59.png,0.1558985730139619,0.4617874996535672,0.5710567044526146,0.1618436881538901,0.2932925651101906,0.20172296215881055,-2.7387281610224212,0.009792933964005546,3.649861845301608,4.119637729312942,573.5714160780313,7.711157632134422,1.838047382831181
restaurant__6.png,0.1003972733960782,0.747160794950429,0.40183264399509805,0.11122740755157563,0.2561448243126724,0.346204160000474,-2.574536546773591,0.010502516611507324,4.157618790547321,4.414410711055964,629.6665205617264,7.419953459228695,1.698904475185324
restaurant__60.png,0.3520062897870503,0.36282494671043203,0.369470294628268,0.30316337249925474,0.2790183008322819,0.2536042651817375,-2.8483722267838023,0.012080217611304322,3.7575931083278116,4.179392739718187,449.4855045393373,7.254967646088539,1.6336508177949571
restaurant__61.png,0.146385655894462,0.8395879503651981,0.4926082133374182,0.31059612900531386,0.1586819275021191,0.2440266867442097,-2.680632599830619,0.004966083784752262,3.96305679409079,4.306890704864958,291.3299811786027,7.083516858653476,1.4483172225387289
restaurant__62.png,0.22028353138022982,0.3457788485108516,0.3643997395833334,0.2821278030800779,0.24088092195600966,0.23001895986287363,-2.6854917152206648,0.008512877514294317,4.226500317861789,4.423932023897028,405.6849865225081,7.609168043106299,1.643510789548103
restaurant__63.png,0.35679292608747065,0.24659821792597364,0.2788783318014706,0.23646182365142132,0.20109266261286732,0.2667748121199116,-2.8143274130730624,0.014263297035994889,3.622230195360863,4.0311377581052055,462.0534720284495,7.139805580777299,1.5382323665460986
restaurant__64.png,0.15131242122580663,0.4972173686215559,0.4242541743259803,0.1900182915704494,0.27765239766207306,0.21510955093756098,-2.3758138656868213,0.013845318964683911,3.867372650894808,4.276037365838852,537.1983522378952,7.514198099081316,1.7756102509174643
restaurant__65.png,0.32747542902033,0.3233293689224069,0.2945718443627452,0.29930027694139605,0.2391325989939062,0.26094493546153597,-2.635888323673432,0.015080548805845624,3.7795677677414545,4.1899960340626246,507.6955256902683,7.331195736220362,1.5925791593909875
restaurant__66.png,0.10338486524914564,0.3011116123841093,0.5084825750612744,0.13497792219267407,0.24388073626709753,0.2740749260104122,-2.668706355123806,0.008102548335333035,3.9597817128238773,4.2795856061873,505.30500377958055,7.421603235173315,1.790159708008216
restaurant__67.png,0.24703321085993157,0.5915930297443224,0.40948471966911765,0.23197858587919334,0.30092336484851323,0.2567061574337142,-2.661082162778229,0.01599970073367671,4.227871052655702,4.448761126662734,537.8872527852069,7.529016163747596,1.6387871828525653
restaurant__68.png,0.22407303070594128,0.25148372150774084,0.5735224290236928,0.19987595506626987,0.14234902852994663,0.2294452410501633,-3.0033995113402647,0.010835629321021216,3.8478181346732594,4.184290226631226,365.4378196615849,7.528707543319044,1.8536694613188343
restaurant__69.png,0.22590129897628547,0.6654037278260183,0.28988694852941166,0.2864764501948617,0.28047777362207815,0.24470402552470924,-2.502917149879447,0.014838346138259547,4.337842457199404,4.507919199725113,462.5905961224982,7.176578956946954,1.5500855484296838
restaurant__7.png,0.10086401277793158,0.6351092114243989,0.44912571486928093,0.11777301274138197,0.22880074761539115,0.25587510897663424,-2.695286724794798,0.009870121224717376,3.9907104221155363,4.348071192622049,526.337374367578,7.605273504819664,1.6718034490623626
restaurant__70.png,0.50180485230543,0.3078637971142548,0.7833025556576799,0.3683203612216212,0.31573865512715543,0.15676454279297056,-2.7036655526366675,0.013528520391688394,3.8848964768762166,4.270956383931955,364.41870274579423,7.488304438529599,1.8247381270323306
restaurant__71.png,0.2973784139989176,0.23963247861717765,0.561894926981209,0.322487922954161,0.19869631045618777,0.22731532339833102,-2.5774848423766032,0.00934107906154866,4.1823019854284365,4.44972589733211,509.88682233687695,7.795255398197061,1.8476808878296709
restaurant__72.png,0.12926658434886631,0.5035407501695258,0.6556505438112745,0.10837875671925355,0.2400755427221146,0.2632385735859467,-2.861319187007418,0.014332021083260933,4.0433851757459225,4.361524262613455,549.1203390189137,7.744727937070311,1.8604516315521393
restaurant__73.png,0.17242878042255189,0.2797688826849136,0.5081908445669934,0.18749762659244534,0.17184186506878257,0.2897972062844924,-2.580471125077469,0.009030219506754894,4.105203082574082,4.4120884662842625,627.7585217497227,7.895998410144907,1.8024318396293038
restaurant__74.png,0.17097515222179407,0.5092727245080962,0.5862878625408497,0.25380294921289287,0.2742563028814394,0.23710349658476565,-2.599153847299535,0.006580663022132241,3.888100833955737,4.242345669688389,563.937164076724,7.672481641631257,1.799718090984809
restaurant__75.png,0.2819243591022628,0.4755556697504913,0.3939461422589869,0.3371293851410576,0.20117479601905294,0.27579800198688403,-2.578276347842688,0.01237464915654226,4.210542072348118,4.448769250606933,541.3819479453032,7.572922351143394,1.7083483865095022
restaurant__76.png,0.09826740688961426,0.574710958069192,0.45006389144199355,0.086181919153878,0.25030239500671636,0.2891533940232105,-2.6856890285001955,0.020800935443867824,3.7137089665879914,4.1716139473125455,753.715245841221,7.8085178291505635,1.7552865795135837
restaurant__77.png,0.5226543482730615,0.4665283303475262,0.46539117391748364,0.3829397863530043,0.15838872329761305,0.26207658547972107,-2.792774487544763,0.005282166192205555,4.332965549820304,4.428392674757601,385.54747130109155,7.559324258291209,1.681736754217836
restaurant__78.png,0.17143635319444558,0.2518534710801653,0.4353086192810457,0.2094854230077591,0.21791852024323355,0.2673988762416943,-2.6668707012254314,0.008322172192991582,3.9636460427889775,4.228508890687084,503.9470477604421,7.755491924745825,1.7236771313878443
restaurant__79.png,0.0660576694442379,0.8503092488665286,0.36607747395833334,0.057197244528489406,0.09296950608382454,0.24132867057025645,-2.7661176694528558,0.004378050457566874,4.0451013349039275,4.296494095479591,372.0050190795858,7.185126963363121,1.4213562590866302
restaurant__8.png,0.22164426864910913,0.31561562061023907,0.5220070210375819,0.2719630545434001,0.2461377943185665,0.2713212220499811,-2.859175858800338,0.006746716833071786,3.8525886642266967,4.206364469082259,452.21064254082086,7.771197245600517,1.7825778872414595
restaurant__80.png,0.6755891003500513,0.24355448384399012,0.5382340686274509,0.34022141816436613,0.17723629093144094,0.3526621734160146,-2.947418519013456,0.04166934583293106,3.7831993810534894,4.16794166348416,549.7577376580844,7.41150525309102,1.7983042560085962
restaurant__81.png,0.42890186595479407,0.34255275549016423,0.4126162939133988,0.3600903494897564,0.24176226882319204,0.20708751901589414,-2.6776379779624446,0.019453335926948753,3.7157742878598268,4.204543636523667,335.76275456399145,7.5340415981728865,1.6506907212563235
restaurant__82.png,0.14389834983045346,0.5909079071332751,0.4694294449550653,0.26103414212954407,0.2142744538228218,0.22473644977521492,-2.3680736137020566,0.009873926550800476,4.167165664972211,4.438793481103195,477.0426009930924,7.552869629400797,1.7444476825117268
restaurant__83.png,0.23315890394424899,0.2950097335858013,0.28507285283905237,0.3037810643415405,0.20964655172584248,0.26067001061381956,-2.7730400345610695,0.021048042690031517,3.7887436110065704,4.215328267587148,561.6552583896694,7.057027371622766,1.6001878094512787
restaurant__84.png,0.11858203997816408,0.3860908535035843,0.17058366523692806,0.20382873453446063,0.2412427320926005,0.2070904512729407,-2.57875800912854,0.006061200580081394,4.31635329165964,4.425383607345868,373.36168721118673,6.259071578419337,1.4189035113130852
restaurant__85.png,0.15980977999358292,0.35503884545438635,0.1978110957924837,0.24136439666311424,0.24505539190859552,0.20312633916147124,-2.3531067181974885,0.01960816195901178,4.0981870962185845,4.336608490469411,421.4940187211663,6.608310346979998,1.4810283227328351
restaurant__86.png,0.14156826382367907,0.41719428772614015,0.5282461320465685,0.2586774314559799,0.2917267772195478,0.2751611515319814,-3.1407537224182884,0.02549158671604012,3.7904704166832666,4.266635281966885,684.782692345459,7.8480891975562415,1.7533057521340063
restaurant__87.png,0.29395941657532004,0.6018328139658311,0.45238914419934634,0.3538871278705552,0.2889135252687063,0.2676520967732963,-2.526184194218175,0.030070858053842547,3.8566026026294233,4.25314374731252,637.9407104968692,7.4615838602371785,1.7213427076780927
restaurant__88.png,0.12890992003716412,0.585106297320975,0.3648083256740195,0.210991131739244,0.16650182136858982,0.2401234122694438,-2.3724361952389965,0.006862599875316644,4.208909695630056,4.459294413556625,357.02418242563533,7.041167840163972,1.5783567445091158
restaurant__89.png,0.09044910619464751,0.4910134391337231,0.45230837673611113,0.11839826176099176,0.23514069567146387,0.25572721557258543,-2.822202753609321,0.007531806776549617,4.008292622630522,4.311557207580317,555.9068070142091,7.739825572468529,1.7174930480211796
restaurant__9.png,0.159601709018158,0.38033083364089976,0.2834812346813726,0.1974072143703019,0.21232365358186653,0.2335484683839433,-2.837780019693186,0.016838830714690865,4.236678143149202,4.422112104592459,316.1131036647386,7.232179705324834,1.4643856304019018
restaurant__90.png,0.2225333378167361,0.6196074129343426,0.35945332924836604,0.35468575521789764,0.15401036973048648,0.25348308978210965,-2.6845304615151715,0.02670992633641242,3.856311289900678,4.250152828204153,359.8208635418029,6.93021469880794,1.3297314699435638
restaurant__91.png,0.10985954908391408,0.659689003304332,0.48330780228758174,0.19399439511111616,0.21874068069368363,0.22884026191510523,-2.8397663101839075,0.0044293013098106945,4.03756315824901,4.321664636529901,423.6595659442709,7.397278730063873,1.5619000686133553
restaurant__92.png,0.13724364062510275,0.4100762234832409,0.4669071946486928,0.13890173274343828,0.2792442435488245,0.29763599586551753,-2.874890909196982,0.01150528628612512,4.050596501978854,4.309897975945099,391.3031798133854,7.537504592157693,1.6817367542178363
restaurant__93.png,0.11676344606579037,0.6498711562290925,0.6456743898080067,0.1543293536691442,0.3021421377190819,0.25256535820314985,-2.784447263282826,0.013973194947131125,4.187996698152643,4.429992874242075,606.5087618939524,7.787191834674403,1.7884052097971743
restaurant__94.png,0.29507055089127265,0.2839136471148845,0.4648605749591503,0.25378508598369925,0.22297732139246926,0.22483398673321187,-2.540690452131383,0.006653758255725905,4.172997054334578,4.40954322666699,493.86227313769956,7.645378538958959,1.7518667388977067
restaurant__95.png,0.14332976835538658,0.3881684673191819,0.37861400888480395,0.26188379638459136,0.20141813795420266,0.20418284770531292,-2.6115831349456173,0.012671518609342663,4.1446264165761075,4.419681617001425,396.8851340607534,6.777792824599038,1.5883073855157963
restaurant__96.png,0.11022129545177424,0.5667733881353803,0.5827174096200982,0.1247260550754415,0.20525296463270326,0.2284861891792955,-2.488515614722042,0.005610495480533792,3.7572580100490995,4.143477600602194,492.4999394164704,7.5305467648938835,1.8269708745988922
restaurant__97.png,0.17477687195996272,0.3646839249494991,0.6568787275326798,0.22852306366539515,0.2261266581563941,0.19931733382408234,-2.6165623032469334,0.004970172270963082,4.356230122497112,4.472319100180342,378.2054072613334,7.513443900011256,1.8860209113934563
restaurant__98.png,0.08660511083240124,0.7199646906817407,0.612070733762255,0.10228222697737342,0.26805547331555857,0.2443888838255301,-2.66727496825035,0.018575023190044778,4.239067609130737,4.4560126462881495,554.4079937321471,7.685398574273579,1.744333761203795
restaurant__99.png,0.20424119159371584,0.40446618372961124,0.41998983864379075,0.2988832570033263,0.21026413998998142,0.2477261745517881,-2.5881681074565126,0.013607167599206365,4.115969372964894,4.3927082356973095,475.5014765912126,7.552915012813491,1.6687112009998493
