image,curvature1,orientation1,length1,curvature2,orientation2,length2,curvature3,orientation3,length3,curvature4,orientation4,length4,curvature5,orientation5,length5,curvature6,orientation6,length6,curvature7,orientation7,length7,curvature8,orientation8,length8
bedroom__0.png,3909.95711669232,1348.7517156593,209.611718523163,1289.26000228343,1457.13280341384,557.506381618425,1880.25291922599,682.371965601203,1407.06958815694,1964.30605283288,901.151593275905,2746.39648802394,694.278696420875,3184.20481198538,2889.71937937325,244.569979567433,1160.46279984718,992.46394924119,17.375232977069,612.123208998561,1197.23249506309,0,653.801101218628,0
bedroom__1.png,5018.96064878704,2316.03862220639,222.899180113793,1676.88898305353,1331.08495841316,426.277369735679,1331.4917812114,205.300571164199,1263.26601149059,1064.58874004089,719.099831293342,2127.43109500114,563.160789019335,2530.70420741178,3354.82524158082,331.565776635736,898.946364378964,2605.30110207797,13.3432812520675,1093.73443617357,0,0,905.091008958587,0
bedroom__10.png,6546.0925032203,1578.0430856956,72.82016864012,1364.59847147318,1543.68588311112,570.560926127235,583.462224684977,351.518614220896,1190.75429408671,969.990780155502,570.173871223742,1901.30699629958,436.478808765792,4038.89763726604,3491.5886276326,85.7054273194115,575.682376223476,2097.96335863831,13.6717843808332,311.884801488305,675.005628575445,0,1030.11373077082,0
bedroom__100.png,3999.52091564631,2076.55618224258,262.793868005067,1462.14874095074,1398.49974945572,898.103565841652,1715.90541033993,645.305773239628,2513.17305875621,1764.70800987247,1062.91952341467,3001.99375011364,863.290101904416,2421.82100926814,2383.41743817705,194.426821286145,1018.58743260933,940.518319106374,0,422.396560936752,0,0,953.913768833183,0
bedroom__101.png,5243.84360143746,2905.2075378709,188.259788661498,1489.4487670185,1061.71722130153,459.107906859008,1561.00648452084,114.095571131678,1085.74720808313,1119.68567141824,682.003520071003,2145.06619571503,412.222471890901,3545.50822737853,2165.79200773064,153.125751609014,580.170105352349,3956.0268929507,20.6672521050425,255.693807857545,0,0,855.604009036466,0
bedroom__102.png,4448.26046285688,1794.55360770113,120.672858749348,1325.50207348544,815.800184430134,435.006414715314,1491.10864380713,600.57440985588,1448.54073241092,1718.67119860033,944.642644262276,2984.00781652561,694.894842020068,2847.15094365214,3091.004261828,274.52437744756,944.224359809475,1290.52258053887,47.0384017825853,727.893445856915,630.245335231932,0,1325.16040443205,0
bedroom__103.png,5012.63342993697,2008.49446839429,114.347596965559,2249.7514515265,639.806405840537,363.634688748365,956.673516218272,518.906970748531,923.285233696635,1069.57583965779,414.575002986582,1933.38062076229,409.897956128339,3581.96799670642,2640.32982050639,243.781960247209,822.560114927032,4025.02203932076,57.6858462849088,675.06360862473,0,0,1338.62543177188,0
bedroom__104.png,4393.5679301374,1890.68978807935,215.653791044074,1370.35722617934,797.000955417398,491.029112427347,2212.67743388987,488.64757342377,2035.58273567129,1176.70208787678,908.30416656544,2303.37022771942,633.947156102443,3525.28500108896,3182.77972146707,189.254707114214,572.233064529615,1771.5844116708,23.4934586999529,675.463885559895,0,0,1142.37556533557,0
bedroom__105.png,4725.46289674946,1382.22468355177,149.202694688363,1335.91191759323,2607.76522224329,875.059544723555,1718.37760090757,491.280022332541,2469.83343279125,1208.80245990216,727.25627048036,2276.94581154511,768.569773002441,2480.0134981614,2308.16007119711,242.87535184513,790.419089985329,0,0,770.893763384577,1920.79844505461,0,750.147449860729,0
bedroom__106.png,4525.95379146762,2007.18945668543,90.5196978935416,1594.86742078024,1267.16919114988,242.986922084106,2258.11272208537,150.159979498135,594.475589914667,1014.58077847458,283.270046868827,1895.86220748895,519.259492705562,4550.85427723126,2275.57241664921,87.2257944866343,317.486321929244,3232.3903122448,0,197.71399386067,1668.19285372473,0,1226.15673277654,0
bedroom__107.png,4309.33957785544,1251.88733206532,208.179271138884,1459.59311007797,1781.47793747482,786.535387035869,1500.09085522629,521.569162418433,1547.97376997471,1568.9017338331,724.214158135417,4542.44675538214,839.241366378988,2115.57417735558,2914.8648164684,322.833356628213,1185.73890638924,0,0,1250.56841297136,0,0,1168.96991318984,0
bedroom__108.png,3634.43035347467,2164.20377703275,69.8015003191003,2726.09437894435,992.763019455421,201.080529554812,1668.62884900726,328.838158445737,1402.65003591991,1017.49592645371,553.226441003407,1971.45058177003,809.976470708353,3247.31554013128,2474.14458367763,143.374021411661,344.245617196722,470.434740149059,0,370.226941116444,1669.97797388416,0,1999.18050561824,1740.46005472531
bedroom__109.png,4036.96059093314,1508.13448317098,118.01426402476,2406.23104223571,954.877668416122,242.501393982521,1552.1724754655,307.238017855148,1188.06216924026,1155.81349657389,380.796405410088,2407.16782826003,636.609609676345,4875.51777886909,3409.93549834394,212.21278511541,702.457911565786,2634.31884614848,0,394.341228433397,0,0,876.636506279391,0
bedroom__11.png,5100.33921540627,3020.05015411213,131.804438875146,1829.96965946783,494.744180471416,281.658366978404,939.735378248776,346.571862152544,1293.30777380879,1331.58578860837,426.988207720831,2005.08400863721,566.046172848888,3665.44489890606,2978.46857837976,177.997885667593,873.521158573121,2483.24856139869,54.3258997522789,336.346039224925,826.42827192199,0,836.333498838968,0
bedroom__110.png,3612.36052715533,1179.34521165813,83.0043618883553,1406.87718981912,1941.30965194042,433.342997857915,2469.34553384991,591.227411911667,1855.79647819,1166.78659069435,919.881540782955,2077.64659460375,1101.63048942422,2853.315098595,3218.55578528623,242.999669057073,895.46305159962,0,0,614.197274270596,2331.65378217376,0,1005.26075924162,0
bedroom__111.png,4659.63567712557,2093.00117464782,233.882022102723,1869.27824433075,1829.8820533353,404.970834453201,1883.49828363771,239.825594706404,1784.99374021117,923.036979133007,552.199950651855,1788.2941742351,463.073835175545,3492.28708307186,2643.74889441372,201.476980597415,439.020973465875,1406.91752546067,0,259.939604423498,1737.19280912341,0,1093.84356569739,0
bedroom__112.png,3298.76352841393,1055.76753106186,176.492012930177,2604.13472624499,1575.18990509039,312.796535383213,1696.57042269435,666.833359707314,919.434783127973,1168.35226957282,228.866545589228,1863.99174935617,991.44116945856,3715.69293959781,2794.68397051674,240.737883615356,585.188704262484,3932.60094868573,0,791.346935294159,0,0,1381.11407939676,0
bedroom__113.png,3844.47353238588,1567.53607725136,118.896839742761,2348.8722842944,1394.29884511633,387.708805878815,1747.83749559758,691.329792857992,1298.53206931913,1383.30874536806,540.719172782695,2805.18725238892,499.963340744358,3890.47979685797,3677.04387098591,153.169547975905,535.928593211812,1712.63116168446,22.3750536338234,577.300228250124,0,0,802.407493671714,0
bedroom__114.png,5036.2997523194,946.535171742966,79.699261051906,1480.4340135842,1363.0584908642,426.166597529519,1461.42056557807,343.357810877738,1025.95862026877,1235.77493181575,667.325508066243,2566.18640864588,608.254585459093,4317.67870641159,1842.96482070639,164.879073375685,693.170753674012,782.938950698717,12.9370778678099,378.882831649369,2212.74015069438,0,1289.99072671388,1063.34519040443
bedroom__115.png,5435.19435259839,971.898997444774,180.6190837246,1574.01970812387,1287.77979964018,755.605034747035,1655.32163090328,253.45254249892,1129.54114228187,827.444415388235,685.042667525034,3274.83132467881,379.471555214324,3880.53794002,1641.72779966713,128.548337771901,429.315538894707,1161.47459045754,0,381.14565592625,1856.20102444301,0,2110.82685805013,0
bedroom__116.png,4011.32863921623,1111.3007772317,60.9586861107101,1957.08886241488,856.134803020504,310.225210975628,1636.15274836125,413.060984193946,864.445445403978,1364.63569729166,610.509210721496,2001.9675081756,676.809661205707,4867.69017834426,3296.48964375906,292.708603682251,791.833136250151,2813.71909639794,61.2757878280187,443.698568528236,652.194409177091,0,905.772341709708,0
bedroom__117.png,4998.41427397716,1155.10288739892,94.1100192442728,2664.78513762626,800.090935547037,470.25640633612,990.962159546488,612.865798166158,1499.48341631062,793.479800645545,513.393056858621,1840.76499670771,431.699582360255,4334.05904350396,1156.27818449218,87.0295514039684,539.094717020716,2353.45937902214,33.629494440324,518.05280955183,2585.64759788696,0,1527.34075195275,0
bedroom__118.png,4048.23252362084,873.994668310246,22.9829766463819,1367.36269876564,524.217664332203,740.147651039679,2077.11689635131,1297.72553973696,1347.72649506902,1548.29990582875,1113.4332040062,2472.69450410617,657.791226912495,2842.03572258697,1963.83920779628,248.397257260653,917.59196684225,2740.98940668193,52.799491260304,699.771263604842,711.619758660542,0,1731.22997058033,0
bedroom__119.png,4852.64730446963,1029.8703816126,187.031190247414,1794.30440409505,1029.04273846198,481.157352229839,1626.15719857294,846.275502194021,1454.33325282225,1069.88337371111,682.149716766862,3091.56323279731,533.685139482741,4376.80300127926,1786.52033795122,123.322579668533,787.847692822724,2512.01101602084,0,533.316247264587,487.383617931132,0,714.694719597973,0
bedroom__12.png,4798.89104676697,1412.73633594181,134.337905322793,1404.51442136642,2396.12270308928,201.164480220958,1543.37256543848,268.021902380356,1036.7834051327,1295.53095988397,609.414106517833,2421.97563633587,670.063493351706,3474.14408747256,2596.95821776301,212.415437417152,594.434886504225,3608.78035522467,56.7108469530527,510.088824938438,0,18.5012288222491,735.037153155488,0
bedroom__120.png,4120.59002892219,2463.22777089884,135.868400359927,1449.05988417583,1598.96911988484,151.921984182225,2192.68884336258,303.281723630748,1102.06660656833,1440.99523661383,476.281623355102,3031.99868187684,562.536163921171,3401.88728902477,3099.88398041863,205.743904062029,442.420234106349,1843.7127533837,28.3859389423581,817.696102410218,634.547593210343,0,496.236136689135,0
bedroom__121.png,4079.22368066358,1751.02737797538,133.307074628807,2101.4334646126,1045.12218967065,372.915905457185,1990.5242139457,274.672320600858,1096.98259431135,1130.06893213152,570.233377189857,1842.75225421202,535.583672504393,4049.69045072319,3685.52740017561,151.918735221924,704.75962387658,2868.51477121502,11.2473009202872,500.391847952984,0,0,1104.10281201051,0
bedroom__122.png,4742.80667821944,2278.33887202017,198.392166897951,1255.70481706059,795.423298145219,448.30545607917,1531.13263588345,283.672774956142,1723.58026834935,1773.78979366796,859.923512108865,3043.29448638575,457.576340258528,3537.74920237728,2247.50591489094,212.939080768264,753.074419201947,1871.29102191587,18.4205941979942,600.821318194704,467.630685480982,7.63005994378034,890.996602995669,0
bedroom__123.png,4727.26961631763,1946.85343673421,175.97634950582,1250.54462557452,713.317905640936,451.653775403497,2336.36258019609,986.671852689809,1096.54375819958,973.52711225762,575.95416511214,1966.00926720437,495.729131936393,4344.62892891012,4235.08587789564,164.855389799371,383.968249779509,1082.11325758461,51.7115439183763,304.152660065713,0,0,744.452801067568,992.617714206491
bedroom__124.png,3551.99576386148,2142.51677692209,15.9077193720737,3250.24116149278,1064.15408881025,353.782961792455,1536.24579970399,164.902340893664,809.660090769867,775.706540094836,365.336009256366,2119.22802177093,712.470779163898,3952.39063017707,1953.80515865778,142.411023755737,439.735079150252,2316.62485240434,30.9289319272723,541.898342927593,1273.18406124151,0,1329.06673186271,1157.80713399105
bedroom__125.png,4387.56918104311,1618.10257924777,106.750943777041,1749.61770870471,1456.2653659994,518.202298175208,1732.91651765912,378.604676698194,1493.18583479404,1327.95257075422,996.615922414993,2227.46937419175,680.112565694204,3265.68682557928,2787.70867639899,121.831456144627,420.296125250959,1924.02143301573,0,450.644073550813,0,0,1413.78443125858,942.661439647236
bedroom__126.png,3433.46216440886,1298.22975262348,172.958522332739,1254.84782011518,1911.01549923561,939.140841319839,2053.68774610189,552.09976828727,2109.22761435916,1630.65931137919,1009.38693457197,3712.54332780739,1158.66340023903,2901.20223386122,1839.38178377651,385.223370601766,869.450305058624,552.416103397035,65.4782675137893,558.781309375245,674.331807007329,17.9779196402946,899.83419698658,0
bedroom__127.png,6070.62869644554,4771.68480976928,93.3332135549468,1317.19295352805,447.82660906922,262.971209322942,1336.94833732432,182.097794481075,607.968437036968,773.96024993789,337.95999987169,1651.90428133677,450.521897437462,2851.79345540021,2292.60857335958,43.0973049789318,555.641990765015,2689.04541950314,7.65056034780407,308.620838220266,2402.16886588565,0,544.374502423243,0
bedroom__128.png,3738.14090913482,3258.85644477816,32.7491721709843,3409.30517344996,822.1380754313,150.038026203601,1610.29688131836,216.56361878645,741.57429564774,892.655211403289,512.835052989315,1379.58193489427,268.463172702015,4036.57011650991,2615.60557050453,81.138651991553,640.403826783604,2539.41693445636,0,254.173677417942,1357.27150668818,0,258.459187303321,1183.76255943434
bedroom__129.png,4206.76994848241,1695.98440757517,181.496195177757,2313.2642924626,1376.51412020145,556.431256530391,1972.43989502855,309.348019786925,1310.76564395739,717.823724130443,269.138203739918,2540.46235914839,553.740171781654,3640.86703594097,2724.29725819875,235.961968114341,779.077493256464,1599.60998247557,0,550.895562850303,1086.93730451176,0,1378.1751566488,0
bedroom__13.png,3834.89576862302,2835.39090588722,108.247663894204,1894.07493056844,671.561471222308,469.275049731927,2041.97803918993,400.094662224475,1282.46629747142,1424.10436358551,1089.61432013774,1798.71445068745,632.572568405448,2711.80295287105,2859.88024660185,129.236213411565,967.166126197689,1673.18468777146,43.1381162160874,511.379749258373,1808.2316038417,0,812.989812201136,0
bedroom__130.png,5126.78567712336,1409.73456405079,281.479541548305,1640.86402106299,1324.88348103183,521.259608610904,1457.10139380755,605.340172151207,1393.76223194047,1004.14331301305,882.024669288689,2640.2397277251,619.395153420037,3213.09785380445,1952.5386824407,151.710441573014,802.232604500284,3210.72020773452,0,531.96185395606,0,0,1230.72480121669,0
bedroom__131.png,3826.44087585951,1580.74148575369,85.9744309212574,1533.58583560946,1395.18855749771,167.223277145329,2262.07128469487,530.761667970726,632.910421004578,1527.99126773009,514.624654560634,2796.73742294948,675.836894519117,3334.64039552955,3276.78484529711,147.717594448155,847.180727177524,1640.94971058033,26.3562471388047,765.954850667104,1399.41989210191,0,1030.90766084306,0
bedroom__132.png,5237.3414245106,1549.17079148874,122.10193211643,1189.77231502153,1564.48816378199,637.299455534844,1756.61333378565,389.890530916894,1766.72346451798,948.617517679929,754.141479422441,2657.49803265401,659.380362499427,3297.98819952639,2854.72670331188,184.473302235208,576.141853099083,1961.65041186485,23.8017442676526,369.45902579564,0,0,1498.71995596881,0
bedroom__133.png,5670.06279278272,2355.24362593025,202.624549052008,778.834529145681,1031.75364186314,521.248396587904,1310.07433580954,430.372435317069,1956.51590309106,1293.56172591426,945.48386432029,2871.92162389566,718.158280802661,3197.41841335979,3175.69231265546,201.104722384799,601.719142355063,1271.9972147179,20.9296963333479,448.830512814135,0,7.27391682699232,989.178364040259,0
bedroom__134.png,4329.91930658664,1741.482216611,75.8047219980013,1690.771005011,1429.32521024462,628.06384294908,1710.95229942504,1067.27746058089,1264.19101515989,1428.83911383576,921.199448719801,2043.37896002783,610.659153926987,2207.46561788314,3888.51170853259,205.903451504181,738.793540844271,1500.2692951157,22.9556697103875,628.84523913295,599.780456216918,0,1265.61126598332,0
bedroom__135.png,6048.20966028398,2975.32413492309,63.3233118951463,1726.7862138903,359.313065034156,340.241726482619,1312.61032791117,452.042061217048,575.447300204257,466.668202577716,858.05204783802,1162.56834043108,369.953743566011,3667.58716826223,2534.7085795699,59.5782562118044,367.958776371777,4498.34886358106,16.1935955590193,178.599706715731,825.361877835931,0,1141.12303963795,0
bedroom__136.png,3574.41693197407,1603.36186401318,91.9980956341687,1939.88733935846,1010.91207186799,432.022204733061,1516.37989233884,685.379393175137,1413.09839964437,2174.65260768911,856.942851464313,2277.64275474443,588.379593024282,3776.7311573318,4212.37293797442,174.77282097645,530.970496396928,853.508375807261,31.5108146387961,671.346079932837,719.357231462284,0,864.356085817806,0
bedroom__137.png,3623.01612362463,1533.9354673978,146.892693551332,1174.9456786477,1632.72861141774,606.473287511651,2427.4966278112,731.471938296322,1899.91430932428,1532.47043416581,1441.23323618762,3102.5140178022,914.296866680084,2050.46130493854,2681.86015573805,293.36288232519,781.514103030029,692.478562267057,34.4113867453873,765.70139201278,869.866973805433,0,1062.95394671917,0
bedroom__138.png,5476.58133637607,1247.16902799174,115.678774785491,1219.72076268778,2378.79211938669,283.23076256042,1415.94023829726,407.843136507925,1153.94374645749,1388.48183891898,654.149194511907,1792.87860518732,363.74096591554,3402.87197950381,3629.41936104602,123.140774154495,279.625853460567,3024.84874996325,12.3940836498801,184.433230128784,0,0,1445.11545850858,0
bedroom__139.png,4908.02193252683,1565.01595233644,90.3306548434307,1407.90507273533,956.667353938848,198.090210460162,1658.71861074048,613.34806017765,1073.42920180248,904.574260977047,1077.49184859452,2105.33064557291,969.113512288537,3308.63368489224,3506.29902072568,109.495986038622,971.480167871902,1750.14924742658,42.170624693152,370.205840481069,1276.37101916875,0,1137.15709170734,0
bedroom__14.png,4442.21785254727,2631.90378042069,44.7544399447313,2281.69215889766,635.891988992368,374.583428804805,1328.90983982495,152.634422027549,702.398716098557,1025.94958529366,639.029710618293,2314.60045564081,693.98856024342,4575.77803835897,2604.49153533048,227.242003193048,378.620714957634,1640.87291998394,0,241.572385323737,2318.29850419668,0,744.56895930076,0
bedroom__140.png,6076.17824268697,1019.88424568307,262.499450165211,1088.6119956166,931.749758157389,693.134465034242,756.771571764231,376.100065518522,2031.79464644517,1282.59298905546,871.55204475605,2664.49262206991,424.693940714223,4447.22401955381,1845.75617735414,346.340328200685,835.189636885537,2502.32263893133,24.8109319618305,424.232568704958,0,0,1094.06766074067,0
bedroom__141.png,6012.18464962906,3503.89061681128,215.121682735697,1043.26503532355,906.402611533575,637.213213149952,1408.83783641878,326.751746556729,1202.74228910535,990.85702312224,688.858932078917,2997.2397918996,391.703019765957,2828.70812483451,2976.58102646785,153.152435740414,519.344502738238,497.6511267181,0,525.463326119489,0,0,700.580139327259,1473.45086992344
bedroom__142.png,4167.27456375837,1524.96683390047,144.393231396758,1357.09138079253,1203.0652035999,434.244629527016,2041.78775374081,738.617721698761,1535.42911700014,1586.34695933049,877.134319889692,3261.96731164808,658.996561304997,3047.93057563202,2765.87095524277,178.899602783665,520.59648938427,1858.09475518523,9.60317828912893,931.00391184658,0,0,1156.68494404831,0
bedroom__143.png,4902.93481629267,2161.7144827777,137.806862003386,2086.90729155952,1658.95681128577,442.336290975113,1833.85883873299,634.930778365348,1190.87322312355,653.316410914375,575.078449370935,2111.33210905144,316.850640046881,3454.73097249226,2670.97470833268,174.456182427444,488.104933628067,2394.5499621417,31.6758200261189,234.033749867103,1052.12684437213,0,792.449822212815,0
bedroom__144.png,5237.58508528048,1293.4262409029,182.56406781939,2163.72791502865,720.509904671987,394.755450702924,912.4603845396,24.0008970432215,1564.79010585955,866.800409826786,374.26059074832,1043.07061902917,681.97461656852,4653.82396091196,1647.75414488391,93.4710121953438,616.607527031611,3751.90815887321,43.980576560622,382.17333112738,1415.15745283185,0,1935.19754756262,0
bedroom__145.png,4386.14635581385,897.429662000597,173.253933290137,1483.26349127759,1074.98160593537,432.176333636653,2046.63340075326,874.5225815434,1370.19866549212,1095.51857102442,842.065225729191,2848.44147681542,722.184697037199,3796.57567074927,2931.89331454624,248.733571409227,1132.11406180047,1852.84611122495,10.813601638521,420.161516277359,391.190164994478,6.70631104593691,962.149675964341,0
bedroom__146.png,3679.36012943984,1087.53896973427,125.904341282563,2471.9000904736,1629.35118477365,407.337577254083,1915.59239465235,362.533602910916,1404.62083349473,1154.87038006338,634.726138432931,2955.90260354805,558.963460878581,4394.72524426728,2503.27575643338,207.262770382199,778.149837001603,2602.95888798719,12.0507741100447,330.208476967018,0,0,782.766545912331,0
bedroom__147.png,4000.12129208627,1328.2495024606,59.0070417156444,858.287950356831,1041.63787030236,419.234090368234,2583.72104800268,477.294985747128,1095.97432381918,1444.38391540582,548.411235321244,3055.95046480393,910.040610092477,3574.24945031787,2982.42422629148,194.328094716954,1220.20257064613,1057.58443277382,9.11708933896278,739.012682217821,1329.82542022771,0,1070.94170298684,0
bedroom__148.png,3847.45273103311,802.432538597993,258.990394195474,1327.82874700346,1944.2100848891,964.607703192213,1761.5231167599,788.231313025833,2202.90095287269,1835.50317306756,865.19399632713,3265.74467877346,874.910150702567,2722.80321854022,1792.70704783266,324.694071547432,1363.8132678516,355.31856348768,28.0880098859614,587.442715922154,1159.73065964582,0,925.872864845972,0
bedroom__149.png,4422.372888559,1732.15656424905,127.122815249686,1654.60349419561,1691.04775803233,523.362891102377,1670.96935335017,288.01142839672,1066.81302250415,1604.13448936247,422.258824218432,1679.70118778547,412.212510559815,2971.59290236248,3777.06557109339,217.466018207251,1041.82158292618,2825.93451226493,18.2412457656752,403.510366767278,0,0,1449.60057304753,0
bedroom__15.png,5177.36852845124,2126.34885402805,217.538568964336,1605.42379844303,753.677560936728,658.035160285088,1516.13003395701,669.681168196813,1203.47874646999,1008.59475204613,777.775818097269,2914.1998613667,550.567980379679,3190.96795504592,2302.56868045396,120.517257454373,569.182305736842,1225.7319368271,21.3976492685466,508.340636726413,1478.44704563283,0,1404.02570123197,0
bedroom__150.png,3983.6407243277,3213.99983425617,147.323667024658,1637.42253199825,1485.20859484702,371.427611499862,2215.03489013393,428.545143634671,965.568994613974,1128.57898474296,433.228846315182,1686.77389065999,787.867402449333,2885.68623705013,3599.69893785841,226.846290965605,710.393679657333,2188.15723493435,20.6091753822299,547.226622719174,1041.04966340876,0,295.711041520318,0
bedroom__151.png,4399.90081997703,1774.57544906906,52.0001431690991,1232.79902084136,1493.5973182013,323.647172821588,2162.46545988193,431.309776791466,1131.70310848861,1032.86943618031,705.645589970484,2392.84745096448,858.890340293629,3535.46584740689,2132.56021350399,200.269975406258,401.131350529252,2736.15664194724,112.804947419491,218.774093702246,1231.085269105,0,1439.5005743293,0
bedroom__152.png,4782.80881743256,1987.17047110241,103.603359840687,1035.1378517195,1252.26505688527,352.321358500249,2139.07085816183,269.342505884016,1359.20618596501,1200.06655379336,1237.00499103803,2474.13753396008,675.817022082503,2907.28733209681,4796.35359229631,167.098896810246,542.307906228812,914.37796943766,0,714.368754975075,0,0,1090.25298178957,0
bedroom__153.png,4989.46085441954,819.385431358578,137.573960009249,1987.44140482471,1397.24670294867,801.002591858882,1373.84058675848,569.53927776035,1406.95608185351,864.183045391513,670.888336437415,2273.7447066907,634.273856887083,3957.56825901881,1958.58548177543,139.283368790236,972.767254710302,2086.41779159635,11.5168829284358,662.489341339018,1335.71938621588,0,950.115396426854,0
bedroom__154.png,4705.42693389403,1684.50266655162,156.079807843043,2365.15228606318,1237.21084115219,309.120333142844,1927.57698338996,468.98793298759,957.310041761429,423.650080233251,590.675471534795,2678.28697186226,492.29501567386,3534.72660328749,1682.0060231599,74.8676864518978,488.072209317922,2208.40926742538,11.0310142938184,636.626694586086,2008.78755480513,0,1359.19758058231,0
bedroom__155.png,5372.42581156995,981.225557006365,60.101409848015,2247.68499882121,739.423719138862,298.547537565209,897.513598289938,174.040558446557,733.043221845986,974.032392461402,540.350982871412,2306.10355760717,305.190581478669,5060.41554237667,2343.49961521572,189.769124950734,626.204076715261,2866.68797433579,13.3834924280981,882.683215520676,0,0,995.656347924201,1392.01668358211
bedroom__156.png,4774.11848121115,2870.28871604656,203.196555213295,1573.18914239943,843.677327744625,412.934834278219,1713.70187926549,272.27318116695,1340.38821171489,844.872207190534,715.927593904937,2555.28552557537,902.751278636562,3542.9784475552,2586.92661221215,176.825032510026,492.006571021771,1234.28114676324,14.5419787868123,292.021085681268,1666.98711424283,0,970.827076878687,0
bedroom__157.png,3883.66490289988,1162.31021685855,159.64150881238,1746.52515555178,1825.16377033106,503.035903987159,1969.83788030448,698.624559996374,1110.18172217193,1291.27238998255,983.403364797803,1406.07930477353,795.22795781319,2956.74273672149,1992.36898677313,313.471713448121,1098.14146141249,4828.69257348188,0,703.805957851091,0,0,571.807932031148,0
bedroom__158.png,3495.97650800149,2187.05096344441,188.942075019266,1772.00295274419,449.994891724321,700.747263117901,2220.05293076204,641.237327408413,1047.2292099857,1517.30950005909,918.90223017993,2846.27956335689,785.68906672029,2918.32436000859,4881.01433513475,194.59227761139,1249.45094118083,335.787553385495,14.3767641015124,425.521800186098,0,0,1209.51748586742,0
bedroom__159.png,4719.66783980516,1514.53523635535,197.578545604751,2736.27924512187,798.852154084683,578.151313519486,974.789359613146,372.621379915614,857.938494073347,913.258691634695,676.111563198731,1722.16633236476,581.849467490782,3682.55272783135,4050.07330367511,74.1553963343459,1075.20094632529,1446.62656872357,0,468.428478904922,1147.46544203898,0,1411.69751338405,0
bedroom__16.png,4923.94388177578,2333.31893316595,130.919437561043,2439.58931144745,549.974289145031,610.117508611109,1183.86627371977,401.384717001302,1423.96362918262,929.0478109117,796.28661202519,2440.64446575403,385.440929383587,3346.43089955743,1859.14388271708,106.796225388234,1077.81914734587,1482.51256176771,31.3155673734885,421.080264635066,576.293903209176,0,1073.70513712415,1476.40461119722
bedroom__160.png,4511.740423125,1447.16936923209,378.8661702304,2279.72363614633,1809.30995290511,828.825242073162,1342.86439187178,514.690689908583,1779.88603221764,1157.48933174891,628.557688744787,1696.47746533358,486.976781285172,3824.06592163853,2733.24504366124,221.205435822803,674.846283537989,1808.92015622148,0,327.994988604062,773.779890262499,0,773.365105428853,0
bedroom__161.png,5328.2046204766,1888.76790826412,63.968452601454,1562.56154532305,835.728542184992,430.626189504093,938.790919464953,606.138818448783,1182.92458998651,1246.67941232225,695.739721850828,2852.75700435807,750.854173246008,3653.71480308789,1493.80963287046,172.909329167144,498.952099322884,2333.92182110617,0,676.031331483035,1641.99230957325,0,1144.92677535748,0
bedroom__162.png,4354.19095933361,1550.14599127035,217.888911803059,1792.72826648084,1204.47748010129,366.73259342991,1806.49976887263,476.875265995499,1102.63519946504,1151.61015562523,728.986173401902,2315.84255954276,731.311211887254,3842.72052662862,2690.37152908518,163.659637800446,547.467131664107,2634.53554577883,0,273.3555367144,671.993660895224,0,1375.97189422384,0
bedroom__163.png,4672.66708486939,953.748616613387,234.117100903659,1961.75316789463,1245.64525154562,556.702391832179,1280.78461581145,714.298017734503,1717.39833435066,1165.93840070401,328.837143012342,2668.10662876299,690.842823343622,3549.89809519709,1893.60748530631,228.013907376898,820.110871827543,1591.13805104233,0,827.915318123912,1338.93000780187,0,1559.54668594559,0
bedroom__164.png,4708.65978207007,1034.25044724071,58.3214917469976,1826.30847933784,1159.45567020969,299.502755492276,2205.31563448851,1231.34501126432,1317.20256796189,851.001152347897,733.500372667999,1915.88037723125,291.464887463623,3075.54909181423,2042.74020611455,117.250064292067,267.7564294058,2073.35739891692,0,1186.57755175654,2292.99520253612,0,1311.56542564071,0
bedroom__165.png,5713.39084551487,2222.33098417712,152.575358268561,959.090277530937,648.258093212592,542.940478192862,1969.52777154904,395.130294809643,995.513312264212,504.028566029144,443.157644111634,2868.60561345091,652.296243469142,4463.31567740555,2107.58644055171,163.067006488921,608.962682898584,3332.77879727175,38.5992894179469,236.345641216426,0,0,982.498982168446,0
bedroom__166.png,4680.5579958883,1527.41522780634,101.176950315857,2006.54021041021,1179.39264959067,470.053839387601,1529.06283352706,535.955387943869,1637.88514025724,994.354489972092,352.265928678168,1952.09338884629,593.183675451789,3880.41486625688,4544.1038142154,196.300794750546,877.274824395835,1294.68686697762,0,548.016666598039,0,0,1099.26444873019,0
bedroom__167.png,5852.12078161495,2163.94944409621,33.1821296214596,1263.280975546,967.06900516723,280.523807192745,1387.90154617234,372.17411941263,1222.86250683751,976.171540086842,557.525121833628,2085.40589873657,271.783150792075,4239.66724030855,2618.23340815144,238.38252225585,607.120232596728,1873.63770989694,10.3594835319535,282.483514170537,757.15523143572,0,810.011322414487,1128.99930812762
bedroom__168.png,3840.22916067022,1429.2012079293,186.969931366435,1232.15570062357,1215.39881665095,505.580044370493,2436.71266050535,662.429561074227,1934.53929120386,1378.95439404614,620.832644052001,2595.62321995982,791.252535287887,3970.04627004043,2117.80564262256,299.377854468249,713.843257235854,2053.78427529515,21.3176943985904,368.555038764575,605.697595181677,0,1019.69320425266,0
bedroom__169.png,4297.06157262074,1700.5474027745,169.747839372248,2108.36940418064,795.263757355477,660.849917658639,1750.50062953538,480.825546233067,1128.48341077586,1126.89786514624,1496.87373876727,2928.34897533138,567.316100921983,3661.68640852883,2909.23658327359,139.505448358806,672.523828194493,1471.14024996905,10.3489792362124,348.882518040146,732.193023619233,0,843.396800106215,0
bedroom__17.png,4957.9409013919,1832.22874588519,137.659286053029,2048.4170514748,1822.18436934836,472.364997221144,1122.07022424352,339.730008489361,998.900207075396,1140.04731976882,407.258044956052,1876.22808438688,401.790327712346,2957.65323602623,2912.06872014379,329.734175408612,1375.0258780426,2185.57450763659,0,455.734384669427,1417.20419748318,0,810.185332582774,0
bedroom__170.png,4154.20415468414,2065.56075690608,214.675301156704,2538.42585321249,1389.6779801403,610.086203578138,1080.37143285242,647.340138498814,1530.16293146346,1291.19447624889,565.87462311292,2611.74563013554,760.716808862691,2803.52332263807,4064.39014132269,175.087274139366,1057.47567511501,0,0,541.241445680144,968.939792343464,0,929.306057908666,0
bedroom__171.png,4972.84228674055,1151.9442860693,237.672058730235,1159.70104667564,1544.74284622393,784.868826047503,1476.09152188393,406.487547283195,2277.28504944138,1189.82149808934,697.647311663678,3532.26714990823,993.037888884883,2920.35676263087,2095.49740826752,187.125732441101,870.15385950946,1072.40950760513,21.3800252845568,516.084671984751,0,0,1892.58271463482,0
bedroom__172.png,5287.53700905527,1393.82913093561,84.6039115647227,1487.2738145719,612.77224124988,335.112293128215,1355.92020718746,310.786002989851,1251.65382203601,1208.83732717919,474.848992884589,2259.2689821499,434.567499698589,4964.66083214399,2743.05301252721,217.781221674672,915.903574754009,2796.43922106433,8.08292063292005,148.937072403909,529.868757529609,0,1178.26215263817,0
bedroom__173.png,4794.55431419302,1471.24570994081,201.123959086512,1419.46194774021,828.702572207314,626.020004690031,1266.26026164439,577.858684297423,2243.7553200385,1625.64599585258,1110.13076194459,3048.30032933335,675.725852433842,2720.22742691578,2738.73120137752,200.065593329821,800.57223870633,744.492708657504,18.2860348061391,934.973156931258,397.576476816584,0,1556.2894490565,0
bedroom__174.png,4327.62165686006,1469.60634995069,208.307486740975,1858.99616122649,1342.38103274971,528.552746842948,1712.38166341985,516.579642241438,1258.08775225991,1292.73660220645,691.288547299778,2324.78192301319,578.319745760254,3767.43186670238,3430.16155383848,220.098969949292,678.26263221068,1843.58845587706,9.84520057760588,376.559837211709,406.520081427433,0,1157.89009163361,0
bedroom__175.png,4159.65472471484,1353.15529546912,68.9987383402831,1688.66559739915,1348.18774969792,519.740456583062,1564.1861548504,416.764651584494,1175.53765689249,1652.93564690235,1177.80270808325,3252.48657223647,668.476080002088,2827.86918025529,2530.00156159638,240.486415080109,615.035742561405,1877.49028230563,25.5953810510733,191.689504424768,575.744732045685,0,2069.49516792376,0
bedroom__176.png,4902.96821977639,2685.38923609051,37.0965284261955,2414.9914044739,1237.59378071007,394.359151212797,871.177245565286,273.895118834358,1239.62853454371,1152.60052013895,338.655951783034,2031.96564416307,516.259733887643,2954.54690359144,3289.44563123385,120.972287703733,1094.62909335835,1906.86578382765,12.0494549790779,219.782912673424,1100.63872659274,8.98113347501381,1195.50700295882,0
bedroom__177.png,5178.09140064779,2238.0117866619,105.327529931181,1998.07496288089,1147.92357523401,213.782979154192,1715.08873363849,319.195255367592,614.648498388366,655.989121815257,748.506241886155,2406.22538043914,272.455546540602,3601.11016395733,2951.04774200506,148.599963238021,446.585673738617,1808.32020309774,31.700271238948,172.893671510053,1900.64766698432,0,1325.77363164434,0
bedroom__178.png,5944.92637151096,1620.14838863482,108.909245953642,1320.41778375966,1126.42577650548,401.946267863475,1452.30285385472,317.278272212059,681.049973837645,747.238144552745,636.427023709337,2906.04806309437,408.370931668533,5135.99882940759,3078.1047109628,76.3674707046835,356.875857469003,2163.4192406544,25.8515295939048,87.0685519960223,660.522497633671,24.524914354796,719.777300065685,0
bedroom__179.png,4233.71995419384,2936.89484076864,120.862013694788,2378.89036407557,847.904772769544,339.702320774493,1498.77842483134,256.258231971287,836.061462505215,1107.23612986777,746.447592489945,1626.54273578286,521.49284137593,3092.34994495061,3462.98491906473,259.882285655561,679.135312324722,3613.84654817792,0,579.200390579499,0,0,861.808914145753,0
bedroom__18.png,4764.84284501714,2016.92159355435,88.6517343090849,1253.66047940649,1266.72821882867,678.625705685205,1416.21455048595,328.89636409746,969.117374858204,1580.60205449062,551.712561014221,3424.50301160149,643.323889817417,3499.8705605226,3245.98138249186,302.798613957,726.47177406882,1593.12079105415,38.5575668253877,768.808826845935,0,0,840.590101067942,0
bedroom__180.png,4302.49012069781,1281.8698260788,107.681712190862,1970.06181908527,643.194792708399,515.74487114117,1957.73059109759,395.278853518934,1035.61948752757,971.375196649699,719.14199321464,2189.49559460548,629.827922185429,4317.28986077191,2669.62187925671,160.402679525521,747.180933540589,2336.14588212844,8.11167075868296,387.115251040209,1145.69057314977,0,1508.92848912652,0
bedroom__181.png,5634.60846353816,2273.87292405141,64.9957609683105,1208.2619450226,1078.7613201678,349.108477696946,1531.15070037239,894.105561911627,1319.79138401612,1150.37237303507,631.460569983381,1693.00518214531,341.969789953049,2695.02814571971,4215.64733182134,110.700690675374,1074.61685088661,2357.45186335198,22.9360374033562,368.635960277105,0,0,983.518667002356,0
bedroom__182.png,4122.63408443764,1396.28645969294,83.9264170593616,2027.97228899306,1714.50462840481,627.040261005769,1464.66074141947,1142.95419718197,1444.45925400676,1282.32724143093,643.061415708157,2003.66883009824,829.070388650936,2553.26972236424,2425.27832337319,243.31350392074,729.998221581283,2045.40442791048,30.0217511472181,1030.88343234432,1370.2224865462,0,789.04192272228,0
bedroom__183.png,4159.52549839131,1011.98697020386,213.131551961874,2320.5506387758,1201.13549351829,651.447072990237,1665.15913895804,819.222936621063,1366.59354647882,985.858743799831,905.523130643051,1862.10105346583,531.000838071696,3691.35445101952,2802.8470941065,311.702960235404,707.339777145643,3103.87968099674,12.4216255300296,612.891291017532,0,13.7805562378875,1050.54594983104,0
bedroom__184.png,5451.73585548387,1903.31392845361,138.17488995469,1871.64921192442,793.079847039353,399.479383092133,1109.34418817169,390.057753393095,937.265250704366,696.69555523695,1656.23174305734,2391.66467234326,643.9279240771,3494.89430617988,4237.83891112198,226.647265105973,435.053444817494,1895.57689278357,0,291.012623120363,0,0,1036.35635393887,0
bedroom__185.png,3662.47026616814,1546.47152167317,60.7363333982036,3225.63480320476,843.640217782542,447.622419757531,1255.36239347881,330.536839816248,1116.94312276216,1101.27884710467,452.777149622555,2039.58663402747,539.367969190381,3790.13967158605,2047.65046609104,189.31802578276,1441.19337028433,3247.1222530182,26.5676950704778,314.463872891896,1040.3387709454,0,1280.77735634321,0
bedroom__186.png,4672.71997250228,1660.67556496708,232.380450236523,2167.97167790782,1689.76236909689,821.733994596017,1181.5721422669,282.200436283606,1639.84715688454,992.144665278815,458.843507079997,2919.09813772064,805.946768850034,3787.47047469277,2008.48499731453,158.66104967934,520.879642526494,1105.24075341963,20.9837235148119,377.508901020966,1273.21450982812,0,1222.6591043322,0
bedroom__187.png,4034.40236879397,1361.57101007727,140.579011355477,1820.71847880001,905.169692837832,566.53750606019,1737.14267860815,576.874762581904,1240.89919265257,1438.36586573504,1509.52049486365,2571.44589960013,761.83185117093,2800.44803867951,3272.83348833187,167.135357429032,943.60684831133,1522.08181652817,30.1852770651211,458.916056370778,685.623085471602,10.2181223977457,1443.89309627772,0
bedroom__188.png,4074.1693503764,1510.41985228375,181.814476345293,1245.96615803101,2202.89856443141,279.121445846512,1522.04650747504,273.899637804453,1813.3842193711,2148.24783804135,1102.02914362952,2433.04670422165,726.643139456351,2191.48948342754,2237.47667383182,266.180770106036,884.35935824613,2227.44161219527,16.7462365138123,278.224158579897,827.714868188348,0,1556.67980159729,0
bedroom__189.png,4239.58041722694,2570.13297939755,135.73345944111,2083.69165925019,911.469841674598,309.570510635668,1883.97470986847,557.946642909425,1058.56569230839,1039.7771620646,820.323381507563,2554.22018663673,598.869273833549,2638.38305062008,3405.1305429334,142.690388891778,693.355956776428,1975.35540490391,11.4163888644679,892.6044424124,561.424203140792,0,915.783704701956,0
bedroom__19.png,3707.38019154384,1736.98624900499,167.901597079634,1859.91532371736,1353.54580053542,504.256951786816,2285.01722533612,341.870443447744,1503.16727447906,1463.35306600385,974.895353003438,2668.53466757705,477.996821581401,3086.9458167786,2516.63859343154,188.881305452573,793.279331481266,2639.5009156459,17.4560663648592,642.159336324502,0,0,1070.31766942405,0
bedroom__190.png,3984.01321537273,1692.06874125459,198.658770019187,2592.00206084133,1326.80621736402,214.215118493522,1740.93856493096,383.577015794929,670.691200142531,829.54945584681,256.947229529698,1714.2008260288,521.107566186861,4240.93044091652,3517.07158834969,253.880713603707,305.179421865998,3685.16249696628,78.5084232176019,538.964953056384,0,0,1255.52598021787,0
bedroom__191.png,3819.39240319684,738.09543050539,240.234950459241,1630.22421443403,1339.61110711684,761.558050241177,2082.33366342711,836.986906314178,1977.81237376621,1237.55626821775,1001.92878476791,2268.20244883535,908.059998695089,2624.99523223074,1745.60539337146,299.893570896649,816.756532106537,2507.6728153059,22.5398811325312,1149.34578414957,498.913968020668,0,1492.28022280883,0
bedroom__192.png,4122.94019815283,2129.6925455426,206.689518027962,1049.93685510977,853.419962561622,314.512092918991,2139.06310641036,346.025914666775,1124.13939701014,1705.1588920397,1138.52335828808,2672.45750613891,691.109862637873,2637.23205825319,2203.53858720382,282.313615220606,577.679632047844,1405.32666386233,9.47747042886259,1069.58888220767,2073.33623483784,0,1247.83764643222,0
bedroom__193.png,4940.22933842492,1435.0851439413,213.296026435857,1970.97582346792,989.965265716066,645.922550236318,1285.05925897122,716.134503881495,1253.59225847919,1246.16915775857,1497.37851253407,3141.78064004759,397.918044113214,3418.03790165949,3263.74544818405,159.64837726416,683.817375169851,1481.66307661699,0,366.708402289583,0,0,892.872894808143,0
bedroom__194.png,5576.62931670711,1179.12452659905,95.6622293569281,1946.12026605593,1094.05842883928,203.912447199246,1338.10151445659,89.6994039216301,780.418476169626,638.903956042352,491.374924997705,1147.16176768998,328.486008668358,4825.3999808551,2375.50322221989,138.105342727394,637.817529751988,2686.61619823867,13.5116366504618,726.211410642825,2710.72565912565,20.1419586918068,956.313794392428,0
bedroom__195.png,4630.25572781553,2880.70679225066,50.5890981418226,2460.7983402913,1082.54775248638,298.317656883405,1463.87528350053,194.801592470232,856.592058336455,881.467865612753,762.787130944436,1280.70552679214,451.082326954461,2906.82214107654,832.168287783901,112.52045582542,1283.38559436379,3839.92498786429,0,298.693144620965,2841.70238419799,0,590.255851786994,0
bedroom__196.png,5084.57801623703,1719.03382725653,227.868818090102,1592.11483047864,1177.97860420005,487.212305465496,1334.1420632606,244.484947720401,1080.96487022822,1145.85340857705,1046.42004533185,2752.72228007237,641.579395516137,3275.84861013044,3232.11076588094,201.732285930535,920.612678069297,2219.12096026287,0,611.262296204348,0,0,1004.35899108708,0
bedroom__197.png,3538.05821415621,2209.09927417613,119.321104049589,1097.51425744898,1348.34686762024,601.769079283539,2487.30136012562,502.516231569154,1282.23818201467,1527.87626070816,969.746965305111,2852.05025775027,917.181561431008,2597.920199526,2657.7107436499,387.324746820867,770.966925075115,2486.91063325203,44.7435993091595,595.907449040943,0,0,1005.49608768731,0
bedroom__198.png,4346.31092702119,1472.28701007108,202.31206919852,1583.12177742137,1156.81235492676,720.611504787852,1663.88943872576,282.588470204164,1878.39603481342,1367.8098568623,1354.89054325079,4100.02263054935,880.976384756583,3617.98096551607,1431.14494982768,129.837701040176,458.644476715619,1098.62785836691,28.0539141726192,417.769370580402,568.884952456275,0,1239.02680873512,0
bedroom__199.png,3599.08260417452,323.332003690571,136.432057004166,1977.58322990219,1793.2518794652,484.602324701581,2094.52546990192,569.977441553442,941.88103008445,1328.99151204013,642.062610606269,2451.15287298266,789.141586640259,3558.84211105887,3188.95911852799,196.904216527788,1666.37590550175,1563.33486559008,13.7713808131951,638.297241117367,1233.63773110907,0,807.860807006529,0
bedroom__2.png,4189.08162669315,1416.096809696,25.1105557591975,1851.77555251962,1326.07435915811,178.455675332091,2074.77909782804,475.770205772,1351.42437056687,1170.13122642554,827.836572391195,1182.89609512107,463.115492547862,2817.23872419662,4147.37569417646,232.371660442314,1172.99854649289,1970.03521015468,18.7453435434693,955.329303273963,1144.70239888962,0,1008.65547901923,0
bedroom__20.png,3987.05142149226,1565.46783838521,154.954403292874,1399.46479529717,1085.03894763232,435.862004917723,2227.40320562692,326.488088669797,961.017070823844,1510.38986025225,1069.36346566568,2649.49698056461,769.598275280728,3021.17520882317,1835.59145058074,56.4999543038242,1156.71391632411,2938.51893021259,49.5924877468512,482.366714733734,0,0,1293.38581976598,1024.55915960763
bedroom__200.png,5954.13067793611,1390.04828563937,137.145617145796,2070.75969671975,1916.91419084193,382.139607126163,1228.68568111181,454.882299303431,914.975467328423,290.713958624036,381.574109003761,1712.37374679165,255.147877319659,2936.66703638,4961.26252241265,186.141530847546,807.623119155896,944.599888067123,14.4205774410876,627.726188699558,947.503151128196,0,1484.56477097605,0
bedroom__201.png,4304.15515370681,1057.93346353257,104.064437886292,2111.33068233067,2142.6825607879,455.230821159586,1555.57425692116,491.864186763107,1156.94260032923,1200.55871760401,494.352832177092,3162.73742254952,604.520141432766,3659.13155612929,2327.16252015227,223.86104800458,654.467842043986,1091.52566915078,0,454.728993367962,1702.33652877233,0,1044.8385651981,0
bedroom__202.png,3739.18661378247,1893.95743427074,174.193299577566,2503.82548360247,1939.58804520496,347.499646419813,1324.50899270534,618.933325452894,1531.36473326303,1317.67714493542,460.411646359182,3074.67306182326,772.532392978463,2569.55024227933,2244.74642866941,330.620381132291,951.547662202903,2005.5582094891,11.6489908635393,937.987118198362,621.964620757815,0,628.024526031622,0
bedroom__203.png,6508.74771665686,1376.35244748436,58.152548041806,1700.85775488602,924.543373770305,415.158087198224,766.05179959482,152.381091815023,870.905718676726,525.102308236563,472.79432531313,1675.29649426533,365.169737877736,5739.56245482647,2451.75835438547,108.566180009242,244.700575702633,4528.72879743244,25.5045027387685,212.082981172057,0,0,877.582749916021,0
bedroom__204.png,5344.74729745775,1746.67227815434,120.09445780902,1753.09334772055,1589.14383397122,472.079460651642,1092.28306639898,712.737040281233,1128.02713480659,1179.97954362203,697.278978943263,2308.51144738943,449.905201123279,2029.06088793687,3838.54167729274,172.978750769853,632.668367394983,1077.18520073937,7.01279290755418,571.901350929882,1055.56062131122,0,2020.53726238821,0
bedroom__205.png,4396.870460539,1744.73613818146,130.789040653452,2258.2484457049,1090.26591383229,576.335718495357,1319.90303458637,283.594938404615,1315.29766997483,1067.88121566378,789.057584787845,2665.84887831782,748.248137439303,3752.35893890922,3282.62839767793,186.529261631764,1173.65761709091,2029.10029488061,22.3194444348815,417.826240407906,0,0,748.502628385751,0
bedroom__206.png,4593.99276281378,1736.58416648604,120.790195167685,1979.3427993381,2005.85384521465,626.097070249876,1131.32542104009,435.881827204412,1256.76495349999,1228.9546942579,576.872057497543,2743.8525757343,830.263685509459,2946.56478424006,2974.95818444215,225.719812169153,691.284918153435,1601.44418715556,10.4008248715223,443.370098342257,676.092833750442,0,1163.5883028616,0
bedroom__207.png,4377.86478121524,1442.86983365813,136.581972621738,2455.01548348038,1093.83661867242,417.503670325927,1472.07048939811,908.116629074495,1217.28182788301,992.446432719509,650.873300825244,2628.95029875725,563.163731051273,3479.03161072411,2310.96044473323,128.461007428857,553.564620715356,2311.19582203219,10.9780747066253,756.900981256156,977.525963646664,0,1114.80640507408,0
bedroom__208.png,3232.94835251209,2742.68626939988,110.163386165046,2255.69910200732,926.291636838508,235.518554479743,2085.818175046,295.531886950258,1139.16825756914,1595.43093427776,370.067899409459,2105.74521077745,665.433607909528,3738.85629879694,3065.00216233815,137.343874006513,983.272119260625,1141.17162075542,27.3259542407889,229.641642498042,2203.23080791505,0,713.652246846282,0
bedroom__209.png,4687.74005083561,2209.01600978948,77.1143710264065,1533.0803978725,609.050224417636,516.493597581103,1643.16251346633,672.046362495479,1179.75850625656,1288.89637287298,587.075905593295,2639.0121039696,577.019951496734,3930.02238299415,1403.37989071746,244.182643789851,528.170113506886,2456.52015727777,25.9180696659889,502.924349376849,1727.7213731711,0,961.694651826223,0
bedroom__21.png,3977.81283449596,1642.79125338666,233.902060288486,1891.93635977641,839.990099847562,415.798556319419,1759.58718914939,326.704460727472,1902.05502281451,1212.35895159191,1173.76470367094,2588.67983006814,863.558095486358,3178.99680162875,3453.76547956453,276.226579273839,792.969943554956,1405.79905094491,18.5199902261426,990.226170313418,0,0,1054.55656687024,0
bedroom__210.png,5081.34818373551,883.879601504942,148.084854254454,1499.68283580563,540.808994052151,378.070886734569,1908.49819542962,521.406659552311,687.103967519723,1014.14168020426,988.700615463576,2012.342035309,441.60308230602,3933.86113036118,2483.59645311432,40.1470566126753,1057.60717210989,2321.19991126217,14.5789659062939,384.334047519507,1969.60189180576,0,1689.40177943644,0
bedroom__211.png,3708.72987464497,2291.14343815641,135.314645941252,2150.84309395715,745.554211978888,190.512835432129,2106.77466919625,670.227939954254,1153.36336929576,1167.19547223525,453.898723033326,1488.53858248117,692.73781108473,3527.64883966006,1817.95566618929,173.719078881643,782.523345327208,5214.31490066039,0,851.848253994913,0,0,677.155247894947,0
bedroom__212.png,3439.13814767474,1047.90442307691,143.144516977718,2016.96960664626,1792.41310017861,474.531257771722,1639.9874860817,568.7528307038,1298.68755177433,1796.23506987554,1121.3209413532,2607.66556015951,786.923431389165,3121.91940551942,2689.03990245046,303.203966812949,878.013925097838,2342.05994109124,17.5422915196482,766.907283055801,444.871269775011,0,702.768091014408,0
bedroom__213.png,4960.60571390418,1676.30517980679,70.8321440652465,1864.78789632461,1082.94239627736,237.93672044409,1685.44037866536,582.209890264149,1133.39551483836,836.700768675924,330.99031845256,2239.44923125655,463.989003925162,3279.76612314538,3708.14479506947,162.882817525157,691.264622081296,2047.90516721741,25.5934209796118,348.107789797133,562.336427108889,0,2008.41368017533,0
bedroom__214.png,4551.29033155805,1840.38638484713,138.557764783196,2114.70911885606,1221.76260072656,297.459420965588,1677.7307880866,257.295165957048,1362.61714014351,925.171457534264,394.861300317753,2461.60983864901,473.752486046284,4436.60662266314,3130.2356825356,250.275010569024,713.395655931442,2609.5201529231,7.07080734971757,125.272311126378,0,0,1010.41995843055,0
bedroom__215.png,4980.28728072853,3599.11580611837,112.433172503893,1609.16238990434,722.775079807433,361.850230955966,1468.40035922944,453.526141044599,1129.64269791728,1105.28629987952,576.024932274112,2950.69023296895,554.443967579973,3030.08490595497,2120.03247738346,270.560856987747,733.965310146158,2210.89104368146,11.8588456904545,404.716447605931,1114.46014458898,0,479.791377048419,0
bedroom__216.png,4045.43849451814,2921.23710374904,77.9390437127528,1500.33096432271,609.506920772742,137.687230037399,2255.13894401214,391.783431165883,1186.39371951899,1342.55199775333,618.380335064181,3116.85826243865,617.030038920982,3214.09993967438,2904.13168765379,224.749886767345,1166.11677320155,2576.99005663841,14.7596737053577,280.523600233254,0,0,798.351896138979,0
bedroom__217.png,3660.64057360973,1739.80186121273,148.566207901454,1161.51829638372,984.849952263973,526.547470678268,2093.21473180494,1251.38054541825,1342.49714533616,1484.57534691448,1343.50232296797,2383.56732055142,1402.63035916922,2349.33825226697,2869.57763723589,156.353127772218,669.136404855509,1953.97305007307,41.0675643456924,885.932046909507,775.271168223739,0,776.058614105085,0
bedroom__218.png,4861.69814293785,1532.13701115137,86.4104723493696,1582.35219873498,1453.82161874303,420.378494083456,1699.20917983761,636.453639618112,640.797480761018,1191.16647390434,256.388540088524,2042.01807855646,363.96305021429,3672.8833525084,3426.82418564461,251.73170985035,1162.52864166158,2036.26812898877,49.8792445205681,344.999037248843,1347.30315961632,0,940.788158980143,0
bedroom__219.png,4576.72911958909,2844.088351005,189.035634438396,807.056321820213,1421.66876548456,829.456802372161,1476.46820447872,447.84816169519,2514.34040548421,1731.80945460305,713.862039848899,3013.46194450591,1116.35144299498,1947.40691851441,1562.61536722513,278.896667895992,876.856302841213,823.220170552516,12.6887886179573,938.405860744479,0,0,809.863599866246,1067.86967542167
bedroom__22.png,2891.58348954184,1561.87512301471,68.758398776938,1101.5466429828,705.769163439782,620.987764829833,2039.69133448282,703.032193839326,1899.43235098735,2125.205705247,1506.70049452532,2559.823018038,1289.30748942567,2315.55051490018,3017.70542633468,501.123889698232,1023.54165861815,1833.29304103319,51.5414486216327,647.521232724291,0,0,1536.00961893825,0
bedroom__220.png,5208.31062389763,2376.83898267855,160.202145925894,1609.70028747408,1056.3749991999,521.865924771732,1606.81143767836,384.018466783947,1315.99774737908,939.545176240703,453.416693606051,2911.3475428071,436.802715855827,4002.7449195733,2546.16659822018,189.037806167951,649.21163288158,1627.005328496,9.79195268544766,403.773853162825,917.414712400014,0,673.620452113854,0
bedroom__221.png,5044.21927025822,3433.2437128627,174.055539024442,2452.86252900184,753.196868575642,271.186821214849,1078.54573104599,217.60136749882,1119.32621886134,704.241332038821,846.124381760025,2979.18956395594,426.665471931177,3185.02336307593,1847.16841989636,284.56535592045,445.148552628281,1568.75924046407,8.90030980351223,342.71853961355,2040.314196583,0,776.943213985046,0
bedroom__222.png,3109.04491509057,1103.84542996596,153.202273662636,2300.35606342597,1390.38996848117,349.186441685389,2367.95838370685,287.592157013026,1389.00720673105,1291.15577059524,513.401069869154,2544.86072080167,620.986152691336,3033.78940529865,2993.29084236725,285.619888695032,950.765260575135,2021.44766385211,24.8788257950146,570.692765776787,549.004850899903,0,2149.52394302012,0
bedroom__223.png,4801.4720440471,1399.08638127119,61.3684388450835,1888.56463404506,1698.51795775449,301.348589972488,1264.72240212465,1036.4471202002,1708.33139722056,1269.61178048486,431.876202808218,1952.24814907085,686.899447718243,2842.97332487751,2504.88453272665,88.7296915800906,978.13717456501,2588.02444917204,0,425.543195360675,883.794442992332,0,1187.41864316271,0
bedroom__224.png,4920.63846372848,2476.59173213888,214.335981992018,1869.85723565418,1781.97907772251,800.747747297105,1340.14118864583,446.740512373898,1067.49219041937,1195.65831471587,362.218328847593,3377.43998402419,522.805149258994,2738.56774068167,2805.80616041128,126.850557702267,445.707769934009,1052.07359272925,24.0490902943831,553.543121853534,682.104343126782,0,1194.65171644791,0
bedroom__225.png,4344.6012857837,853.090279030582,146.466356249736,1482.10080171397,1591.91671337265,502.232620067569,1985.9628026015,747.542847107597,1140.59290117985,1248.45861301899,801.210066641881,3368.38238595571,728.575223769695,3317.03238609692,2814.19795201376,200.567491595262,818.951957499612,1572.77982684478,9.73378151687788,634.79010060695,455.347957688605,0,1235.46564964381,0
bedroom__226.png,3195.31592621987,1264.01940604473,123.39954399672,2324.6554372864,1655.97836023182,307.592642034266,2401.96876344766,741.498334484157,1326.04298565974,1258.53763829426,863.370091307973,2121.27218031306,736.212298247721,2320.37109725802,1964.793959849,70.7964469564552,884.428039173093,2303.98284552996,12.5134895476389,622.28288205155,1852.91584261726,0,1648.05178944866,0
bedroom__227.png,4587.78713090264,2256.51240262356,123.463924790174,2322.41583619432,2004.73066083142,587.245224430288,1182.38816812182,426.005044487058,830.875586219733,978.326161795523,688.554699974635,1508.18757853054,749.504199002358,2758.7496188006,3956.47359461766,127.174200033767,1041.54489095967,2583.89079446579,45.3598965748497,365.163127718537,409.863296945811,7.04440737471768,458.739554604521,0
bedroom__228.png,5344.52681924383,1090.92666116416,124.126435343699,988.434117858196,1188.35959732644,292.155222703533,2293.72184762099,474.514757030271,1126.93002016973,704.024227337868,515.214286973113,2616.1298600458,504.516732910608,4928.72185178085,2482.91003932959,154.418257618507,530.517806862982,2822.27847160985,10.357997410004,180.392081892582,535.469950797797,0,1091.35295696961,0
bedroom__229.png,4414.31358488545,2115.76325529148,29.4150028554075,2359.66706304252,779.510751297433,236.509850847237,1280.66745476287,452.669782750988,797.686284215918,1460.49791153598,1064.41693287013,2834.88475976785,326.608721787523,3165.05552849183,3571.1512136293,158.245263985655,626.88881234252,1656.09830125015,0,328.002108263132,874.254587434142,0,1467.69282869248,0
bedroom__23.png,7278.85116379429,1696.86513193756,112.089909349313,1153.38852195151,1506.69047053334,814.045185400978,778.309360604178,372.889319574212,1567.07011109224,651.220048055201,1357.05432650117,1634.94418028136,114.877270774225,3485.2353561535,2665.03590849729,23.3536348206014,488.448263627376,2689.51733236594,0,246.693485075322,517.297373012875,0,846.123646597519,0
bedroom__230.png,5152.04729683615,1178.14081155998,86.9082351144884,393.638542621625,1388.10837780242,495.917953568654,1641.93002144589,265.582101275612,986.318265464228,1779.0450219955,713.247324523081,2600.97615449886,758.934749069938,3579.24140207434,2016.27707102989,237.39892497524,1002.30432144325,2551.66914463724,37.0054430556521,703.831003514527,1261.93317568664,0,1169.54465780678,0
bedroom__231.png,5600.54966694025,2036.17870285001,156.624908093172,1893.35570963887,1261.22888346263,416.070078111742,1034.78654907134,861.840215586494,1456.15702757727,737.601864011566,567.848247256783,3136.7940919069,549.658784612579,4257.54513660249,2126.57816094465,158.203496875331,410.416117231601,2223.36023359624,25.8439288500656,423.183870956632,484.415499770027,0,181.758826053357,0
bedroom__232.png,5446.51492820476,1755.3981446934,98.2897776772934,1231.39371682174,1726.54009329103,260.647566766465,1543.79967801387,396.6345666842,1370.85612615683,1231.65823301979,424.428541941073,1458.49951265133,415.504364990085,4226.36076531146,3621.23463257321,131.129078949756,408.26398277662,2320.93541028037,0,422.310157668992,869.536973894506,0,640.063747633222,0
bedroom__233.png,3881.39381224159,1550.6562284393,15.3328303637311,2851.25513091291,657.139426931477,191.081792155247,1850.41189793139,303.12521841705,901.752812691151,726.287856274951,813.242309670945,2041.94176859654,522.872717397643,3500.05263402378,2268.14739006532,150.296468863573,843.918138053398,3183.32029129666,17.48211637794,226.681835635665,1398.42311483135,0,2105.18420882838,0
bedroom__234.png,4784.54900849445,2700.86705981329,62.3096651218969,2050.0529297727,1276.55388084132,480.402948727859,1423.01020879861,417.024237743526,1451.5733725822,1035.85258510297,216.013116115458,3447.13356666867,480.048332564241,3366.98071041996,2574.80116581813,226.486935267037,560.762834641827,832.111867895539,0,422.598318088847,1151.6674131857,0,1039.19984233577,0
bedroom__235.png,4138.52196077222,1393.29567594514,106.480063120551,3035.90286476063,492.116905718141,318.689531936097,1180.46593625958,553.247122907629,1105.97129057993,974.952550510472,160.986353578814,1352.10067016948,411.354392112091,4923.02706285247,1793.63991288834,174.66033950246,764.531711436932,2378.25172470399,84.1419560825541,679.796237726812,2944.86680660161,0,1032.99892983406,0
bedroom__236.png,5659.0749965073,2545.32289100592,88.9009128789826,671.315299009035,768.363698454082,238.634433946748,1844.56072873732,672.197618214596,1673.86350287636,1193.34561063217,653.191786471589,1609.58510743504,522.988788783779,2567.33092181568,4146.39593994946,60.2095542271002,1366.17697841373,2242.6201029134,48.5050221032872,330.224023179743,0,0,1097.19208244466,0
bedroom__237.png,4346.90813309775,942.631698717978,159.642656668749,2133.74283377602,1906.34785951177,404.458062276574,958.241112157312,611.584555431242,1180.37859584975,986.728139669778,651.367460909829,1043.18618430044,1156.93118457717,2830.62925037201,3181.26874411621,364.737534638793,1284.96726040242,3298.44899863379,52.7110620831773,439.613221526578,732.616758154489,0,1332.85869312818,0
bedroom__238.png,4199.91004641082,2354.49201163819,225.338992059973,2237.95195003196,1199.45290877931,598.67211912417,1401.88527130076,568.651654951793,1382.33706657698,1175.19213524327,1075.10985699636,4377.64453524132,700.43996792441,2970.17741552461,1633.17319244882,284.620629088782,481.189003947038,852.610317511634,0,249.695900841688,930.223777037102,0,1101.23124732101,0
bedroom__239.png,5189.56653888476,1626.6067346726,81.0043202444295,2768.68535035009,1548.63474668636,206.7723853578,729.731219067594,336.199932336006,762.349519102133,732.598536550803,311.603835049102,1582.53316766952,432.091254382134,3719.36555268462,3657.3289002338,120.283765079501,420.479754554498,2251.14230406648,27.0433356851133,210.776956354027,1458.86940332584,0,1826.33248766278,0
bedroom__24.png,4900.14736324763,1619.79961734173,182.830565239263,1390.84275121996,1100.19627215808,663.226947490239,1371.08528480601,215.227450089154,1913.86031700961,1400.48126517615,577.821279085215,2080.34832415029,725.634505358811,2058.85847894833,2980.98235993267,183.985416044272,1615.09064788112,2178.75148617792,27.8234141471693,1131.26927962689,0,0,1681.73697486948,0
bedroom__240.png,5679.3677647346,1689.65684874055,60.5976720514206,1812.75334769337,760.477772751089,242.920188103841,1326.04033244587,410.302243464312,1084.87900424858,470.561298578142,350.249361459442,1381.07145477121,632.846008814133,5372.02954973668,3162.25498353914,61.565333904501,542.271502209818,850.800164239613,16.8659138293878,457.650800819624,3217.47653304621,0,417.361920818485,0
bedroom__241.png,4529.38176601426,2603.86052079366,78.8671596933147,1758.67933980612,957.478204990006,326.129840937994,1761.71478761064,630.931358077828,1651.23072431679,1140.40843431957,1238.36083911244,1803.97901742979,536.158173839173,2494.9891352838,3861.85905768802,240.969580058374,656.046471121292,2277.93419993409,24.6784093121542,314.982291555042,0,8.00950903970785,1103.35117906592,0
bedroom__242.png,3864.63736527276,1255.29173140921,206.39012812794,2620.33987202002,882.298191087699,477.336304935501,1599.93578747706,822.950177576107,1732.32116286367,844.016536402793,676.60022393539,2176.62154020717,612.605170930023,4129.64609524715,2101.05399559747,440.247432533636,381.304462243764,933.28077749037,18.21783536371,552.84766726151,1439.32408144139,0,1299.06145123916,933.672009336481
bedroom__243.png,4631.72410575952,1125.99039321237,212.442217262625,1575.89346621614,1401.35859565494,821.221389280003,1709.58555366087,335.119391982969,2339.09961371305,1351.79579678658,859.608964829969,3070.49127334245,418.704928600226,3500.64959890088,2523.66551302126,285.968316262301,939.047048116112,1033.07999338061,26.3278327143668,583.148940612919,0,0,1255.07706668984,0
bedroom__244.png,6135.6001279707,1746.89212968636,198.88704967229,1436.88773558006,944.650664801257,930.85274510951,1036.88581746365,455.174216385509,1594.0812112105,714.048343934781,264.560347832875,2161.61048533052,526.155898396614,4659.09284233826,2186.93863471405,126.805370343569,796.29266629177,1756.56506826769,23.6167063106217,256.714533573762,1171.06480569544,0,876.6225990902,0
bedroom__245.png,5520.46551898851,2511.28064606007,44.9793254621932,905.54582599805,706.185545298119,346.400047188025,1923.07199308052,278.70872322764,1102.26949560529,989.47270238064,678.992949410024,2925.84328458951,451.954006863637,4025.46332515485,2014.51599535233,175.554657173597,262.814556942855,3565.99185180265,33.9352955150546,320.428022055988,0,0,1216.12623185046,0
bedroom__246.png,4084.41510688529,2030.52252833891,169.737549800443,1611.19560486006,1329.19133785031,537.591518404252,1430.14779108982,594.239859130708,1519.14576029855,1388.15359916946,559.242542507927,2452.7432864557,1044.29252021806,3478.32004759109,2726.30620280431,403.687234133206,563.564768352595,2594.47568223674,20.5282149853458,433.280776759269,0,17.5799286587462,1011.63813946919,0
bedroom__247.png,5091.9803235961,1494.14088380029,200.048452188416,2218.86499149102,972.753447960252,897.29825953845,613.234886188507,291.2059786906,1719.12064383792,1174.27703280376,1079.2990839529,2065.28126179051,613.491082994275,3781.54235994953,2826.79271101207,258.069168519075,821.178266714598,1638.31231786181,30.0825144072566,689.443110590545,653.146353770825,0,870.436868341293,0
bedroom__248.png,5326.27046852256,1991.61892304299,91.6111677419186,1784.92387035996,1320.54326578783,420.837038896992,1254.01430237246,378.096217897994,875.181582374429,925.619550653749,909.915863973457,2194.53369332567,581.886426372781,3746.67762217033,2948.1660436785,117.174089311108,597.985105680407,2642.95104197569,10.1112924073731,392.750596254163,826.719432006793,0,662.412405192828,0
bedroom__249.png,5937.82561043528,1556.48864697619,178.39403955382,970.399907052163,1352.19904343675,723.148322685784,1655.08879003961,795.396365133241,1141.8725073067,815.183132815782,496.845000857608,2749.90878915013,380.096482315845,3475.89259295145,1755.35576368043,214.409125818636,731.051930665381,3451.32057762313,26.9969515226826,574.524981070342,0,0,1017.60143890905,0
bedroom__25.png,3732.03128894761,2429.04917082576,103.866109246878,2715.44726433182,871.270694975116,278.877844714161,1569.65312350332,237.884813475687,824.107405572543,1280.12108384518,586.327939066446,1915.69902592624,602.300670575414,3500.33350806347,2618.47566870683,61.1942449501911,1058.35355028946,1247.12458910874,39.2523238464784,538.604667872473,3011.8493567246,0,778.175655431586,0
bedroom__250.png,3032.49554178265,1674.54892603918,167.389744657172,1799.15137250895,1497.78756910684,350.338043245021,2797.44212650014,470.85178861169,1350.66807507067,1531.65997300101,1012.87402219465,2269.85104163218,531.019363068392,3664.99193883065,2902.31724773131,274.040731265878,537.22484589901,2337.5555078796,34.1908918729835,230.337262033087,621.880339784049,0,911.383647284883,0
bedroom__251.png,5367.89611045914,1218.5719442233,133.03765381455,1728.53379796181,680.116338596072,319.725516619174,1290.16022192425,247.06991205663,954.762972803597,969.827713714865,282.038839505884,2667.94513085584,527.20237222006,6111.75492406127,2372.98201588234,93.7167998260504,503.185188433967,3036.76555888782,22.6629838938252,214.196894753774,514.781151136681,0,743.0659583691,0
bedroom__252.png,4601.93896633963,1889.60732181969,180.693244347175,2325.56696675233,1403.49460229888,139.483964496941,1283.84732910165,335.648406681821,980.484484767698,1373.30967664125,806.487535729611,2406.18774625446,214.029699009761,2129.25455403146,3857.48102879928,201.307362155376,1190.70052335382,0,0,311.844998218299,2435.66953133445,0,1932.96205786642,0
bedroom__253.png,5776.6488765827,2919.83121258915,211.299563600968,1786.34501490478,823.833079511039,435.78643284744,1094.37472107136,834.967629553374,1199.46350537061,732.638712393427,669.929651724674,2734.35302326265,533.870682657816,2968.61163994395,3118.67803142358,52.5580758558567,435.221959524263,1491.12552701363,23.5639165340572,738.324585442049,809.293916481116,0,609.280241711493,0
bedroom__254.png,3877.04513706322,2661.52928869666,132.944696655356,2129.75605026089,768.125092502982,305.262698740561,2018.96182996174,279.022325948665,1026.70928709766,1152.49696798383,1536.27796027179,2676.13507725044,699.432817314894,2194.67106698841,2909.6434386806,95.4688357861372,1369.55362362521,2181.41034135539,26.838361629284,459.164818344718,767.894460219998,0,731.655823621565,0
bedroom__255.png,5763.34628385899,1481.15544025126,217.681873417432,1779.84644388708,1633.06701905784,422.291090037492,749.119641649667,338.620936960237,1115.22118102612,945.682205930618,445.678369669243,2031.80606359085,658.548943873045,3103.40212118582,3396.52011177705,80.8930347219915,678.349583254526,2285.26543319959,22.5634460786047,655.199067574767,531.214246951463,0,1664.5274620463,0
bedroom__256.png,5193.37697729471,1415.3770197876,186.679211525902,1236.57944302413,641.352711171239,585.033616090164,1794.61667206981,180.709762978099,1431.36834049897,900.643169848085,853.465706623128,2577.62096830571,661.386716384281,4502.87784314539,2456.23111276256,174.654945708021,655.295971061777,2215.15532784366,38.7420756709648,257.628631348591,547.911422973032,0,1493.29235388417,0
bedroom__257.png,4429.99568396958,1702.24082322575,114.185009104713,1133.91149043681,1030.45808925384,628.399265307858,1909.23442578893,377.983781653667,1369.33090414425,1411.48931342154,609.692817949363,1655.95935146197,836.368622538775,3247.17678302236,2435.99221795437,279.000463844364,818.79085250056,2699.64655382113,0,888.1070881422,1096.48669820571,0,1325.54976425226,0
bedroom__258.png,4368.43588086443,1337.53004282348,58.2160585667831,2010.81886527599,1596.19647712574,358.332020506753,1542.55982765356,427.431092974659,728.735889292214,1067.63851320044,753.840379126123,2569.12206012529,790.242881752455,3196.0652508931,3222.51980983163,202.128938005705,597.345302733332,3063.07416167734,18.1750932474148,816.871147002143,0,0,1274.72030732142,0
bedroom__259.png,3363.16785232946,3492.09764199421,277.665015880577,2878.39887817434,548.197363554905,383.823553960762,1288.89535960324,465.950009901282,1022.86886221931,1237.77382591193,430.984818458818,1869.1059676363,969.715899940156,3189.41298248456,3233.28636212216,262.048184040869,953.342659798172,3213.2502381809,0,515.406724060217,0,0,404.607799747832,0
bedroom__26.png,5441.84560264059,2424.15403376996,177.785535446998,832.299447271873,937.013097729122,744.307835990507,1111.08316071442,403.681241880728,2144.62575023428,1453.92805781272,814.759213641203,3329.81850870657,918.443456634237,2944.38121190863,1348.94570298629,227.12139367159,653.513061054253,1624.90439145214,15.2788812545663,292.036354653561,629.612275183221,0,1530.46178536254,0
bedroom__260.png,4036.29268604005,1581.73346616994,178.02840531367,1862.58591862869,952.753265088381,402.842370007701,1837.4621988315,278.708148283551,1383.33918769927,1324.39019872022,916.907834139272,2433.62372998928,722.614458742183,3932.01040305777,4144.47716978631,154.556822938509,585.074093564377,230.987612252143,62.097716098842,334.580069495448,1226.70152495163,0,1418.23272020126,0
bedroom__261.png,5750.89185191024,2104.9510729102,95.3283748756941,1665.96328491011,846.376420356356,141.161063586114,1057.49862744169,706.301174734218,1044.47873142724,1016.34446980532,290.260291770845,2547.95616865557,443.987919722361,4209.91830988432,3374.70761558864,65.3138462102789,816.206916988907,1909.72315214759,0,368.513094545338,886.644893719158,0,657.472718809812,0
bedroom__262.png,4504.05082808651,2903.1945130685,141.905073338613,2714.92943115232,530.753657549498,202.020078441133,1432.98608861857,520.658959641829,1054.5583255119,747.391809077729,614.707443202368,1230.59831614148,467.057381028296,4173.74723465404,1344.54049406251,109.711927904271,288.872951723238,2200.33948662492,23.8725341323047,227.648218968629,2845.30114951353,0,740.417021191901,980.737076365917
bedroom__263.png,4609.08554934864,2183.74828867186,120.815293627835,1703.47363770709,1048.47814827316,734.483568401554,1370.00023963306,728.369239818301,1325.33822241476,1459.34136594155,840.054725127107,1892.57001147898,513.55560360305,3075.06670247402,3657.2619470148,329.999582001369,512.831456604433,1712.82876397761,14.5440217652514,683.384229742554,556.702193084458,0,928.067209288564,0
bedroom__264.png,5215.7638026458,3046.91470379804,144.9623454727,1610.55030715756,1225.79222810234,258.421026381821,1463.33685753264,62.1788914654059,2240.13587943571,981.975244931998,408.750433425436,1403.75754509374,556.997125755509,2966.97771604832,1754.83924917667,148.957743833493,1082.60598337173,2345.68230423335,22.4189181430031,738.340433723311,0,0,468.439610065421,1852.20165020601
bedroom__265.png,3982.28793241594,2012.24640885056,150.931020823631,1696.28277853651,953.342986357185,958.977417058481,1810.06410917922,1073.2691728984,1934.21770864069,1368.25193666196,727.690655166879,2680.01844556497,880.484299665262,3194.29964448198,3438.51580582668,251.419797847546,751.137144715707,837.339602085545,11.2091456935571,364.376715782721,0,0,923.637271746567,0
bedroom__266.png,4731.63638940542,2005.13597966619,192.795282904139,1317.03876175385,731.101444066553,490.530819432113,1787.44491458553,323.201706926736,1784.80342306183,1233.53779628142,668.10072026131,3193.77867539743,702.960509314426,3721.49260809084,2894.20790004409,221.273095420031,885.175198514149,1443.88389916039,6.10853323932258,267.384791790226,0,0,1398.407550684,0
bedroom__267.png,3628.37917114468,1486.14359641798,0,1824.05788886475,590.945039625244,138.216706585018,2219.49147551863,657.343849719741,317.221095574804,1616.34030925418,766.457868268307,1848.03118482232,600.178566318355,4434.83735453415,3045.71544311895,111.552588899403,803.335640736786,1992.61905849898,0,321.389323924758,2658.19651139993,0,939.547326773033,0
bedroom__268.png,4474.18607549819,1347.46064820763,196.926694741255,1285.04757566762,1068.21605593724,485.452009214682,2213.27636528935,633.046549667092,1154.66326981061,982.450799411185,600.714504178374,3533.3392531979,726.536617435252,3865.18257485375,3140.2158863922,265.89951108568,989.931085464139,785.57748885746,52.6030556127216,531.264294876347,703.825397785891,0,964.18428681543,0
bedroom__269.png,5041.62580858507,848.850636643422,181.418287763562,1911.74197800549,1125.84754889853,251.224280861106,1327.20272537793,323.362554128732,626.78667470716,1031.62095170707,505.783033473731,2056.05086674174,568.711132827042,4880.86416619315,3052.77803933849,119.097403497398,901.328506383654,3042.43475021505,0,172.016533762617,789.307100372896,0,1241.94702051616,0
bedroom__27.png,5544.09338870012,1452.4015960651,211.316645900312,1012.23307565039,1335.10860612665,619.892755128028,1292.8972220465,447.942444363065,1185.49325943749,1377.85812451212,551.133625010234,3333.21924221934,657.063427855819,2824.97908274802,4127.2597166417,115.854761235053,375.283148986459,522.818380673129,0,801.964181376782,0,0,2211.18731532369,0
bedroom__270.png,5421.86409309956,2554.45974751367,66.5776791677433,1590.52565368257,1268.32823636706,597.369486540665,1345.8248668168,296.539238572069,918.03210739405,1030.57474407926,522.095585096984,2711.77746599207,519.771180716067,4204.45500236386,3964.46049950279,91.4394616057372,436.152172429443,1741.78276140268,0,288.701224311313,0,0,429.2687933456,0
bedroom__271.png,4098.54029202204,2812.86390476843,250.682267283295,2422.6113413288,1147.54561323256,432.782981752294,1433.5627011279,502.461103384455,1424.61197266013,1184.59179253347,505.616986671039,2518.24114188857,592.997922918186,3246.78397409561,3244.35082549021,232.360990816389,721.286446194543,2129.3308109255,35.3349592532091,582.152034047457,0,0,481.289937605903,0
bedroom__272.png,5385.47215495109,1225.14160740455,168.493074959276,1397.35358367589,1418.47611279877,678.116352491044,913.641326484334,370.416302390619,1388.8936867063,1070.25463475825,717.897865810668,3422.08885712588,930.728835972816,3049.14117884722,1917.48134865149,283.038531593703,1129.05578873028,1148.30136886717,19.5109325639237,634.467722065266,1276.62531119884,0,1455.40342195263,0
bedroom__273.png,4367.56152144116,903.259966353785,142.223292371874,2380.62652717684,2029.57826782927,567.032385249452,1736.74093365161,749.762082971963,940.840534005567,922.1799625026,764.65857010917,1909.1483720485,427.041573333674,2964.08869569315,3052.86718712185,155.193810068699,492.750761519927,1978.50737902111,10.6556718254262,243.953899400871,565.689490072289,0,1851.94775612186,843.691360109359
bedroom__274.png,4756.78627502868,2860.49365627901,178.936771544836,1448.90469083116,1327.77076814418,443.319826379307,1549.40894303421,387.526489355387,1551.1264689946,1380.02229678553,482.310708130198,3476.01362183763,713.158191226073,2947.56169050847,2140.21728087012,145.548475355101,1011.71487900775,2210.38603037351,6.17112773924484,273.917448848905,0,0,708.704359726097,0
bedroom__275.png,5255.06697429684,1479.54436090604,240.851684235059,1439.35540904523,1032.66541520408,663.679745089158,1552.57839579117,407.036728621679,1187.06190850661,1044.71966175049,706.498594572765,2203.59437608532,522.523629822604,3850.7264024151,3111.83334254721,165.567266755568,779.148906020088,2011.6866435704,20.1886625380953,514.635121091419,581.292299966228,0,1229.74447116883,0
bedroom__276.png,3986.02048642824,2571.97859870301,185.679830416782,2157.07862327024,781.917812486372,656.917421060002,1892.47505980682,486.504863523041,1150.20330011207,1054.1372658349,622.742653933923,2800.93672103108,639.733001014593,3278.62708558788,2827.43066319551,259.7217046109,745.575333871094,1931.06228621104,10.8338590343126,479.643121575907,447.76977797351,0,1033.01053031877,0
bedroom__277.png,5282.49578538808,1816.5597808103,237.874116853527,1525.45543121534,2012.16657583462,669.127429781954,1145.58315648303,400.726705258518,1530.49026000375,1311.30787652741,828.212810292773,2888.68650570434,474.912874528313,3099.54269592217,2788.94608351652,250.318018836455,797.176819425504,1884.87560413991,9.92685702136251,251.580706148191,0,0,794.033906307925,0
bedroom__278.png,4136.05611949333,2128.08318409663,92.345208426238,2077.96751482007,993.315949906288,538.795867696361,1964.48127473452,379.534996037347,1000.4988473935,1077.80489411695,730.765426263581,1939.25866967333,550.189009642714,3259.91976148165,2783.0526943267,193.501187192414,565.475110983766,1752.25490531625,0,597.815324581014,646.760372453789,0,1345.09024664972,1247.03343471383
bedroom__279.png,4408.55427382777,1502.68905468254,174.319440329091,1711.13855336437,1804.88884307211,599.213662736831,1246.4187629296,320.09838349634,1326.80606552423,1512.22711327924,611.420570898574,2938.72382533743,894.771713159939,3854.82643243625,2832.68500118821,195.302310013243,779.279169464864,1156.02332836243,31.5872734258397,399.872369698977,972.228676521783,0,726.925176250338,0
bedroom__28.png,4781.13962074536,2523.84649364764,109.410318846643,1919.50858416441,660.740500921256,145.530098474337,1272.6229068007,312.2429294033,822.011502485337,1448.19351900976,576.789776423782,697.453672754788,451.409987256797,4068.19853989406,4028.77463531749,127.125382022971,551.471310410099,2475.61375110228,0,716.042156152491,1721.20602101912,0,590.668293147369,0
bedroom__280.png,4887.8961459136,1639.47292962147,233.831008805701,1728.4593975697,1868.16864369736,480.501824745463,1485.82294537295,262.04904887172,1299.9151301967,1341.20235248321,466.314612095847,2846.61510520823,467.323530959827,3125.68875678678,3213.90181024205,89.2956277007203,454.022607858298,1925.23512080185,0,380.707859536612,0,0,1803.57554153191,0
bedroom__281.png,5319.58849627468,1073.25997353897,177.362506314157,1816.08794964352,2123.68963764532,669.643646787819,1506.19704647688,596.06810080952,1497.83599634465,602.129542500713,476.273747217524,1190.48911329058,527.684848327122,3315.33725166429,3276.98518497633,208.804201055078,808.60055356813,2623.622522631,19.5079157220136,367.291237191245,564.061029655462,0,1239.479498365,0
bedroom__282.png,5397.27247246657,1484.33102602205,162.742702421819,1641.98609548752,1985.23599879069,571.120993366972,1274.72471598681,293.354836498367,913.320391429116,707.048024860279,269.117241035712,2942.58842429972,728.108564544893,4220.42848395896,2625.37685023073,203.44743115596,415.349527176045,1799.34309109262,47.4126954979617,324.164919956452,985.507547159021,0,1008.01796656173,0
bedroom__283.png,3266.7671588906,1928.68922975214,179.014289739497,1749.07478297544,1143.36809048305,515.411156946394,2038.03231551676,339.942759355228,1522.40059408328,1910.12203951586,854.761395748866,2016.66276108294,827.719214598594,2689.51004048759,2807.45464558783,190.167240968088,939.05377984276,2240.9065955415,0,746.174891682575,718.149957018561,18.117247534662,1358.4998126478,0
bedroom__284.png,3965.06292975167,1671.83480056212,135.405048531259,1908.98998200481,1292.44885197688,484.474913948833,1577.58561416705,496.739508806067,1538.51455387714,1639.41672398568,454.992274656846,3483.05590064708,610.756381824805,3486.28998321505,3025.91433130984,250.496863678545,950.84843984309,1332.63525168585,40.0023762510306,234.644476949095,0,7.68912833640032,1412.20166399084,0
bedroom__285.png,3857.63227592732,1741.16576712458,181.26993296095,2051.75892973932,1171.73566066491,806.147994784369,1481.52129188288,636.472776114555,1289.2749837584,1370.15918181621,840.663616786078,2949.2397508025,904.142556017627,3491.76741719352,3672.66639656602,293.959090186487,963.210239101918,490.895015888682,40.8266744301609,423.499292162863,610.505925239075,0,731.485230851573,0
bedroom__286.png,5009.14641041251,1851.96798336666,77.770029443882,1691.16827522758,853.141259412806,575.714228927852,1701.1783522187,226.099614552001,1092.44954214091,1006.55652956964,534.415684256598,1520.99050338823,358.724184678147,3257.72274123756,3707.50208712776,211.677468315689,576.815487196919,2227.44022486324,21.5487795777224,352.541469157631,798.133384108127,0,2347.29576081983,0
bedroom__287.png,5106.38655191019,1603.77834084685,64.8419387591226,1442.33607346062,1323.18792761123,246.301051206912,1504.21575995756,433.469950392613,1361.64072044132,1275.13307085594,448.317881282375,2733.07677084233,470.624603581874,3004.05152571712,2877.10515697137,190.593509531384,652.948341357927,1918.52536507451,10.7104307024213,572.55238920602,798.50899670443,0,1961.69364358587,0
bedroom__288.png,3160.01841889922,1952.4463971004,212.136090564273,2041.83536617044,1540.86174339555,858.484304544701,1932.96264438449,605.991564913769,1508.16514740974,1209.84996535218,750.96445015975,3067.53364985316,1331.31032187015,2176.98575123879,2084.4689330604,282.280935371638,1227.85563760392,1214.23830492781,41.7423479518871,687.569478640423,1054.97356963993,0,1057.32497694741,0
bedroom__289.png,3922.43075655382,1732.13279948633,86.5376289565544,1844.48331047279,1540.92294407818,656.576448917645,1627.7290324726,412.746678130213,1488.49977568359,1745.93870288275,927.553758523066,2672.26456655936,562.11759506014,3372.88927948102,3029.60302767679,269.495069917468,479.438161186781,2066.51855220606,27.8055326404404,467.432386368066,0,0,1066.88399274634,0
bedroom__29.png,4873.587458078,2946.87760786108,81.6842709718094,1420.31913618481,853.190489793272,479.25174309632,2104.43459695202,666.90751403997,1449.99319049214,970.412423528557,357.940621015952,3081.23472430348,468.314986486894,3585.02423183656,2020.78773735639,146.433298885472,730.072910577602,2141.70904131621,16.4980998842515,204.032326013947,745.339292463647,0,655.954298861614,0
bedroom__290.png,4620.7858724134,2593.52356373253,104.839376674964,1185.82684321575,1216.4405713121,475.909942040377,2112.91066071798,263.969107172774,1214.16738834928,1063.35254671207,426.749970265197,3968.05287966566,774.479438240325,3704.32989629509,2588.95198202336,198.31529763581,734.167217343714,1260.871181347,44.3293410646694,364.162815259202,387.207249899362,0,696.656858619392,0
bedroom__291.png,4444.97150224745,1504.80246633809,307.962819592297,1214.88833174996,1127.85005607175,691.639810555249,1801.80970282915,532.700870515154,1483.01132224153,1516.01123529403,643.804677268378,3521.91009825554,787.890375999199,2887.69652918219,3194.2539310874,181.766560436732,1060.52552877231,801.222018267984,52.6622914434786,524.588606723869,0,0,1718.03126512825,0
bedroom__292.png,4876.99374879083,1208.32701027816,53.3404257306883,2453.13244855159,923.435550267681,418.964796984114,1357.11936194708,532.426824329378,609.99214683911,661.386858577649,539.514280991438,2322.06565258468,515.630687548082,4578.95977107518,2455.07830578081,102.604563083517,793.388890639338,4140.5586720806,33.1323315012489,568.368894522238,0,0,855.578777896592,0
bedroom__293.png,4443.60074634295,2069.80672613573,119.790495216363,1176.34296814621,817.281784881751,858.496628878125,1829.56696309386,487.246122703327,1505.94197434293,1305.61805076014,923.28500912209,3334.61004691548,988.485357258825,2952.18654985588,2698.55069102273,246.932085950661,1109.50173374611,1044.33532616816,9.45382844735135,687.535189775479,438.274837456211,0,953.15688377963,0
bedroom__294.png,4828.48596651484,867.660322930165,211.769947854279,1344.73830535482,1356.72873865934,483.051771085075,1808.98156275644,615.359684087513,1661.49320717266,1250.4530636278,933.533031911059,1814.52651503731,560.864652083072,3389.14075301511,2569.09489412317,206.476449663034,608.462832757945,2674.71119359628,0,352.019698968324,585.352471131217,0,1877.09493767055,0
bedroom__295.png,3709.2144611548,2007.25828215807,138.502956424489,1807.1979617927,1005.79747269106,568.501142448334,1692.33123159558,751.46527456585,2168.49273248732,1644.87863520101,891.443930956306,3907.89965310238,896.71524742287,2520.85263367092,3216.60351553748,236.988304513114,722.926591234357,0,12.6741583199263,688.157889189834,0,0,1412.0979255336,0
bedroom__296.png,4026.070923828,3135.68014236806,204.16496112149,1977.53180687613,610.783997447203,402.762174428984,1860.58975162129,512.205473154625,1353.606585106,1306.15407577983,721.560240559251,3075.75933444687,688.216765522889,3388.72672624398,2224.99743460147,118.89505608575,705.667323559705,2738.70951029518,22.541620286111,552.950899683841,0,0,372.425196983333,0
bedroom__297.png,3462.06913405734,1942.2332009001,124.93957941828,1782.30583931657,1334.1040878385,643.506543147873,2054.42343210227,423.057580691081,1590.15696371367,1466.03456564462,642.681013439268,3311.18647221762,994.506646732136,2884.71914397429,1782.57047533455,230.6819224224,1406.81002608452,1763.45175476583,9.97845972466226,393.913464204549,784.188211402178,0,972.481482867699,0
bedroom__298.png,3371.91583072702,1230.00280280872,181.665544320979,1420.61657975085,1407.43884997513,230.707528206649,2391.6020749089,436.527073564884,1384.67336140049,1543.81823037339,776.292173574664,1678.13517343363,991.328822512139,2984.99596599325,3513.79161953233,251.978813255428,704.539768393604,2147.57641087861,28.7396484722764,680.020087389323,863.450362227309,0,1780.18327830043,0
bedroom__299.png,4832.06843894025,1334.90441026189,171.520295002659,1720.48212912506,994.94303598072,699.06838092512,1540.48011152787,412.739354451549,1512.36687626092,1175.11006053006,1020.05360011628,3734.37756048017,577.415908748634,4201.83222416219,2407.26435763363,126.168670614939,701.016885056324,1475.4025296975,28.2746805131814,301.057993116888,0,0,1033.45249685415,0
bedroom__3.png,3290.49140716266,1296.61526817416,0,2835.93266062541,1932.1627858811,502.928449567883,1952.66067926292,213.700624445266,1938.57612912557,793.459964593959,703.010834944969,2008.40142480072,895.644419523154,3191.82506479906,2253.74028528678,154.862046487876,476.998055275296,1970.61525887585,76.9488223440121,897.915353382968,1325.73845234319,0,1287.77201309718,0
bedroom__30.png,4616.40563501032,1655.40741718434,154.837338641786,2312.56175494298,977.18699511349,496.541005085297,1406.80394452439,358.5350007289,1118.7218281129,1282.58318129418,293.802864317722,2714.73715180593,306.835718522384,4496.68219975569,2343.63298206724,74.8097657057426,705.745755769883,3171.52969428684,0,729.959705084798,0,0,782.680062045179,0
bedroom__31.png,6418.59440232589,1034.44197330161,98.9974199785888,1393.99627035284,554.550521222007,278.496955412624,918.012060946615,478.497436009265,1286.32103361399,732.756460268277,455.990280413777,2029.53042346155,391.446584809943,5489.60183574106,1548.31433259762,145.194221296434,565.984406016829,2175.78802081858,0,205.264368719381,2582.55181411704,0,1215.66917857607,0
bedroom__32.png,5277.84954621147,1985.42496027567,248.354135773971,1187.38567736916,660.53512382193,488.030492572009,1281.41060247486,480.875344900645,1343.40884124457,1046.88987309428,909.499233905248,2603.04726679206,881.574400987821,4368.36430994546,2463.53990251575,312.520374855116,697.839688317955,1548.19897507502,12.3695250072989,337.69217581092,1305.42038602662,0,559.76916302217,0
bedroom__33.png,3902.03762596714,2534.60696502615,107.64679520179,2607.99880610532,804.40446910645,592.266696571202,1408.1653030371,978.497201028196,1404.43999970675,1225.52460105368,833.766798286586,1939.64837748455,683.273693574892,1942.51286629057,4088.9432299096,161.417002263384,673.278123431264,1867.0549011261,11.582967998487,653.340468900753,0,0,1579.59310793003,0
bedroom__34.png,4075.27376710042,2245.39850173652,144.921946860646,2261.63764541024,986.275470327173,396.82971610725,1455.7202360522,552.635621439765,946.415485240433,1108.6230329437,544.086222072314,2004.37529901522,721.300454170102,3389.60883621741,3522.32403475655,377.444864323331,638.76331726004,1919.59819407001,0,321.235354964325,0,0,1321.99667598245,1065.53532394989
bedroom__35.png,5583.09319467977,1350.00634498122,99.6590361164339,1113.83825313895,862.372231915088,248.201117289562,1600.88682153233,1047.55918040492,1469.9044778576,1007.02386094938,489.125760152054,1234.27457771663,544.511567214952,3725.79429470829,1798.42586742256,128.587662547671,784.149535777883,1575.00434704342,22.0586399369474,1013.0418579164,3574.53057655378,0,727.950794144147,0
bedroom__36.png,3230.26171826154,1720.94299985391,90.5088643639146,2230.60942019946,1389.48384684529,442.32514826036,2132.78693334379,526.429861975217,1034.63482637084,1335.66434130861,438.135108926756,3022.64376384553,917.295311193632,3622.48417805025,3209.02340769733,153.382275692971,634.42624267389,2200.86398946203,0,636.990797951757,0,0,1031.10696372292,0
bedroom__37.png,4654.39275949148,1378.90773211057,140.178183888973,1750.43776600345,982.526573872043,645.82983183535,1726.45353652723,311.484131828259,1200.820653906,944.316089030709,1006.55882269109,2720.22969536025,789.516255779144,3690.39514170161,2438.04914491391,123.731808219758,729.010238980293,2339.79581021557,11.1517849482264,508.678816950376,515.09667987995,0,1392.43854186577,0
bedroom__38.png,5338.22442522176,1999.73467628496,199.118124723921,1262.73435555686,840.700040726463,628.831797022499,1625.88864120887,636.733518480383,1469.07617170137,814.396038456062,265.854677213489,2396.01126955119,693.785906233364,3732.79552284299,3862.95375011713,264.970633323091,727.714573434415,1444.0088868839,0,565.71595846508,0,0,1230.75103255222,0
bedroom__39.png,3388.56380605333,1151.91273647358,108.389089413607,3007.00506033037,1355.01710939684,554.595773555917,1509.06795013476,716.251412211061,1721.99269872642,1542.2709597598,500.167543991808,1991.79808760993,489.06916545812,2971.67876442819,2874.93280226818,64.023058263617,1152.82127831663,2140.44605100692,0,773.08268825695,607.845497419025,0,1379.06846692494,0
bedroom__4.png,3929.2958222973,291.368589045281,42.4847131891717,1414.69547200753,644.51693948804,51.2684250954887,2376.96834397058,527.888470114662,867.391326837244,1398.07597511653,1135.39232501476,1696.30188865828,688.930383274607,2536.58533558422,3924.54862022493,192.034003333454,1441.57187471496,1571.48790654751,0,1246.66899520961,1846.51711944738,0,2176.00747082846,0
bedroom__40.png,5056.08476235501,2982.0169419982,237.069412413009,1794.02079183486,1072.66647250592,542.737139922999,1245.82925665921,771.74088704781,1554.84581398709,1133.40744382978,902.259156290731,2806.90999108612,592.714648805624,3109.56363200398,2248.54204871684,155.14916976962,380.281443389541,1812.49705020154,22.7939267458875,303.119169673881,797.398543672404,0,478.352297089934,0
bedroom__41.png,4368.76883399594,3184.80447370768,146.544421180676,2490.26176355378,778.391353568676,188.937149119749,1302.10413534384,268.474032194976,1341.801929093,965.173305704791,839.222268216691,1858.04514795899,594.770601533355,3135.72336505723,3138.18429021296,242.096948645263,639.785122193595,2054.3704067704,36.8244112230232,482.969462095507,1272.11665566423,0,670.629922965641,0
bedroom__42.png,3954.82266612462,1273.02315576281,138.868494629861,2971.69656695433,2003.75929845572,237.443900150129,1684.05624718897,716.139060532712,1078.15888256987,971.676643273515,441.987673775186,1317.95007343145,320.248492364265,2802.00633318989,3189.06664907564,97.4993840942937,701.598736693824,3380.18230855383,0,417.769690707338,658.329691589223,0,1643.71605088252,0
bedroom__43.png,5780.68726394138,1444.0818558521,175.073046044677,1787.04960905969,1051.90707731043,259.140875046493,1088.81176378554,564.746500963209,1207.53148763759,972.496591776454,492.459457068315,2917.4611139953,318.766852693268,3176.73524419756,2632.11548730206,52.18791874367,738.675116735897,2102.62074082788,0,664.803447125401,706.057249145997,0,1866.59130074709,0
bedroom__44.png,5473.66988767035,1944.03489546469,228.103003266342,1269.10558065431,771.750990741577,841.886162433065,973.584203044061,417.912843407533,1549.27667702579,1339.98978839821,632.715452516212,3132.9216520413,684.805417844477,3110.18401223569,2059.40499322369,220.959874848855,858.45363081594,1354.08134637543,37.8852475397331,536.814634477263,834.326165634379,0,1728.1335403411,0
bedroom__45.png,5242.77620861257,2488.10746037753,86.1021406847931,1815.99041693354,801.161578279064,358.540859885909,1339.76580389047,333.141143724458,882.280766486876,1062.33379068491,267.804146951976,2126.04693287807,386.98795640181,4720.43232029526,2964.33566250478,152.145823476684,393.305237463422,2650.13766989805,0,222.237484722279,932.555967661523,0,773.810628186014,0
bedroom__46.png,4299.9302203136,1054.26029100581,155.809686818491,1487.84621942107,1916.53237787809,398.214903083858,1863.08214237735,99.323786583172,1870.11208827599,1469.10992297346,407.093679227534,3831.40755343678,650.637920420178,3801.07905799389,2318.07872312829,214.98029658625,995.854710368526,1426.37704525659,14.4132779080914,280.531517264168,0,0,1445.32457967881,0
bedroom__47.png,3873.14186389314,1412.28426718209,209.634324197663,1364.45705321105,546.088287380082,661.449962760328,1532.77368039953,844.431067665442,1864.50390201391,1782.12404677825,869.57381611742,3489.80108477244,1033.89801042809,4112.258738856,1075.28734553537,398.320611201677,941.294465257433,2135.29358915923,15.2847340882568,322.4923590495,564.02979156105,0,951.576998492037,0
bedroom__48.png,4363.28963290309,973.354975491952,161.541886354312,1622.15480864557,1375.77313311847,659.627650138656,1735.34935387654,561.217841883406,1726.92790960626,1319.4764311353,872.512373508508,2659.82091179931,725.754651785442,3342.68618974044,2769.76391331855,208.108567324642,665.114476940115,1403.45840904876,25.8665543294208,698.51894698262,618.85931973415,0,1510.82206233449,0
bedroom__49.png,4575.26410803431,1502.5692043562,259.892809932807,1516.16333374675,1367.61166345314,736.814174601642,1669.83978901244,473.75352293456,1946.84822302791,1029.03044618068,653.636481803169,3188.06349470628,942.872349375405,2923.61921379944,2673.43820868736,255.43050567796,568.628141381089,1194.94308904399,11.3994679724548,832.192258039619,0,0,1677.98951423279,0
bedroom__5.png,4541.91544316276,1242.17314309411,175.408796304948,1119.00902208785,845.64615733013,476.621515267037,2082.24866736582,802.341994691423,1735.81251044617,1477.22172527918,580.507470523639,2912.89096554024,481.458383786751,4068.53920693807,3129.66052313378,266.908511591155,1238.15915695426,1569.60568930782,31.238246726476,303.846487411859,0,0,918.786383056508,0
bedroom__50.png,4665.72825083053,1943.51568291824,63.7727043386695,2291.86796835169,459.448139841201,302.733738465939,1422.8016507884,341.4255587401,973.407618615513,835.879714907904,949.325969409427,2220.468953673,533.357697135535,4451.15773537605,2184.74620984794,250.364717985937,902.77582081958,2849.2324001186,0,379.83863321541,1405.63837494034,0,572.512459679983,0
bedroom__51.png,4198.18685070818,2848.6553350385,155.033351450492,1794.02827893695,1098.02125327515,221.514554063084,2033.66428682809,311.545686750385,1569.20193415977,1136.69098931713,312.629553772474,2178.99301904865,623.293137656392,2311.46670534706,2490.66800749927,165.881721306705,398.39625868682,3384.58913377874,48.2547352465534,590.010565066111,0,0,2129.2746420635,0
bedroom__52.png,5473.74991322925,3909.56873178747,90.4444462995716,1420.2883792146,447.690403872134,550.345222189134,1668.91826765202,333.157130587047,1837.31397453691,1068.36731306241,416.634153351307,1795.07545441526,263.665346210817,2270.18938231591,2721.51111934338,96.8906890249246,413.948438343625,1915.25834683552,8.12009160597416,361.269775894922,1090.05143638022,0,1847.54198384759,0
bedroom__53.png,4874.16869111031,885.478291068892,109.603835996755,1294.40188627372,758.565183865766,576.317885337711,1983.58215331564,604.313868445272,1141.08473674307,1074.54114051874,597.328452402875,2278.74513415201,522.247223965958,5268.76656674446,3292.35106844211,251.058904815629,478.002794220736,1820.22165826012,0,472.397042194637,781.67568106822,0,935.147801057358,0
bedroom__54.png,6233.42507033223,1588.92009860397,62.5200832280319,1378.00788277416,1147.18482662501,223.670830432742,1276.97683703891,259.465541798443,705.304573698217,508.689372098176,337.920261064254,1717.84435901537,535.742142512095,4239.47466730554,1632.2498052225,67.1586952444336,472.715339534516,3091.10574759633,0,193.909899313822,2567.30460080681,0,1760.40936575444,0
bedroom__55.png,5465.88230300986,3006.58252376853,202.688884116978,1143.50651983229,657.080287861201,353.963595713385,1658.22063544965,498.543508733262,1121.96003961515,1043.31542631976,549.686156370513,2823.8209377839,512.414009387179,3476.40137479547,2661.259476775,139.111581708796,525.092030187485,1855.26462438829,37.5495242924544,298.28631233183,981.0424416073,0,988.327805951714,0
bedroom__56.png,4310.38487234659,1393.4663283836,33.7150184718805,2401.79428930666,931.683625184764,368.987873595778,1486.0347465934,657.778560032443,915.744683523232,853.681182457742,649.668909779949,1844.09398630786,601.806869147341,3895.53745667438,3051.11995167998,318.427371757454,1032.03364588806,2402.634727513,27.8706683908112,383.712825492271,1383.70375890827,0,1056.11864856454,0
bedroom__57.png,4852.17694923603,924.915012864803,129.299598769069,1238.61639244147,998.70495102412,378.223806424944,1946.06352789448,722.681031288362,1265.10254693749,1193.98560896347,720.186964967317,1836.63221246672,539.986893912119,3725.02390998249,3647.94345765845,229.170627552434,543.286597022267,2312.44424167758,0,1034.07600769273,430.354136065755,0,1331.1255251579,0
bedroom__58.png,4542.65943022675,1841.40647727562,126.729936983141,761.074986278895,1151.16530508778,400.101031297877,2003.70548214809,244.187118705338,1225.24198042315,1536.3199914638,816.077720257606,3514.90633052049,762.99330488047,3362.55648122884,2715.90426766246,347.721074627096,1122.74164668105,1171.9489208257,45.5257303748963,604.415247112976,845.167532287173,0,857.450003650791,0
bedroom__59.png,4942.52118711693,1452.50463537383,66.1580015364444,902.493134169173,1673.15927932825,434.427731589045,2696.75016829955,586.87709032185,417.058014063017,957.782759240244,550.520766757061,2614.95125384544,259.830777634996,3986.05493878494,2688.31676517876,210.282146479922,961.624628776229,2773.24305736465,30.3398270591895,287.985470708361,1005.84517642264,0,501.273189949481,0
bedroom__6.png,5102.4274057012,1386.09380455563,126.222317981167,1711.51159565947,703.938021562831,406.172669578027,1182.57017183154,590.985215308705,1220.02669740054,1371.4757181887,1045.18553359881,2553.68126505114,407.824349342915,3613.09524085271,3787.83524967275,212.581909675412,854.022856582394,1470.17603937046,11.6088496007746,605.95695356528,435.885760945914,0,1200.72237397364,0
bedroom__60.png,5226.94299004722,2179.46505510956,188.604799820649,1676.08625671049,1013.08862977842,427.671960212049,1127.67229324416,397.990869996729,1733.24796950059,1147.88205678156,429.158430756936,2323.35978553286,630.905128102718,3951.95861274143,3031.70665788561,167.998920666421,1077.30279101493,2295.40882704824,22.5123544474215,297.775354947827,0,0,653.260255654169,0
bedroom__61.png,5068.76820935966,2270.92420737126,126.852002213913,1316.98938047463,1203.35151524193,769.839879487119,1399.39187726207,670.393550983037,1486.25670110169,1081.04796640286,1374.68952384019,2938.07010337636,799.888481210826,2168.89996008361,3182.27349076637,323.53401213226,1401.84384373076,1496.70782305454,10.3800731576913,424.130596066574,0,0,485.766802682632,0
bedroom__62.png,5215.85161580789,1212.29194737436,166.748858573791,1912.34288555893,670.903122781604,601.260620308742,1060.7377609522,361.080177594525,886.468096424507,1289.44640771631,674.269912561063,2468.30123274775,291.020762527034,4388.30633026372,3659.87231030811,230.600567437633,746.101372499735,1474.33812584629,0,261.051896686971,743.010755790801,0,1685.99524023801,0
bedroom__63.png,4609.05140905901,883.348282847245,86.9114271657002,1117.273621744,960.522204716357,411.298709101386,1811.17663535171,785.485038692585,1700.40241956392,1553.24161393822,907.656759649875,2535.04153492891,667.106211645054,3694.59957315128,2865.2369043434,222.339960663713,781.113013725682,1837.80232094997,19.8105475982959,644.417799234277,563.306683946707,0,1342.8573279827,0
bedroom__64.png,4105.12244325484,2734.00918618066,477.599559099038,1441.11382527351,1098.05367456316,1002.01140628071,1880.46187259164,370.335580760048,2478.15329657764,1222.09681230193,871.916825404498,2643.35959617781,768.153425532538,2944.06370065938,1500.71918990505,583.051621045548,1072.49580921358,1143.39074921793,0,180.830360942437,754.766202741823,0,728.294862276239,0
bedroom__65.png,4882.21108824184,1343.34651593427,64.2794556817916,2146.06803618342,1365.22079151114,536.884347478654,1345.6627343855,518.21726875488,1511.55360692704,1076.26865053122,955.83652322064,1743.77335099633,405.655597905871,3798.63431555304,2353.54380043867,144.13389275215,407.218146754221,3007.26226853987,0,382.491568261242,782.703169937645,0,1229.03487001057,0
bedroom__66.png,5401.38945120875,1606.43003221711,300.84197691961,1605.32079036615,885.045769049888,571.616222901459,1138.11979995322,549.766343263919,1989.68415665729,974.335026139717,948.345298269623,2312.61704241124,578.174120332743,3011.67688586573,3081.91423163668,281.022634845281,791.508745979546,689.323640388529,21.6381771541387,348.292703233455,1054.00272908519,0,1858.93422212073,0
bedroom__67.png,4901.52102692647,1004.01930399331,127.971840602442,1979.4510751406,710.513562383901,727.638418822453,1234.39147934753,956.439143002207,1742.80383457343,1117.04943872722,1334.52104215131,2889.62371791725,583.826763534748,3498.01242800752,1690.34460725842,165.157121999407,948.748025454405,1412.450462801,18.6030943240231,502.772095307077,542.043231268583,0,1044.97439970027,867.123886756413
bedroom__68.png,5226.41131462188,1739.88161739195,176.932611631436,1546.59351681558,1170.20397021981,365.24959947131,1961.30378954962,204.508449698232,1061.04317301749,792.896721246575,822.023368502016,2423.39402573854,406.972383292922,4131.40937223577,2704.97015114991,65.8222744734275,625.818328356329,1863.81404133331,0,332.413984239565,1404.596397658,0,973.740909356317,0
bedroom__69.png,6201.22254224429,2068.93152872146,220.712058003426,1403.40652049739,762.435447489164,511.32895899424,818.619012641254,199.441786792989,1234.38619034508,685.255559204575,755.079698211223,2298.08651732126,745.206091577636,4194.6072087134,3782.32897981119,127.225355912606,592.119815991324,1536.74818235386,19.0649179222461,361.195614380162,416.409113170948,0,1066.18889970028,0
bedroom__7.png,5164.75950724995,1344.83212666836,232.443135656915,1481.24563918096,1222.47670443118,613.143329151351,1317.13989123107,659.767180148239,1045.22078882794,1302.31635839017,1598.63171011089,2617.12945684943,514.775576605919,3324.80085037776,2711.68987096876,219.76302734193,776.273320243732,2780.37341854561,0,490.286757300383,0,0,582.931350719453,0
bedroom__70.png,5632.62563861488,1939.97280884101,89.8605901422443,1866.84136039141,1101.77944077666,243.176501840622,1181.31408934999,174.529179822047,905.63240817964,756.475957244517,595.847897524978,868.789181886568,332.376779533778,4375.30084531225,3434.61750937897,166.070755024248,726.793293183582,3738.85785357344,64.2954198411765,398.256236223672,719.065954998513,0,687.5202983158,0
bedroom__71.png,4749.71821618303,2192.87215929376,92.1128006258235,2572.48251981098,919.601358570257,427.563963096343,1277.59836255748,620.190555151183,1053.7806514258,633.166303123364,655.526267021969,2624.65041581089,561.585382471337,3562.92282156001,2921.54476792339,164.672051686977,813.141935106654,2157.98091794651,40.777164166824,426.375766423112,722.366483171246,0,809.369136873054,0
bedroom__72.png,4237.70653447803,1091.61402337268,243.050323349822,1665.93000931017,858.088932851924,611.390435128574,1471.73763531864,832.178318772383,1680.53197477509,1560.34719628945,1378.34332403554,2949.32748566134,864.923274330704,2366.17138972832,3956.12633620802,183.5211336298,1405.04074689761,559.573444877158,15.8342166431884,755.308363216408,0,0,1313.25490112514,0
bedroom__73.png,6083.26541940899,1824.22774783621,48.7554461661638,1427.71660371754,718.938808310065,286.56495618689,1249.24506962173,328.565755130166,999.48382223531,762.694064120352,705.420398635089,2835.88190635625,371.865015355289,4925.86475759415,2418.69983204359,105.213827776093,540.190402434642,2772.6833858499,0,382.514184754575,637.930651161897,0,574.277945305098,0
bedroom__74.png,3167.38973860592,1400.11632949657,63.4712992246377,2008.31853669484,1140.52511252204,420.809699984663,1977.68410730749,924.383691572636,925.159616778321,1753.41997793197,1351.22946136449,2719.86339696658,853.89331381009,2304.02334388754,2375.46218168211,205.028281589222,502.448292811197,2663.90224830112,34.2660440604686,914.106689707423,831.331557062567,0,1463.16707863811,0
bedroom__75.png,4455.96190495124,1242.66191428019,146.428366559587,1136.90548026783,1021.68043699677,377.48846003955,1860.0349160494,655.915965919563,1159.25515144289,1598.38648701254,1224.53098157539,3297.8904805756,794.054043871095,2612.80264527616,2329.72780450873,143.033099758257,1561.74025423587,1506.65538582006,11.6240680896315,360.722829405237,1182.55435105359,0,1319.94497231082,0
bedroom__76.png,4402.08438650549,1345.23188268663,215.159564079811,1127.87765495866,942.801416815608,459.383688530384,1995.42819604633,979.601042236983,1855.17892651511,1475.86536692232,739.390274220732,2619.43955520773,695.105945553821,3090.7681485883,2977.537434292,282.087516279071,1325.97534153226,1325.67492178742,21.5509337342981,427.579525627942,547.625909587545,0,1148.65236829155,0
bedroom__77.png,4734.96728624351,1379.02256339565,255.160010124292,1725.52046912857,1669.00122684389,348.283669917573,1676.42137821666,735.401216618826,1487.76321429002,1089.09184624296,439.913854876104,1744.88069020796,564.801985302133,3976.65606990953,3582.86071092323,168.210583993474,427.893322362467,2581.05170453692,27.2053064567349,499.437798650234,0,13.7811444159646,872.673947343292,0
bedroom__78.png,4386.28858475097,1662.02056294067,225.326974197151,2555.95385783445,640.666557019791,604.537658994232,1703.30563186311,518.219585788847,864.138686121879,1019.47854171038,878.572986267142,2966.47939933371,252.881551678975,3559.42141950764,1919.33722175639,82.0918321621141,720.289652958349,1485.8540157696,0,498.76381892578,1934.32604382704,0,1522.04541659178,0
bedroom__79.png,4677.71910488973,1335.914112663,84.7908020191572,1665.72073271466,1156.02381591416,805.932832981851,1599.90027785036,352.132368819722,1272.33010222806,1400.4642265066,662.59209055436,3281.28999778995,447.854272205802,4170.40987437173,2649.59521886849,195.059844401042,496.346675783862,1224.04023652544,13.2815414318077,365.708298534831,682.020809587049,0,1460.87276335833,0
bedroom__8.png,5469.37397141619,1860.57914339496,167.721905655895,2175.47355936663,513.831026327827,489.425778503495,934.685021279386,205.617524744494,1302.47424599547,596.229055230537,385.506190232635,1759.02830671081,655.243232304205,5290.00625478804,1863.9875879299,156.782936000703,580.454863736012,979.378402937254,12.2122244023497,327.201516231068,3437.98377226718,0,836.803480544965,0
bedroom__80.png,4806.69373860246,1561.65006572077,63.9950477771793,1583.4578873692,1424.86379382235,555.102031320672,2079.65663889344,487.839947207393,1134.71987645638,823.179847443617,411.579081287014,1784.50149893611,475.031633659504,3284.73130857462,2486.39035813184,196.452130244044,1056.44311766915,3058.94616034494,35.5281237877391,174.494757397813,916.345027032886,0,1598.39792832088,0
bedroom__81.png,5239.74764307815,3605.50429999318,120.213202270233,1554.99212666596,617.207825152069,734.255745740744,1042.78507522125,279.394042871335,1344.03857153115,1386.77049531026,410.306648817264,1799.35420147524,599.879448364229,3251.77507322031,1952.55587561856,150.689932390495,775.377721207807,2707.54353864271,25.1352789696565,193.79298417825,1342.03886472135,0,866.641404559788,0
bedroom__82.png,4441.12459606714,1263.65526619146,156.237335365522,1098.74554148439,1597.11659067827,530.483704139544,1532.49429873552,424.918819095531,1392.36929682779,1649.64691992591,881.029782419244,2564.32492758781,1105.21001978235,3094.31941001443,2183.33046370639,156.000862395133,998.681267621408,3173.25427237294,16.7777616095685,425.970497176787,0,0,1314.30836680287,0
bedroom__83.png,3979.27934770927,2484.73875919632,99.4770686728476,3065.11221077524,1172.30157017126,313.860099121556,1713.47684227171,240.466084589548,642.121662943739,736.501960855792,130.298585804821,1425.28355064512,390.598242658775,3994.90970993446,3605.58136035327,83.7695897632774,570.00526015331,3913.67625826346,31.2618059659301,315.204311219966,0,0,1092.07571893032,0
bedroom__84.png,4843.50344799962,2124.45337940889,289.616406270745,1312.6157549006,957.737906823339,682.688427016575,1414.619764227,408.60793819851,1644.76990940809,1437.76926421953,844.159887553715,2218.30596533857,780.783134413673,4093.07358848393,3607.84171074206,186.999453113733,382.728795036062,963.441044804335,23.709181125846,289.025737440284,593.336536419623,0,900.212767055271,0
bedroom__85.png,6173.35616649554,2043.55135665815,109.362047763951,763.8288777811,1175.01121224898,542.927536295246,1377.02504998866,451.421868008338,1105.24070406564,1162.86474987454,607.801323089614,2399.28759344914,316.579371560533,3258.23911822839,3648.52475503547,172.723638839532,418.367815326823,1304.17977170654,33.6221454600866,738.364380326535,890.477591684021,0,1307.24292611318,0
bedroom__86.png,4857.49416425435,2246.93155705723,101.974828140558,2796.43412867923,1523.04562957037,151.388883589831,1020.64807804904,15.1267980830251,1191.69519443139,956.827319268965,480.751472854485,1101.85425218125,254.58871406184,2809.23435127412,561.751475574305,98.8807976035568,501.819003588732,3186.10963178825,15.1267980830251,859.0185157667,949.320234659022,0,1564.07267180534,2755.9054996354
bedroom__87.png,4038.9706122601,1835.39409036736,87.5914083713398,1470.61942246265,764.956957170753,510.564139885296,1786.03322094191,218.765592429432,1563.27330196828,1616.49416265996,1131.42672276576,1582.82418423977,781.473596398817,3755.79902841782,3071.13365700495,263.373027244022,1122.25678882319,3184.61330853036,22.0846343146655,151.806978499663,0,20.9513237178764,1019.59384152601,0
bedroom__88.png,5188.03289006059,2532.66889106746,81.2501382574853,1738.23429282769,556.982780730522,326.349543559287,1680.21983908641,918.756229581525,1730.14960879053,763.540389565354,555.643411916017,2109.96310304291,271.284126276929,3939.08506834098,1603.07325479605,287.061603856191,553.811616611488,3552.52556192378,71.6268583268433,409.173623766718,596.68878962996,0,533.87837798529,0
bedroom__89.png,4361.13531791875,3896.36469060305,272.074170079836,2320.50921024232,549.765297020241,380.568391197147,1401.65713999495,327.29828945302,1608.37519447199,978.564799101795,505.410358467359,2249.17450278613,668.503419212624,3089.31143339566,1693.70538450021,234.111765656162,510.719280285172,2728.59646785979,35.5183478733933,677.15410483508,1067.5058891049,0,443.976545940424,0
bedroom__9.png,4119.89518854354,1064.39862978941,156.18627356055,2007.66649503764,1695.91165353405,723.483911278846,1505.07538797066,655.796252600813,1654.59146428701,1445.58281507216,717.73007232435,3233.67106600508,717.766742636097,3244.034207006,2843.69360276795,164.535659046297,1194.88111770192,704.714458947691,39.477711693602,454.576499524939,683.659223152861,0,972.671567518513,0
bedroom__90.png,4354.58968547839,1583.38819056262,149.194032898592,1256.6919909203,1651.81160210035,700.081572950629,2152.76280966782,851.320515051515,1055.87064732354,1431.06778414378,865.717279178899,2908.96730593057,665.567598276363,2728.29006798732,2534.45700454786,124.04608810793,609.666657432601,2651.42943634881,15.2740434054225,267.999974492683,0,0,1441.805713194,0
bedroom__91.png,4618.05230315672,2681.14166139051,105.745798066293,1165.77202012502,1315.18164280126,413.624108574968,1955.51147544513,360.774197360006,1082.87757304207,1156.72160207997,423.790009791927,3422.15921861092,747.906069541386,3298.19788216375,2853.92789971394,295.047430906772,779.893564815585,1307.50556806494,60.9890987450016,396.593902763886,814.159833926862,0,744.427138913068,0
bedroom__92.png,4355.74550564269,1542.19831960907,20.1381290709645,2575.47455851351,2068.94175795838,439.70763674065,1830.47466722828,523.990745895634,541.215148153777,651.926053388015,368.93231652625,2507.9335503817,508.546290891589,3575.46380183145,1906.75895775791,77.8329243359157,686.245276263105,2301.11149243084,0,303.344629786108,2283.13508546416,0,930.883152130011,0
bedroom__93.png,2874.78868891272,2375.85341771625,97.7685547024062,3190.02132905481,873.966313259094,381.829661681031,1838.92501527001,569.690298302582,481.438378356864,1339.66852048365,924.774814925282,1447.58319855175,552.378369244599,3080.42806916619,1966.72133413648,204.218077034206,597.770470586432,4131.22551134115,0,794.77107839934,1493.43336123033,0,782.745537644835,0
bedroom__94.png,6010.52064308727,1228.90083386386,92.6717835378458,866.414791317654,1118.54056102485,427.42473825397,1614.97008440833,666.236805473717,1758.42190814798,996.502666398112,982.306123665082,2207.19549219767,356.331673616951,3772.75178713032,1921.19228010764,145.493818314389,786.333577547668,2155.24887138065,9.76632285729398,639.056808913922,1437.84492637425,0,805.873502380575,0
bedroom__95.png,6085.35252715282,809.918308581593,196.426220658342,1562.55692754931,1843.18615372175,401.468067880342,1105.33694180703,285.809943085712,1343.7319848347,658.665126004413,668.577309194345,2571.2411225305,439.808237147595,4990.12364128983,2975.15875194736,137.528645144971,523.829450904273,1377.89149552385,10.7515951938629,116.152717592394,1134.08235662491,0,762.402475630095,0
bedroom__96.png,5788.85819488479,2209.38872313416,45.7037842339495,2249.88335360457,558.725022083318,244.304335005081,898.205012130544,765.755019550975,419.631517586642,680.724007779771,800.96949728568,2061.58567865375,264.249494113702,4203.69310599261,3093.58352573977,118.079937486627,517.986725135989,2859.35637160941,0,264.194548498402,1275.83478717139,0,679.28735831887,0
bedroom__97.png,6567.30889729294,2006.59587903356,28.6319088992741,1353.83053895075,1316.59290114258,286.94938188252,761.80868485263,273.806140778753,823.330340768008,850.154775443132,488.181115968716,814.524219260784,360.508015123299,4927.67350514469,3072.72486748403,106.389088337248,503.362190916117,3452.69280256588,0,159.041921533318,1521.1464791395,0,324.746345482262,0
bedroom__98.png,3996.54305028654,1607.77881057058,256.818805270494,2279.86761341655,1023.5852661949,610.500330103486,1888.88138085083,1047.2675239279,1605.69858071451,885.531140248954,975.133145051124,1678.97631511372,681.187344592904,2350.64794734062,2513.99860176003,156.013439958332,1348.57480667079,3334.00736703776,83.8939690925458,326.070211237387,0,28.0820615533406,1320.9422890067,0
bedroom__99.png,4610.51656677571,840.667562876776,255.379205381574,1273.59331486777,1020.93141995653,736.963882486503,1801.80276802744,225.488180010924,1582.33846552965,1348.64564474107,992.39285293441,3111.11070400121,593.642571113443,3939.2329044413,1936.18543338019,351.575717669594,1297.38019336393,2378.02230922087,20.2234168049706,276.015484301058,0,0,1407.89140211507,0
dining room__0.png,3629.40465977025,940.016050918532,144.702558177736,1374.36524495292,1478.19138616132,795.496108299444,2039.76843658156,638.508132555562,1271.24290528248,1583.72895776774,805.222280278946,2673.59226821107,955.546293309311,3406.18439880748,2659.69488729571,389.863602185671,1267.84939249296,1987.20255496095,27.3228054325484,646.67371937419,468.068717772611,0,817.354639411012,0
dining room__1.png,4654.24943698026,1057.96419037466,194.314766131967,1351.11505367698,1475.19736450213,803.258277900129,1294.27717196765,439.811765782046,1763.99170509627,1765.72009120223,600.183228332441,2668.70248701498,743.190531400315,3780.75228151239,3703.24282081487,169.417111279531,973.344642357452,866.489943041775,22.0306034930359,443.447695385618,0,0,1229.29883175327,0
dining room__10.png,4408.51703449634,1173.19468831659,173.769523327841,1061.63562959384,1137.94809831614,495.316612632249,1669.11406528356,466.229368655382,1725.85180239979,1367.25629581545,925.400195610267,4318.14330520284,1157.05650241873,3429.50335614175,3002.54901979351,336.420472392078,1193.39999124226,284.369736643776,0,385.249495789102,0,0,1289.07480592851,0
dining room__100.png,4511.76927750519,2734.80615866112,206.060109994124,1757.42756850854,646.197498558138,387.03067722191,1768.09626520011,160.277616819651,2008.88940256222,998.170238388154,717.322929135096,1974.43937883866,738.835210677487,4150.03507316469,2746.10672824159,189.248262255196,541.069198129318,2270.45148769622,19.1021659932837,154.4278052701,407.022215445287,17.3510114720367,895.863720261888,0
dining room__101.png,3654.47102240063,1511.09911179445,85.4760253291403,2172.99042283443,1405.3289297223,743.177760518342,2032.87232512107,453.757518734311,1374.72871349977,1176.86467593356,483.110041400977,2793.64980361022,719.599192297552,3785.63110952897,2573.73407016562,208.903410939559,740.087744072434,1476.96226677644,34.2989504731938,502.785543377328,952.271360100466,0,1118.20000136923,0
dining room__102.png,4230.44242206294,1138.65494175108,120.034939139251,2189.97248964545,1035.93185874808,594.32052571937,1634.21999237816,297.416229294288,1615.24023970337,1026.88916501338,745.875264934437,2275.2749463541,820.431525003073,5118.80542642691,1712.76837260686,70.9019640180121,525.660683110055,3682.36097647705,27.1424418789817,201.330370047101,0,0,936.32522568805,0
dining room__103.png,4954.3356409063,1299.12743004745,100.197031139004,1211.62199512644,1580.05757793041,603.824391313292,1251.91811894275,438.492675417941,1853.41562069817,1421.44883084291,486.37501708823,2481.96889868242,910.22122997962,3876.19050518803,2173.33615789467,240.404757636704,749.650402522023,2309.53609114351,10.0494265652774,287.615284954835,477.721809128934,0,1282.49110685108,0
dining room__104.png,5217.45292317186,911.473349595988,227.697779976665,878.962293696112,1843.06347452134,594.424713809739,1383.25359888124,302.303188556678,1747.24158728914,1422.31207011962,628.964199318975,3377.20125086426,806.251711264866,3208.03094141417,1856.29644722755,272.145781051271,813.214443268884,1668.73640612277,19.6216218150302,522.106946589647,528.401814709869,0,1770.84345673432,0
dining room__105.png,3598.01568275796,951.379391892407,94.5527401821762,2171.0649731459,767.380019361913,271.833346397426,1879.95398356823,306.115512120173,774.052093457658,1419.81924050008,1033.10459628173,1199.81479941491,764.22520581776,4559.74488526051,2633.84652493441,136.058743241945,871.923082379858,3228.76977399969,30.8621709681212,601.585395720764,1797.13072161373,0,908.76711698265,0
dining room__106.png,3641.43528239232,1092.09426810812,125.913679543409,1596.04067751538,1268.57091520769,573.240543777268,1800.5672002961,535.063434301559,2034.32301968679,1767.73829051068,635.272263850458,2879.14951478802,769.431504020995,3723.66681424798,3276.30393665067,392.323311282658,975.570698877018,1111.06930555384,32.4637339818747,499.609967870986,0,0,1270.15163753618,0
dining room__107.png,5045.92792761218,1539.06628784826,98.087118272176,1025.74739455453,1626.67934705037,531.047505517086,1889.70167191808,493.568154256716,986.113552055137,1059.91837542013,334.024747220398,2676.19538078986,687.171447020758,3766.37824318871,3039.19176363259,261.896213636226,386.188368474068,2196.30197829986,29.6369698380947,216.81730151531,473.062701433286,0,1637.27755044616,0
dining room__108.png,3753.32612896904,1225.29897185523,142.503732253997,1684.45396000055,986.468994869601,458.33697622561,1831.25069983305,497.893694345434,1638.527629854,1338.29676314438,698.07730744582,1834.48586265312,962.942627827129,4112.69312294271,2991.02901489191,391.737563828961,649.515169422327,2935.11678412136,37.9922563968924,751.845519868429,0,0,1078.20721925045,0
dining room__109.png,4949.98957276919,926.016134014535,93.682263974199,2058.55086241325,989.895631090321,305.362237959277,1369.1584370683,262.923402648469,1299.71551487204,1014.30085960492,565.822923190947,1614.85411100144,486.016246063276,5112.68714235155,3374.28710776462,91.8528703254398,585.393696925191,1993.62354830452,30.131151755621,257.787798622533,1318.4752161239,0,1299.47327115645,0
dining room__11.png,4819.06841594439,1329.669937111,170.910070365931,2031.8883283758,1116.82153356216,543.461699302127,1261.03134690953,245.41212627756,1305.42848639104,1140.68734595224,496.546321521916,1931.97606582551,565.163136846382,4406.43218628307,3221.0931709284,163.382525852469,782.491618253164,1218.05351370396,18.7789001191898,181.054965525491,1609.07699348303,0,1441.57131146563,0
dining room__110.png,3649.0942185455,1436.92891126864,169.628387717395,1717.60055138191,1535.22285233731,504.273625363694,2273.28521117822,706.264654051237,1095.31851982325,1438.71101112628,1004.46227589836,3307.62487962381,645.712289097875,3419.46410040614,2092.30319388068,239.543848422771,1171.91156050537,2228.96825613063,36.0528702474397,158.756793045219,601.883137460544,0,566.988852487725,0
dining room__111.png,3776.80293530169,1654.22766098113,90.3007191919684,1766.14554534728,1207.77360969011,450.533410592313,1682.03085634066,321.039505174446,1216.91232514144,1865.64310222247,699.250265311678,3234.465967983,682.855173220328,3651.01579526448,3985.18311146992,218.675220029245,1534.33095745854,1022.60446562135,7.84716753832242,267.482326326668,0,0,664.879879792946,0
dining room__112.png,6039.48295408975,1413.4565988657,75.4398961911232,426.141689960801,719.513191714561,706.513439508784,1129.07107683523,239.978738023606,2228.65043908004,1219.24264632694,802.975629236831,2221.28452700893,827.47218237348,4728.88156707809,1356.14244973627,329.879495471952,691.203583625829,2878.97243807377,21.67516486555,237.813497978202,532.996810401085,7.03479007629064,1166.17719347717,0
dining room__113.png,4662.59707875069,2349.78909792431,92.4158061077099,1077.5584918266,273.514324743949,379.579057222685,2226.16030955736,169.813988767806,880.086389045225,1306.22739565825,513.70542486245,2764.47572881105,519.895602988604,5660.2060989684,3099.39956230799,207.561121218491,378.537865139479,1679.7189246725,0,237.423890117875,1104.32453183284,0,417.009309475734,0
dining room__114.png,4853.50704270418,1963.02308093224,217.956148995564,1914.0419307828,518.860004537812,612.319276576565,1349.62147684182,451.155537420577,1077.88942837027,1032.57522974182,616.944738531685,2635.6812838923,566.208561761988,4341.82385638634,3263.78890239433,275.32313565358,875.38068050197,1810.03853101778,8.72262251381535,621.22731879271,382.3264287532,0,611.584782896662,0
dining room__115.png,4393.74435881583,1262.05456934436,161.470148086626,1313.82732396912,1207.82583518031,622.994529073049,2134.60840773091,305.970419793999,1204.80412865763,1289.71236275889,812.360382852863,2503.40812787556,713.953681581047,4053.71950876349,3546.55943572199,143.978032087729,727.720422636315,1428.58803278308,10.1758330564731,523.603604207135,532.175597802066,0,1106.74525722153,0
dining room__116.png,3969.83956540138,1963.41163526478,104.006680230123,1868.34879267619,976.486396644179,926.916959202266,1450.19225413136,442.690129095334,1785.51057330256,1458.69502495847,512.627544886568,2735.48736701131,845.131491735249,4137.14739130947,2211.97593466781,380.082742019073,831.400465820598,1454.72862622637,27.7101290782814,230.570267987687,781.37385935956,0,905.666168991388,0
dining room__117.png,4363.79173694911,1503.15381733697,173.019874214548,1242.51183016558,1441.52670795881,710.203141155989,1473.76312190147,407.726576328882,1220.65411342302,1699.80885092999,993.143426962539,3451.42551906416,867.756228417255,2496.85207186868,3003.50895349721,315.803267009601,1178.85023778403,604.093630358276,36.5649646269924,475.102633185735,837.094768286801,0,1503.64452857434,0
dining room__118.png,5273.34015341766,3970.42244913706,141.846614965155,1620.68335190483,890.494500190558,296.490612093723,1117.08168322699,314.415930578945,1090.32206861705,961.598553884858,696.625809463626,2846.77565243571,808.249929211941,2626.99771494597,2810.6847158793,219.046328353718,640.089448981438,1801.56361352896,0,355.909088635928,1012.31672248009,0,505.045058066485,0
dining room__119.png,5210.85579519956,1377.86280157834,205.170552584803,1456.66347475303,1261.90182477362,389.655113846356,1404.97453221014,375.968807985724,1499.30845350104,1032.55389072787,546.902293481113,2589.46844547601,596.915259659571,4294.150856773,3310.84472301416,279.034677497265,944.512169506621,2005.55271157763,19.0023699525583,337.598981664833,0,0,861.102264236748,0
dining room__12.png,6034.28608948021,1760.49362709345,248.867499297458,1094.52333447535,1931.84798763378,465.3795802511,980.804054519548,365.643422723989,1290.40138958972,869.793551110879,412.339128687947,1737.52495290974,682.508218521119,3694.43542715359,3383.73256012483,331.769067183427,480.561376191245,2443.62089072874,6.31568470946522,256.188084441889,430.473127098398,0,1098.49094607411,0
dining room__120.png,3693.91740219655,2378.50484795122,304.820154640138,1413.78106117849,1567.52080008931,727.110726323217,2310.99675555452,574.483652526095,2061.74578897698,1274.7704015237,461.503722618935,3567.65867150183,994.066774828706,2838.20481726555,2570.08763477503,257.657648880515,768.737200022034,768.577023782807,54.8099558375203,477.335597729064,0,0,933.709361797788,0
dining room__121.png,3057.67320060849,960.528307653897,88.7580209182409,2408.12492668154,832.795096717717,398.451200617746,1320.38693356902,366.747473624382,1147.77021341606,1805.65370326581,1303.2972458738,2775.18568404924,1107.37411426966,4065.82779126667,3204.12946223227,290.279136107453,1048.08370388213,1848.41944180815,10.5079854980276,534.908619199232,537.28597695829,0,887.811761782177,0
dining room__122.png,4777.78053604118,2073.47992669543,165.510170427224,869.41572548247,850.294460701371,438.569742678718,2046.35168399441,634.899443504511,1258.77237915143,1279.97223545748,279.646882759601,2788.87075881369,783.996357378133,4315.17843634388,2546.29385870501,220.589250933979,574.0698331289,2203.05451285676,21.8942107123555,581.340116040524,598.928577367171,0,691.090900825786,0
dining room__123.png,6152.72809543867,1794.57826969407,112.318376107599,1265.14523863314,388.322519408925,367.840924645835,1363.75744022171,370.2486053956,1081.97354495121,675.411164836394,525.776398217172,1989.54515085338,388.198974177186,5549.29446579183,3635.3101329287,148.437841977543,556.10953744123,1035.01526462651,6.32124471534489,220.554970429129,1777.99660588675,0,595.115233622044,0
dining room__124.png,4514.6019666953,980.065885824991,145.589575141597,2336.98988573483,1352.81857373002,292.286588608218,1507.94857965969,236.767934970998,994.885983846313,815.663428654614,455.334529779645,2309.16768028194,530.537017883686,4108.71429268106,1807.05846577105,281.588983969124,1159.66625753541,1429.60798080939,12.670137402754,607.000048980134,3021.4037255415,0,1099.63247649774,0
dining room__125.png,2841.28037505697,2116.08341353323,54.8477973868035,2838.09761449128,835.741263968775,469.447658706734,2243.47965933599,272.220428038238,1378.89284836212,1142.28901065785,608.833664774726,2266.62910956539,622.702387124274,4511.07568445505,2581.83624157095,278.077174871296,554.634239828611,2634.72557748675,34.0737784623426,344.638923316937,613.620766921239,0,756.772382084436,0
dining room__126.png,4531.28197509233,1437.03399210567,299.445812594698,1385.43662318583,1387.67540897018,848.467826535741,1322.0338183119,295.662874168175,1422.6209311457,1536.68694207642,478.912093538117,2728.4770664598,859.92575470437,3565.76171862761,3391.84209038056,354.148488297644,978.25172818832,1309.1462728835,10.4863983315182,672.91866930828,0,0,1183.78351509365,0
dining room__127.png,4755.52042556123,2095.88249884135,133.524912922663,957.274158208573,690.808301490883,659.541202571201,1345.96498016514,800.022675947366,2117.68530324169,1978.11533547705,607.140547577548,2564.99720457298,757.052801379422,4015.45822508067,2860.94886948132,195.398810654267,559.282690987862,779.763803598217,10.673488554313,568.320792716655,0,0,663.084267357664,883.538703611926
dining room__128.png,4838.71462465734,1449.13106967666,150.22938309266,1224.99828395235,727.864909279923,619.775924724575,1659.11043787239,562.414090895265,1825.84125477232,1342.91307749631,1004.92372998272,2810.55510389345,691.194467551911,4205.7685903426,3200.83231556348,226.708655396276,599.610829393163,1392.76601795352,16.3604530734271,448.758881283524,0,0,1001.52789914615,0
dining room__129.png,4952.15689200228,1353.60341642879,160.461434781357,1506.19639915847,680.18905648437,599.428727171246,1230.43879831972,320.893972632169,1641.36652196769,1164.09747336347,1015.44334769058,2327.96252536171,885.570930496874,4779.19435575427,3013.59907698424,223.970733023062,809.482567558258,865.355214424583,37.5687736361262,413.112182639897,1391.82649930918,0,628.081100811667,0
dining room__13.png,4681.36906053694,1125.62100561502,73.7045758413691,2127.70012173419,1878.56925685144,261.77518015154,1474.53599757371,199.577040367273,924.971118885109,1165.60597522183,355.583792653645,1788.47049228843,450.716386153943,4058.43572998467,2829.37506107056,100.072458779386,511.817642335672,3579.88252715689,0,103.578045819787,541.82104460611,0,1766.81748637249,0
dining room__130.png,4408.95999272248,1497.74561507429,397.063602967711,1092.91503883642,1374.25049922232,667.458975992472,1569.09495437645,533.806431437558,1731.47088685592,1651.12462701991,725.324436385217,3679.33338570433,959.411090933596,3000.06361509516,2094.92055705078,286.643941603807,916.480345921283,1429.75259142879,31.8503545073334,375.233464601451,0,0,1577.09559226272,0
dining room__131.png,4027.26766797384,2515.99811997449,117.931358668232,2116.80962061556,1397.77185536128,448.300025612438,1859.50325358034,559.324598914959,1132.59547056568,1160.55490357237,756.994827241345,2155.31950153254,607.910727108788,2837.29283129815,2407.25183964787,210.097321699711,450.895523302833,3268.22109599389,10.7139032696332,187.484897378784,470.380707979349,7.14260217975546,1294.23734652816,0
dining room__132.png,4427.90364401711,1749.95564336818,136.257205609166,822.605148674022,1093.36234529793,518.129531404349,1581.92553468399,458.423828617356,1871.57933192384,1817.45249275385,1008.65254600217,3223.87392503822,1025.38710783595,2761.72071343739,2009.38957502885,285.884758247521,1028.5024105127,1727.37482233523,38.8413137875588,899.344094436867,513.395608660345,0,1000.03841832741,0
dining room__133.png,5464.99010566065,1395.51448239327,196.515907419145,1124.47236223242,1272.06483959625,779.118165243996,1471.11971263388,256.960979449659,1160.1353511382,1267.50613792185,725.988433148246,3115.23625572667,523.943079736884,4511.332993868,3245.99189116524,139.807082157325,646.925554534593,1096.9714849917,8.16151965698978,222.145500103366,406.03094431505,0,969.067216906613,0
dining room__134.png,4401.7181083908,1868.30579908437,211.699783493057,2262.80946715296,1036.24543847953,582.958083615733,1154.79651653725,576.99718757364,1246.58407087886,1212.19550209559,761.991961432918,3163.7274872456,795.204493348968,3836.39125576701,2998.33812917,165.067067502797,823.386559609096,1796.69244559675,8.20884497163247,195.77431096376,0,0,900.907487089674,0
dining room__135.png,5650.8326937835,1052.014291247,151.45782481457,1209.5757497175,655.098730977499,480.470052641028,1278.43320192104,399.879935206504,1258.2029891167,1216.13630355902,314.181526922789,3074.15923597773,434.320611624692,5018.60055222407,2936.84043847632,210.701439394252,827.264932728956,1348.62374359438,0,795.043914273688,750.245715379275,0,937.916116419498,0
dining room__136.png,4539.36837786084,1487.41017827217,202.325033393572,1631.95042411822,979.380332889838,579.960628110666,1824.25683865762,361.210422125831,1512.69370584307,939.439617165974,774.678341743902,2629.73896932856,896.493644247935,4761.13957996102,3325.73989243595,168.491097949412,492.021965589196,1749.54177088818,0,261.965728335186,0,0,882.193451082857,0
dining room__137.png,4124.45978348853,1729.6553776429,112.060173237888,1400.88426843112,901.378739301885,687.142515264811,2099.70643224507,285.781442846001,1900.9942036022,1371.79935409582,581.989358041649,3047.68205510487,797.449797370018,4663.7108497249,2783.36043172111,199.046566701836,772.85118264352,1468.76062106912,6.6537976676066,385.163998568622,0,0,679.469051230519,0
dining room__138.png,5465.55673887866,918.549915356278,246.622667362031,688.956071473027,1117.76004956485,843.139131383663,1579.94898739998,240.973335497574,2222.23555440369,1228.11185608426,638.410733361923,3520.91723208505,660.531195501153,4380.74297906044,2937.67545675887,286.334246814513,705.796513894363,229.409958006697,65.3265446121598,510.023400724675,0,25.2343592362555,1487.7430725399,0
dining room__139.png,3572.74580214171,1045.38788539332,152.235310715193,1765.93116286222,1217.44348492841,483.962035781746,1745.95766652706,477.447612929854,1327.04484452836,1820.01337287521,570.130580171746,3320.09662327662,793.019969246592,3563.15213877983,3492.05059741903,250.407144571731,927.3498083258,1224.61058827905,51.9248817754899,611.929407674626,0,0,1587.15908179641,0
dining room__14.png,3793.14407142538,551.28334119865,154.171701801432,1576.88104076668,1124.86916698194,415.05938839702,2115.63867504346,789.532809584543,1304.74946129559,1330.70702188463,719.673865533447,2599.94016918112,924.433805652827,3561.85749139907,2380.78081906572,250.912563855972,1334.73098110346,2605.72157609702,8.28282137105033,549.678200731862,539.576884162099,0,1368.37414346703,0
dining room__140.png,4447.82636726619,1726.23002216153,273.025742470394,1498.45550996127,919.535673574182,670.506081050386,1542.3625340429,606.758528104389,1743.89679108391,1415.81399018315,709.715640707571,1887.76439303386,851.979078437197,3936.44392858817,3940.15756246876,219.64993604325,897.23042000749,933.930063734291,23.9125840660473,273.448819755333,550.719366158396,0,930.63696710134,0
dining room__141.png,4169.5254680022,1307.29994255076,176.040196628439,1928.76449225527,630.805911218796,398.911809032564,1646.70524940748,293.272875689989,1148.33917245652,1192.05691848318,531.853073257833,2324.53535140626,837.592491846827,5399.51758885398,2428.11879158019,205.051228826418,514.444815501479,2646.35811487531,20.3041511786156,472.747279761627,877.696564020708,0,850.05851316553,0
dining room__142.png,4701.00222644285,1733.35732712317,225.96192749419,1494.88966021048,753.528740732354,563.223831069702,1410.11185578838,469.926305634902,2080.02043116602,1418.92723429232,624.073069851566,2733.17114584753,626.718863351303,4735.50873726883,2226.32595199431,339.103476205151,435.901189551245,541.649816534228,9.24668370950662,164.316484621324,1629.64689589402,0,1083.38814521661,0
dining room__143.png,4917.20553599809,2327.27756596571,185.442912823334,1459.67270447217,871.190484909828,537.505247074708,1871.05965737487,242.133213154332,1118.63561926178,918.5241527777,459.015870364928,1664.65568184929,588.38417162932,4307.7846340014,2401.62384044907,232.484954734305,788.961922184187,3481.99887222086,12.6688230135431,343.276431922646,610.137826320948,0,660.359877496972,0
dining room__144.png,5608.75420117084,1704.47295998401,91.8280552442278,1264.56087948195,840.022206041931,354.244552555489,1166.60774112329,253.157634609519,1616.77763776346,1147.27196237958,616.224713984194,2597.02427542294,619.665377055755,4529.12846161074,2728.6951842462,171.904950387574,839.596345081548,1713.50580431524,21.2348884010101,270.501504318692,897.924490452451,0,946.89617436937,0
dining room__145.png,4785.92072021144,1272.57659668099,162.104903011692,1677.5125861381,993.870739305305,326.357777916161,1764.28437403184,661.015584045444,1111.83917430438,1059.3514562886,563.313410035576,3097.63907790263,498.499078967036,4449.27836936956,3151.8738461884,202.878230427131,558.418186831627,1607.45164491661,11.5535539358618,323.240656061134,542.733575760124,0,1178.28645767036,0
dining room__146.png,3688.85376795837,1460.1921908162,178.696891828348,2061.54482287061,847.661050310333,539.418159529631,1909.1108934766,478.261959581986,1690.53020769411,1167.0399257787,651.902627692127,1959.71050621295,878.702223427172,4805.67992209738,3346.28858586473,294.748366488549,615.650708246617,1817.88279164485,0,446.746333310703,467.472857225392,0,693.905207944645,0
dining room__147.png,4976.1675788013,1331.91823529351,96.392422733805,1239.77997896816,692.723374062363,412.687762092531,1727.57710935653,426.97240841247,1094.45804111497,1247.98334125473,601.214559707321,2711.34494393465,601.556632143296,4480.84444488792,3798.52228210623,182.756099659844,364.898959678394,1886.59454801782,24.1792598161298,657.033371271977,0,0,1444.39464668604,0
dining room__148.png,4729.01903585863,854.177507713574,81.9584377099627,1756.24736433816,1295.91560346556,736.061044259154,1229.00737511762,300.668333474398,1254.58781474275,1174.42100788502,832.016860465572,3518.89160692154,649.19093127818,4245.92897758758,2923.91231082164,435.025038466296,534.367919009946,1484.58878554496,27.0892470560933,542.382362120043,0,0,1394.54243616333,0
dining room__149.png,4464.77217031161,1055.08796391451,149.950170352816,2019.99932222629,682.801427553991,525.369775266578,1417.35872228925,673.374599083392,1383.41534544083,1468.93545562018,636.494631006045,2291.24321004919,431.680257991555,4406.56342444351,2908.98868849078,197.254071561106,781.606494400172,2741.03281039982,0,736.420575205443,0,0,1027.65088439293,0
dining room__15.png,3385.53137292895,916.184134301444,112.268532487162,2591.39297341073,1532.29537606337,263.998672171115,1823.11565003471,398.234964363637,815.822832334046,1464.83306130453,454.59905592028,2100.22660643638,567.565433771646,4502.54075674664,1682.29151456724,132.974472641508,455.606466686087,3451.00729470366,34.5870359079234,276.020674525453,1574.3845473004,0,1464.51857139309,0
dining room__150.png,4469.78926032765,1536.95214335016,105.948176509529,1644.70414808218,623.469064644679,464.277860014297,1735.59632099725,365.031120063126,1668.12932777123,1257.96656288321,918.170919860541,1967.29532716447,557.19820894899,4716.24580386543,2746.06705986631,307.827001514082,675.229750595434,3048.28224867416,26.9184972466418,367.823143496131,0,0,797.078054124499,0
dining room__151.png,4020.63058211659,1836.9365473835,181.303217603823,1285.10759811183,727.729081236344,660.313093058999,2029.15006546931,322.305199358124,1678.13158993199,1516.42570702814,631.482601681103,2614.81446054835,884.418287338073,4467.5962517422,2970.1341960465,257.974884345198,476.949816222519,1474.95083415946,6.29287559084911,525.551586329178,420.352608650877,0,1011.44891604703,0
dining room__152.png,5519.55455171146,1570.06661248134,251.799892764433,975.502033314626,565.943016670347,715.847873169976,1666.18757446429,409.191285891636,1377.27385225633,1092.52511131617,563.781876765472,2669.39684400328,543.045196386729,5635.37977133595,1489.55635686686,185.032822895699,751.211872812085,2263.38126201498,18.152709911022,234.276371929312,1232.74391892414,0,270.149192113858,0
dining room__153.png,4255.1998991263,1304.11397332357,160.086602415179,1933.61854273978,982.803054528215,311.374550344063,1467.12794236028,294.934734949629,943.881212488417,1439.41257711078,523.156974207485,3150.58709039856,640.255027960308,4824.48615836825,3293.51539335734,246.604786811025,870.180857300702,1493.94623454135,17.781223891518,184.674787830737,646.608916455098,0,1015.64945949142,0
dining room__154.png,3400.64984187109,2690.35582064337,111.302078062531,1814.51428105957,700.897953904323,518.120444277325,1820.01645942643,392.325995811713,1624.42114545138,1609.58283145044,861.297995984558,2773.74325798582,1031.48775374305,3609.44358516146,2407.6772848446,288.60828467874,670.482251813227,2086.72647395898,35.1405477706796,432.011317812767,478.009315419361,0,643.185078868576,0
dining room__155.png,5368.16529323657,1495.28779593458,144.240831617933,828.80558823275,703.738420649108,514.079275220737,1619.91147525505,324.647563526317,1447.00663246148,1325.1921351596,642.824071851011,3524.35179029473,684.41311420686,4702.05682348755,3254.86893776535,155.245679033867,802.016011142449,700.974833823029,18.2667148753087,370.992935141642,414.477698816741,0,958.436378267346,0
dining room__156.png,4166.18784404984,1168.68149478247,220.085359989604,1092.63487651964,1157.26893469055,748.31462226983,1869.69385798359,782.888642480588,1793.80107591098,1554.05917546182,840.860530925251,3023.55937056441,963.315797305563,3298.28480376385,3753.80812951177,314.307238885897,810.793280902407,460.431441753414,39.8012097936395,690.045179146092,0,0,1251.17713330878,0
dining room__157.png,3345.2852130405,1593.56799547909,99.0843898786474,1948.05929350095,596.768446019324,451.836854271991,2034.59641754755,337.660146647233,960.615063959272,1751.78184149313,827.847505470298,2709.83015000846,685.155744902256,4523.03038158444,3145.73961343938,235.121489515614,731.628875559485,1547.51049746427,0,508.529576029792,1085.38343097797,0,880.967073210341,0
dining room__158.png,4295.32294555366,1045.8195739894,156.754139207613,1682.94856415415,1372.71685100499,602.959110772279,1774.46367495541,377.28559380416,1619.7221673732,1225.79048557434,774.386662259873,2129.95653315378,644.343546693055,4338.42782852949,3345.82463927875,305.382967237246,724.790727116985,1784.92504648689,71.747815832139,341.975385407137,359.858363727485,0,1024.59737788796,0
dining room__159.png,4682.33893539721,1330.30361249075,172.77165605383,936.713288845205,1139.12306384728,520.247247671278,1852.20316356238,391.323528670541,1444.57557326064,1378.96932683348,832.042283576272,3638.09386267171,827.499457046375,2918.03293199156,3007.20071999693,277.512385713322,735.827778523796,1217.11094034562,44.7634426020265,1064.6387628985,0,0,1588.7080380013,0
dining room__16.png,4392.92406156788,1812.86850401865,132.112479571875,1479.9162308672,1363.82074118954,474.833111098996,1828.48756386224,410.368910805324,1266.42135200942,1224.05468343529,756.336776153224,3468.30677322381,818.429936626823,3440.81841172166,2250.90546843795,211.886296627601,523.078038208434,1859.9730430391,44.3012270129564,288.811348134847,547.447772618848,0,1403.89726976832,0
dining room__160.png,4348.02065070662,1987.82386147075,113.171122036474,1949.05741627331,798.273111651333,661.500297540699,1359.51637796384,318.153248198797,1458.77709941629,1287.93783894343,739.403926604777,2110.64699038498,796.80643657114,3997.06407453589,3097.96288049554,227.762112201853,862.163337542534,1965.00024432104,25.2763855538369,293.885058889085,592.941365804976,5.62278178597253,1003.23338110683,0
dining room__161.png,4635.07955380574,582.221582614491,45.4633495194822,1692.8362693585,980.680963823592,233.430760070599,1573.45967378415,301.472086776139,693.463272394131,1324.11317800096,880.539479664496,1599.18031006867,600.844419470918,5546.46741827897,2071.91243052926,143.985930499274,414.858216386055,3217.66096607069,29.6809750804546,347.908260627089,2138.88891134717,0,945.851991829172,0
dining room__162.png,3597.01550088121,1597.48882696247,187.781035201701,1649.06483297678,914.665782755939,406.143569423587,2034.03880236804,221.571600580323,1503.61539964606,1712.23487313678,852.484001351631,2307.30397063105,688.021186589763,4614.81439529685,2419.27576412206,303.667566076908,740.912702410151,1985.79532432976,15.957237970529,278.051161605175,1190.08493664577,0,780.011529037463,0
dining room__163.png,4582.00950873106,713.54002932274,121.55943112923,1634.78479311938,1485.48977421078,628.149072066925,1742.02367728106,221.939107190411,1519.39019073272,1182.23949123429,289.419164193858,2616.71729361016,675.857712621113,4776.88451662878,2505.51973149504,176.781627217597,686.827692287174,1193.13355022756,6.30318979549778,331.126654010192,1415.53073073836,0,1494.77306215607,0
dining room__164.png,3976.81962341122,2017.51843319479,65.7150057721464,2055.17133117261,674.180879634439,348.447904805019,1821.29208143574,275.312582945005,1094.84990273226,1245.82947144981,618.173858046271,2211.6484488082,730.515409594884,4443.79104267007,3683.03147879393,163.553792226043,1061.17195377944,1792.85973678646,6.81829070969961,376.593414754151,803.44752230199,0,533.257834975834,0
dining room__165.png,4360.53859720241,1635.06960674805,34.6394102740226,1614.52184540693,1393.72840977858,272.170271614963,1517.51184939432,200.046645243399,1377.4284438186,1573.91858163772,716.730289220384,1945.22782489227,785.006727683926,4522.52918635073,3198.48377998655,148.502398674695,542.141071853725,1982.98142879773,0,226.75851510435,1189.06884061586,0,762.996275700779,0
dining room__166.png,4367.61938829332,1242.89859242408,89.8091109305884,2029.93906298005,903.865038548114,392.741031024639,1429.19510029664,353.211309628372,788.693989351778,1233.4277630953,699.781313550885,1865.8063943616,755.894625264271,4671.01905391101,2066.50554877431,183.924060070422,719.062848889133,3035.6718318106,0,561.03798110352,1760.77209374648,0,849.123861944886,0
dining room__167.png,4758.62815884179,1125.36616198032,150.868745494842,1803.0591507879,1313.74033213219,816.727177333,1506.39133517882,350.459694720533,1704.69470629817,989.549765586489,580.931109834553,2927.52457814102,703.71345967708,4112.36558360222,2111.52503454933,222.436860562487,1004.46792868204,2288.65975818363,16.2212693654351,615.986113503874,0,0,896.683075544269,0
dining room__168.png,3930.58556037997,1244.88915824368,151.576267943319,1927.47216090924,573.382257194185,501.033545555042,1530.1299953385,274.112962972269,1730.56794366928,1446.67484672226,685.639096492543,2664.57406496246,775.227680811006,5267.78682527507,2369.77967451846,343.04761271428,811.590042758265,2212.43719861226,46.8621431247379,560.325738241463,370.031304739186,0,582.27391882252,0
dining room__169.png,4984.34375748735,1444.955937065,177.958672502757,1257.93658862061,482.369157273595,394.468543003192,1547.37052492935,245.764358827893,1388.28793677603,1558.07049845726,1074.46246137853,3294.78547588002,504.800365212981,4603.6794435821,2375.07850124555,131.483930941809,926.776422711892,1516.13400368238,15.9943343506333,446.142206107223,853.286866910076,0,775.85001305376,0
dining room__17.png,4456.86349328645,1370.06976836417,138.713126421943,1411.7945761767,1604.60762108234,506.151729374284,1596.77079492672,578.740288817775,1495.12888853758,1229.98348651758,861.131601096677,2595.18308340341,837.803818638197,3055.17020490537,3498.14862449529,445.814434140842,736.406098271617,1766.6745477675,20.9693963135144,371.726404599668,0,0,1422.14801286238,0
dining room__170.png,4480.06359069299,1476.31964365107,87.8806171398276,2137.49075685607,1248.67740000138,311.291080310797,1649.79555758201,266.782750529176,1129.87416591969,1002.1939563784,410.756058216449,1825.84200692988,524.519326517896,4335.38491872634,3346.91490473523,197.058150083453,430.781679759919,3298.19722496458,8.8786618891838,371.151409218996,0,0,1460.14613989666,0
dining room__171.png,3958.10245011978,2881.32747888019,152.916674451582,1271.0459103038,727.731110036389,348.647329158079,2211.41065130254,244.7753157126,814.95859681905,1683.28441190142,453.914635222628,2931.90821637938,696.104640524303,4043.92215242471,2753.96784938675,180.051935848157,807.609213106751,1375.87944076434,0,353.005963209679,0,0,487.714131407054,1621.72189304082
dining room__172.png,3701.81734707197,2228.74644551543,182.634721021639,1681.41964858657,1714.53162820683,598.043173856624,1866.14135272218,728.184039509435,1117.4212916778,1383.16826175337,893.590871674818,2704.81332958397,1080.4255186567,2307.09491933697,2141.98983420565,243.733190516713,728.540311037096,2297.20131799429,43.2946806924905,607.212354097578,957.896331660028,0,792.099430621836,0
dining room__173.png,3897.09464240165,2527.73476985167,168.832724509162,1573.23292960799,634.986483019198,476.957601657269,2035.2729802654,341.398408671949,1723.71258715405,1556.02243333548,741.642585853949,2689.08832855598,726.068799701293,4348.19609524395,3515.18187866935,212.308214688177,659.800191045069,953.727219332801,0,341.497687579285,472.499660121385,0,404.743778734931,0
dining room__174.png,4632.72838746935,2136.43684246744,219.500649696054,1436.63572860045,769.833790772319,739.153530043823,1370.50763750994,405.524857106647,1348.53184202397,1340.52745733761,706.196720189556,2595.68386127593,992.151200904054,3639.99085672746,2729.58801022893,227.449588178588,865.40975387778,1553.08880266029,0,227.974550813966,814.453304070996,0,1248.63262804484,0
dining room__175.png,3973.38343625344,1744.35012412099,216.520956498897,2081.09001034514,1218.731860581,471.636450408889,1663.39454973507,439.505205745535,1031.60071717571,1267.24140449098,920.348346468085,3141.24570956149,780.551080957708,3679.14253556436,3208.90838961714,179.822754098663,835.624275386067,1299.15871695246,39.4592546598976,634.294501669174,630.929059785431,15.0575094590985,528.003150464784,0
dining room__176.png,5580.0303504172,1374.09318522237,136.346312759807,1741.18492822714,909.615711000387,502.133325902384,831.149615624591,187.054133311263,1431.53415223814,1281.41975349566,835.105479757235,2196.70624547419,384.021309343372,4563.51838099076,3542.6948249962,151.707200529297,808.068080833964,1329.08304015652,30.4868423627453,796.264495217151,861.502098472758,0,526.280533666873,0
dining room__177.png,4614.57192859256,1530.10391286146,91.4561100727088,1670.56422893733,1013.75957452121,418.503420745663,1444.0195408676,582.098148381473,1144.5670289544,1394.23256880384,756.940198516101,2455.5982840418,575.951967100184,4256.94356660389,2622.03339535354,284.049165310828,538.495142229986,2061.82378546231,16.6106003876552,549.764669202121,1206.01797536958,0,771.894787683758,0
dining room__178.png,4491.32699721702,1958.72618256378,221.755833515292,1352.55438210459,1135.89237458401,432.710997034903,1990.82041560426,373.105933624199,1817.16977095882,1264.64096253771,464.047015612881,3715.77792800571,615.521964234728,3743.59461346577,2035.85831641037,285.135278301697,1028.76347725045,1776.7271540749,0,302.508331612676,0,0,993.362071286233,0
dining room__179.png,3435.05925957282,1166.84071510847,43.7442512866109,1822.34980091798,849.895436196182,322.469840669491,2299.77411976225,565.461951430363,946.535337190621,1312.75340231651,712.469649696299,3023.89801411389,677.427487216786,4196.4535168462,4457.54365941245,336.825865209,843.838966319648,1205.80889732693,115.810065004658,608.100890554471,0,0,1056.93887384837,0
dining room__18.png,5208.67581322962,2230.55542074062,292.332965333719,1098.18142746102,1251.4585671554,882.215456203117,1497.852079618,266.917007179475,2024.89302955518,1095.49471049268,478.777743548642,3088.95753646142,734.318214682374,4143.50084111418,2422.10692269324,340.093815550883,705.046956812041,1289.49408975333,25.3839389654334,249.310011305209,0,0,674.433452144428,0
dining room__180.png,4737.994464615,1316.72727817269,150.63819753759,1334.4363127653,1019.61107721251,653.719192073581,1249.74761799662,404.648055992369,1899.15683126123,1555.02556631017,580.232437771487,2994.58835801807,867.879259845084,4347.06494186416,2940.89037483744,236.228135721214,777.320058345473,967.869660853292,18.688642746612,578.562208527182,393.137385418792,0,975.833942114136,0
dining room__181.png,4131.54975347323,1796.60639367029,190.900556793711,1411.12631491449,767.862652041041,730.570183701451,1591.47908419257,194.859401445893,1688.77220074902,1741.56378384033,840.236032461273,2094.76183488361,888.382519828626,4399.80700800478,2623.29276466234,192.785709532542,903.416689385337,1445.80560793029,43.1128342182114,191.026790937096,1225.89685127958,0,906.185032054285,0
dining room__182.png,4354.40093242581,1991.91540453414,174.961990612421,1327.38722082152,948.466811372274,378.559111912262,2103.05113645308,278.371763456039,1659.7587847533,1241.47392400021,737.499033268208,4038.67409127505,657.725710263255,3480.85634142255,1719.99061869744,301.717363304783,1230.641923279,2028.05540274953,14.2437127313397,640.334085558297,0,0,691.914637109487,0
dining room__183.png,5186.71588256756,2681.66296139951,174.531679404232,1666.99652758958,534.451436150079,798.568502314302,1408.82233394205,261.110789094196,1712.47807397864,942.210511180829,437.417654867262,2616.29972354156,498.245279227195,4911.47427254005,1504.52239695268,297.009465492777,457.179896434666,2418.19769820103,0,251.610389520995,0,0,465.092599993244,775.40192560755
dining room__184.png,4383.56746664861,1155.40270471562,305.65976389474,1339.41067809522,736.638670173388,796.978762197831,2000.12830059126,874.053464987291,1397.1059355039,1259.94066026443,1097.33408300605,4318.39954087859,653.493566611356,3425.76124030238,2882.9441039719,325.189299526925,733.373604474197,298.911893553041,19.9532877724638,758.571222143148,0,18.3167404897367,1218.86501019792,0
dining room__185.png,4681.86868971656,1983.79126813421,270.219442441972,1514.50872609521,843.850700553839,682.525585070432,1341.41446066364,321.983869847799,2078.36524495287,1549.59300642199,554.268603311912,3847.30618139168,717.615922334558,3462.15096709468,2190.75927866326,185.939235703883,662.117111960683,930.824267479781,9.05995906416315,673.7770677679,0,0,1498.06041132897,0
dining room__186.png,3882.06446536648,2132.33666633661,193.205880599697,1256.15141683787,1074.38254129889,559.891205906276,2458.43415161085,391.162405750621,1277.6445021343,1392.7894805696,891.220787595086,3073.69097978785,771.895468906563,3378.31203392437,2239.72257899171,212.44272214574,723.063591688205,1585.50411115634,26.222294562909,365.155196304117,1070.34074142381,0,1044.3667771021,0
dining room__187.png,4954.84036697728,2305.70458254208,208.680820935617,1434.91029913969,1021.53054661167,471.338819985209,1870.90365606097,260.775055739048,1099.59559416909,865.590610150229,650.821677690084,3000.66493845045,708.277799734102,3894.29562231304,2386.90175645707,138.274685921909,521.35583079053,2832.81807000256,27.2025820158145,255.749353226767,0,0,1089.76733108677,0
dining room__188.png,3346.42638042195,1793.6526333617,144.393613126729,1186.54110980164,547.481644449027,419.715845976488,2638.91409092135,649.925511609121,899.995245467572,1711.09759173597,819.912264130132,4030.88749890899,930.162785909413,3854.6932864491,1641.1978427225,131.057415255944,1133.65085897304,2346.62380985185,55.8006259537303,453.880004992115,517.186143945865,0,746.803796035766,0
dining room__189.png,3405.04855436615,1571.86933815221,146.118760830283,1792.36044852805,644.815020316539,258.533327666372,2216.42434898045,300.038095418138,767.763960766542,1481.49720564725,1156.9523885086,3098.77927221386,716.109873069881,4123.17721364776,3132.57580879033,318.375993413256,1299.76460013422,2151.01761124644,70.183575994957,397.965037151713,445.211258486173,0,505.418306670829,0
dining room__19.png,4102.9182025854,1566.82607173026,225.304352230443,659.10701652861,968.541252669554,807.230820439974,2130.47524432764,389.964835969213,2119.90500683699,1752.49898252055,1108.39418758636,3302.59608215353,1031.22761297171,3377.8110152662,1855.72771385687,299.99985165113,926.14773508485,1301.88033579303,23.7730894149466,601.317182504718,387.355688689168,0,1060.99771918885,0
dining room__190.png,4389.84648192171,2192.81852871058,193.869078032531,1200.42962747637,1022.63031999184,603.74350985325,2018.58497885273,463.938706038694,1343.38448693448,1442.84643014445,667.651824000552,4115.34074107301,679.200718892384,3064.40328757825,3051.99616908922,232.033641531218,1093.90469230049,691.666015017515,37.0581211811367,383.054665903972,0,0,1111.59797547562,0
dining room__191.png,5109.81716128687,1222.67540890853,123.407802163995,1902.65210724726,628.840107313969,337.013130259765,1597.41104894918,575.525236294226,1087.06639031706,670.411918377677,833.427641912398,2427.11285578961,511.814367280066,4870.96689961759,2749.33989407152,155.962418603964,468.845431599156,1765.78202741304,51.9309782549812,295.122704663352,1510.27789998501,0,1104.59656969077,0
dining room__192.png,4489.55985396144,1338.93168827906,149.289548359143,1342.13178480349,844.247635844466,494.154738966822,1796.0699781475,570.153610860502,1799.05915308419,1391.585831699,723.818493337433,2077.15884473311,689.223131346581,4538.90512233281,1958.20689412708,266.710506241787,887.582069547431,2426.64213098406,24.7189138001996,153.185567640077,1095.4886897456,0,943.175812158227,0
dining room__193.png,4389.87995060163,1318.52694148918,165.88711570795,1657.28379817279,832.279736641462,609.839221282235,1673.0087313285,600.28772570289,1405.58157292941,1180.08568030019,545.882375014515,3612.33459419507,823.415555082739,4376.01976478732,2527.53494068938,251.562412213104,1091.77709644334,828.063905437395,24.7638723010457,468.090568488494,850.758649758551,0,767.135791432786,0
dining room__194.png,4677.1275090076,1660.78175039017,165.06844725928,1483.62279805407,1349.62781823581,458.8331398004,1694.40521489131,207.879589828357,1346.68655466276,1364.67141912564,637.944176179882,2359.6512337501,594.444555633051,4221.22213050315,2151.32878759644,176.891231753563,990.268325615014,2570.45306593064,8.83727153477055,331.27472980976,947.978771000371,0,601.001479437858,0
dining room__195.png,4599.83727544459,2406.93403765235,94.9146008347041,1494.3562004258,845.28739392509,406.183811004997,1807.73022741198,386.118988530994,1400.39679797959,948.782960787549,509.303288435538,3216.08797581076,939.685857009678,3796.44605257606,2374.34284651391,191.18674985702,858.206727671628,1789.1735665459,18.4207290633842,335.046834383341,718.900401310131,0,862.656676825002,0
dining room__196.png,3732.73403377442,1015.99215645711,116.780313709732,1997.12196525471,491.518108347241,553.174742139061,1993.70771728838,815.175984762589,1520.57189597879,1258.61799005542,899.634048029388,2615.67137238461,791.892988393986,4361.05779691643,3029.18923574963,200.270837956657,886.612886510811,1707.06832126313,25.6544672764346,674.49537841799,457.544118775046,0,855.513640558447,0
dining room__197.png,4555.47573749179,1595.54728482347,109.047974479504,1358.70313257883,1031.13709687873,550.892064415666,1790.45756504963,730.00702129273,1705.85978837583,1339.29965006645,1105.20878241614,3182.34975272716,723.891417271366,3127.41358584376,2110.91536968672,195.116709865453,889.311993147816,2340.93505031512,37.0557876764867,289.56533703094,0,0,1231.80889856641,0
dining room__198.png,4343.69479185251,1314.65160947165,255.552394390921,704.731565134322,1221.89580065498,705.863244663061,1902.23043645034,589.06749683315,1834.43492725655,1737.31948091291,861.157660541622,3772.74193937539,1122.38492404087,2626.5271324012,2776.25017299369,164.515798289004,797.404614247666,655.157321320381,25.1230033200416,533.873564750822,0,0,2055.4221210989,0
dining room__199.png,4780.75716153555,2280.0491445627,168.004171200307,1470.4964768979,570.738860329695,600.786109745439,1395.25193037423,240.526475796184,1542.90514534561,1261.93158709715,794.76465340104,3932.60021647668,850.450925504832,4204.15256829202,1979.45424672214,211.88660867072,726.65777394567,1776.25011050983,29.2253099196063,302.123059383745,0,0,880.987464288944,0
dining room__2.png,3553.29204041476,1754.30897331911,168.828000317112,1769.911474473,983.202022191672,804.398156413707,1059.20020041751,625.099103339444,1261.44259184252,2391.84015065509,996.571414072184,3369.97417528121,862.320565162101,3247.72216923261,2837.10620321656,353.237247460152,772.738823815666,1558.25087292889,10.1983214173874,360.190533750039,0,0,1260.16696027927,0
dining room__20.png,4680.35570824062,1634.94035883227,190.1197598361,1652.76114045071,935.776506032654,415.476021259649,1321.72455134289,211.628307201079,1756.64646246118,1293.18774742468,538.610311860283,2883.85381719112,912.474027212248,4066.71603838766,3322.68978536807,128.035043201306,832.147706050958,1431.21415388388,11.4617821275471,227.014938921126,0,0,1553.16583271397,0
dining room__200.png,4853.02475316081,1781.73687401613,151.14658542309,1301.84947347479,1164.27799521853,517.048796568131,1389.46806322089,325.288885748088,1831.37591044738,1353.29037393246,721.408145963029,2961.06184060957,925.539448750545,3278.53065949156,3138.7688616548,156.591409623417,1239.14340744395,1400.59800529703,20.2364778370865,311.882344763605,0,0,1177.7316873551,0
dining room__201.png,4353.14780431088,2161.4804500961,164.217595716489,1562.84610000518,622.14292482523,473.945618546248,1547.10792294796,297.362854880141,1977.14443224649,1388.25171272728,681.321481619262,2151.87795033791,962.355136909139,4383.26343808723,3368.45056633919,178.236171536417,551.687922328469,1104.80504046364,8.05515156314261,457.679681662669,759.558796350024,0,845.061246500901,0
dining room__202.png,3768.92927473243,1568.52664638205,225.058186513703,1012.43507262835,1024.81774950301,558.468769285819,2177.6583387634,318.874865817224,1530.94720274399,1653.53419752004,540.497228594567,3016.11735070959,1033.37763639271,4183.54541311163,2494.75302209258,296.980636778792,934.41354023963,2174.65546865432,57.0848431842773,669.997881396885,0,0,759.326674954998,0
dining room__203.png,3479.31108164271,1658.67064859858,66.2215170199398,1707.40126407458,1139.50862845498,327.979452559993,2010.54584531114,281.871327533064,1583.77343506506,1593.76821447708,565.442023692104,2813.97109725032,922.487903718871,4566.00116885828,2461.68682871541,274.425047784164,357.540297801817,2746.36766938929,12.0606429914465,507.281306163263,0,0,923.684598897904,0
dining room__204.png,3151.90668311329,998.541177651338,98.1033049943282,2487.148563016,903.360439553143,428.480786424458,1995.99933990909,548.090621630449,1161.53889707746,1285.19506269751,812.285687772777,2803.06759381252,904.364824904792,4852.58316946366,3251.47276081983,165.992918978773,753.486379704759,1832.61755585514,9.39260738055868,498.086741709462,424.719101016267,0,633.565782514414,0
dining room__205.png,4217.80469115215,1595.57230173392,214.797146768265,922.909889063146,971.227111836396,1211.75741505675,1756.29583541427,409.962062416078,2577.81321539009,1321.77283766228,876.870946255306,2585.81395939731,1395.31168077125,3513.78975944484,2689.5330472355,335.008278405622,813.499309891166,248.611037686796,50.896787531288,575.389861113969,471.67417846529,0,1243.68864730832,0
dining room__206.png,4590.86186285134,1555.0079654461,112.010595661772,1406.53829965135,670.263902109048,364.424083672531,1767.9224976623,401.234148871129,1126.44348258651,1185.66352331248,584.146515313483,2014.1430718945,847.7842234087,4700.50188567755,3248.13955534016,160.54577445001,880.993190240723,3134.83921084453,40.6838186638241,426.082501409547,0,0,781.769890932422,0
dining room__207.png,3716.34003281498,2119.08071089378,110.132674925291,2523.62946671194,638.286223729336,225.945794777505,2161.82928184424,394.742332169284,966.8665903389,969.543837595628,953.442933579222,2213.68244481979,423.96810231898,4101.61351327687,3902.06242293172,188.19786834482,901.294558523647,2581.3100722068,16.4914103694122,475.284284123949,0,0,416.255443703915,0
dining room__208.png,5634.10209905662,1576.29789878122,165.221086448634,936.276410349152,1050.79808118205,1041.82180936069,1448.12372534818,331.038853075151,1965.24544153216,1055.3890986673,775.698728761378,2483.48098527541,664.772555590866,3671.23070925078,3190.91404151922,214.026326756168,888.476004633817,1153.31663586389,47.3097842317171,623.093109307035,0,0,1083.36661500856,0
dining room__209.png,4400.82948295504,1926.89088367145,114.412420740255,1936.02295352661,751.458716901819,442.947593051691,1652.57824446557,261.88571053978,1211.53997575193,1216.98349459706,773.891282636229,2708.08176914919,641.518103807046,4576.09332956758,2611.68375199545,152.067720648674,686.880581426013,2911.33448931148,0,385.635096966408,0,0,637.264398290724,0
dining room__21.png,4491.86518502152,1605.92933179415,230.352411350412,2044.75795895455,1000.92152617152,716.103435799369,1412.19529212804,479.814808701322,1581.38234185836,1089.67545180142,632.777201138767,2704.54842570076,740.360562705237,4177.86419266822,2582.07498082084,209.669417552155,492.282025262321,1083.69026822204,11.4761318370789,302.427705288076,1101.84813624822,0,1307.98320897563,0
dining room__210.png,4315.55230000828,1025.29483470855,314.640006978732,1538.42382826304,874.013378928507,417.892129505057,1840.9107245386,339.363729359875,1219.55113633117,1333.19285477235,986.983119883692,3065.90053165021,573.982398363341,4215.5439873548,3246.16673120738,327.194332831867,1197.97614232347,1331.31648434748,46.9322516298013,470.137348930699,404.53297997997,23.8113095927195,890.687458510404,0
dining room__211.png,4814.92635813839,1301.2141460893,341.994517134813,1033.3975800842,1026.057600139,494.242610967656,1324.5390139184,638.562120227814,1609.3673230197,1573.74999175404,490.866163694826,2374.84544579808,949.394277312838,3250.95769597611,3190.23850190133,244.167453606892,943.605203440387,1989.31160117841,59.8253251852368,610.12938359809,0,0,1738.60768683447,0
dining room__212.png,5158.09058767194,1624.94113423151,107.362310396296,1281.5584877759,771.439589505143,467.287711870782,1647.81779797747,600.641041567693,1419.18234211246,1097.51682437842,741.125553437358,2470.00538774427,695.396478595026,3607.35486564109,4306.95048022408,108.502414407741,1038.46064570289,1229.21176765211,11.1174091935004,438.110509176404,0,0,1177.92666073791,0
dining room__213.png,3280.02815045898,2392.04512238494,273.6365050582,1881.27934853879,859.508081014878,584.676497822523,2382.86634458483,294.722322353544,1299.57232937119,1460.87673804641,485.724924842038,2593.80475837422,710.188607386781,3985.20373158986,3386.54079297767,250.934400406236,967.59012407769,1861.7691163962,33.8264105779741,295.567186944911,0,0,719.638506792147,0
dining room__214.png,4421.28923471322,1579.42486551362,142.606619445213,1726.71065690687,1113.361527416,856.139571039633,1779.27208309615,318.191411949399,1461.35313051129,1224.21069765369,729.203706472765,2419.35779163942,574.573782390655,4180.70882276939,2579.36512272598,233.348417054439,959.942876349949,2041.74279319218,40.5951281849716,501.594354229513,499.434971446284,0,617.572435299362,0
dining room__215.png,5106.53768608079,1703.73048252012,142.423387976106,1481.1116154939,937.108917946465,664.450449636769,1163.18135209339,377.717226121815,1811.61627966978,1189.1266422664,572.724162890511,2108.73534197213,715.547129779698,4131.38875354576,1841.39223371277,276.933599612703,1173.77210494098,2096.22973819092,67.5619746731253,216.522872259185,1335.15256884152,0,887.035479775172,0
dining room__216.png,4970.85318449518,1843.25383872218,233.174629725631,957.466563219326,623.478436734173,603.069969954036,1741.22820381001,182.19758660811,2118.21365855193,1181.49485248181,531.326249860044,2551.63993716639,732.104963651428,4523.98210059912,3059.04999452631,375.42208269655,831.923612424778,1434.85181007571,41.4301496457044,682.221136513435,0,0,781.617038538164,0
dining room__217.png,3248.02346330088,1421.21817430136,141.961494193476,1389.28841610435,1122.18723468961,543.212395978951,1915.86375192692,484.339676608755,2402.43017527594,1975.5653356551,831.605070446318,2745.74115993954,1062.18091569587,3683.18178753562,1998.1593191825,385.058349455511,695.916730933353,1585.14926574693,24.0197678613798,366.36049105803,583.346189682659,0,1395.19083442696,0
dining room__218.png,3765.72219762941,1549.85781701374,192.043825626904,1363.68622533263,1510.79851393464,359.215184331653,2049.4965986253,291.018459399146,1459.87778840423,1933.71606173317,764.538733589357,1824.62947197622,781.922106389036,3498.81615489056,2955.77533601948,93.9723930365939,739.605973028085,2636.49951305986,11.4844172538708,568.667575093406,571.958880581646,0,1076.69677305107,0
dining room__219.png,4150.68905648506,1377.06202190051,192.514448865321,1709.00775195777,1136.17551571926,404.747784442078,1401.91013305754,557.626551793706,1684.30018781328,1794.48829848302,537.975691639491,2568.64817492117,662.876040001994,2510.10036410873,2622.10279680619,252.37406721481,918.861671191055,1976.8352000085,28.6546527997962,585.956382379539,550.851407143458,0,2376.24180126771,0
dining room__22.png,4719.47252585887,1090.76834809974,103.191005757595,1178.48231334437,2254.94992387738,317.957515800212,1817.59224545224,653.839684716923,1258.03649056775,1154.52657131559,846.312435247528,2531.59378473747,897.129603237623,2275.84998773992,3149.39978924416,212.642864996774,1079.86412171023,2143.2899837243,20.1538757945326,585.803788572411,496.531430168517,0,1212.61171003586,0
dining room__220.png,3717.64724546848,1731.57551170844,211.499541400275,1126.01304519338,852.976471822833,851.684148872457,2211.31505426043,436.05778074265,1717.37426720729,2049.70095771272,534.216559352743,3461.15933970541,700.176514642886,3935.30912238776,2505.00787734558,185.219629963161,787.401705888728,1253.27482546899,9.92755275894856,807.469265600277,0,0,914.99358249657,0
dining room__221.png,3689.59101001846,1530.92929671628,119.275549860184,2022.10277007104,688.098800150577,430.072755570416,1897.97540757297,256.425356763325,1216.844088225,1569.38094660741,799.529238963376,2549.67039504394,646.97362930426,4996.97900022377,1780.40059438523,161.054819378955,593.589755247868,2713.63355732333,12.9214170469115,608.344596006676,1190.1030595919,0,526.103955928133,0
dining room__222.png,5019.29491100404,2045.32605133853,187.342718593726,1748.97626898526,776.34533052363,485.989566533076,1326.35911201487,766.785220472326,1742.25648984003,1028.28541770033,563.135634093898,3294.58831050263,601.835252632087,3705.40209072823,2756.51161301697,259.124409487142,599.872208336317,1533.31130151357,16.124628176271,903.044608805251,0,0,640.088855701821,0
dining room__223.png,4445.58488558465,1644.72072619123,152.264665833531,2072.32380506808,891.259033810016,623.456545325914,1032.84766151637,240.834023427594,1375.14768991688,1460.86311396506,928.684812666793,2208.61608067885,529.339297251799,4676.2734777756,3869.97647344538,448.214510263075,614.084631426818,801.495567147684,10.8267263509645,246.754399534316,0,0,757.388895167635,969.042977651758
dining room__224.png,4523.92579123616,2676.73714983398,177.900483016265,1376.7639938171,686.69939307102,751.892548196166,1473.684305223,309.558597224073,1737.14640912697,1271.95725892954,1037.43086181747,2216.03663061771,962.533857335612,3284.94689366431,3473.70730170347,354.817931085798,904.933842036765,1643.31662733942,36.3168623727935,434.000758839217,0,0,665.692503513166,0
dining room__225.png,5217.82206042422,1380.78826103943,209.900853071728,700.632011616239,1106.59991107279,847.859940702992,1651.70605654234,311.157688337671,1537.24082139631,1600.66700243913,968.464953141577,3909.2578613398,620.125904949105,3794.4601584729,1934.18899978913,198.522683731678,916.274596165788,1561.55152370004,10.5242802972888,412.622736931038,0,0,1109.6316948388,0
dining room__226.png,3516.03370021838,1662.04778666992,158.235871659906,1543.14874820595,790.737729046741,367.823076703845,2231.3488588198,438.649981182908,1210.1835420872,1757.10741356208,692.63081335759,2288.01012911277,768.056418797036,3859.09775491787,4035.67002527841,124.009308150025,1378.27233435921,1501.06852559643,60.2955522467339,234.020709505403,439.008829561431,0,944.542890960356,0
dining room__227.png,2903.49021485648,1075.13117540996,121.264018262915,1755.30378396823,1123.43726925945,349.670193366011,2056.11471963045,663.767208417213,1100.33964450453,2115.27906757104,875.896407394827,3021.86637542151,799.968957017766,3818.0130870605,3535.81102189517,321.032746409236,1193.66482854634,1452.14595845844,48.8105105467957,606.91593162942,418.902788091429,0,643.174092282286,0
dining room__228.png,4143.19061012099,1594.29367125376,243.812930150127,1762.18752747376,787.399076415788,513.856906500764,1363.31575959254,433.877617559005,1629.68035240601,1475.05183185006,862.894551280034,2552.48713004954,1008.04841494532,4080.18382142686,2872.78597918368,221.544613815822,1179.07193234277,1312.56374021937,26.6612422015166,258.737024333041,0,0,803.542305388738,874.812961490508
dining room__229.png,4141.48494293753,1548.22390861167,237.731035766753,1120.30923070391,1051.99284609544,761.792721615943,1298.79439401743,931.514279261458,1971.7495288442,1823.79266290305,1290.44919972095,2661.19885095245,1234.00234969678,2290.08239837516,2862.98425756555,355.843724599125,969.620213642327,1504.54360525509,25.7726951421639,576.318859013752,0,0,1341.79829527925,0
dining room__23.png,3993.94612079582,1708.30927598731,165.303164288804,1556.1623081703,1015.85088516946,684.38276657914,2240.68051249456,189.847260856175,838.304366425456,1333.3684168057,676.89917468779,2036.42317594828,636.359829210641,4184.57934894532,2733.4131451617,221.031094369167,717.62479309757,2960.61221639684,18.4517181538097,203.192037799672,581.561165199777,0,1303.69722345669,0
dining room__230.png,4235.10613928399,1096.34520242269,237.33781832063,1448.21160186103,965.280933243197,550.780582472755,1477.4999618396,528.751984133549,1368.83553181335,1499.35454832985,1136.14019432737,3151.752655704,1037.62270412828,3011.12536093197,2461.29852298809,287.071241213874,1194.39227404062,2229.99488870117,15.1338033433716,526.834912155759,0,0,1541.12913874485,0
dining room__231.png,4147.68810330991,1344.92137789122,214.405935661471,1634.0067654207,903.160256483022,494.132844914652,1332.38894734697,363.720935066289,1558.52404283053,1640.76582999029,952.441030621381,3304.06257148202,902.21735246554,3793.1245452305,2908.66556904477,334.141393308234,707.530583457609,1520.20903606657,8.79160815835401,676.118426359912,0,0,1258.98284489006,0
dining room__232.png,5169.93617510271,899.753695291906,193.097087911966,1480.08981778915,1243.34530975225,418.445819601349,1611.37639377283,242.6849888385,1532.9771171071,1055.3721513006,364.785845793138,2786.56366555323,580.083798207744,4859.89931924092,3174.52620484371,87.0510692451081,1365.73276566608,1894.39010498265,9.21909034661388,438.141380765439,0,6.87150423524691,585.656694651773,0
dining room__233.png,3485.97841388659,2240.93099035381,143.54200198524,1712.33659938683,958.845683880081,558.872970278225,1849.30276911819,368.654080252759,1655.32210200919,1703.59157611019,761.881567622916,1853.4640925321,1022.29034031465,3244.64043436966,3371.25683433347,226.500301183554,866.699558419521,2417.54199886177,0,373.949258301267,0,0,1184.39842679998,0
dining room__234.png,4197.19305801442,2246.84989692787,182.676189097783,1789.47475608741,1032.45725915368,657.998264421581,1748.44134994557,255.610592326014,1416.62312520118,1408.14577976598,819.722713678884,2908.48756927741,634.109855584643,3911.49995644666,3268.1437059006,201.035301169544,748.155090479176,1566.07114610145,15.5683266682121,419.233747594612,0,6.03157276422218,566.470743393102,0
dining room__235.png,4666.86890542398,2053.02718220024,169.905422051602,1804.75101128181,1326.15330016689,455.420088163866,1506.68847473763,232.075400104389,1135.12336923573,1347.73483560071,514.465235931076,2735.05954973391,487.575402281684,4297.37003560362,3094.82305220464,161.568032904221,560.452837187034,2008.961914704,24.8133377699653,347.322582591867,400.706603906261,0,669.133426214883,0
dining room__236.png,4517.81988924206,1772.96817619743,310.301127906175,1250.25668075688,1061.50746354632,847.806544953345,1606.39970464919,586.067990654878,2155.40346323689,1530.24190537187,778.539368066837,2778.52150207671,804.237023682889,3287.17153268157,2407.85511856428,291.044796297119,1326.98147639479,1098.94261494738,0,405.349723498638,401.169628315225,0,781.414268959545,0
dining room__237.png,4079.5989532305,2291.94913759854,109.917195516198,2323.74936377802,676.34879550427,278.535278962447,1262.73368160539,352.146900806837,1185.301880629,1408.99631971555,703.243959971753,1692.25209701434,593.50849177718,4256.3127044574,3271.00091992404,312.737457190021,499.417512927652,3462.99262795398,18.6757327033297,379.423422431179,0,0,841.157566302361,0
dining room__238.png,4653.94390631574,2301.45754670786,94.3353946890048,1810.91818943845,561.455442917482,250.048487790722,1356.92122567078,259.554540367922,594.448858438576,1144.13619497633,637.931755483746,1369.70413060685,725.898120985161,4166.31183882853,3365.21487080206,296.157456233683,1137.4539635173,1186.13672620704,12.0249063798501,547.960715518981,1805.59654131466,0,387.874196658175,1334.51499015108
dining room__239.png,4954.50360632179,1889.46105203925,135.694288503087,1195.08551471457,714.294921996768,459.730611945299,1962.30538130105,431.454325972943,1618.5350804876,1029.63064101073,689.939928191884,3216.09134187127,652.782922094084,4558.52077201318,1890.65775786391,191.046939232683,774.6279045383,2187.95257807772,14.6449953250979,562.122847757522,491.338341251117,0,379.578247490152,0
dining room__24.png,4156.1009145185,1622.2714723174,250.751855040841,1233.47103960222,986.198443478326,699.141400779215,1848.12015773515,322.943132764104,1337.47326256451,1631.55762307883,758.774455683156,3442.34103415474,824.736170516282,3745.76109826672,3314.33064201227,284.210838506018,927.490525077187,955.961805448433,21.8032560430043,466.542822195448,0,0,1170.01805021766,0
dining room__240.png,5175.17021386067,1177.1076397484,154.397861551585,944.524993830515,568.399565785375,243.490949614871,1230.48149477746,68.2831929183696,1735.62157227296,1734.22592053786,1002.19327878048,2089.60296055896,753.022521750399,4810.31709783236,2840.68764191171,151.502994393716,1013.99170487203,2450.89704340811,11.0718608493801,771.567379022891,485.301970681809,0,588.140141040092,0
dining room__241.png,3903.62243628607,736.742751203843,219.244227359927,1670.87277891046,935.916885668975,622.963033656652,2333.38040446771,805.705664410129,1743.03308499543,1185.06389904901,1409.38847487387,3415.25399356395,723.655494174345,2984.05882352219,2995.69626082065,162.14516879123,1156.60645730727,1003.80939960339,15.3650414811204,585.629633484262,0,5.89477684005277,1385.95130952946,0
dining room__242.png,5576.20019384609,1064.91766170867,255.070248674284,1341.01346354165,831.548407115846,478.584555566078,1029.90446278157,290.359518957162,953.448365455603,1221.95975219137,583.080826171192,2548.5729564641,593.418076103525,5142.63091999023,2634.98688515664,229.279695736162,709.936150241756,2761.61435928952,8.22435579963213,464.266593615842,367.722629393771,0,913.259922199305,0
dining room__243.png,4881.16045066747,2134.87989337469,172.173599427172,1397.22207845069,473.115088021863,565.197517500807,2100.72085638354,652.805319685491,1103.95779381552,982.260079379657,903.951752039854,2485.08791621117,495.032322466303,3925.64993085604,2383.81761967508,131.535476266979,944.664823303923,3289.76555337025,12.0687363853603,208.573460545309,0,0,756.359732172826,0
dining room__244.png,4673.24006119272,1487.75297077007,144.096771347164,1759.80009405624,1030.61035285368,628.123209585914,1279.41137507569,369.707957447096,1578.94907925624,1451.93504636463,721.766053206914,2840.68783134879,586.967251228916,4541.4413904493,3820.70716756522,205.512869775325,764.503002195589,987.435940896677,43.1333023064744,215.778201223169,0,0,868.440071854186,0
dining room__245.png,4807.54982809997,1210.0546396735,140.26262432106,940.456157700684,996.956690209483,460.393237166482,1655.88473883497,400.486312466136,1239.42923665136,1399.58249640626,794.703669175147,3337.36886117293,956.071107261355,4557.51328524369,2864.23654343444,202.299773466469,1105.0466624941,1525.96597310094,38.1558982302914,391.136006983453,432.343524152783,0,544.102733754492,0
dining room__246.png,4468.10184021645,1137.28195325593,225.512855822999,1714.99056911715,1100.81237961601,553.245686719842,1581.61547010924,496.656848352583,1927.13064032984,1279.68736431457,656.521145971986,2944.09256205954,629.503759969838,4631.51797975761,1843.9673085636,293.256218329217,673.186045991342,2082.61193480342,32.8447779435424,264.86376699146,423.439011700765,0,1039.15988006308,0
dining room__247.png,3738.47131159435,1243.89836916317,179.55508728082,1832.26761562546,816.055997392681,597.731771357114,1378.29096542447,597.238477000099,1559.76035816469,1885.55776808323,1023.31477583196,2170.48869053399,791.656439703315,4361.47113102325,3002.99468160969,362.297756753506,775.911015555268,1536.4612026007,11.4581428156628,446.839764054598,953.008208452997,0,735.270469978978,0
dining room__248.png,5285.99691703788,1653.56676759009,148.26067244959,1211.6620505486,1990.92238099669,441.801543610005,1052.13735344566,347.398511617099,1286.91674641842,1227.88172495405,549.390771444259,3731.57930363241,831.203810704778,3307.25076447945,2395.83379210107,333.937691543947,856.013387915608,1236.96003465052,40.6527561059009,375.948107010469,758.647907137981,16.5276956591844,919.509308946334,0
dining room__249.png,3952.78001302736,1145.40151384268,99.2799556872092,907.604152048042,1464.54653437594,374.041224946253,1979.94086734394,371.16354930858,1555.79464105688,1771.49597722534,781.431011219652,2831.26096528309,1037.07417368944,3256.96434655832,2577.09237435496,341.888007081363,783.287847184815,1645.50288123363,9.21680958450847,429.60988793921,917.027957437989,0,1767.59530957081,0
dining room__25.png,5098.227221808,1366.58476958379,202.372753124405,1900.52734184675,525.906820416627,577.37290739095,1325.4571966641,279.669398522651,1213.67629734955,1093.11050351633,567.747027096575,2893.08634664339,476.552621817536,5559.11690167397,3287.19428655348,96.8192343724655,345.372496866451,1826.29740893822,9.30587997481613,214.118611234042,0,0,1141.48397460589,0
dining room__250.png,4535.19974220167,939.005718351743,238.873930991791,1070.60558456498,990.175775227444,338.894687325236,1843.84138132763,631.867298911372,1980.32689404056,1492.26663712756,958.294208185871,2709.85700138685,787.316053546633,4212.50387128422,3322.19468025272,230.584943192916,867.236555855427,1409.85280600285,40.1856580386123,594.568921333379,0,0,806.347650850542,0
dining room__251.png,4874.98478863924,1353.99407220487,131.414737085654,1124.97549124366,1068.39697826464,420.690957799498,1489.16215659714,599.683900729487,2050.14212553724,1563.35199615117,749.004085796438,2078.46989562226,700.4080695159,3983.09596031185,2491.17608773796,236.999236540564,1121.69763818163,1805.49531275459,10.11826131233,372.802512062846,1022.61088346279,0,751.32485244823,0
dining room__252.png,4683.67622495563,1430.26400604687,167.104668493015,1494.18945351775,959.578936634538,484.370210571206,1813.04848093902,429.744614264092,1755.96173157505,1089.68405111386,897.795863176247,2720.13948405616,718.544929899951,3714.54403993328,3315.5664095988,200.856859573786,785.068257476671,1556.85749570577,0,285.014958152247,0,0,1497.98932431606,0
dining room__253.png,4735.165262627,839.019559669787,165.259574023953,1740.11739808592,1788.26213856171,483.61540746719,1228.6711620304,302.753253752205,1717.29271169366,1320.04701521032,525.611336972482,2438.86163297,793.334623222525,4178.85492498688,2048.01047670464,163.249235550517,855.762173726438,2019.04677760628,19.4153032733156,427.738929809698,1127.91341953427,0,1081.9976825208,0
dining room__254.png,3625.44134314371,1554.73134357654,127.281547958574,2362.67173504802,1524.01117493509,411.627870673783,1757.85610127474,436.877101991509,1640.77290172589,1098.58826995041,823.374691908855,1900.00633418884,849.552545464033,3003.01814441436,3090.06475375334,291.328421831753,946.816911639257,1929.89640223014,8.34304482861992,456.207293279532,900.350189469426,6.21853845870741,1254.96333825486,0
dining room__255.png,4151.57762052213,1802.48890933905,108.230979429667,1452.25412415178,989.20247914417,473.318877539071,1396.2227266651,322.450352336267,1814.33009930781,2026.57056585326,1119.79441825735,2800.34358312834,829.711654270454,3439.82115231327,3225.95907533503,125.512990848971,777.295905296067,960.585498914948,18.1503176883047,394.734244912722,617.231886345131,0,1154.21253840111,0
dining room__256.png,3849.87179622652,1210.75576163742,113.281870096147,1810.67001185419,1484.1132625095,424.456966354161,2303.92886908211,509.52313665688,762.759914144406,936.385769996293,1137.15261607668,2964.38038732034,865.477275110046,2488.4456806833,2626.69222642898,220.157860196425,1223.31438924632,3108.42863565597,13.5084175344207,933.16672838376,0,0,1013.52842480614,0
dining room__257.png,5075.4842372341,1391.81676109878,148.261486398502,1369.99121296919,1597.48929914611,616.852357066253,1336.52098087047,290.971274088719,1594.30142396367,1196.82280676159,626.897164918827,2790.51831903228,639.049429979574,4188.40419671213,1606.76706531265,382.131332185078,491.598891481453,2658.72264382021,0,616.135919989986,584.576704406435,0,796.686492563987,0
dining room__258.png,4355.40173336424,1319.16397289315,117.825370510822,2380.80969963189,979.436879286126,326.784310442721,1341.34690419745,339.423418768887,1509.15875184366,1017.07738095118,434.039332501861,2528.75018787531,731.5917528894,4654.75056320015,3641.48444475876,138.085387553551,492.317403655118,1400.23006332947,18.7007483704745,264.216946818971,475.76687123926,16.9863930418079,1516.65148287573,0
dining room__259.png,4171.36059586804,1651.45908007975,97.4790082628754,1790.55767356071,1462.82784805197,524.594204615286,1950.70533599646,686.024218894836,1190.29696820223,1134.4306191277,477.714144905298,2315.20665122985,754.45648521855,3255.28254845187,3048.79763879875,161.457811995906,306.19047431108,1949.90020035374,37.0314782326312,741.571519383395,873.725328537282,0,1418.9301659218,0
dining room__26.png,4529.56631756632,1214.2886033641,173.746346718231,2250.27876344306,702.067190355814,643.066924183742,1198.3304188685,522.504592750794,1383.72982834367,1136.66469481421,478.902450304018,3360.51595097912,682.637601329681,4364.87568469199,1974.93332300141,193.828427205405,790.062398390067,2464.00762677384,8.69377677282289,521.805630890301,0,0,1405.49344925292,0
dining room__260.png,3941.91982500954,1812.88360557568,149.347332984709,1761.98125180152,1630.11265364558,425.476751919288,2163.40931774335,435.886621519104,1574.68004105697,1075.81175766419,661.216105264734,3166.53082382742,680.279809313315,3367.46272779674,2646.27270730757,362.881621560223,812.231783651072,2037.69234290405,13.716416907863,490.409150377984,0,0,789.797352169108,0
dining room__261.png,4262.08052060402,1376.45853189555,73.5535557795193,1351.69506305235,1211.66010017407,396.834514168349,2147.16545268466,492.180543140229,1193.69572275171,1172.54730560206,655.78049388592,2167.12033371009,795.039017231643,3960.63358862787,3256.74149082857,249.856716206988,658.825510448335,2483.58366290555,21.6159246182768,597.505047719931,428.470719856211,0,1046.95618410809,0
dining room__262.png,4640.05359524656,832.718241340023,209.15899757621,1355.39042520532,1387.59923455177,574.482227062227,1916.77351923123,395.246187771373,1734.94320212267,1195.13690349776,800.9350424963,2545.8116392597,556.832934456996,3704.28722919245,2562.27898504087,292.190010731313,433.983795782956,2373.32494893833,43.6226116308172,518.967530528063,0,0,1926.26273833706,0
dining room__263.png,3961.68025802,738.972989061936,188.934234720888,1810.55647744346,950.380135788995,538.848145098385,1740.83775669233,485.624640430561,1311.4786430332,1440.42574749121,573.995763856183,2259.8073817742,857.615144746451,4101.92228809421,3228.51225458561,171.860322623124,963.829304089997,2472.41934078772,17.0242929834335,517.040837007694,0,0,1668.23404167043,0
dining room__264.png,4663.27134407638,1392.93321334012,285.537393003715,1254.31867943196,1435.37349615106,729.677166961036,1740.65640594805,418.771371831666,1621.60327946767,1367.63556203346,454.286598262755,2604.82708887875,677.221426120482,3553.54018749521,2157.2596910407,263.214776534,1068.04231199353,2601.09538064813,33.6818058556749,355.370155733813,0,0,1321.68266519184,0
dining room__265.png,4173.54330266217,1703.14528373363,274.03821403479,913.225233470819,751.18567017575,611.101212467043,1978.56593660571,838.833603597849,2165.57046941321,1587.87843256161,1298.59610185295,2218.17997621604,1075.93317785943,3190.9089645089,2816.20872459957,251.218961032243,739.571423714814,1393.36503184081,19.6349558080267,819.916183630038,521.53637142853,0,657.842768786072,0
dining room__266.png,4172.96540257589,1797.4096248057,118.280223888614,2167.09649785795,535.754472717471,441.008273799956,1701.11666798131,570.547278096194,1066.3636319039,1042.30593592864,641.421446624684,2288.59990641118,750.445867406727,5152.03591478661,3149.61451821157,158.440641760016,563.624968745153,2496.54626554551,7.62898648946398,375.396601572273,439.587180239279,0,363.809692651913,0
dining room__267.png,3987.5251315461,1847.40715333452,246.609776025476,2388.79250525723,1099.54596286935,788.933371711323,1538.72992513048,272.722024938719,1172.35037643224,1161.92210111018,829.328877899544,2125.54812256264,580.604579638684,4048.6425911291,2511.79124383839,324.598173883727,758.632279834657,623.738297767788,17.8275834336006,666.913611973598,1455.50726046907,0,476.807498020502,1075.52155119308
dining room__268.png,3643.98525913311,1512.39392952768,204.631879420499,1244.07871592462,991.557417462561,655.146041011714,2297.13617921702,556.319120698293,1433.02700050026,1500.58899429345,504.775371890745,2394.2513195216,963.265322051449,4068.92417936137,3189.85197049854,341.769092124799,844.642314988244,1727.72904521087,9.17643725554302,680.077449375377,395.362743836523,0,841.310216695721,0
dining room__269.png,4558.87686812188,1783.14072816225,200.434239133612,1568.78747309409,807.993914274634,713.194066892254,1467.36741213639,523.356227565426,1790.38420641997,1274.88998551866,808.226359257383,2688.91498841023,916.533402206254,3340.07882321569,2399.49233682887,202.844091619304,654.344311172371,2207.58016231507,10.7007673034249,470.226425292736,0,0,1612.63321105951,0
dining room__27.png,4709.48987764647,1489.49213174178,292.138965801804,1121.29133081304,909.016525564397,718.647976389793,1581.90759108108,722.769068794493,2147.71479459429,1303.38519905171,792.43599080842,4276.30136845583,956.08434517671,2817.07874184376,1755.29532710919,260.488172633168,935.736004657253,809.901567649101,59.3568337439565,240.942053836155,0,7.9966498538563,2092.52948275373,0
dining room__270.png,5546.27437779182,874.998768174792,221.586951120999,2140.38430578497,1045.87463426932,675.702140445681,789.889509710275,229.983373049763,1380.70037027304,765.623386978353,446.307510964706,2224.272551797,568.713172452761,5214.25503722736,2195.2033850741,189.115247281824,678.772273772684,2064.92214717076,0,535.977993320047,1237.61245411842,0,973.830409221326,0
dining room__271.png,4099.70399870847,1560.06968780113,154.851038535245,1459.72560937519,1030.88539203063,561.994748520874,1969.14018641072,337.649368757441,1491.84726335034,1416.66244644497,672.255656545092,3170.10985979003,810.094709118283,4273.7554037664,2362.09127330521,234.404516518367,317.070088685983,2259.1058164983,10.2685334239934,396.820869430934,0,0,1411.49353298239,0
dining room__272.png,3743.76247839396,985.248819680658,210.780381200392,2093.91226365829,1095.89295002022,553.48603573927,1633.75601634545,341.555320617499,1357.56753013781,1252.31571938736,733.201152382381,3709.77377337243,850.326164627281,4299.80328151611,2267.38482242705,382.669415345901,1012.49689749754,1419.10564201877,43.2579422417584,333.696861574276,481.90181510428,0,1198.10471671132,0
dining room__273.png,4304.66591058075,1614.19426141615,296.879003800471,1529.57825904517,1021.32513492807,928.647304321378,2279.02929392376,515.38006563448,2082.695685335,776.492196997041,781.070798649566,1978.93789841902,674.528427684516,4338.94103337405,3600.16749619113,374.290813433126,666.167194326083,1112.67261193301,61.4150983356347,319.803006768914,0,0,743.118504902686,0
dining room__274.png,4700.80065780608,1221.47932453783,120.776674261774,2536.58046714232,800.486435735911,222.216203139747,1171.05814996727,500.44886340367,1162.1079014607,948.501151305338,405.785002681563,1894.41200132559,455.843371990889,5835.81535524791,2149.29018999329,158.425980121008,552.623038322708,3271.61098995557,28.7902216670958,172.677433357158,1179.58603986333,0,510.684546713249,0
dining room__275.png,4301.89680962813,1793.97762852152,181.279388982338,1351.2353353005,1237.54199745155,574.189333839985,1746.78295757729,436.695452955598,1683.43057516737,1632.14401930753,1011.45894960181,2766.84237151571,629.540869185929,3117.75762937056,3105.23928451179,317.327196149807,677.660813235559,881.55348656099,21.0728128508142,716.841108430644,807.465559421821,0,1008.06642043276,0
dining room__276.png,4179.65543342813,1155.26582778223,172.020978712377,1748.50046103677,1570.37546661881,456.621612238166,1815.69998946617,386.046708198373,1805.52724442247,1430.44169651882,732.042426086364,1689.32135555973,597.430532989348,3443.60742688228,3991.84598746792,200.881164853035,837.057275584826,1884.66282159933,27.3907217077276,385.762097771298,0,0,1489.84277107581,0
dining room__277.png,4459.40867505491,1500.80142833965,186.546065643359,1754.66754773829,1615.59402923169,537.460986658961,1802.12011797816,581.594278072986,1059.33660256942,991.306520213107,457.748475542735,2681.17162860924,814.975381169463,3528.36444226552,3071.1953065158,177.521757846074,884.587518687745,2039.91919204842,0,624.916702855469,424.370217954804,0,806.393125004214,0
dining room__278.png,4435.6964999554,2200.04061013857,235.478880208045,1883.32543014125,1325.92388780833,665.2672592628,1396.89522482891,357.946277984248,1533.29518127921,1421.33339275701,668.977727727574,2584.65243777195,683.499393807551,3254.19525248226,2214.96141678677,143.352825067231,833.649397412493,2156.90791820768,35.897233442656,384.712346534928,609.436906483545,0,974.554499911597,0
dining room__279.png,5111.30423631503,1995.77279844902,110.291084466581,1521.29155951595,1369.63067053766,226.174264823791,1276.89348024912,167.380838671303,1423.20450337228,1257.03244270673,436.361183829441,2646.64215198329,702.284954683084,4940.71412920241,1912.19021468364,122.458696239087,155.585785008611,3681.49778067042,8.73463029099076,283.186523596893,0,0,651.36807070466,0
dining room__28.png,5119.47759860742,1265.74794329172,134.645134389228,1576.59220518732,1995.00861327156,472.313282765452,1790.67811999773,237.222355528269,1310.10196798797,861.270734919795,712.7133841567,2511.23150699466,484.287678015532,3373.37732304881,3463.91904636565,167.693663272207,573.835140949823,1661.68081959481,0,222.378901041241,446.108241902238,0,1619.71633871187,0
dining room__280.png,4567.71824938856,1911.59330634292,134.129219213668,1620.62392426713,1154.87832400587,457.573094871523,1712.80613621015,356.340467623724,1242.11755097364,1115.83936286274,844.18303076191,2067.84222993988,639.633807564513,3552.54977150538,3878.28064069887,332.932943563989,890.128027975543,2220.05726430242,10.4455761429226,474.951351073587,0,0,815.375720711062,0
dining room__281.png,4494.46236472544,1335.1697129405,115.440890365141,1577.37451501326,1881.74369614214,715.796960033698,1449.05390288999,285.198677259095,929.804335223903,1395.36697645647,471.305362635023,2473.80463534647,678.556326776179,3966.12364499557,3495.75157172922,364.789344455733,794.972084060966,1856.51341089906,40.3965696829258,330.642576002661,412.888196402507,0,934.844245964047,0
dining room__282.png,4719.37313587034,2020.57821660797,140.693879006086,1663.62498147538,1129.00675616405,652.43307307563,1605.53576579992,511.163578606752,830.009487433586,1107.12357620958,546.118300279198,2991.7942214491,701.486791282555,3884.09218033024,3461.65145095273,192.384167471396,514.694695360889,1923.41788808287,10.4715818908317,394.803692791543,0,0,999.542579859358,0
dining room__283.png,4103.15646648445,1760.39290855307,144.339034431881,960.812002035952,1403.1634784162,748.107155773107,1881.68514025757,439.176865736936,1715.57227716206,1840.35650942442,698.175037030115,4001.33375852754,941.611833071915,3181.16224975415,3178.91442377634,225.007547701175,1048.34950829853,211.733350329073,47.3705010245183,598.02048638915,0,0,871.559465821855,0
dining room__284.png,4658.77543328132,1417.51288717397,191.202812122277,1212.22639539183,1141.32712437749,687.234488542993,1602.54769126921,363.749782111795,2160.41202668031,1274.5140014588,1147.90869309769,3041.32666071667,991.160101498346,4175.36021566448,1585.74332547075,204.688176607812,812.118756946854,1778.71287234032,56.0882004926798,305.379041326257,555.367814126677,0,636.643499301461,0
dining room__285.png,4779.88291488346,2056.96129546553,171.484010206115,1400.82631718335,884.311809492108,449.216267533545,1247.84879492824,423.899894950623,1246.08537504766,1710.969562562,655.651237335196,2561.03419626099,651.887256378949,4599.74406572091,3077.55595754315,200.114585313339,446.246992689729,1359.36911519029,8.47056875065054,270.525055391437,413.207884859432,0,662.659648954461,722.047193358824
dining room__286.png,3959.90019452591,2067.23122464711,160.976147768788,1466.00516216377,1658.98422587753,565.445141021271,2217.85169890641,332.030291236119,1081.10885133594,1363.25489686137,742.313231451581,3176.76784525646,715.893556588067,2699.99136787567,3544.90321260142,248.202858903755,463.26256543075,529.319046737474,28.8916320507282,466.991058022459,941.479755278646,0,1569.19603545878,0
dining room__287.png,5138.86947305243,1586.7453828942,216.231905390335,1156.86656498248,1073.97865841168,699.046213435467,1329.04746240724,491.351258027159,2263.11569714759,1270.54195948437,810.608424506023,2690.18028059772,822.412760627406,3676.80911297266,2569.07123314709,275.278641293639,949.800552576048,535.90277513118,6.98313815243597,404.339442134669,1026.45189515061,0,1006.36716847757,0
dining room__288.png,5283.39479762185,845.052521610948,197.990246274229,1250.71255474253,1619.97953886463,322.689209650492,1392.38772674163,455.926810097277,1221.81129057384,1294.49825484875,697.037576998818,2569.13453759128,555.124551842933,4192.5319073558,3096.34584082574,211.327840481734,513.033430878981,2592.02887508443,6.27713686028495,485.569988295919,0,6.27713686028495,1190.86822589763,0
dining room__289.png,2493.0382419108,1866.8273405637,171.906933470217,889.062506866707,1329.00244228791,666.080795096392,2942.22086225194,570.517799534346,1423.96866920309,1916.94848946391,1020.38784047642,4024.15591685465,1299.55057264136,2659.3510384117,2503.83713522423,407.08379837913,849.846255120472,582.965434886233,52.0955284861529,496.909753776931,627.085115265188,0,1207.15752982853,0
dining room__29.png,4403.85460113297,1357.13809218549,146.882033167331,1641.72838648161,1342.90356158852,711.999945723461,1857.43631049099,199.952634372705,1991.31748354669,1035.93615711436,772.566826072068,3793.99588845522,834.656645269096,3727.04181529986,2023.16085873178,199.983083788223,955.543860718824,775.071431963775,26.4048157227432,525.258275054843,557.572358411747,0,1119.59493470768,0
dining room__290.png,4009.63512817575,1376.58082121333,136.224932471159,2161.54117123317,1157.91699553432,535.960722448249,1719.04982815049,419.489557826708,1235.35211849935,1248.06404397298,571.704290773375,2492.8585894939,601.107316872928,4129.84698406898,3140.45032776069,200.183657635696,774.957472075097,2108.50569252777,60.4188539589865,425.500962416584,350.647616798877,0,1144.00291609161,0
dining room__291.png,4416.16009819848,1797.62410083076,155.765073623646,1921.54482371728,877.456252094604,585.782761355184,1575.83082264317,211.05022333777,1537.54094305341,1261.48569520145,756.769802240949,2130.70562851155,625.83659210463,4275.4205793447,4154.38152409083,186.079222631798,505.705933263764,904.137069606907,13.0627455031862,556.366133527395,531.686999758468,0,1019.60697536006,0
dining room__292.png,4535.6727115877,1306.677735791,141.142524633673,1375.06999808424,1297.4941252438,699.410729886665,1821.30849728109,354.591550646726,1286.67775328259,1095.39720573241,606.91246153939,2439.53676050084,757.357352689437,3729.45497440907,3420.83695877445,381.467512133895,807.099112995535,1446.50673682996,33.7267224912248,285.383029906044,565.888536091815,0,1612.38700946843,0
dining room__293.png,4284.45255850229,1489.72438062337,243.670121577835,876.123249825687,1491.34554795501,452.241879638129,1937.1594430635,379.943971437222,1814.82067408332,1507.4504465929,848.01135207515,3559.70721609061,883.919928530013,3569.84423729118,3119.78399475597,453.154242476922,840.221085278232,809.776113854136,57.7401310086913,463.599928999573,0,0,917.309496340267,0
dining room__294.png,4385.02346398788,1355.82378883296,254.452678778115,1421.40613238616,1515.00307657727,711.00640988988,1611.40708617446,409.67720702553,1942.66899967019,1547.13579788211,830.12591315698,2800.6640498968,650.575186618279,3220.98170647992,2964.68245805901,345.179056865137,670.942728772356,1326.52540370601,31.8514277029922,373.167400439895,0,7.42184838297248,1624.27817871509,0
dining room__295.png,5913.34856451856,1857.63117731373,353.261270686226,731.03117557909,522.378131891817,837.198398902147,1036.62385547324,494.115024162577,1659.53863351941,1320.66434241764,674.966489306443,3250.5265460916,752.575141257398,4479.46791517612,2395.91509839194,215.357303814921,564.413024959631,925.314303388788,9.53234162823208,350.130494466206,578.24574901988,20.8672753109227,1056.89774272348,0
dining room__296.png,4822.78764601897,1956.48051517189,193.984831405389,1902.28928631082,1208.31989839631,264.588397600857,1183.44341276415,470.114233194778,1743.21639095686,1351.39300815974,815.082237913922,2595.84565555728,611.465244925264,2703.5842938759,2863.46115554028,128.621401821065,995.536714729407,1796.56040151664,0,578.783130858413,542.343167422696,0,1272.09897585939,0
dining room__297.png,4110.21191011297,1656.46929411108,210.76314595695,1456.32354103016,1074.07648056869,867.974388465044,1573.53783366596,753.867370482586,2079.3862203492,1804.88416518631,955.467203293135,3173.58555647242,833.934564711557,3856.63090010003,2703.84482535472,203.842658105402,501.559122469868,964.445863401668,17.2653271876354,366.915077645068,0,0,835.01455132954,0
dining room__298.png,5699.29076183492,2284.51451245329,299.236567251679,955.143737052403,1352.3712120464,860.051203382372,1239.43631875115,726.381457091966,1795.12892649833,1383.4758322521,539.576914143252,2785.25783853908,514.91717842592,3116.87771512692,3012.39458705993,196.129699781355,691.447701946892,1247.93087726861,11.6064719021548,382.381910673747,0,0,906.448576517528,0
dining room__299.png,4562.49352627739,2396.8883638478,176.065136688441,1520.81699004337,844.568561615364,414.604448808668,1334.0821301631,539.103551273635,1808.32885861395,1386.43041037695,628.649738152117,4118.6100538249,907.675199971136,3136.97332680223,1183.53678357966,258.82478392283,788.3676590734,2298.85471848438,22.3068506269235,592.228380451136,0,7.37010861830746,1073.22041878431,0
dining room__3.png,5534.82881537835,1164.16118390556,177.806384230257,1285.99825261731,1894.15236823477,673.126990700703,1392.89653833778,115.434619304987,1794.27329875906,986.753260757756,899.755527879644,1902.28977353871,632.21308096308,3498.62137521079,3656.90578895944,167.310051945718,582.563630941405,1795.59776381183,0,265.909215518819,0,0,1579.40207900403,0
dining room__30.png,5426.2003571778,1482.16432015476,255.504455119857,968.842461830466,801.908439088854,635.791577398789,1539.2808934701,305.815286846545,2043.5333291161,1100.53445355328,517.157095657345,2614.80414233032,691.457662384421,5002.72680964514,1916.16209011125,256.54572972937,655.075043654487,1656.3209096007,17.1384418545584,189.692839451541,877.883496322979,0,1045.46016550133,0
dining room__31.png,5026.22624506701,2169.83251402771,188.986678443605,956.114033617906,919.990131843741,382.376288516601,1621.42460773676,386.72196766281,1457.99684360962,1419.02026964629,761.652551620843,3311.62949390518,761.909230243698,3663.96901869372,2989.69908827803,189.614760457113,905.120195797012,1669.31160724696,25.6908532312251,271.915933179537,0,0,920.797687174625,0
dining room__32.png,3535.43780163977,2160.72228502235,190.350454757705,1329.30478987523,602.008501869838,708.775039535878,1885.42485444918,491.300335108493,1794.72757781609,1582.48658762269,998.679196045682,3116.33175290617,1342.08345185363,3380.81363655378,2315.67756632234,279.223758640598,1092.07294026107,733.964111261141,46.038755918894,288.225805807722,1140.17349740068,0,986.177299331071,0
dining room__33.png,5007.82298850926,1926.15713994228,197.082396235307,1632.51292043371,625.637573974572,508.61806342759,1312.66295775205,791.032631111456,1645.71518448349,1106.74173232852,554.108733547144,2277.37114691752,661.794871345738,3808.86262464393,3253.05986939674,247.70226294597,761.083870957826,1712.6349819008,30.7622666847474,777.859221434283,405.51835763854,0,755.258204388512,0
dining room__34.png,3169.33518112515,2899.10474562383,221.12593873564,2164.33865852348,972.808039637912,495.769289894545,2362.46771179784,274.176966461874,1008.75336767092,1080.01159513393,581.949721625586,3639.28152757121,997.40943401637,3126.86549325144,3182.42567298865,187.967643783846,661.629472376337,799.463947727402,38.4697756193842,707.231148094502,653.180255411636,0,776.23441292852,0
dining room__35.png,3952.78001302736,1145.40151384268,99.2799556872092,907.604152048042,1464.54653437594,374.041224946253,1979.94086734394,371.16354930858,1555.79464105688,1771.49597722534,781.431011219652,2831.26096528309,1037.07417368944,3256.96434655832,2577.09237435496,341.888007081363,783.287847184815,1645.50288123363,9.21680958450847,429.60988793921,917.027957437989,0,1767.59530957081,0
dining room__36.png,4441.29775747833,1163.63331828222,151.56164031746,1120.97932092634,1083.70366720013,396.724111683887,1846.79022844624,296.247498779602,2191.522360695,1409.4902684105,896.191243087878,2248.98385066567,894.273946966446,4139.14536566855,3860.66136761191,209.844375879106,761.837833783597,1150.54666902608,71.1076020652484,216.199625645977,0,6.21649982778937,1443.04144755203,0
dining room__37.png,4784.04315106551,1107.13890459275,166.698249223255,928.201231178852,1478.52609402812,376.802632760677,1929.40973631121,375.55528774645,1562.4063039795,1212.12390744526,906.342917788196,2221.66540618001,830.080787174186,3599.16063609451,2450.46558174225,277.759763070911,650.841957274455,2803.8655256554,38.381423754066,341.97797695719,418.096300458901,0,1540.45622551833,0
dining room__38.png,4661.49522103967,964.916787429558,178.106706544278,1789.21838980958,574.235243591979,484.449928136844,999.113217361935,550.738246743317,1748.51052280778,1213.87329350898,847.952267833648,2240.37023246318,1027.08595504466,4748.8821682615,3107.61418143086,274.939023478545,877.878230832201,1731.2228029809,34.2748997566426,645.456154378317,509.725625636159,0,789.940900929476,0
dining room__39.png,4398.66059802532,814.205683489312,148.455953873416,1696.00019000103,987.655017962605,503.530709400029,2109.04983391394,702.366124265109,1764.18194411446,718.822338259642,669.959211992234,2579.97485133053,806.711376167415,3767.05519257092,2687.09217073971,234.445531700121,1446.05470321101,1283.19660434369,36.3101319325262,806.567025958763,1033.56776619817,0,806.137040550049,0
dining room__4.png,4128.6867319645,1455.02220859551,160.96490217089,994.038717059634,948.871654717015,432.643899162766,1987.6674542226,614.897643304474,1197.45138096001,1412.58098644062,1132.35288892043,3611.50387128263,1211.53204136152,4019.71902405754,3136.34447441498,221.936060692399,599.129153273715,478.482270855203,43.55800825872,325.457382030356,982.609201153519,0,904.550045100962,0
dining room__40.png,4080.31951915699,887.836025079275,110.956470415279,1992.92126297306,1042.55166333008,450.403454205407,1765.90304407521,380.370226346538,1154.68079688407,1256.27504334628,603.458581207771,3132.57164276534,701.378713372621,4099.62859235374,3932.64167729132,194.103916636229,828.346298552307,1218.74595843859,9.09850043961182,718.891375101755,0,0,1438.91723802854,0
dining room__41.png,3737.99487744522,1348.40188882695,93.2056423437192,1744.97290699941,1606.14398978419,502.807227330722,2325.82395818253,494.573738782032,1006.43210067873,1208.68014578837,662.097286262441,3281.19051354463,726.737358992839,3933.67344590687,3562.09895817522,237.404323671577,534.8929837154,1554.26555792698,18.3864289200567,419.09222671467,0,0,1001.12444000745,0
dining room__42.png,4952.87625277825,1727.41447447267,203.694738134583,1444.96465966231,1100.79746789391,614.851419451761,1436.54140000276,231.591965498752,1698.12010011756,1112.10085030266,424.513719137135,2548.50830128347,831.176175802534,4100.58990240736,3072.42858469934,222.340661451488,950.352849384986,942.934070463325,0,554.449611807981,919.462785849959,0,910.290009397213,0
dining room__43.png,4845.37086843064,1201.75174284168,331.718997499672,1168.75826583254,1815.72491897645,650.293165193941,1465.06754635563,617.061831883464,1499.52834965464,1358.45790994679,587.099680173403,3278.04975374944,889.04764247895,3205.52630417531,3655.1040458186,236.775089324746,484.665834371898,585.30568808371,36.5226776307,645.810280483759,0,0,1442.35940709404,0
dining room__44.png,3755.60180496488,1357.46419857357,202.372696405065,1663.62010200226,798.727538651056,534.104348984617,2158.88097988196,553.683608505415,1511.92490176827,1254.48316464179,845.067407078124,2234.86289146764,795.258505959162,4178.21884703651,3035.85839458083,290.512663274069,693.277447947464,2059.11397489602,81.6427792758819,229.933624251919,421.76279189757,0,1343.62732795595,0
dining room__45.png,4857.1248961785,1622.86145868986,139.827813202135,1390.51391409145,593.607074412728,494.491638435726,1420.66532662176,672.10220169392,1716.40214618403,1319.11105822201,495.845345925825,3309.32586503844,853.082059325097,4436.85982364501,1443.29504603876,148.378534862253,821.439353345029,1087.11004341645,11.1242106989287,623.637241504101,1809.54744768445,0,733.647500783528,0
dining room__46.png,4421.00520728464,1312.82610056386,140.478514386984,2291.77668298846,1063.9871905355,442.082902157924,1482.14877165329,184.019111618046,1430.11229770571,1079.88462839522,533.286845442266,1494.32154467743,493.424341063765,4184.52951112556,2531.61725594824,223.407203866194,662.980555846075,3039.17936679164,8.35316474843955,1053.14768599128,922.20811833207,0,1005.22299887741,0
dining room__47.png,4632.89926675174,1034.39008954334,220.129391089093,1398.13580386471,1343.0770154076,529.384341733575,1391.42255029861,592.56132334468,1320.60943930588,1293.54770444212,606.355830457129,2563.44414677048,934.984717952638,3620.5660697795,2183.47253785707,337.118584246437,1111.83914769776,1652.78203471204,11.8913724437392,849.818678868523,1530.17810853186,0,841.391844901473,0
dining room__48.png,4217.28579476379,1850.85452005166,157.003775636506,1187.69369341921,1072.12795488455,649.964242778157,1586.47371571924,399.216242738906,1905.89257149594,1758.64938894844,1021.16871534536,3251.58230681968,880.520928436122,3549.75811660726,2130.15416217341,350.938482696641,906.646451650879,1905.40294109631,18.4379960165527,445.182841868306,0,0,755.04515685308,0
dining room__49.png,5123.90065022382,1548.64660766667,108.496641352827,1324.92799708032,902.762076644748,510.386100681882,1414.88381068253,153.788748965714,2054.26099447133,1068.6887519277,677.987528709337,2065.52925872494,731.37070701896,5031.27949622391,2846.64427656317,327.22831998242,842.924215374377,1860.58484862569,8.99976308425331,377.368632710201,554.097879580154,0,465.242693705046,0
dining room__5.png,4614.683614714,746.627082381137,244.173125772873,1267.51607912159,1633.53356060761,715.433390677961,1319.79927521615,462.441150247203,1820.71559430001,1572.63541737715,975.325516482933,2392.84325047779,989.789858209105,3678.22871508266,3143.18814288022,207.358719776566,781.960402868422,1219.79258202389,28.217035585436,329.096015113156,463.853913867255,0,1392.78755721688,0
dining room__50.png,4115.60449092868,2457.96566458603,236.688880657152,1203.97518943653,702.845068194822,666.701378287061,1720.47806184565,296.387719610717,1869.38886251962,1622.25767349732,996.03864781953,2817.02773388113,922.810624994408,3674.80929238019,2608.41435965407,355.892178617532,439.151039646635,477.114752800231,58.9817806798893,289.77484816568,1324.66403220073,0,1143.02771959639,0
dining room__51.png,4512.44638029099,1511.66889561999,118.991759335711,1595.05904596544,1486.04325261177,588.094168271601,1501.12959711314,292.112114465148,1779.55824310206,1505.57871005159,615.773604959621,2995.14158826787,634.466934165562,4005.96375476763,2366.44208207111,213.262044647441,916.249724999907,2151.77215895166,38.0572877658325,355.71004357469,0,0,816.478609001245,0
dining room__52.png,4520.08324339956,2498.19628345069,214.260634506199,1383.16362454469,586.805520233203,411.189844534629,2101.77380075409,408.526966535277,999.862499824434,1049.78062260614,606.751844890773,3539.80525284678,681.784617458316,4165.44398520516,2458.12474701913,226.420410296056,742.873444118189,836.439655281248,36.9936809411547,516.952205013992,0,0,474.449750552714,1540.31736598759
dining room__53.png,5890.65005376974,1542.5106582581,179.008682065303,1079.06505546097,481.141660977961,616.898639690581,1523.35739233984,227.868414419776,926.426815891717,720.73107586562,645.176827024736,2774.51336412365,578.066379365422,5218.73985047052,2387.9279655948,198.102832952062,873.543986751888,2104.7912016666,10.0272102463359,463.955593026262,1010.43333096736,0,547.063009070762,0
dining room__54.png,4426.90417362724,1394.93536436392,111.413423827542,1164.49440372157,935.480014596293,459.000291251073,1830.42400175879,282.933972790589,1686.57178722391,1400.91699200904,535.330055302248,2100.00146905225,904.255626402715,3770.59968358718,4802.69683106551,265.779888373329,617.920928132426,840.316197579713,7.22491410731961,679.555491159948,0,0,1783.2444900674,0
dining room__55.png,3591.4604452641,2109.0039283698,149.238473563101,2058.78118461163,734.457001816296,324.73740139087,1900.97573868658,343.298608105426,1666.31354295303,1346.812660212,589.746765877952,2726.26691439645,948.50290291726,4584.75231083162,2464.39458926929,145.988010177721,630.793605095086,1519.37409040505,7.47905813070853,433.626205597862,1149.67498802219,0,574.321574305958,0
dining room__56.png,4299.28334631829,2258.50465920025,268.664603735896,1545.45304517901,1084.17887700629,988.670399511779,1516.33059282724,315.57510831051,1821.07701780552,1279.77455104702,782.491333494427,1656.99132746841,1003.82040762193,3168.8582051181,2745.17240897411,285.500903721805,957.365122772073,1564.61863086666,69.8371532846995,596.946995418723,954.805611637632,0,836.079698679622,0
dining room__57.png,3819.7954805476,1917.04649366817,194.321173761162,964.950190286745,1088.50670327743,414.613218017088,2934.35738276442,307.453482622151,1356.7831210458,1231.0465458472,1079.83786081134,2858.34776987471,741.423006839721,4122.91928800012,1687.55856701194,249.133530796575,788.980477560165,2823.64365771021,59.2938629177392,193.463179522279,664.732492579094,0,501.792514538343,0
dining room__58.png,4948.83525542806,1708.46244246354,233.607382354267,1394.74267682301,937.672975746697,508.174923039924,1371.23219176126,231.876580303495,1199.94948203483,1096.08902194269,616.575692929604,2794.78737185528,836.677738466076,4475.1879585839,3190.74317583109,342.157183982004,1044.77718343076,1034.46353049594,10.2659315968957,495.268146920628,1038.27413438866,0,490.179019621388,0
dining room__59.png,4083.03081811488,1619.9142552064,136.311370305348,1729.76210396304,1039.738576133,322.54147148411,2111.78789697069,593.098268184587,1587.21994091377,1318.01727151703,798.737534391095,2614.71103991216,541.173449962775,4097.24392843784,2484.31560090683,180.326087749748,866.04322986003,2854.90057647778,35.9023717218387,271.555745345461,0,0,713.668462441598,0
dining room__6.png,3599.43428726088,1899.41226197428,124.742912743008,2114.18661086223,1099.44314494803,489.191821438283,1837.36763769255,561.687925418431,1224.69050570091,1320.12953631703,898.280391454539,2758.7287581686,874.825198952058,3781.68584232384,2885.65926486665,214.413456998323,716.507441224438,2516.98673708255,39.6432719169309,274.696711451024,0,0,768.286281205406,0
dining room__60.png,4374.51289212428,1055.12426993913,133.58989041679,1402.24629060549,1522.96359189943,425.134675397093,1806.84831783733,702.547909169755,1151.27493864707,1286.84191644833,926.17222762363,2740.31084952348,750.34731654269,3408.1151646906,3017.54572201857,372.36912495046,1080.40881153257,2133.08220415325,6.83414149141976,521.765217439017,399.061719843752,0,782.902807705864,0
dining room__61.png,4637.57011868824,1973.28738669998,295.24408300196,1333.63825381381,1115.91746890214,671.309577108499,1936.73497073951,367.789057959867,1909.10442357115,1245.41005944582,617.640239412486,2193.74755076538,634.483145020084,4058.18782526008,3009.59539866675,191.43272615734,950.713791683824,1920.99896688626,20.7307261352003,169.791911074251,0,0,746.672319007371,0
dining room__62.png,4567.18847757724,2101.08083524637,93.479507262508,1388.91264020512,976.428762962357,512.713440358577,1540.7128484392,274.188105007156,1727.17389579763,1400.55793622437,802.724740836538,2692.3966721401,852.570002236837,2159.662939963,1953.19277078613,216.871505217566,713.755349579195,1322.62184865841,16.3526071450453,601.641792881397,1698.42186499664,16.8339829546285,2370.51747352399,0
dining room__63.png,5711.02750680866,1590.73898455921,190.675829626804,561.078158448291,1180.23026953096,696.687404733943,1538.63142112413,248.015560589599,2223.64898723173,1260.31771611634,498.445521873886,3870.71784321634,668.610713830573,4009.17922047845,2192.68158488126,251.586093402815,656.954352939552,825.588350309923,8.74839026918947,145.809591168795,0,0,1670.62649885955,0
dining room__64.png,3607.69223793513,2143.24567096271,124.473966592952,1321.86563062644,631.222128810018,384.744825658832,2412.10522326644,251.607133921527,1114.71478797889,1402.21765147432,830.194948094199,3577.24293283745,1007.23187953565,4269.50116207199,2489.49048829746,242.562973859106,909.316378964351,1800.44865069295,6.32440330291652,346.569758224934,508.884347941466,0,618.342818950273,0
dining room__65.png,4325.89194041052,2263.06431136454,148.737524326701,2317.80948205493,806.545756333234,469.442564752659,1524.74038376252,178.90040745743,1403.76173972742,995.600983723214,441.673381137653,2446.0380473594,544.976475139303,4664.79950068925,3147.64904980672,281.00356228506,681.768029985961,2384.3710740271,9.97717262445295,405.742369936264,0,0,557.506243095666,0
dining room__66.png,4765.92250693331,1872.38268912879,297.371024921472,1878.98277776339,847.433387926272,690.095590973075,1304.56960248884,276.1247389953,1888.29640823645,1192.38404542829,643.06929868866,3545.86260539178,667.863348384394,4040.70101863241,2031.52410129151,174.622447337499,1108.11348267904,1032.14591721195,15.6552716642723,348.59127904674,514.704351973767,0,863.584104902789,0
dining room__67.png,4073.45836291092,2096.68820049158,159.598099266517,1573.09943175996,1237.56616166338,418.224731306654,1574.20517898784,290.410598847884,2536.78123712026,1517.04241467526,661.667741420307,1899.05137380171,969.285735038242,2520.06294010474,2844.14098470436,292.908876627774,1039.98222247342,1159.68693682985,0,431.331444058722,982.516636970648,0,1722.29069093997,0
dining room__68.png,4741.07992676294,1362.96360253726,65.2692700857806,1752.53237073498,1882.36024797299,424.831400916435,1309.53986104681,448.681228402625,1341.4934948371,1033.67101511155,1022.31313519004,2322.60782770986,691.002510244898,3194.88129247927,2625.5165080198,399.512272796273,835.573376071481,2447.83495247166,72.6620433025377,243.344528557038,772.446545959358,0,1009.88258878929,0
dining room__69.png,3227.08870295664,1596.52415603749,233.613517055043,2154.56187376972,1218.17450605424,308.803086351502,1823.70422715621,648.755851102701,1954.52152357183,1501.21866595223,1156.81751279894,3400.91038336048,1002.77790001394,2211.68863599511,2682.64542571177,233.386224799705,1539.94710141993,1419.50606394938,34.0778872432183,576.401145217357,0,23.1845181083333,1051.69109137423,0
dining room__7.png,4792.85445022594,1198.64158090321,172.139734474096,1334.94088605316,1852.86591249019,563.315644921061,1413.29099834692,240.372517912216,1335.03749684234,1242.05274315108,791.757742279662,2432.64770547972,948.097988166845,2957.1880403789,2595.47290851033,201.356720159198,709.101026800569,2075.90346260714,67.4062138968601,714.071932727781,825.483047165323,0,1536.00124650747,0
dining room__70.png,5850.32802640121,1556.3657706112,220.714715774635,1089.70572065905,726.569050468065,489.204233112099,1296.62973451962,121.101869158564,1450.47051550729,1015.54022077502,761.085666109455,2873.10361986683,591.108086979589,5035.17337842895,4095.8561377684,156.688210665506,669.555037586122,870.650777970747,0,192.928473605844,0,0,937.220754031798,0
dining room__71.png,4074.8370401706,1377.97969275123,153.1870106211,1463.92673065385,1600.2612321147,710.516514794406,2020.14371922173,595.623059983645,1271.334945346,1378.79969799891,463.072539021267,3140.28692563988,839.322873880863,3282.71279911539,2990.68304468907,196.864817551212,513.629407655332,1733.99155890954,26.1051205228375,426.390334957684,0,0,1740.33093440075,0
dining room__72.png,4076.08051570068,1027.30060864028,178.035407407765,1867.44722128012,1013.08871373726,350.699313682358,1843.74645326444,395.476986404087,1156.59469174186,1325.58556782194,999.221875811083,2213.93932032138,626.676201239221,4073.08918777009,3294.64107117437,208.328563648038,843.416414388388,2343.03834406469,52.1354770455535,423.541431378119,463.051851607573,0,1224.8647818707,0
dining room__73.png,4993.41464014143,2053.58163023549,104.748592384274,1285.67135971909,1244.38555181493,377.242783167962,1432.43945594063,572.782798143324,1128.39662350335,1469.33868671301,635.66885717496,1583.44141711216,596.033787986861,4266.45542499148,1850.58969732064,216.534947744976,581.254506057749,3515.74950059301,6.56712175400791,219.583654826031,499.092743221149,0,426.287576756035,940.73864269745
dining room__74.png,4279.12110346524,1600.4598885977,134.151275982002,1374.35952655036,1270.93503250487,761.898312311103,1385.23231106895,439.395086753387,1560.90846136433,1752.38369906924,909.32886629705,2643.05977198643,868.035533448862,3548.85280250058,2665.81452175578,331.43172646271,895.001905347975,2234.16765660035,9.43609993462922,478.466295124727,0,0,857.560122873709,0
dining room__75.png,3835.87977997272,1945.5671836233,113.936853112226,1818.51532113694,991.214396614521,427.689162374456,1917.25097791075,531.044434052398,1234.96621908552,1388.72331390607,528.958815850116,2483.36351014429,819.256619118476,4174.11115446644,2219.55975994346,190.054038549151,465.548720648317,1565.65995598473,30.3199494058913,343.215241476114,1060.58678651234,0,1020.3400532688,894.237752842988
dining room__76.png,5094.48308133345,1733.40653828961,132.514997656406,1903.94006705278,509.941811503895,609.75228201033,1575.29837631945,232.743803052932,1104.69639892711,900.314742679854,657.10852761631,2642.2366048416,385.596999024431,5094.66230852821,2877.69633744759,110.533658598316,563.903685596707,2633.10337911698,29.8330749917237,338.982793456052,0,0,869.250531956283,0
dining room__77.png,3165.12465127009,1925.00660537824,134.322615382256,1414.46350855205,1226.32739953801,188.974151627442,2593.36018795443,461.686886683818,1152.70161079693,1663.60081419809,698.95848964178,3316.81351458043,871.007557403127,3997.22718915299,2794.21355948532,239.875737549324,502.054209530668,1875.09385174896,52.5675430728879,431.054148353968,537.880696378653,0,757.685071720528,0
dining room__78.png,3810.85582520571,1761.4864844835,129.548830966724,1949.19753787047,1529.37990114173,440.437008514076,1419.33846972877,302.821426237306,1664.96853112465,1620.38155994011,855.84675031749,2674.4690257459,831.009549250146,3007.98143784845,3259.71353277625,360.86007457661,878.344577851908,1038.11202843289,8.35698342817583,249.747292724354,792.75104243951,0,1414.39212939527,0
dining room__79.png,5014.51786438638,1191.98216787149,146.585825165254,1220.30165487193,1157.31408841311,497.121646025644,1816.06936065289,506.521036005527,1736.43234685324,998.510093867798,717.065922502285,2953.33701000357,794.204689947601,3820.62304081379,1865.62397013061,145.573801212618,989.081924819625,2800.89920182168,10.8225350607854,827.111478600117,0,0,790.30034097406,0
dining room__8.png,4296.47108264939,1781.31669380971,100.907531710887,1913.42569802502,1256.38619015749,324.527172950871,1988.04758755769,366.407871970382,1383.55340572963,865.74150843615,643.14011176473,2645.80416374015,654.736420645497,3516.49816308984,2760.38035166605,254.962521726249,647.55736851134,1344.27624109715,26.615180959999,324.2598135388,1440.55113310526,0,1464.43378715771,0
dining room__80.png,4290.41062922657,1940.6252139261,173.914395708842,1205.19919436838,739.231474924194,699.344830082224,1940.56254562988,685.056153041948,1377.40572950997,1929.07259847158,535.820396939149,2884.15952779334,380.600046591568,3472.35746735052,2692.9918766284,231.749287743368,823.72444177501,2172.18364027723,22.4056979686492,633.906222375403,0,0,1169.27862966768,0
dining room__81.png,4269.48260384109,1984.10140672803,113.20506876822,1682.49145580937,1525.58291875479,294.542184545158,1559.41730433302,380.511662207872,1429.41429156921,1607.24045538815,932.843243677924,3728.8493824889,616.892301502559,3506.19621337501,3177.87213126578,214.443058858339,679.907359341536,1256.11694136273,50.0328202674754,240.917829914971,0,0,749.939365999871,0
dining room__82.png,4189.75577250155,1464.24726975336,137.508838966288,1750.74265886939,892.331907513334,446.631915200503,1566.13877091031,450.004279192828,1270.28140496212,1521.98949359618,639.951529031688,2931.41579759847,718.096161790365,4021.68073455435,3445.11234906583,238.966720428071,1189.36619161017,1313.80851160255,14.3104219041268,387.246139800053,455.241182604238,0,955.171948544212,0
dining room__83.png,4148.19773798853,1582.01259239185,179.46050804335,1682.09076872082,1154.09581869037,461.518753656545,1895.72744632285,387.014017297248,1522.35389414502,1055.13295726582,717.186230342345,2895.51511508064,955.808694758352,3735.41745449048,2803.4610315655,251.337568431682,1035.90271225582,2137.69069750895,11.7048265119365,271.409337586225,0,0,1116.96183694566,0
dining room__84.png,3159.79887121792,1462.90051406809,243.885579672537,2220.68478212217,959.698571695391,904.98211092331,2347.82335787621,429.374305871116,1720.60638941858,1003.69987000465,732.695817208194,2655.44630523939,1118.23847297332,4057.72584811638,2624.41670873516,112.977165005503,832.432598606929,1069.61174084249,36.777480800221,457.679313587297,781.051165168521,0,1067.4930308466,0
dining room__85.png,2585.22463070495,853.45349535748,83.4247700761552,2335.09524957136,1097.12465188408,388.966096356919,2460.06891865731,440.791299472516,795.13104218819,1641.63832342617,1042.75802738754,1994.98477816353,744.664272823886,4079.58014230068,2783.42102193034,182.738989644442,989.29077261002,2505.9820413252,50.5696151718842,763.90438243016,1448.09024995967,0,733.097228557517,0
dining room__86.png,4108.76051223774,1376.99878635888,50.8928585171088,1196.20673186595,1555.34004356701,521.725437442594,2066.78257314877,625.963842038421,1238.10441775705,1437.8000586327,916.508665066039,2533.82781195439,889.56376257775,2889.04166187545,2563.45283150886,274.475107942544,983.831389758487,1823.79106709586,26.4112535945471,325.630090507664,1268.20557572413,0,1326.68552082805,0
dining room__87.png,4428.93363432686,2086.06468662384,142.89162451994,1690.17112645867,803.201852195446,634.254153486908,1354.5140438588,296.360401691962,1546.24996183923,1380.28423926599,947.615300541258,3244.7159928135,834.76956308577,2967.9309777434,2840.30413916963,300.704022098649,1201.97002880452,1161.8958788626,10.6233709052651,438.51813028507,429.688249308199,0,1258.33862211449,0
dining room__88.png,5022.44182451017,1317.32720413392,384.96227409619,1369.37665341984,1531.20939658294,577.272132145321,1936.9994896614,416.935514168224,1548.58636129837,968.423092657025,433.49306741904,4023.9109646015,569.856101921576,4365.32016523216,2160.51198456442,102.492500098535,805.191406167792,575.278110566843,27.5064088804439,307.717838388363,0,2.90392885101332,822.805407907552,729.478172727363
dining room__89.png,3486.36261672952,1359.20033499656,162.252008295365,1725.65831812792,1236.92410451776,681.692274628253,1717.19933456846,530.872314507052,2381.53267925646,1880.25782696142,808.90286283607,3335.19546489443,807.744555249743,3654.03425749174,2454.81890786498,335.95005788279,841.437471701177,984.508665060509,28.2968460985026,504.867870798469,0,18.5304443816534,1063.76078315118,0
dining room__9.png,4633.89577204745,921.952170791777,136.801557396608,1319.54038441948,1323.51651658611,506.512500347417,1964.18395070436,373.098239583287,1473.09257224496,1004.84293674415,1025.54073924572,2009.08358323321,857.520489573993,4008.92277931207,2479.96423206196,210.69575186438,625.745632169949,2531.71988495714,9.32071464617887,557.863306401102,0,0,1163.36061590998,862.825669758712
dining room__90.png,4412.96822782416,1637.24203388348,208.427350424097,1504.33641186433,1067.97328300498,964.929402666502,1421.57081557318,530.318348603218,2010.61789330922,1484.64965253046,486.490585292535,3061.00620645943,793.337248863263,4360.71877770833,2000.78276627812,366.758255236639,653.675639635686,722.671804496751,16.3793881079654,532.879233465481,1031.56457636588,0,730.70209840629,0
dining room__91.png,3851.54722140163,1695.74353375179,94.3135849264716,1824.50903146241,866.889191081919,432.426876035041,2089.34158581469,545.09238980012,1290.81143576938,994.759141149085,711.04587206312,2533.09082136069,999.945174067881,3909.21373282592,3591.88918298996,210.590984062264,1008.20830498851,1637.27782036944,29.3068620420407,502.122127432988,420.190278549018,0,761.684848055631,0
dining room__92.png,5148.53451828903,1709.58939349599,211.419647316277,1299.07208241764,959.158309958446,603.261900049801,1293.69132698589,1119.62499051405,1643.13079856255,1212.47949237433,456.380713759154,2847.83448970169,692.533867075277,3202.74800478145,2890.24973390367,314.653094556092,461.663574275883,1804.10343046601,39.0356183017381,1046.02541006706,0,0,1044.80960314797,0
dining room__93.png,4970.85318449518,1843.25383872218,233.174629725631,957.466563219326,623.478436734173,603.069969954036,1741.22820381001,182.19758660811,2118.21365855193,1181.49485248181,531.326249860044,2551.63993716639,732.104963651428,4523.98210059912,3059.04999452631,375.42208269655,831.923612424778,1434.85181007571,41.4301496457044,682.221136513435,0,0,781.617038538164,0
dining room__94.png,3248.02346330088,1421.21817430136,141.961494193476,1389.28841610435,1122.18723468961,543.212395978951,1915.86375192692,484.339676608755,2402.43017527594,1975.5653356551,831.605070446318,2745.74115993954,1062.18091569587,3683.18178753562,1998.1593191825,385.058349455511,695.916730933353,1585.14926574693,24.0197678613798,366.36049105803,583.346189682659,0,1395.19083442696,0
dining room__95.png,4281.2753075429,1544.00649888861,77.2102807155503,1581.19957299573,1154.74721917234,294.940019824341,2157.86697348727,182.40100786878,892.101838481811,1059.60934625362,746.705932018041,1873.43968423801,684.495873745617,4508.74474812595,3776.54525727197,235.552925974861,728.258460224816,2527.84358342082,0,446.377630103183,557.91933604749,0,688.758503598286,0
dining room__96.png,3698.14539342879,2650.19231049905,279.001591218286,2336.84568384727,587.294177934069,614.495039540775,1791.4028369204,431.365245721744,1724.88962964664,1326.35904499265,740.362926282931,2716.47689349534,627.558913434244,3789.35368804743,1619.52420204256,204.024901785852,810.679919989346,1426.55497990454,15.663225590799,327.936209488979,1619.05766415186,0,662.81552203645,0
dining room__97.png,3893.92656172865,2796.62560107496,121.536347599026,1884.87471346403,936.128389736906,415.513396365123,2043.4760278182,328.619249338057,1699.08760790994,1256.39220128889,803.497486591508,1983.51042338421,694.323694516382,2442.59911535112,3633.46851037028,216.58649690478,921.584589277717,2146.88371437142,10.4203042790708,503.630866879335,0,0,1267.31470175039,0
dining room__98.png,4144.00387031975,1321.97602325411,78.2657143714653,1585.65135100719,1225.18791831003,398.682998578481,2116.51876393453,559.445426993276,1348.70896475756,1207.59590908265,995.657526772755,2316.69599532828,758.95961472958,4481.77562985953,3504.80901143413,164.689414923683,450.457266277572,1805.57411226004,22.5810760026224,349.269520008587,547.263203270044,0,616.230688524145,0
dining room__99.png,3992.76053921853,2103.99029725236,76.8722823149882,3167.59821354284,1066.20478658168,339.409446150481,1206.72251955347,307.559949952941,966.76988746088,1049.23201306201,518.649189735279,2836.96664085563,416.597831721948,4227.22810815614,1544.42185419327,167.088882901204,684.341515947196,1343.04174999278,0,252.318632846519,1225.15182068636,0,839.707519527887,1667.36631834562
kitchen__0.png,3935.83923989254,1212.00171525235,149.11101118106,1782.07569686698,1580.87085869364,734.531798036334,1801.54078655717,340.115958527792,1447.00708075443,1531.65281527754,984.252664534231,2589.75113953102,693.822648489301,3218.01291106448,3506.87414885824,245.026510873143,1173.78073877361,1572.72482163892,10.04230204333,515.003558740383,0,0,975.961594413516,0
kitchen__1.png,3788.74636839252,1025.2300240349,86.1951679266445,2363.40385610624,996.708284540401,485.206181602407,1498.67426314866,206.141767934672,1340.16349772578,1664.27580040555,573.947761863035,3405.5093702277,579.265381104452,4521.56911228948,2971.65200422748,105.634330842577,966.591240327563,1045.88420066568,0,417.205843173179,665.389577624305,0,1292.60596583676,0
kitchen__10.png,4461.53767355965,1641.48004263138,224.233215297229,1821.34416296163,1098.20049449891,753.035938788125,1267.67674175707,280.33636277851,1769.70621971177,1201.27436042194,840.960102777712,2174.02531540741,921.305811528954,3524.25737818313,3652.54690053793,305.280252981864,762.729849066416,942.543879831135,21.5809967888883,827.339273636627,483.908530426394,0,1024.69649642731,0
kitchen__100.png,4833.05502689237,1536.9436396814,193.39088754782,1793.50371937673,1692.10830314513,454.885625059409,1626.33140477528,237.500174862678,1469.92973602562,1121.83243221382,413.162144304977,2716.33588023952,462.291900273669,4087.29732141114,3728.23217951248,154.301989483144,559.957205127812,1437.22569161515,8.68352698499389,564.731044620383,0,0,908.300166846469,0
kitchen__101.png,5272.43809107867,1431.81399896954,209.36664654774,1359.15940404259,1092.5337922954,479.505665445835,1596.7877537315,374.400832229513,880.670167654817,995.515636796731,614.588078880589,2616.70606897655,503.439753915806,4413.80363301664,3676.07672073257,251.90555946249,381.952070608983,1601.08552048436,14.340523773924,696.74247036414,536.589210158134,6.4132771982892,994.165123635202,0
kitchen__102.png,5562.78148550116,2757.21845977648,61.1142874516519,1372.73451155023,1462.65004275229,202.470352528148,1489.49002485631,183.617617453819,1080.31676501891,942.137064163943,87.5577521576884,2186.95890095387,407.247525388891,3787.25942692696,2838.90591785361,198.272370993585,400.550598985752,2332.66301247682,27.3370175458834,244.072292655966,1297.57076371699,0,1077.07380929105,0
kitchen__103.png,4816.46203453621,2986.92085966132,121.117141120511,1813.17529634919,1204.32905471213,617.269018470715,1385.08244752267,726.048134685414,1851.8622950156,1141.50895423008,567.68363935796,2662.38670934503,638.616247412666,2921.13748361404,2028.4730781738,180.405630889038,421.603918336918,2157.8715570516,24.7493890601372,146.628116470315,561.020200822736,0,1025.6487931619,0
kitchen__104.png,5215.8238318221,3271.84358576981,130.332473995673,930.564254123327,869.541163274515,531.376072681245,1736.7493974555,439.240395798378,1655.80858418255,1091.29685954303,578.671491313534,3119.30343112997,803.822387416551,3040.16569632861,3040.3395776035,201.191936466292,697.738312337503,1046.92154638416,20.5513331731969,241.424909518263,475.918314022905,0,861.374445659388,0
kitchen__105.png,5883.32288413286,1836.37301312156,169.462253671256,1049.20867404112,772.97029420469,402.738402626162,1194.53683361452,527.984371115999,1934.53264378971,966.029348894925,705.02835738892,3969.23850276762,689.714749354089,4171.20524495294,3304.35135337162,197.955676207274,829.387984680626,219.676843773637,19.2318337552131,182.195054862845,0,0,974.855679672416,0
kitchen__106.png,4890.68821177055,2096.74535561594,249.30330311217,1723.60361545836,967.52376801722,673.47050011677,1511.9627260943,408.872221022917,1615.80203263767,1081.49660555926,835.795164789659,3301.44120161501,586.30561319274,3275.47617397875,2654.23043606435,192.861998965878,586.856246222347,1505.75252645403,13.0812289589151,347.750473128478,0,0,1480.98059722469,0
kitchen__107.png,5850.0008918788,2173.27971933357,228.503988885707,868.368262202806,1016.79455074419,738.350984693642,1196.78300840751,265.779913830257,1953.25672133847,1322.91538260666,434.777676632234,2589.11119554931,550.544148893398,4279.57087115722,2872.56528142075,175.078784422864,494.219403449182,1245.7130868714,36.3095215879654,594.412359919704,372.498741240714,0,741.165504933648,0
kitchen__108.png,5111.30647978792,2663.04192334164,146.732891407158,1359.59367371751,1388.31155036283,598.359785687166,1889.02629835255,237.156096932687,1453.22596067151,793.91780469834,362.412074530392,2855.29643978024,676.865653009649,2807.81975659887,3607.20435098935,155.637500557032,590.541999207846,1339.18057146457,13.6525898769983,126.132867442401,0,0,1824.58373158333,0
kitchen__109.png,4018.32514554001,1221.77466251217,40.8149151390279,2187.02676009238,1039.6596664872,422.278648999141,1523.09231829155,409.672692080949,948.276014703486,1240.32509918983,473.831964252386,2031.11901478987,710.60282793059,3789.96379574781,3040.02524932034,313.099668672049,514.301010881942,1366.88702907568,7.52818028359806,397.782863137426,2150.59912797247,0,2153.01334490012,0
kitchen__11.png,5747.49572921195,1756.20942235392,176.108075271172,1132.06233911336,978.493143528274,609.089408952166,1332.12188078424,392.756833056256,1502.31910564231,879.446296453966,553.970574368626,2560.35696863709,708.011036065448,4881.1520391449,2978.43950082295,176.224964637213,592.292710117585,1624.68642039921,24.6377537338265,331.196649517373,549.000520275105,0,513.928627913065,0
kitchen__110.png,5080.87608987229,2003.47974112576,159.98775200603,2082.01559428539,1770.50753832382,471.375442951326,1283.29886937001,243.677551219349,1149.92635025696,742.348575972201,302.732262619926,2754.4394675457,643.697005614931,4073.48810839572,2025.15657946024,167.763864885177,345.007986730532,2466.67973341517,0,229.091087455642,972.434674364575,0,1032.01572412925,0
kitchen__111.png,4767.12875104228,3381.29664461329,217.492536754369,1246.04642299305,705.102278748956,564.109489580128,1462.65414367259,173.493535221499,2282.15050951424,1337.66999926915,749.411161516746,3158.61246775943,863.261484166746,3255.30006483647,1616.21919882805,312.945774391088,601.321943490547,2161.41579756378,10.293424465089,319.078668437054,0,0,814.99570313544,0
kitchen__112.png,5000.91820588874,1322.06982395547,256.389997837012,793.153225852657,1554.62561208467,817.225582487623,1994.08378794296,634.786781491802,1546.77099574489,1341.76841551039,866.15766952903,3149.30990792977,563.55271594102,3163.61029934706,2351.00061672156,247.946675389922,726.386928951109,1879.30289927915,51.944207547662,509.863842838455,0,6.63276592664481,1222.4990418024,0
kitchen__113.png,5158.75357979145,1914.91678699572,244.539478528786,1678.32056355868,1295.56536990427,890.652067124125,1171.22857207592,652.27867336836,1852.78729648794,1001.51585966532,702.806088811742,2476.44836536518,680.36611086467,3533.61000974356,1607.52700236196,289.550667805396,710.21989803495,1953.30207402669,20.2646462385593,248.883632803194,974.743716105322,0,941.719540338204,0
kitchen__114.png,4737.27733393527,1278.10553300398,147.030801884045,1307.07191288638,1380.42424000092,513.041612061847,968.008963484424,177.2047982698,2021.99964593783,1761.22276232253,561.261969167226,2805.57937785984,980.729843378902,4050.92865924236,1856.25034801446,238.241980122683,905.145620664538,970.684687430469,0,629.130045987758,1685.41352681151,7.44720386981953,1017.79913366342,0
kitchen__115.png,6570.72482684412,996.746340273568,192.327028819054,881.608095004314,769.047228613298,672.533270705226,906.61515193487,256.956478030074,1203.04346776413,862.888358091296,405.336656669542,2718.71824627716,660.458070212288,5464.43769408088,3537.53079694761,111.821129157921,891.054377611119,1139.20695395023,5.88436875519198,552.462076642813,536.640235536584,0,663.959148078708,0
kitchen__116.png,5282.58431034358,3323.59685567741,121.608700477599,1111.36297512737,805.854979373992,583.828569066948,1691.56228614329,358.602575345316,2035.92911553406,1000.34421611361,582.88157879604,2813.85519511436,650.68660702865,3354.1885507661,2918.78958223895,254.138179770574,599.830688913571,682.426690301048,9.32142547292739,374.163521650634,0,0,600.881249476931,843.562147267032
kitchen__117.png,3598.92154298894,2134.17460018492,80.6327217144549,1730.76610568278,1495.05502184291,393.177345470102,2471.04301747539,417.764059866485,1462.86664541622,1496.55101601541,698.197954336435,2233.01920877718,549.230587805191,3403.215501111,3496.8175422152,130.253250566209,624.529170914299,2333.48653640684,23.2344794660764,262.659675279544,0,0,964.404016464409,0
kitchen__118.png,5909.26575604151,2208.87854636543,153.683580784459,1172.36549223709,1367.86112959469,661.965399219585,1294.70571183338,409.307514894538,1485.33013243677,904.736312299818,385.828778018623,3283.54432956685,455.666599866005,3680.59327092543,2803.87533141247,263.260127722208,487.403948051333,1184.12524254363,0,214.933335521308,427.475984036234,0,1245.19347662865,0
kitchen__119.png,5272.28689994881,1792.1350114761,130.232026475388,1715.93219067869,1636.33053484734,517.946912716106,1355.94569898925,645.914259218329,1191.89237084746,1003.18474441968,565.582931527887,2416.60256190992,430.805857719118,3006.36289597662,4520.60384825893,193.612657436009,684.903393024696,1222.72227979221,28.2319508084354,433.028040098611,0,0,1235.74293383042,0
kitchen__12.png,6778.16528092095,1683.64862296234,218.983716079056,1002.1632789703,1377.63023031006,551.306946635333,665.579685690729,411.859422305093,1491.1839769831,842.559294541168,407.130004972692,2995.70649443948,489.359820812959,3461.16365324739,4449.78798455396,193.359027732727,525.043846074941,293.030881309071,28.8136113311625,206.929856032546,0,0,1926.59436409494,0
kitchen__120.png,2754.75846789037,1902.0556687508,109.555374907297,2362.50406765705,491.854535748545,455.491231872095,2085.39041228312,229.314407811053,1336.45072249169,1577.88500782958,639.009728068936,2691.25981038169,859.682855077248,4433.09330123057,2277.3254477423,257.240883097048,681.271891811639,1360.38475759016,102.538306165582,471.094555598099,1769.53265501476,0,1152.30591098036,0
kitchen__121.png,4350.29153517048,2189.12035385304,191.425736453454,1693.29919461155,1322.37583904123,612.594392534666,1855.89493341675,254.563976477895,1491.18512750289,1191.26782762045,521.52146707827,2870.39893924145,662.966038078744,3575.32550391979,2793.89186397629,246.280471102022,614.749187132824,2040.50394029125,0,396.153531964127,0,0,1126.19014053283,0
kitchen__122.png,4746.57524187585,2145.12800613836,181.504690066932,1513.61542350559,1220.2933097513,437.440499272642,1756.66428695896,227.78519201416,1502.12134345923,971.647223986678,690.85001989036,2625.80061401187,841.384170212319,3790.98205739987,3637.21202783214,162.814446915544,715.80481234557,1178.44823345517,7.29920654505358,155.683651598063,437.472591902011,0,1053.47295086231,0
kitchen__123.png,4106.33643404701,2040.61956222192,160.78404979435,1742.73625210055,996.040154007112,495.113158697081,2016.28378432246,592.324983559775,1576.38146348908,1085.35902872464,723.040052188101,2697.77280890131,770.497009132109,2777.91920349355,3329.2981322457,270.139533114941,640.965632071248,1740.65038687247,8.64795855828128,714.39917996696,0,0,1514.69123249134,0
kitchen__124.png,6847.65477856172,2338.45335897948,165.945879516452,863.389543335999,832.488656070899,698.419657959647,955.851297405531,156.806933799381,1284.01540279197,827.91274893653,331.468577709537,2867.57366884245,430.546609790191,4609.98312976116,2611.73695037077,74.6450219700264,411.896689644134,1453.14238477031,0,375.746970957279,919.166055748403,0,943.155683078126,0
kitchen__125.png,3846.61562231713,2209.11280676776,160.358381054994,2343.11852142779,1059.83574275819,664.079207039762,1109.93204638514,945.846782956034,1032.06497452603,1637.84338854593,879.352113821734,2012.24808103204,799.447376578316,3116.27291712947,4746.88077003693,224.821203208459,847.113339437093,1384.36858631024,38.2218415372363,229.62591049678,0,0,712.840386632931,0
kitchen__126.png,5670.50118408586,3360.23815642283,147.353798499119,1154.51066291769,1130.0305749034,393.763001995256,1300.1274771351,302.738242256288,1699.43883805296,1291.89435168811,416.843998960379,1955.67348216102,485.010203555427,3484.3976191969,2841.21283936229,97.9561206178075,512.660395807985,2962.55803992935,0,337.257665180428,0,0,455.83334727179,0
kitchen__127.png,4543.56629574618,2864.80249481257,95.3306503917367,1837.74761381714,1239.7923006066,586.625904633654,1839.49019365747,360.27915083719,1124.51293040081,814.986041126114,580.104222498201,2255.82873489601,736.84457996567,3160.14250027445,3801.81372290549,205.661079010402,406.724229245433,1161.80133938107,21.7041966770284,341.315082667433,974.086717391235,0,1046.84001905813,0
kitchen__128.png,4774.59916647268,925.962591836364,208.348048709295,1114.28756112152,1486.47275200642,472.015885598002,2202.00595337643,393.930382413367,1465.2425496994,1007.92211886681,467.131916169302,2718.87248244687,637.256561263614,3574.98872651549,2513.41494014755,228.751972994564,816.35472289834,2036.28798512826,35.1766659043766,967.464814579265,585.818108270623,0,1367.69409358145,0
kitchen__129.png,5693.72559815879,1736.90386524156,223.163561605178,1508.13376638219,1566.76059285971,740.425594879084,1319.90085368087,460.106601942253,1551.40500972841,774.817035331524,590.463902293764,2802.09255985654,520.88967876929,3539.32496885659,4231.95182391061,151.136503707845,617.668578882368,450.961450020185,31.3965639694924,341.365995004998,0,0,1147.40549491876,0
kitchen__13.png,4318.35962081595,1277.20617363981,108.984159973076,1352.67818518772,1451.36955690321,372.365407927621,1951.48379910792,287.316424804529,1439.1590939916,1246.07055807691,465.552001735184,3376.32497998935,710.075351363115,3907.49736268348,3313.28966128358,407.290406422853,680.88175046913,1389.87669683476,14.0420790255356,391.379235191865,0,0,1538.7974945728,0
kitchen__130.png,4576.46250786636,2416.41029203665,250.528853134962,1560.33765208938,673.665293469748,533.456480074573,1384.44370323687,938.528743971377,2050.25321076105,1520.36666041202,396.547541401717,2383.08104070705,720.66503060938,3791.32165088553,1887.86819738955,210.871945405025,782.143727876891,2894.81221793282,26.8525003809612,371.640017530051,0,0,629.742732828035,0
kitchen__131.png,5501.81233894571,1041.13225835051,229.411974736903,1962.23407369196,1375.24430726637,642.112359131728,1275.1214396688,703.357399903254,1354.73762505166,576.806995634847,939.387992135869,3061.92424841681,523.370357794762,4240.13670117475,3163.80775360304,154.417738004483,504.68576003327,1548.00603905987,6.23705625944189,343.771906719254,0,0,852.283674416729,0
kitchen__132.png,5225.18160601381,3260.30644954814,237.072672257002,1114.27497651734,569.578208131568,665.203016606862,1448.94873793527,657.368170924763,1192.83318705793,1319.36643692161,814.548657066904,3697.23276061189,689.681261533055,3312.83274537335,2680.46574704706,173.599413838032,466.844469621828,1124.24445152124,28.9475672408797,287.644596925196,402.948164898005,0,630.876702408253,0
kitchen__133.png,5040.28573674889,2261.23083577282,213.710504952594,1291.15583678935,1076.74106358008,528.084925280117,1485.72025960754,465.768798403459,1504.74139763982,1269.50771958111,852.532003017502,3247.17603872746,657.107815467018,3120.81642410054,3605.76645254376,256.222631806096,837.581138453906,296.97726897461,0,214.617581016666,603.543411881632,0,1170.71215565502,0
kitchen__134.png,5273.89839153959,1016.65094494883,173.399474882772,1560.73070160937,1191.09461980418,505.968926429452,1398.26244906317,500.523555596652,1604.42414112087,1053.6112878334,374.460322580475,3134.68041195827,563.097168242823,4653.13233922658,2721.46396405672,120.470717850664,755.333488499975,1860.06308155192,29.9292838609876,577.678629097057,0,0,931.126100246247,0
kitchen__135.png,4322.90454274871,2805.23101318732,147.614528613341,1291.92663441947,820.191991351174,580.328965739039,1930.81092292068,311.737043757116,1721.48252209801,1417.47037936502,684.598355245996,2865.87945308193,719.305430819816,3269.08781918519,2687.09858146239,307.378989384969,588.426433657442,1508.51444194467,10.2031003413456,356.249184197104,489.081507060627,0,1164.47815941866,0
kitchen__136.png,4562.64974677397,1784.26707709538,142.011168770983,1702.44537392576,910.121444033294,520.906141947051,2062.92780526137,226.08742010429,674.478069654452,749.134893848696,440.536426073634,2823.47982591867,745.1810909592,5092.46664492113,3396.83396182299,152.149970204059,370.245397417484,1909.77510177664,25.5111190269486,229.710537982033,532.515730109217,0,946.56505237275,0
kitchen__137.png,4262.49509354664,2276.35833036121,96.9162233331252,1193.01277188484,917.729445677627,405.364915326293,2023.4754323405,222.291040447197,1392.30206709456,1581.59902586431,623.207522817665,2146.00365440347,664.719019125134,3305.04442441546,4051.74051472848,252.838439537064,703.127440174068,1907.67262511407,21.8602177015219,565.770112864976,0,0,1386.4716832418,0
kitchen__138.png,5189.67812544951,1762.85121892768,200.653223391684,1630.52910386392,721.969719814784,406.343484315464,1065.11022108245,306.057060053847,1527.94692150828,1149.30306632018,837.966130318738,2955.71838257926,822.18993357702,3765.46427655782,3651.61787496313,143.189549706914,1004.6666074396,766.651377402159,0,485.635533430395,491.068735840026,0,1115.38945345714,0
kitchen__139.png,4443.67582693527,3559.40994991896,124.787570039004,1672.49831215508,887.964687231897,399.217344588469,1493.30979503093,405.172201526908,1601.39088249733,1243.79514791703,460.811462240194,1884.93209288347,913.995438524923,3135.52583081351,4087.89667867262,162.953860666157,583.149345950908,1481.58027463471,69.7716187706109,388.67951036964,420.195156684403,0,579.28701194798,0
kitchen__14.png,3630.03330812174,2107.98761949399,215.13650786949,1924.63109779699,837.090007632984,687.623228565691,2139.16839036677,679.237883313193,1570.00153973774,1138.45275695798,875.807040220132,2785.63038391129,882.088642926295,3398.22993181761,3512.69696829542,256.725911734058,833.8712123365,1228.91137162036,28.899892096157,629.484061808092,0,0,638.292243377502,0
kitchen__140.png,4981.99492712794,2137.06295587857,158.547147338748,1295.3851556028,1192.5771847602,624.005644796564,1708.11807423573,215.654903753014,1534.61188250577,1248.15235612223,715.0750757538,2676.9535347757,558.97626675883,2882.00654497283,2386.24060631051,196.232985752919,258.467195857483,1364.43521282642,11.1402343995506,440.365716763459,1255.20597144628,0,2158.79042226064,0
kitchen__141.png,5465.77057723309,2270.3095381762,314.158587214737,1264.15242669443,1527.42162505652,745.846890326224,1558.99727862963,419.188566092019,2069.82755508802,981.945694827633,498.890387325952,3417.4426567723,543.150873775996,3393.04501029717,2421.56735465047,148.717928128907,705.084909300022,1031.15695594825,37.2652207103208,474.775903720144,0,0,711.284060031972,0
kitchen__142.png,6222.58866621052,2487.93642017186,142.708098549971,977.0313177579,1145.78418148369,704.257912957185,1438.50362400129,331.888206421588,828.410472241839,920.909623114671,806.609870071241,2425.31523196546,311.1610840791,2876.94479754029,4519.0276796183,129.805684836521,714.717965218041,1380.28060466725,0,107.225611995233,0,0,1528.89294709805,0
kitchen__143.png,4245.55380206718,1458.49716150475,230.203676999801,2246.88783675406,1436.89706798329,574.941611531827,1257.38580178751,356.202268320282,1420.78641887958,1236.34467224646,652.840307166207,2296.19936296674,824.477224081156,3360.63644132554,3415.1773001283,161.854554918627,835.572520258198,2062.69162949375,27.4961081450098,717.238698725281,0,0,1182.11553471645,0
kitchen__144.png,5761.5310323438,1434.89287757579,141.823245928446,1034.20905335389,705.058348191045,468.364601478174,1207.34188276822,327.830853713693,1819.09771411714,970.393101080116,641.95271702188,2242.36686497079,767.089683075711,4331.91124453326,3032.95723557374,231.559118907493,443.950427938803,1737.35486558718,27.8761284707683,853.829119971952,558.035472344532,0,1260.57441105358,0
kitchen__145.png,5862.90769822735,1369.72585590984,186.849255291081,1145.40382045682,1318.46335909135,734.445705576381,1433.28803346853,279.515686925376,1382.09413746649,905.171131702163,543.091320635826,2940.29017983583,352.582445771409,3948.30599629859,2607.41317718749,290.585594677167,556.435651881817,1758.81381359991,10.0612756965523,275.870500790761,390.093731042815,0,1708.59162846644,0
kitchen__146.png,4388.37482134907,984.64162767818,274.201404793303,1937.00661526204,1868.69434996301,980.150934042415,1474.2374211192,450.930697722793,1839.3111335472,1149.48144458829,549.897485193642,2654.69936767025,792.54484065926,3777.47016644125,1861.69121593,235.966908885268,721.432759446076,2389.94594401683,22.3879481368773,779.044920694685,0,0,867.887992860354,0
kitchen__147.png,5439.11901183415,2554.45452834585,91.5326118604362,1615.87069489918,828.416042227524,655.064987030247,1016.83904964225,370.97227387686,1506.24308196761,1173.24214552345,703.495716486504,2736.75116469962,488.683296130285,4204.25198374532,4001.3293267296,266.24580197069,459.869840568141,1009.07882771249,0,188.482730727814,0,0,690.056884021983,0
kitchen__148.png,5588.49391205721,2108.11469100284,96.7128116296133,1949.25662012422,958.619943188103,345.542093562693,683.901696538506,921.188854859549,1274.42313223522,1018.5379163711,531.136058063948,2432.70385019351,562.861753073129,3874.78449707404,3558.74307994971,196.948101835829,572.234567433576,2291.87503242925,0,297.346424538431,0,0,736.574963839521,0
kitchen__149.png,6554.95042417906,3987.8338768014,204.117567999596,1216.11409339128,917.824540388366,495.023909618558,820.411862064689,140.772407344922,2243.0042269409,656.674732065061,772.24566244045,2563.53664694462,664.612305328583,3232.63797605512,3802.65493867971,87.2365829713233,430.165814623438,691.662709816617,0,134.396436799272,0,0,384.123285547034,0
kitchen__15.png,5000.9228844563,1728.89711795623,132.058616326279,1699.67366411255,1574.312687321,659.329121156953,1475.38511255642,184.166238189993,1165.53720044582,1103.7422251661,604.012941588751,2754.06855482855,447.411697713838,4120.73438191602,2606.34321707775,264.566259461215,412.302158867052,2682.66329016464,8.29815653357991,221.239522393897,0,0,1154.33495176705,0
kitchen__150.png,5405.1578538953,1832.59745396518,212.512688661516,1338.65248832137,1234.12428546249,362.01241892296,1690.26043358163,509.644062555846,1344.63989343127,791.491129953982,655.65250518369,2177.30505362967,594.656756684056,3625.90015190137,2623.30731842478,152.338814603819,465.508175340422,3280.22262692981,20.1359236056699,342.042241688472,0,7.30659935417293,1334.53112390252,0
kitchen__151.png,5268.76660177687,1841.4999635536,115.046858355447,1177.64758083032,832.148333479102,671.058693773856,1254.62783809341,295.95289659278,1907.62682276192,1280.37202977838,286.539071114383,3277.39350877274,801.15855891455,4525.71219174146,2703.17234233005,205.352455813359,550.623018531063,1325.70177400599,12.074934793106,294.099237205641,0,0,1373.42528778197,0
kitchen__152.png,3775.23309759799,2301.64692242776,115.184400323822,2374.66432677165,1199.85171372495,393.796769691938,2165.97736296205,539.143475331581,534.482770164132,771.21730258839,536.999794585601,2956.68942441734,672.526964653087,3681.30083516079,3394.70130191461,217.909463804962,462.620564023408,2605.14533348816,22.4714816218745,121.393654494957,0,0,1157.04304025095,0
kitchen__153.png,5604.81793972877,1875.76058158204,177.506611804769,1531.39923520483,819.650381024027,711.72291530671,1165.33060311482,568.136687444773,1528.97902466472,1028.62319975602,1150.1291902132,2493.03885898267,481.84995268072,3643.05096942735,3427.5539407507,187.979069514842,659.138740197413,1136.68827859618,0,365.147433835548,524.510369894245,0,918.986016275648,0
kitchen__154.png,5173.65943131515,1574.31721375771,138.600073219391,1195.54841374709,918.903053029965,354.618435253853,1924.89330760281,633.114401146117,1887.08607128349,788.846349444396,521.683118334264,2982.75725136142,679.057572623457,4275.13473671499,2972.91350021688,237.994925267101,705.587326006305,1664.02466866496,0,429.331212721991,0,0,941.928938288649,0
kitchen__155.png,5798.40853908434,3679.43982402479,190.777611494391,1445.45776416892,1371.49456128058,256.158115294763,730.365932218029,261.021611563378,1425.83617171055,1137.56001571271,413.235809115234,2692.30086075535,551.941173449368,2796.61157322557,3978.23608221867,312.17696995422,388.387028736427,1456.69115852627,24.0896054124163,216.120312373393,0,0,873.689279680631,0
kitchen__156.png,4423.0506568624,1681.94606603757,193.973457216536,1295.71315261083,707.616971216093,330.425547568564,1838.04349641071,186.181536888545,1239.56010931278,1527.89478044728,621.256862440497,2678.52602463001,725.785223782618,4833.45732383774,2450.66093400037,155.727790450234,470.467218122863,2472.03182264216,33.7848994359336,609.709778324407,634.822104629575,0,889.364243132287,0
kitchen__157.png,5911.87717384636,3275.54464182033,106.55024927077,1005.23287446548,456.876871267723,415.649352148031,1686.9671511462,200.635142694176,1183.69603123301,774.610860382044,448.825235982598,3291.05699603894,482.577482499673,4406.06957354485,2664.31353166035,128.47164824176,350.832896340442,1866.21856806653,10.2628094184877,341.489569802576,472.515271582367,0,519.726068547307,0
kitchen__158.png,4414.08474158295,1569.79778814923,203.852426873569,1538.22217314391,1622.63120793651,630.017829871057,1623.38038492243,442.098091937523,1648.01803326457,1093.61508107796,721.445255885197,2634.0933276633,978.592334743445,2879.4564970162,3464.41666189979,321.293762956727,923.43107856745,1419.60172042771,30.8115215725801,463.075746833845,0,0,1378.06433367404,0
kitchen__159.png,5521.40422215261,1572.49561014996,144.739107302013,1484.73313473668,1863.55593867617,528.033201534341,1065.0382239477,337.844825613924,1800.46448183633,1018.36082347988,586.290345578113,3584.85359288031,702.158361319996,2925.77213041607,2111.13982840753,177.636905083539,621.2784151072,1830.76978803948,30.6683292795909,527.580216120656,0,0,1565.1825183379,0
kitchen__16.png,4393.42194601058,2077.21022600199,104.2320937549,1295.00630915363,1073.3729355819,281.310801696343,2325.27189518669,799.802683307767,801.174596800613,1049.16031200933,683.781634335144,3615.19676263806,656.371745547151,3030.71371892968,2936.26966105023,271.398915687855,527.77197751922,1514.79508573936,9.36887640477831,114.025784078566,747.0209983205,0,1693.32104024574,0
kitchen__160.png,4124.8105605718,2010.99704651702,302.533121533752,1110.48282391662,856.166360860969,589.688453382254,1864.08516332874,504.488718698147,1971.75650253224,1669.403101226,707.019032299774,3304.86023428685,947.362611108646,3703.05082994602,2235.80116991062,283.855739848184,871.423765080298,1595.36051835428,0,423.942284632775,0,0,922.911961964997,0
kitchen__161.png,3928.02532398541,1449.27546818634,47.8862360948858,1726.8771286999,677.845413683168,304.351782793044,1384.21647251383,669.804147182319,1584.28257664239,1706.60913275154,686.51888018026,1746.24518350913,925.562824757782,3175.64517687842,3877.49828682079,298.372097921201,915.353268311736,2011.19781043634,30.3370193703337,645.065824910238,428.538123703427,0,1780.49182066753,0
kitchen__162.png,4605.84593343892,1233.79099205463,89.6309523383152,1454.48856060211,901.214374379685,443.031480251687,1917.59017231529,732.788574734871,1475.16744443186,1075.76734602058,425.933302763925,2616.7045031033,712.929477619651,4426.14342591183,3602.33778998522,233.378510003445,369.972602861689,230.390410420185,0,427.930436930298,1542.73741946944,0,1482.22629036307,0
kitchen__163.png,4996.55624207124,1622.55425252577,273.587797802566,966.606850832831,1494.3253999411,625.74719194493,1276.45311107654,262.22880547457,2424.79731385988,1391.73542721842,602.610653745393,2999.81444249004,970.140893716693,3605.3721730218,2775.40938468761,344.675798812274,974.978510475823,900.643869214974,53.8316762720012,335.844780811133,0,0,1102.08542400441,0
kitchen__164.png,4589.04806043598,1206.09406484976,72.41437700094,1621.41133501567,2194.94992402834,344.56532614444,2143.8469762701,690.362715950151,1052.14174373963,793.616100597103,273.194964229875,3288.96505203233,673.377902074757,3892.73860473212,4354.84689335277,178.699625606392,371.765372477726,887.066607729897,0,482.056996478222,0,0,888.837357253811,0
kitchen__165.png,4972.32334542874,3416.56676648973,137.486045245422,1354.80490748373,317.766876837434,491.053647684775,1653.09245251729,427.918090320052,1749.42656368337,878.034401570462,645.918513795034,2436.51264689688,866.376678296919,3335.70867121934,3340.67633610784,244.470973877302,825.823223752691,1844.84476038171,30.8972408255627,331.28844056911,0,0,699.009417016606,0
kitchen__166.png,5533.98271972691,1764.7646052408,175.215912876818,1773.12935816424,1283.81198241667,710.85844359059,1305.75735054005,241.905156674488,1147.27873705205,682.69093443918,464.953899910465,2374.56524457578,594.582811949636,4592.66668696884,3064.70132643922,109.856825179989,646.962859956275,2128.90112272651,0,293.602772942519,398.479212739041,0,711.332035889938,0
kitchen__167.png,3996.31337033126,1198.03009041177,247.682252596132,1564.28274319174,1362.62161538298,660.638325155399,1683.29953368054,428.339006663275,1575.68756929267,1506.98278955122,726.429134625544,2870.00802291628,1029.88422119271,3808.80217691607,3167.10514300845,187.584618706672,763.153651953246,1087.2166698995,31.6527233458665,426.215150605943,391.662017131574,0,1286.40917344117,0
kitchen__168.png,5249.47945027927,2166.60504609115,222.024532539673,1082.33228990287,1343.92929415877,789.346183430276,1386.77881917448,357.409573311784,1612.11052928106,1154.36655433634,540.087134458155,2620.46644852799,782.459386737385,3449.22452928055,2235.97636691393,308.552881472503,1130.92624810404,2520.07593930706,36.030618097145,412.919361912071,0,0,598.898812683486,0
kitchen__169.png,4600.25485618341,1356.4492226355,171.483240685266,1458.68050902848,2135.64626226914,445.893041940871,1650.70290285624,529.494069509483,1602.47931933033,1069.27532685188,428.177260009085,2657.96045618005,710.440627167709,3594.54001317391,2077.34101298042,474.075983307165,522.248082417352,1822.51716902213,36.5697946051126,590.128807465308,1222.32575986094,0,843.316282520222,0
kitchen__17.png,4520.77598176891,2246.8515371453,141.068000944593,2227.07573387667,1560.74382273227,539.093113695183,1588.30904754696,258.793372109957,1653.99611611492,885.690957649466,542.115508837868,1669.35446184713,514.418997250357,2535.9497788616,3010.91094007497,242.866292344735,659.126827477865,2085.42250951333,20.8629895628965,503.035430790432,900.154857809879,0,1693.38372204469,0
kitchen__170.png,3758.0445625009,1536.27579859049,84.9628820881816,1635.88000305553,1035.39283369577,504.964813629273,2209.10120766651,325.377154622473,961.239580217849,1463.18279278589,442.755371769654,2697.16740346637,672.558641942231,4615.28867178641,3678.59605363658,250.749481507874,597.347021794652,1396.28000775081,10.4833105410662,455.492400919226,676.789259210933,0,992.070746821336,0
kitchen__171.png,3776.49332541981,2148.88693892097,117.783079685028,2286.5206424128,1237.9211233919,730.348773881346,1544.62879084881,197.6316630382,1633.64406593236,1395.97158554102,627.125872131994,2951.43651606408,626.790317825979,3926.63418465456,1922.70703107248,344.869160751928,793.093127978581,1860.73382229236,24.7261771996552,300.811651236777,783.346711072348,0,767.895438647013,0
kitchen__172.png,4346.90516465373,1185.43292705075,139.280406765685,2114.24139849773,994.094567014615,276.2063529508,1639.48304948427,775.388779362218,1085.43336938378,1125.47720609083,557.838818354872,2082.21002559804,489.123931117632,4457.02778745278,3900.68478187622,244.563977794293,699.823044061498,1926.40776891333,40.2052723615111,680.80981375602,589.777294512147,0,649.584262947242,0
kitchen__173.png,4925.85546813862,2193.63452068369,223.847033184453,1080.03607575179,992.898244282567,649.002056629696,2120.09311222158,708.556717593943,1801.45184012248,1220.02625802859,707.295251499579,2787.7104938492,514.51850447207,3051.60462600791,2500.43596997548,99.1629604419619,769.243608794794,2037.55260623869,40.3076209453898,533.505619133611,0,0,1043.26141200391,0
kitchen__174.png,5415.37243435782,1228.48919365525,152.560354614053,1508.39709578491,1002.88489011454,580.335838867861,1115.41860110811,458.717980866818,1103.97214605446,1075.19841821097,408.673130005875,2911.97448764791,592.208239711802,4830.21433289293,2913.41243367665,240.465283829055,586.976032412868,1768.74596238689,52.9399269973329,436.495326597019,568.998776752169,0,1047.54911345469,0
kitchen__175.png,5327.22721535219,1969.32561362213,121.53135156834,1604.58701624317,568.427660310664,409.888831633265,1158.29554879288,479.923623549924,1121.54054182771,1163.65918797048,328.555453186268,2462.12441823234,625.10335384165,4226.67283318907,3771.57880028887,98.1446382395242,595.243861679998,1527.15468066189,22.9830395601093,191.452130570475,586.181375787591,0,1640.39882389147,0
kitchen__176.png,4833.14658404252,1324.74534088653,70.7338668638334,1622.16653456587,1064.0222550785,225.599055140321,1887.31250265102,550.434542227536,507.369381923612,757.702017571145,299.52003593304,2131.54305567136,713.707814873778,3937.80080508871,3546.61834302856,172.917911258126,613.799353019066,2579.06710826724,13.0466350375375,1509.65186583664,939.069189105067,0,700.02580192997,0
kitchen__177.png,3008.98932311468,1138.92991057733,92.1098987545322,3092.15370700368,983.858355063237,390.358267993607,1990.94367175991,997.59918227477,594.654577525536,1063.66320875473,603.408160136841,1590.12767578108,576.826373067358,3864.69589761819,2751.26312278669,243.519908533161,567.714119640971,3126.0157495533,23.9038077664802,943.270936601013,1455.47070760525,0,900.523438087655,0
kitchen__178.png,4938.77593281493,1065.79887772504,101.248014226138,1227.14072907888,920.58888117344,324.395756165,1333.91675484087,555.522161514645,1376.20179721021,1226.72588522065,517.59320007134,2762.25158281166,1090.89670817652,3995.00141887126,3167.57577576552,182.543989868141,598.292683233936,2268.32707382147,0,876.984742477994,0,0,1470.21803493234,0
kitchen__179.png,5516.56824084135,1945.15174983112,300.545327229114,1275.17592531499,1027.32231669162,875.078514460725,1640.00602032286,618.101128917319,2589.26019926182,837.435848539477,333.892285454302,3668.34653167305,472.288539591406,3558.88497871499,2033.42150487543,258.525425389915,820.151320775753,533.34792249986,0,611.724361260953,0,0,1084.77185835395,0
kitchen__18.png,5769.46178232126,2197.50527743634,117.86107935178,1495.85244529285,2164.97347996173,443.501612037105,940.882476613966,410.402714822341,1151.02892621044,1042.94326130935,633.9248815851,2492.54794024969,535.130692693574,1383.78265161294,2970.07248981276,193.120417096217,864.03569889602,2824.98795233823,22.6089246727772,726.572313648112,0,0,1618.80298203742,0
kitchen__180.png,4597.25758650768,2125.53326908717,117.717755994699,2258.88405639112,868.5672895806,191.076671429136,1533.10949084123,462.162773280224,813.896675201526,915.3321083587,458.458710614806,2817.77015268286,555.352682482613,3869.50085586233,3707.86495722741,108.925160082482,535.360501596361,2351.67378746436,31.1389153361697,687.466534693343,0,0,992.950065285167,0
kitchen__181.png,5471.24175763574,1974.55734019421,209.547976284937,1271.00351340118,964.649586326129,652.307050804222,1518.64907346606,314.853005003284,1728.36436259907,802.295293927831,568.760372707636,3718.50807185534,627.385318571893,3844.68119301744,2830.82340135845,294.561838709221,767.422742858386,860.449137097981,8.70666349163354,440.467404789476,0,6.15654079644342,1124.60835510345,0
kitchen__182.png,3675.58809194251,1406.75878445094,209.416768577614,1567.09602687735,1327.09595070344,887.753649271907,2192.48133724942,826.789459199871,1458.62678876648,1206.5288661761,324.691075378804,3580.38736276256,1013.83859785659,3936.71429270723,2864.11968008794,329.572698274217,697.528036229446,999.695750533504,14.894381623812,531.613941659519,0,0,948.808459670751,0
kitchen__183.png,4521.75345969988,1654.83304768172,158.117832574352,1793.39351010859,1457.894340437,551.620094980454,1579.2302832857,624.820156416574,1647.62500379813,1197.98531619209,738.450831633646,2715.34761126909,594.121717577941,3259.46536325357,2842.25090699227,263.87200166959,349.430447922564,2085.0385503857,49.6437114662065,233.375337869272,0,0,1681.73047478566,0
kitchen__184.png,5416.11540028042,2978.37687660615,298.829746243236,1421.43278816087,997.684505266858,612.605643683253,1605.0985966755,237.411305305202,1715.36511777407,860.060133561836,586.663460107537,3103.26244969041,436.083540005491,3639.70538363018,3401.33491941608,241.126812418408,438.077007858722,868.602123192956,20.0827288974795,430.304342781183,0,0,691.777118444168,0
kitchen__185.png,5169.25865290924,2428.85545373836,135.971014947046,1227.91767389418,615.212305630747,585.182992318278,1685.64061592912,370.967430370009,1522.78826425765,1125.36611768721,438.959251920149,2284.79174302189,622.805235745299,4246.68093770695,2871.19630437359,150.791781743689,754.171761913308,1738.8221336521,18.2199220912627,548.41121797571,861.247547429449,0,596.741640744766,0
kitchen__186.png,5104.86517055637,3144.12082710272,68.3381732452891,1519.74668070971,400.612067201447,226.691562652796,1301.57439085318,152.645964189868,938.79748101871,1309.7793727396,411.926850086898,1823.97032699568,624.420403791726,4736.46056507706,3554.79998844146,139.613981349413,401.781227016721,1262.08598058051,0,147.602682513124,2125.31648706555,0,604.849816812161,0
kitchen__187.png,5468.19624782535,2914.07903939961,86.5772219467053,1519.84639361727,2230.50669656098,458.728189229139,1353.6154561146,212.801382753851,759.736032548722,913.914852150196,409.686920212245,2498.26261464199,523.879905881417,2620.18993962666,3094.95249051768,220.547144411159,332.597009023285,2407.79705765358,0,435.924502016997,693.946393462184,0,844.214510406379,0
kitchen__188.png,5061.10175073789,1616.61349648449,137.517602656204,2164.91659411279,1361.22929309607,514.840617757093,873.829129498142,738.018786115222,1799.22164558578,972.875564164547,522.07767059936,2898.6172355504,709.546630742231,3029.52301343023,2284.39364022132,200.459073760792,766.455816283247,1689.00455397862,17.2712569836012,340.916681054983,676.404704250575,0,1625.16524293639,0
kitchen__189.png,4556.67516217512,2623.22576865487,92.0283617700429,2413.95839184764,1057.78727545561,159.599907330499,1232.16122764618,869.615868580823,664.193457214579,1165.93106834996,578.424767045887,2883.37088979497,526.476645094382,3279.21791319308,2927.18271067443,104.797504886723,394.141586204214,2521.19278793116,0,497.096568937941,752.431885284318,0,700.490251927576,0
kitchen__19.png,4597.55791167607,1406.5007080742,142.659086434008,1657.43617430401,1149.14075956669,386.828461893976,1722.92983185244,424.715450953204,1390.65955828239,883.692576153715,576.411298748298,2393.17489195603,862.65326928955,4435.47501894269,3584.43744917973,235.2697941425,305.670963405639,2102.24055225386,40.4604425817132,451.903073616692,0,0,1250.18272669259,0
kitchen__190.png,6012.2957814148,2907.64658583139,159.185943444388,1010.96052270191,1010.87412859461,593.533481088217,1376.34354574754,385.471356858374,1316.33137061558,798.472285513006,828.067495530571,3023.39055438196,610.28975412356,2951.67804975754,2958.38509726134,169.52027543112,647.903823644402,1949.17355320851,22.1178350680666,297.904982595936,0,0,970.453577187177,0
kitchen__191.png,4499.45413810231,2750.22660291079,89.2018135851462,1226.05136329004,702.55360682941,466.604164406944,1838.5196310275,162.833275151489,1023.14128875037,1342.6111927949,416.536016016444,3092.32057633532,820.864909126593,3957.76978482162,3465.23256467199,272.498765658663,472.969407439598,1863.49959225023,0,217.504626457353,0,0,1319.6066803733,0
kitchen__192.png,5470.47221782209,1094.04850826223,127.82576743324,1653.00340979981,994.542590888815,585.477381583976,612.218437553303,403.38476447973,1431.0313477745,1250.37962717952,925.849378944133,2936.84307682379,721.46773268389,4580.85898143374,3368.98571068858,261.715760956926,691.743186167101,1549.83671569591,21.1763253502471,253.997827826688,0,9.56648865422052,1055.57476199757,0
kitchen__193.png,5190.52001928932,1356.78257300351,126.153599560518,1194.84210494999,1472.08257001701,465.123932922515,1209.63937532958,383.133562928014,2023.4854552467,1326.94911729256,964.113567285077,3137.92005221995,834.977798314836,3252.58058577187,2901.31826698286,215.758454150986,638.682829716521,1345.99869306746,27.3131306727343,680.046093914967,0,0,1252.57821736303,0
kitchen__194.png,4983.39487556467,1450.7023601031,123.732479267332,1454.64513390043,1446.28855174721,413.68040167988,1345.70029636998,726.481714838106,1462.23138666798,1096.06240106926,592.791894886978,2357.95578457341,805.607928231188,3880.70998210355,2990.17121203112,250.871541911091,518.324603234396,2652.22873578028,63.7178229533812,598.127369583361,0,0,786.57352350329,0
kitchen__195.png,4961.72647259974,1792.06993050194,77.154366589791,1979.85117034985,1066.86428322703,390.457897908403,1157.9041331259,184.316406551534,1467.98669402395,847.820016566662,448.048646959225,2314.11701920935,812.343972579244,5088.42345787441,3297.64746433817,193.894945608231,289.407451822776,1597.16335795783,46.4592891703727,189.645689206474,855.473199972508,0,941.224133856604,0
kitchen__196.png,4182.99778850306,2145.54757217602,145.179344348868,1226.06275059494,773.239773191271,580.638324969047,1724.78436953087,396.846394028636,2080.65291149391,1682.99156275066,794.673639226432,2912.49815476818,987.914421492368,3667.42985288247,2909.97182588371,178.543286461029,786.604811517101,1371.05943853628,16.7058206670708,570.928737478722,0,0,864.729219499345,0
kitchen__197.png,5296.73765602137,2023.87838493725,206.260708717215,1332.84006593814,766.792940487965,643.703432538197,1417.22544796238,296.121856634763,1632.68240386272,1155.96398807195,597.720371635824,2091.8027444331,626.032130336937,3782.88472665486,3694.45763639018,148.798740129842,770.905146834511,1731.09307405858,22.40197153939,368.974492389648,0,0,1392.72208042518,0
kitchen__198.png,4206.86888915194,1344.1642204821,73.6162473122917,2306.61137899603,1113.228778207,514.107165653626,1143.71334345794,213.370598049855,1692.46878365693,1305.03220122467,473.149806180088,2264.04576212555,789.01761206172,4409.35364294766,2900.54471278089,248.756575107689,730.419630835729,1995.34944827517,0,759.075867866347,559.867880195543,0,957.237455431225,0
kitchen__199.png,6815.6920060157,1575.83238222307,132.72604336029,1052.50868740368,707.528462831472,741.030685143759,677.266990125204,363.416820566511,1698.70296975402,662.714392578265,367.136570055572,2141.57952345849,630.371421682565,5032.11325497318,2275.32377122594,161.446502194588,662.819678891178,2127.24699416106,0,579.95453394186,883.390012896444,0,711.198296517151,0
kitchen__2.png,4976.11094581323,1534.24958849363,121.88783138315,1648.49326206919,1375.95544397702,645.80778319136,1397.42900121853,325.083757576426,1575.69723540151,1221.37918037182,856.739914844338,2230.31067581892,599.877934691692,3816.17359491655,2768.02362623179,126.825249985339,835.848409659494,2191.45176177072,29.8844258502024,556.026735630265,466.821086202544,0,699.922554902281,0
kitchen__20.png,5341.08261140108,3470.4344878229,167.589310579948,1463.33006293738,346.248172631212,339.039712742224,1652.03896801905,340.091994736321,1215.87342805818,1040.8047128859,587.950972518193,2587.18764589529,360.159056071348,3861.96901211522,3545.17318706698,105.296267140073,323.738834119415,2145.13671565737,37.2883215451743,558.455941560292,0,0,511.110584496446,0
kitchen__200.png,4950.73983712121,2603.84979275507,244.147390885134,1192.55280843744,1043.60499739309,656.045944588629,1520.35934373956,408.75320515118,2037.34834402389,1264.12466783959,673.619346146162,2830.63507750602,731.673976744214,3100.04627052723,2788.19104038983,321.609464710145,791.207701979129,1003.86956094197,18.9399014078351,150.659587018867,439.762641664523,0,1228.25909902927,0
kitchen__201.png,4783.6773873138,2258.69228996615,190.93036737582,1938.30105636237,1230.4824671479,700.577239068906,1626.98812671634,481.86887785936,1533.46617791397,865.017994610519,385.177761701101,2459.26686749782,544.823040049445,3561.75725959721,2963.24745779058,210.199486146225,487.280432749154,1736.47315311217,30.992908801305,281.882373582811,416.03873724073,0,1312.85853739632,0
kitchen__202.png,4780.20170903041,1143.66128168612,84.7151535672721,1952.73468541725,1392.97429751585,154.927946421925,1246.85760641668,483.465137140653,1053.9792461136,1128.84528741375,298.621978911925,2688.38480159494,709.892281936349,5052.57434086043,3090.61404688741,160.837992774321,514.655555936011,1492.62553552717,20.6304370112411,214.362272313081,1434.75326988768,0,899.685135635921,0
kitchen__203.png,5480.49164718325,2142.70368619939,331.755368553374,1058.72646801416,1454.53544422633,647.690717749469,1326.80158010261,571.329773878799,2747.55051318301,1284.67398066041,540.187854822848,4011.01313520567,670.074876968343,2492.6282987677,1870.94191410142,153.280134911499,590.265455884427,391.04835120706,25.9513121597369,1088.64976309354,0,0,1119.69972312697,0
kitchen__204.png,5299.00940626512,1847.66250266193,165.244020559035,2166.97671323359,839.592188363935,415.013832383269,914.740770374954,219.398385774478,1303.71402473351,1131.45921683254,261.070070401487,2050.67640385115,372.205636772731,4788.41834190589,3965.56599326234,92.6105815320625,447.129200462538,2099.7857252107,22.9976749890154,501.538307865289,0,0,1095.19100256446,0
kitchen__205.png,5646.24673717107,2600.19618497574,167.047072547243,816.943009814953,628.70867256387,631.976726704325,1714.08767620262,271.92803905603,1716.45671176808,955.86461933126,550.609649329597,2940.87867591478,672.789720266062,3874.85303625838,2033.88556513279,166.648361870046,779.042497059535,1944.53247725808,27.4198753439919,583.664584872761,565.2227706747,0,710.997335884082,0
kitchen__206.png,4843.66087708824,2284.42954583347,203.942565229153,1057.08925973355,938.347175929827,677.517981560448,1456.84836216458,462.120651650674,1951.33263204508,1587.57118207035,395.235268465438,2987.09155986849,820.593653853115,3605.99789225778,3244.25777202524,218.313843257952,588.164288383629,552.085987173606,15.9228218322186,560.681199572675,383.771502097978,0,1165.02397790651,0
kitchen__207.png,4921.30597763909,2258.35437111262,227.526840642297,1498.98731966454,633.830560255873,731.126130622416,1398.75218669966,244.657519080925,1894.35397226537,1236.468680635,834.305139635328,2659.95024851125,649.238758563256,3830.92011574845,2596.26619530323,295.247076798459,857.719507979299,1890.77661265543,0,318.469312822333,0,0,1021.74347336517,0
kitchen__208.png,4531.00786962631,1201.57748030495,129.518107601445,1671.30652839726,1240.67203016953,478.185805119511,2156.08327871954,735.980846703365,975.34817331425,1052.79129591443,553.035863811468,2073.87956763579,367.002771659799,3978.46314564137,2810.04170898377,208.029657698794,400.538899388892,3533.02663734523,13.778597983875,672.388120714794,0,0,1217.34361326563,0
kitchen__209.png,5033.99406578351,1748.9232075617,240.68721468656,1206.59464306871,1518.79149962587,632.7919753647,1568.05349759153,484.693154391634,1963.75010799954,1296.30699052502,761.699272240642,2445.11765719139,670.385366603752,3562.21406942278,2849.99950752959,192.636329032311,529.676635646158,1548.98104608316,20.8998794982023,448.796810904967,318.672491145055,11.1292278969624,945.20535020625,0
kitchen__21.png,4470.37163892504,1372.74831307673,115.868022136293,1859.48438312727,1459.13684421563,314.410213639937,1593.42329763952,586.493514955397,1054.09922011001,1213.5447301813,900.153092555484,1593.64360587578,805.610049781349,3838.83453166396,3091.29562240615,22.9418188966061,494.228534467419,2156.02962241175,34.6240814489072,613.187230861358,808.358429179401,0,735.217938204022,866.295264240682
kitchen__210.png,4366.34909505472,1343.21301078109,133.98593105591,1187.50313106,940.260177901321,728.807092019903,2097.48784807155,596.195998355998,760.122895098407,1226.94168220684,698.252211598502,2741.04484129535,882.057779822652,4541.43949497653,2431.69699763851,239.660463784248,601.519236611305,2230.88898311738,0,325.171024938123,973.453259774548,0,953.948844837136,0
kitchen__211.png,3707.61896546094,1437.64839562813,150.301968574537,1460.35967225543,1321.18993872206,559.672976209491,2383.90254500722,770.153919128067,1127.62600975086,1423.04529226735,813.34347975732,3349.55824383487,805.393490396415,3380.80599119756,3952.11413745575,208.483484509304,497.758382555872,860.726664174489,11.1965501033455,488.888734835924,0,0,1290.21115817506,0
kitchen__212.png,6071.01604047817,2619.78543436249,203.825682776515,1026.94542534328,277.821039263101,269.970892797899,1166.81724619178,190.338935694615,1258.45703385734,814.590049592931,485.489105508082,2952.27650821975,701.070833587955,4255.80880305487,2970.59430772536,181.299711429629,505.944166695585,1798.94552360109,38.2606933762556,625.950514044207,545.930051022046,0,1038.86200137705,0
kitchen__213.png,4453.84082989685,2328.74353662052,134.206696723462,1994.15942786756,1579.4590614911,562.636426808686,1706.84069355223,156.241140716181,1298.00977190657,1118.4581545899,556.001679348159,3518.99682407601,476.153542471701,2724.67479344693,3235.49242856618,239.235421456869,443.862735945169,1250.65785191909,11.3119301648832,920.800298417893,0,0,1290.21675401405,0
kitchen__214.png,4200.42189173917,2920.82874054544,144.43790804566,1237.97794136754,540.977754778902,564.128592131038,1833.05470939831,296.675007377011,1542.21778153047,1682.17699620196,608.122372237156,3082.86940870055,851.443103830357,3875.12520096081,3839.67617442819,175.732998872891,573.604915513458,826.670135164083,19.192358589775,507.685806995571,0,0,676.980201591651,0
kitchen__215.png,6207.81472798699,3018.02068414876,223.584259574057,959.770983364324,769.175770336442,685.184592782327,1329.23700171607,317.537833504303,1896.20555725167,870.988060547486,853.36827681372,2951.07335224561,498.529418338907,3202.72659118042,3014.10604094101,127.376333686735,743.759721917977,1229.84619720533,6.28347435948866,210.032705067756,0,0,885.378417030617,0
kitchen__216.png,5991.34251585976,2187.57163274262,179.360498123879,686.724701822357,580.990796951285,753.170645976365,1360.2323236347,303.746769310783,1526.80111799258,909.798129263952,632.543259885104,2864.83613833704,606.364430209322,5050.8574934897,2392.58868537901,419.557017383717,396.295095059936,1698.61604793732,18.2059941329491,320.954562858074,584.626866253806,7.77488769324103,527.040389702499,0
kitchen__217.png,4093.12922554437,1277.16052261045,181.254135245578,1319.06622430942,1164.06125694365,430.22399522122,2072.31942471835,382.926113938424,2263.73427868138,1428.85207614781,776.963001463157,2809.98522266702,819.67978446725,3882.40325951221,2791.80686576462,266.953264812801,932.527902048829,1522.99550242017,0,387.353562791631,0,0,1196.60438069165,0
kitchen__218.png,4146.2067682746,1887.74604910008,164.003292982898,1867.18971041009,803.080385029593,338.264301659418,2220.54163617809,469.403235829443,1253.5212297659,1155.08139301115,588.996530393249,2430.22637220885,503.57080666069,3442.64307823675,4043.93887237869,107.409685465368,495.52784535165,1770.04593100424,0,724.492890368337,0,0,1588.1099856909,0
kitchen__219.png,4422.79657936075,1978.17356502154,174.999997297155,1396.54833024958,1655.13611872011,580.129753785349,1275.81012332314,536.594996999475,2268.36730208444,1696.26400801607,506.591327600882,2299.84861235979,875.609776058213,2624.60156889213,1629.83351442778,319.451813763633,967.313584326837,3046.82082004549,13.5193692286188,806.416684523198,0,0,925.172153915825,0
kitchen__22.png,5520.82483186519,2291.59753835209,117.378567069569,1557.70961416527,1586.23905633279,406.868781520902,1107.0278566943,405.54920918712,729.070136382659,1096.91707792371,477.155497574148,3135.93266815222,550.348377847318,2246.22962297055,4769.54307481498,122.40181145796,776.460435710472,841.206772059667,35.4215489830566,418.422472056149,0,9.34888106318838,1798.34616781669,0
kitchen__220.png,4329.67699504085,1687.9044176569,133.106039570705,1766.63414124583,1224.90505519054,548.89180039533,1363.63144207856,833.462453744927,1445.34053532994,1545.78983921744,964.543001948571,1677.25068762877,783.443286039698,3412.23538624422,3822.78439459103,186.954085647648,575.877708166278,1858.06226889497,23.8702107299778,440.868267785072,514.564273589262,0,860.203709263499,0
kitchen__221.png,4268.89090916058,1864.24947919109,201.205198938638,1726.83347908132,1473.24624046855,400.797591963026,1449.94320167275,448.933351944421,1466.02238101879,1268.13750295764,555.906515894576,3557.23595673601,1014.75229327555,3699.72465944519,2654.091130631,248.792700697568,951.412321138409,1720.64774071254,22.6499131546019,387.685082898729,0,0,618.842349019033,0
kitchen__222.png,4274.85511216336,3654.32603233273,80.0744596610309,1780.85363648405,846.694855187775,480.756238198572,2134.00241269295,284.054984907321,856.479976323044,971.343856719536,502.781362295665,2535.50457509306,710.0275090037,3198.46372285721,2441.5312355406,82.2755678178863,283.321796191424,3015.09871893974,46.6419051185207,358.225611944264,590.554796243952,0,872.131634283606,0
kitchen__223.png,5197.74931246591,1491.20989932032,182.256392231864,1117.88669244134,1212.39483083884,776.024672780263,1346.14862682908,393.433843198357,1455.16372662863,1099.22871308135,633.362698222589,3352.08155585826,1032.22594368032,3468.2753522342,2055.5582633529,180.788875718486,895.507418452581,1772.94255598329,25.9718357835142,524.502944681086,405.972833164792,0,1381.31301305203,0
kitchen__224.png,5588.53055061587,2803.07908697172,290.781548470787,1271.46993676534,910.799639812453,714.665069442511,1021.52418362142,411.096817945872,1890.47871683473,1050.51085209832,542.195633882573,3480.72757934042,798.189585929518,3011.88541825737,2350.13521917749,224.607695819755,906.162711638281,878.430470932739,38.77364621301,472.179216610295,394.781395801322,6.39354893676972,942.601474881436,0
kitchen__225.png,6156.84650192301,2013.91959745911,121.522428031943,1301.52366675884,525.354035730185,617.217895431915,985.809517531891,466.392936658118,1609.67262599811,742.841113289433,332.476321364371,2380.39592680708,585.914663000781,5076.91807555345,3301.8178737031,227.064537496053,290.949533569546,1190.26826834813,0,115.022061963411,779.104981679722,0,1178.96743770182,0
kitchen__226.png,4089.37905626026,3629.053333168,142.226353858824,1608.10895032808,1192.67483187472,300.531385598716,1893.59666969741,300.331279073048,1232.54456725914,1323.01861797928,420.823859113784,2676.36024019038,948.644785666564,2679.81230475579,3728.32641339026,107.040328599698,473.039173455176,854.186013878474,30.2115914687041,312.80392675664,1065.82502582421,0,991.461291802842,0
kitchen__227.png,6006.8407289298,2940.12553765655,117.798741143071,1410.99459603933,542.609469963138,344.210740548939,947.887370938649,126.647178898525,1293.71839305579,974.978660858839,381.893312993053,2173.19179259773,550.835923606156,3789.4086528609,2186.81401191751,108.462719627231,486.388836425404,2975.74722391901,0,188.618176123497,908.519096817953,0,1544.30883507893,0
kitchen__228.png,5531.36485674485,1869.29077919105,252.004850407719,866.418808485622,566.669054547362,542.097511188578,1434.94102141745,730.353210513558,945.163731829131,878.086667829533,1032.82930409845,3164.43968898358,873.599501853347,4037.22818708349,2896.04458450784,386.696286561439,734.546714264986,1706.18986906415,28.8928571077543,431.417810810371,494.059764019005,0,597.664939490725,0
kitchen__229.png,4951.14901503253,1569.04076129747,151.503356832553,1418.68262980678,1682.47803038094,547.056491340143,1111.046194592,374.687019034208,1426.3090701428,1616.78538815862,352.48397757654,2361.11037749573,587.569173784821,3498.05471052587,3590.4258349817,294.755098193128,618.279154102347,1075.67704713717,20.0125004321293,379.94274374162,847.917822069911,0,1525.03360334101,0
kitchen__23.png,5084.05145355321,1959.06648610602,121.555609555815,2020.40216938284,2015.9128620447,403.287599311341,1610.61200778653,347.857274776616,1229.7286659537,542.913392850863,453.830727282249,1752.46605025677,545.032115508051,3905.92822724596,4448.53044663448,187.648938414099,408.532710568161,2044.43162828789,9.33992250440459,266.757715715339,0,0,642.113996260946,0
kitchen__230.png,4767.64148602839,1341.38401129098,127.162458898454,2054.59520863204,1333.01752802412,356.191352081505,1476.92173448016,429.466770479191,1153.4179697948,928.471629792999,722.670534752124,2558.77722016825,563.3765678342,4032.58791956082,2700.42261416253,201.853884129583,369.74513618964,2231.93264454968,7.13948910263189,314.04104144013,872.095740344791,0,1457.087058263,0
kitchen__231.png,5321.98455138247,2305.83161230204,112.030756698515,1783.7799348127,1104.95311190855,643.355953297343,1189.30016578804,376.549449888278,2207.72062191388,1227.86887190626,326.891552192604,2577.96694531805,345.508454025525,3488.39078543826,2097.21385281663,121.42598850456,674.434613625249,2361.71186995558,10.1320335804434,435.989993275073,0,0,1286.95888136995,0
kitchen__232.png,4490.47508215933,1722.54028785207,166.399846626052,1564.27742473978,1090.38888132669,709.738300475236,1654.26363592861,334.999450599493,1816.40754511657,1079.16618765437,675.042101361082,2548.58630137267,922.258663441474,3773.98693454127,2705.88963513085,261.328667574485,949.053043276734,2052.97837127862,28.2303385019487,662.563659381963,0,0,791.425641660703,0
kitchen__233.png,5225.62559657684,1747.68448505351,261.512389104922,1202.42875055281,1344.99856696446,533.404331444643,1270.00169556902,341.208285162099,1857.50011304669,1166.89619097556,735.830931088486,2931.9019620031,789.292144706551,2470.75082623612,2411.45881142533,294.663705170337,1151.73385418559,1686.3937022739,51.0919164488738,887.736068089807,317.828690701412,0,1320.05698321993,0
kitchen__234.png,4851.85851901141,2038.35113827231,106.40234977762,1854.94407996204,1244.11733625096,450.756938218222,1513.34384506736,162.743034707682,1225.4472105997,974.849156855937,395.021121634419,2021.15969760768,528.80020826835,4360.6337008778,2766.46079393034,258.179626812028,613.936372591566,1909.41077486671,0,261.476563937546,1520.36223499972,18.0245640228763,923.720731727726,0
kitchen__235.png,5438.86477548888,2458.35006685881,187.818560312224,2638.71947373305,2131.27502652391,338.031797533107,1003.98511794766,237.266626492882,863.613078677669,621.28222924186,178.28040353092,2151.42235541655,166.287192992328,2419.86286615477,4007.1882766588,114.469531301043,370.11521603478,1211.00678517334,0,361.079736212657,1240.9191462283,16.3916792951823,1843.77005819126,0
kitchen__236.png,5604.54484102738,1618.4146256867,238.913513436131,1222.7058472873,854.452770136871,568.45114192476,984.724058456271,708.704110601071,1287.22159973122,1221.13114579704,832.772157196447,2382.3694907276,723.809653702361,4094.97209511937,2498.16207362702,235.736312161746,614.127158740044,3024.88218055327,7.34814156790194,348.40237307545,0,0,928.154709444049,0
kitchen__237.png,5521.97571062623,1550.62212274471,143.157150934222,1601.74642630562,1313.02671790241,640.61381080601,1215.02210049842,647.129038393835,1703.86415017973,1022.96939588918,701.673049834614,3237.58369465261,374.493381379773,3500.94107742523,2375.82560587174,214.139777376741,521.649482843158,1898.95558755569,49.6532079240317,504.152581568852,0,0,1260.80592928719,0
kitchen__238.png,4666.97248768423,931.662491535726,243.874384569026,2026.62166337259,832.249525003822,546.004819216858,1486.3558763183,602.621797772254,1619.83659387862,991.935060727016,391.396221777163,2701.74054206548,657.65599318782,4943.28857077977,3223.89787000854,159.743920959208,619.323398281852,1664.64579026149,5.35749887542081,714.767308471298,0,5.35749887542081,964.690686378112,0
kitchen__239.png,4502.9451635507,1875.15413474921,199.342441711775,1667.45689351064,1117.01810844747,638.42625041247,1603.68708877656,424.814443932618,1530.14123529261,1472.87401095501,541.601452379371,2486.62589514881,513.690213937159,4210.84622361177,3177.14149328252,239.346629269934,486.777125928228,1189.20273729404,0,507.749806901631,779.119946857766,0,836.038704049703,0
kitchen__24.png,4948.5938779276,2822.76757599552,176.189949697093,1531.88235488238,1180.0568491337,474.613419394201,1117.07405680204,482.233368833609,1694.40060657308,1139.36140775106,675.775009335425,3157.80593095035,891.741705128576,2371.87805412103,3259.53836434061,358.139994480442,739.924398534878,511.818244833646,13.206603027909,288.483361391306,725.633484211027,0,1438.88138265454,0
kitchen__240.png,5804.51996672178,3252.04046378883,92.0335242368645,1619.19349908073,305.063513550607,584.923223160114,1032.74288865386,225.231892893916,1321.92645531472,929.056379094028,469.910310363309,2662.58957824245,424.035410920814,3857.230260372,3102.06042943645,175.546604496056,594.031640685516,1224.39064211904,14.9052510327316,726.227816784166,1012.07614749036,0,570.264101561652,0
kitchen__241.png,5216.57712701729,3136.5017997246,164.914540219875,1119.75595608323,1757.81636321851,976.075578879185,1076.87464722114,274.925340094113,1862.39335197453,1430.09363774831,576.505883790275,3336.16898655126,849.035178404133,2508.15568250049,2512.50013796314,295.278324172345,796.25135796613,582.957316608349,12.3851293535495,295.610481327582,564.990087803664,0,654.233091378305,0
kitchen__242.png,5698.98604693843,1858.42856971379,134.049419589987,1436.09810434953,429.418667801568,540.998251736597,1224.48066850008,945.703039988557,1636.64087220945,883.008070015944,874.923543671473,2429.80518487346,610.533457038475,3654.77082803138,2827.72717341897,146.893653157537,834.158337668454,1727.46714496508,0,385.792791426433,703.311953206456,0,1016.80422169834,0
kitchen__243.png,4739.69652888899,1580.14578596571,175.104785108043,1851.21568158706,635.029767101158,513.461399809376,1746.95925291579,550.336432656973,1343.34159576226,921.538266283334,947.963975360567,1982.81832152679,560.674767707081,4776.25082334718,3128.85305053316,138.922412439901,674.637276991984,2183.40666249483,28.1504713161779,214.531492534929,673.014184765543,12.8426188616772,621.1044460415,0
kitchen__244.png,4484.59008612631,2407.98296015208,220.337064498152,1791.01902892945,848.46578619564,677.878160614346,1409.72278958674,496.712636009161,1774.18691494348,1049.63993143036,727.961093467674,3737.58677740053,904.505504595648,2663.01236539059,2900.22744934092,329.666115860131,951.087237273353,689.783633202573,30.8565434713626,416.204171885456,0,0,1488.57374962605,0
kitchen__245.png,5146.11187294143,2478.48664295175,246.988946909182,1722.83821527203,574.067047494575,753.570219231014,1454.48795136229,214.268607033169,1457.66578530098,953.1583352782,745.032107228741,2802.56410777424,542.293195737033,4162.03099568329,2016.32747218631,135.890884429186,726.37786385032,2722.88346859827,45.219544979833,306.256465340543,0,0,793.480270417609,0
kitchen__246.png,6411.1501348761,2870.65791818926,262.119292282834,763.232786081882,454.426495458381,752.085410178488,1248.43115380792,530.367024450304,1310.39020578142,887.792566768431,929.814345465045,3729.1142719531,475.809544245641,3549.99168719312,2863.99929619042,193.323189148613,587.977707050541,1082.29152361374,20.2606250714087,541.811479551639,0,0,534.953342641711,0
kitchen__247.png,5026.68060726194,2352.27875398213,138.484737904691,1704.33960709861,1486.00700344237,502.870841243492,1236.53619185354,632.401595363947,1243.34574470773,1450.81082799052,349.027935945198,2814.76838996942,487.121736325984,3233.62037907232,4013.69961995815,73.3590710497211,593.521930569282,756.516416616027,21.1519584196879,220.531335890862,530.314249600491,0,1132.61106573389,0
kitchen__248.png,4685.735468702,1784.99687508248,139.743219911807,1503.42187290577,799.450992453024,349.277519174218,1587.60502663796,449.880433192256,1433.41507905874,1436.72595798165,644.274894177863,2996.9958282846,567.619033395753,4156.44344333678,3054.63864211635,201.525425097132,597.761493766674,1113.74022539136,17.3672152797358,360.136755866616,912.189486062925,0,1207.05511212431,0
kitchen__249.png,6022.48940923358,3418.85664229568,94.6666286137003,1018.97927141297,522.581855040396,367.794834663198,1253.35962060176,232.484112350187,1422.79026814609,851.814540955845,600.127234152585,2035.83128154108,743.92043369951,3829.31999377296,3621.75336831432,99.9168527822386,475.9377779767,1177.5708683635,9.51987131409889,537.775408034815,1279.59275035811,0,382.916976376681,0
kitchen__25.png,5539.3666916461,2179.60465092519,160.643410532712,1905.7152500922,1942.30259014587,684.111621231024,674.199588806676,201.761832363845,1935.17016689743,893.232198344492,358.780242411774,3031.98293102363,780.112799615718,3283.01125864426,1799.5025714042,181.405898283858,452.335580249453,2388.589298911,25.9675732109573,224.921466757909,0,0,1357.2823785017,0
kitchen__250.png,3650.97701482426,1273.72818519716,138.294782972763,1786.62261179034,1152.43392895613,439.852352273173,1672.11605360683,501.985749767505,1496.74776361345,1766.2030329681,817.31533771567,3394.51119875656,822.72765536147,3600.07030532035,2041.31270607281,290.986199954839,707.535955232691,2489.28119631124,10.3674314941671,487.873980007909,0,0,1459.05655780259,0
kitchen__251.png,4255.12268574902,3680.20695350408,133.321040102787,1936.76630221639,632.044265853713,349.29334410781,1442.41874480681,343.255653500245,1322.19517542437,1511.55872111916,596.899531145579,2651.94039879812,616.571910061309,3013.35044024768,4136.52386864798,185.079174743461,650.912094362384,1406.72617291894,52.4824613038401,405.735717097997,0,0,677.595344288331,0
kitchen__252.png,2521.68149835259,1407.7457029526,61.9660697669472,1942.71033397664,886.551618199769,299.390332700233,2019.58969782341,209.293163932692,1584.96180004787,1751.89249729709,759.318468351587,2909.66142504523,1388.86069231206,2907.11019236513,3813.42175559093,340.060994994699,419.666483593162,1330.59861684879,35.2042852435179,714.177889538468,0,0,2696.13648106659,0
kitchen__253.png,5229.60205790368,1899.3912193235,231.447959210655,873.471658266416,687.044816826648,867.191764878758,1035.98387957214,245.635139272432,1764.4641050156,1585.73362989755,1504.44669859024,3927.27849513173,869.883459241587,3474.61833043887,2885.0964692314,366.817795022053,750.536350461661,324.521206531852,38.5075200965751,213.715029008518,0,0,1224.61241607813,0
kitchen__254.png,5104.66599428308,3528.58927293754,238.121003360288,1716.20093308438,973.843835764324,499.839872180796,1165.59243467511,384.786496891735,1714.97629873943,1221.1896770719,479.03826865455,2999.92863495484,546.125585550018,3190.76268940571,2337.74140268361,246.225375335514,383.021885571333,1369.78805725272,0,317.55648961813,839.604730828326,0,742.401061156676,0
kitchen__255.png,5733.63724684287,2149.45249379898,176.327436323661,768.554865065341,918.355587767185,840.576215042375,1715.86533395893,810.28045959908,1546.21399239591,856.131925683452,807.227351716408,3667.46529416759,700.748440526074,3415.0899967468,1937.02230626966,198.360701302099,830.511921971193,1832.3947558008,26.7014866212327,335.446933738482,0,0,733.635254661872,0
kitchen__256.png,4929.89544869711,3716.97311439529,105.20268010641,1724.74693172879,787.762898408816,325.263801913172,2196.79758226594,684.903458460402,874.195922902904,736.799630792107,581.144026432229,2784.25185289829,314.566103254441,3050.47377246344,2393.04481762872,68.7202239876695,432.660698662468,2471.89093921376,20.8928270130587,240.599273537814,1046.14998533675,7.58125226088347,505.48275763954,0
kitchen__257.png,3607.6370839479,1618.47629593005,236.256334601925,1879.06396071508,1350.88761888255,690.10497924908,1850.13340246503,497.249534083091,1830.41773483839,1326.43970889227,942.234626099806,4008.41377839272,1147.54504243505,2836.54484778841,1565.34876685876,180.279918678153,823.332640711598,1669.45840605912,8.90088286651993,429.9731431241,0,0,1501.3012933804,0
kitchen__258.png,5118.48267362916,2929.14235671427,254.672740279484,1547.75123489533,547.796292369945,544.352996451705,1235.34542971335,589.416634637352,1130.29066426074,1207.86914266289,753.533242414709,2655.42882130021,659.108202647384,3552.08623234586,4105.77320664078,181.376769015504,563.706417815213,1309.48157106707,50.0665474363751,451.787273980624,0,0,612.531549722028,0
kitchen__259.png,4999.54784085063,2290.00858692019,217.111110300401,1381.77907274161,1322.39605672988,397.148943193781,1715.18331067898,371.357180935513,1617.16500037057,1288.91884000268,387.007416278681,2341.5810132133,402.305410797708,3028.0915743789,3466.28527637882,178.203990222268,732.620440873478,1960.70865654313,34.0615347061169,726.007244846257,0,0,1142.51149903711,0
kitchen__26.png,4793.81421280503,1833.76626397195,216.628655218303,1278.92641853462,2127.42084025836,678.883339741585,1094.23353861222,377.567945125577,2483.26351602067,1606.72429480724,600.091108758352,3174.33665306727,939.317160658721,2738.35726893639,3446.88783595218,273.242913077316,824.102695067068,0,13.7414615048507,336.090960003015,0,0,1162.60291787929,0
kitchen__260.png,4644.61148287661,3054.73557505502,163.437375475923,1411.66411201516,1238.92900551281,632.254240368868,1591.5577896226,506.846064548456,2476.28806706148,1185.88889498393,639.079217550827,2409.59332616069,871.437547386031,2773.48671542878,2027.49685590734,247.141789286145,546.875422550218,2290.93013502569,47.6983838295197,576.021407108663,0,0,664.026592245217,0
kitchen__261.png,4373.45889050454,1861.18126070851,234.36549004409,1678.6223509181,1113.11742530791,533.349357145386,1803.64375850653,489.500750046521,1768.46548053709,1249.42280895381,608.596687456132,2757.23749346706,747.63486542201,3158.54094059896,3204.85203499201,87.6080996415477,1012.36027626962,769.372543027494,48.1745489026511,547.230191808224,732.357600786865,11.4346771508125,1209.47246780413,0
kitchen__262.png,5166.50671019913,1674.58979140326,132.125063049247,2007.87763671598,739.727484921224,406.311542853598,938.233106351564,158.532755306615,1635.99652985898,990.858727823562,540.141242057378,1894.54336999789,643.872795828078,5377.1311858424,2832.43789171373,252.651023081685,573.200181789788,3098.58560252656,0,423.192226119964,0,0,513.485132559368,0
kitchen__263.png,5219.03713642412,1468.47069469413,161.924249428996,804.552766419173,1199.27337686159,550.54141153087,1498.70676010073,473.191898129857,2357.48047208165,1386.33999667614,590.85487860157,2771.28671908745,754.938832439099,3550.86658237832,2682.64264252879,336.424507940729,679.452578665743,1476.12450534224,0,241.972663687922,0,0,1795.91732698086,0
kitchen__264.png,4550.68185242605,2209.34724836995,216.401607271473,1749.57273082571,2244.34385435257,583.890224587164,1490.77099900626,328.58485433858,1731.65007346877,1400.7177319832,693.880053100185,2741.37580687311,515.029480718658,2396.01602952735,2737.10015782556,293.227205040128,553.599635963296,1257.10330313963,0,255.967820547673,732.478826834291,0,1318.26050380038,0
kitchen__265.png,3893.37029167207,1830.61720001233,163.74627366307,2464.14689332429,832.022234364478,294.604022915967,1328.42623521925,404.956303077598,1808.64066929391,1198.43394103425,788.114386659066,3748.62752532268,829.892597489799,3794.68532805103,2510.02045409908,277.070951949292,489.644798102056,980.482110099857,8.65908931105903,300.209138720525,493.878944605432,0,1559.75061101292,0
kitchen__266.png,4838.87154222566,2244.26379618397,142.827454006691,1610.99075884759,2147.80850573249,636.179324886631,1802.14896180875,69.8445687635515,1535.09405661611,905.369517610541,803.129015958235,3034.44729304057,579.996674028475,2689.20366797277,2435.76172437817,246.357119479982,763.08997069589,2215.69014707182,16.2654259989932,198.659205260169,0,0,1084.00126943293,0
kitchen__267.png,4743.27547755439,1886.17695196442,106.255320005538,1135.42110990056,989.422701458199,733.993122170471,1927.82928398991,376.099199144621,1251.38976049936,1310.48632979597,606.384957929929,2769.91460342681,603.999583085002,4223.13524614242,3559.3587936885,264.586313294695,883.973287443511,1579.08840020932,14.4019023794735,264.008725419769,0,0,770.798930497128,0
kitchen__268.png,4539.64535581589,2424.09920481386,249.629686168081,1209.60029285728,1032.43785272986,601.495715438064,1762.50341725741,403.596532495638,1998.1782702977,1304.4563792426,808.944382009694,3431.37231698522,933.084259536649,2825.71307000321,2734.47203387957,218.618693771904,875.005722687839,984.851977231369,32.091601518256,468.710502446729,0,0,1161.49273281317,0
kitchen__269.png,5243.29904052664,1548.19315481362,301.13155600574,1847.74582757411,1273.63390818804,793.760557701038,1080.16293545422,534.664455209413,1658.99275069573,1030.3510901532,837.427780419982,1827.24854831053,613.706721887807,3166.67187142884,3465.95439560167,160.754383087496,408.568412373918,1952.91219168529,0,568.929024463066,0,23.980001316526,1661.91139310313,0
kitchen__27.png,5008.01956900588,2430.39984823954,146.410624536217,926.738205064552,1571.68306444023,252.036700158685,2153.78386399219,392.959455260911,2208.50281636245,1119.41042083129,476.024949757546,2069.342406496,523.609134620654,3415.35628633201,3040.15955823675,242.144846868861,637.862363984425,1707.09847510056,26.2939596165628,445.829267929468,576.449419109335,0,629.884764055863,0
kitchen__270.png,5286.39503690584,2384.67769020213,150.847513368877,1914.48482263237,873.800471312971,369.908904452084,827.47851571427,265.161064251821,1616.96737596936,1010.04267590561,778.888964360081,2446.16215627604,701.460353681379,3911.33429149676,3048.33669929265,249.233960409284,553.67438531535,1166.15043840825,10.9046347512507,205.935078404892,1201.62691223274,0,1026.528054656,0
kitchen__271.png,4541.20210209527,2953.45848595917,52.287950856324,3067.30819119014,1322.88101551831,443.038793159825,1254.95915890401,86.4203413248819,1000.42519364801,740.274544503026,321.408594673139,2570.80822955442,322.987832328842,3739.53727684213,2958.5554955247,73.2681709787163,590.563681553276,2176.0098499235,0,139.918139519334,798.874487333218,0,845.812464609752,0
kitchen__272.png,4322.94719273252,2330.71744694069,219.959482190042,1839.35179338237,712.989422051141,438.268251270165,1677.16676431876,440.062238027357,924.502776923161,1137.83373250472,600.045642304305,2660.7367105023,713.478566821915,4075.64530040337,2894.05217813999,283.3183180758,682.548150288805,2321.51550957449,25.9036321639126,301.005778695433,540.965091399849,0,856.986021288906,0
kitchen__273.png,5206.0262008546,2730.35780813276,170.74340832811,991.387109662097,860.008994676116,786.430599756461,1578.12862935069,473.083803714685,1924.71962787093,1208.09914134074,723.304139685416,3063.85712403964,812.788966009764,3745.10706246146,3328.32352449531,163.392609676217,535.47602874391,725.925715509542,40.1773431058902,376.518971422355,0,0,556.14319116329,0
kitchen__274.png,5473.16204230251,1557.59427523274,20.2135488786622,2287.01182083139,1363.21334807299,84.1079757320709,1402.996555194,379.452589204523,328.236661288097,530.459040463588,507.832303780109,1616.48452167349,212.301151550776,2766.2182692176,2186.648040052,94.0693896577315,415.484539359098,4210.16670882724,0,0,1554.14254354843,0,3010.20467513293,0
kitchen__275.png,4999.4753999185,2142.8316319297,189.888710793516,1509.88444366333,738.866772902615,541.515475682424,1368.58898911408,478.300679035579,1959.32677824131,1444.48337258968,1028.37614654546,2611.86311506333,566.072440276647,3988.99021378081,2875.80669550191,94.4378732362977,567.438580043995,1821.59922471751,17.0574812014646,112.916414551967,0,0,942.279561209881,0
kitchen__276.png,4271.31254696429,1705.23028273704,161.896122778631,1649.82184759314,1367.78307661032,498.710812166845,1416.62260212479,349.183990904961,1337.24874392521,1418.17484943567,855.248709533302,2790.22867464217,953.407938171279,3891.48466031527,2955.01519229231,239.987029638842,636.399660042391,856.743963416344,37.2489538491349,364.690556932751,1400.15649077849,13.4242322228614,829.979062923965,0
kitchen__277.png,4750.3039032281,2875.78089849108,107.348185664297,1934.96166982852,919.136029139639,521.165326100209,1005.14122321199,347.506040893199,1690.88103855914,1338.39528154786,576.484787067121,2049.46699229591,737.415609137616,3288.33329174966,2674.00933481682,211.088108573859,712.970779259284,1149.20494771178,22.6942044720605,333.266073345184,1807.92417485184,0,946.522100054836,0
kitchen__278.png,3965.04843288794,2053.09662922574,221.296111040392,2147.65866095976,1056.06876041507,596.309866745833,1832.83035411393,411.881533532844,1357.09943572504,921.50992911671,767.05682127741,3503.01895672708,808.643421926503,3519.48357610631,3211.3332051119,315.309113865821,492.386980130972,1110.94242464975,9.00008712933533,309.221602455597,0,0,1390.80409685606,0
kitchen__279.png,3604.33446531795,1546.90440804744,131.344098074229,1871.0416946554,1247.37361892135,574.091359713543,2106.71025425977,329.618809055526,1224.39951028953,1376.5486544062,528.10251011712,2563.39671924607,861.930868398454,3586.65453900494,3181.91935093485,179.434062962227,612.628456648417,2324.84896174178,0,329.157846388667,0,0,1819.55981181654,0
kitchen__28.png,4881.59439040812,1076.4380377574,142.593342126553,2099.94657515253,1453.36385416222,440.678059352618,1303.11171629978,252.277693654223,949.413696318604,978.589939036958,522.362130850631,2686.08703920456,575.19021082673,4150.52612161127,2942.37766747313,151.9080655665,390.890685247267,2838.85019552454,9.65910270938531,687.315779575888,0,0,1466.82569714111,0
kitchen__280.png,4762.66217928218,3067.34559304841,215.879364301773,1180.35214138562,642.831951474187,607.277130811117,1851.4253075027,361.26724852709,1091.18996815766,1213.00028230822,485.635497723251,4383.65495338378,663.587055363507,3171.8672751905,2687.69006336912,293.097435765823,831.846039255363,1014.30851997656,35.8755983919478,670.081227056756,0,0,769.125167724443,0
kitchen__281.png,3016.49636894378,1806.61758212889,145.11602078876,2065.39411607099,1378.6453910291,449.627790632257,2462.17048119092,284.67076190557,1364.28114677027,1322.97519337677,681.359095399328,3138.65923354039,831.737183554084,3563.62919500755,2832.8982050348,229.995191454689,801.411507753534,2069.41760323352,65.8090002681336,581.688219591481,0,5.42246514063756,901.978247184554,0
kitchen__282.png,5465.36468110473,2599.66484412842,132.966090598801,1442.94289167394,1051.87973056626,625.845953741493,1040.18641215591,226.637212768576,1499.66617038115,1106.25543784234,435.251093055124,3208.85726699825,754.838961850283,3300.98609236423,3124.40452788011,190.411615372786,367.093626535354,809.200310204815,0,540.637206720536,599.059680195374,0,1477.8501938615,0
kitchen__283.png,5846.2397212871,2124.92722587166,191.97001758933,964.640313867344,668.737352557385,558.869686253454,1587.89039010232,255.430814888162,1625.63302859191,864.251008262234,483.35033824922,3003.92553935582,526.909192563391,4552.48828577641,2616.69674724966,203.876102485685,722.928557269495,1604.27669510345,6.1932714319274,292.989354070912,398.628285856374,0,899.148071316756,0
kitchen__284.png,5203.17338337591,3745.83118824977,179.615389556262,1537.72821784375,843.023187814172,473.393831402601,1335.39103787609,256.822217795164,1572.11182391502,1247.53871026891,473.211977942272,2910.44675754855,458.743995586121,3413.02645427115,2501.51190979166,206.601753235651,419.344699160329,1813.31440121954,10.822901813569,190.063023913056,549.605886566365,0,658.677250854082,0
kitchen__285.png,5127.73301627059,1879.93070682111,230.147829825217,1795.89448321826,772.893137781433,553.865362721228,1105.56265745988,476.716120484665,1685.10514385705,1093.9033443589,544.143582480302,3151.48121425009,690.509390510026,4052.86966678005,2242.18234755632,160.618200226044,498.678954198763,1264.52469054574,25.7789079563018,188.880261402934,872.693411244351,0,1585.88757005074,0
kitchen__286.png,5302.94185675846,2176.36389925597,216.438042832303,921.958544167367,1762.4486680046,434.639371233789,1502.6454305902,485.512655118843,1878.73360021344,1044.69275491232,459.821499171331,2595.1546463513,877.371749103791,3065.55646726972,3984.60174885079,322.047738334462,627.577484124705,890.432590518384,28.3419261334053,365.313538422806,0,0,1057.40578863202,0
kitchen__287.png,6260.77988874886,2987.02680813914,65.7475005596824,512.67258323781,596.29253651888,264.347930098935,1435.61402539955,215.446309896889,1610.48008265887,1254.5306039037,131.269632052674,2285.07740102539,410.068988928223,3870.31338057709,3724.65294539993,75.9771506216518,443.986688684765,880.462248267001,50.3567591601967,191.667695283844,1169.23189199019,0,1563.99694884672,0
kitchen__288.png,5748.38418018495,1834.39579104933,70.3602107848299,1871.78478917131,534.394728575003,604.670533140995,937.097309768983,139.401665610061,1434.92567416916,875.268831245517,208.252974395024,2211.47114413639,395.739933074976,5232.71392825217,2025.28578971476,163.884858168375,676.019734965695,3653.28664805387,7.84009838589293,652.669957483533,0,0,722.151219669192,0
kitchen__289.png,4125.59359754015,3155.79586008708,73.6487528756767,1897.88662382235,1386.80336740131,508.245114476639,2124.50422169914,243.753165786966,1281.80908673864,1103.27144641328,498.00313973653,1702.16620792361,506.157612692059,2865.16146158605,3354.29733758781,242.586497833025,376.698413472977,3079.83350039762,0,258.345418134045,0,0,1215.43917379504,0
kitchen__29.png,4593.32607402243,2199.81751821278,279.856711663482,1765.34480495088,1466.20835645555,362.731204965369,1427.99622927254,244.027959450653,1493.74713154374,1540.95601135517,599.896522812321,2973.08550757704,472.138062483852,3411.94699331714,3033.52660027505,181.839729391934,445.371816877552,1405.16992249484,18.3990885231957,526.099689505197,451.882921480481,0,1106.63114336881,0
kitchen__290.png,5663.34574477205,3954.04606716103,139.569054375504,1835.86239535339,830.298821470266,796.343137697021,1181.36735044418,68.5313534977976,1460.61774602307,590.576505437973,325.821628846586,2896.26960767985,579.249768702426,2950.82685504576,3364.26205505113,149.598235289972,737.299132755427,1342.93839917342,0,405.628372714216,0,0,727.547768508909,0
kitchen__291.png,4995.04556082593,2635.66278224831,143.557485996756,1779.58176019534,442.072499031939,742.622972883129,1482.4371988838,375.388415428431,1522.7269271141,1026.90939081566,922.253558942685,3427.18325609249,558.397733930498,3670.40882614789,2657.02379332859,140.167343699701,1039.64594872721,1506.88556458494,17.4610116490867,397.194963696297,0,0,517.373005777236,0
kitchen__292.png,5373.66561552204,2924.43116756405,243.962526227267,849.347237438039,942.888516669118,738.014264578868,1769.48989199012,261.922800562317,1706.11248754272,1192.20243752883,1003.74994624097,2110.97437469669,569.531212101171,2772.17815581854,2402.26843021856,223.684220932914,792.310597656123,2798.6679167359,22.0793844868899,442.042192323396,0,0,860.476623165484,0
kitchen__293.png,5243.65614735583,2056.35508924094,161.875795094609,1667.23362364666,1027.06198148876,403.508363152214,1214.86230633992,401.304529300177,1219.86257076137,977.479250975717,569.188587607738,2285.43731630382,692.819008805687,4174.35589833882,3091.26011541854,185.513990443613,594.23705697128,2838.05583926945,18.4356724325711,175.138817277112,0,0,1002.35803977518,0
kitchen__294.png,4588.19816668333,2326.13599168968,119.309423271384,1189.90807599811,597.945260960354,223.240392727506,2053.65113941134,184.511918358734,1056.13891597975,1211.97879881692,484.273029342511,2398.73260286993,793.569429264513,4693.42741635689,2166.27498299525,150.039760572083,751.653263441205,1625.64963570371,12.6546292537087,207.061626207777,2410.65404645247,0,754.991493642848,0
kitchen__295.png,4219.83003934799,1593.7405844338,93.5347837408781,2243.81521683326,1924.78948182558,153.298657990271,1974.95977082616,657.283267653001,887.038930003395,750.601878471021,570.895121542093,2288.91155436029,651.119170175078,3459.36844356543,2035.56598919819,148.707341959972,514.44451686214,3565.76965576595,10.9665823865239,433.901295503779,975.880428941028,0,845.577288614176,0
kitchen__296.png,5684.88697066989,2489.3971686116,248.716711079713,1372.70207400851,1522.26512511371,633.852537241732,1144.33473923663,514.10927370089,1505.85427641796,1206.55727137145,690.703375835996,1730.66643185356,389.448297093744,3267.8875714131,3131.88099519167,163.810418352252,563.968966489847,2241.26606790915,38.2602292675228,432.379458976119,507.762980306213,0,519.289059858732,0
kitchen__297.png,3771.92645187145,2497.61115953598,190.847498076961,1513.55790676338,1748.4700490919,411.14820922141,2364.46267220962,489.877589999666,1735.09786749735,1169.45073741547,512.761386792866,2344.31738324615,898.402214742891,2573.27743012716,3904.569556436,269.621088062612,488.23595301441,802.116729433772,12.5789289345752,805.804643209903,611.902756088345,0,883.961788228119,0
kitchen__298.png,4090.59775200762,2078.76344802005,190.056524904137,931.333765220399,1452.31148345292,564.955952557087,2202.83291106017,845.734256321035,1740.03350111272,1587.09869026826,779.49949646422,3641.77030829937,820.507800972055,1775.72582766746,2202.9336801486,347.875997110702,675.452395679067,1660.25003297809,19.7530833607934,667.775270003877,0,0,1724.73782239137,0
kitchen__299.png,5059.32777712694,3023.03104583728,139.504915294257,1231.57288504227,826.228341160442,527.802263380704,1323.39266148907,479.233633571082,1467.96957291729,1319.85648780878,600.254620453056,2753.23279701416,606.77663449224,3311.79384907944,1793.94178870841,401.150542982648,548.988507587488,1572.96203471111,57.9230110580376,96.1420264767394,1744.58662797407,0,1114.32797583447,0
kitchen__3.png,4068.77457944251,2984.76905017679,164.458940430707,1630.94546716773,821.139747675081,598.793567075143,1877.35666056748,459.4512703164,1680.63552121338,1364.59416439996,590.839917629987,2854.73810753987,840.413379764842,3174.83915756032,2451.39697801511,209.135923688509,869.143524016552,1645.87540187808,8.77982496895945,473.416724507941,604.101483847712,0,626.400608116938,0
kitchen__30.png,5017.65762779242,1318.23115932816,164.496451593,1452.97548359336,1085.57877681002,683.269344910412,1480.1672231739,701.902848127475,1361.31148540463,1127.34585855167,430.161340030061,2424.94654478574,758.766682659387,3982.35065743449,3042.37215889686,132.829823658102,528.050801608449,1287.96213996966,30.2573005711544,556.84035521033,1035.64187443969,0,1396.88406145101,0
kitchen__31.png,5295.57736121582,1542.83847215197,125.512465744403,1181.384691908,1705.58332424547,443.719234699562,1518.05787834207,472.952724227418,1356.24451184596,1292.70530908417,714.838765177763,2039.20459950121,564.823086951429,3193.38881139217,3007.77235194087,137.404173565072,394.986062862891,2105.13300867687,10.0474989334453,414.954041607277,922.413827591127,0,1560.45779833504,0
kitchen__32.png,4211.93560400807,1726.52298225795,84.1782039980811,1997.58640640189,1223.64105068437,417.842614476031,1772.23861963887,255.153103591121,960.644482792423,1033.15167186737,656.419761319701,2120.88889777772,737.496290477695,4135.49382548566,3090.41815584963,222.396017829392,452.380025131288,2880.29935016748,25.1953897767219,400.421766990616,445.728294938631,0,1149.96748453929,0
kitchen__33.png,4790.34248459523,1472.14621646707,84.4657752972351,2227.7553686646,2500.70232488479,323.848878027384,1340.32742357376,489.769175278883,1051.75474169971,867.953307564383,670.755513995193,1034.90872347951,489.199800076169,2650.07236836685,2413.29598106927,212.053963819291,312.283017662552,4511.5682204996,72.3676517065609,514.399036473364,580.157679927294,0,1389.87234687131,0
kitchen__34.png,5909.8294156158,2547.02068603025,177.635913882928,1710.13871571783,868.541184756919,572.474058042697,687.163766127391,435.322821800396,1465.12392525453,760.160566124872,343.894045207046,2881.25196305122,711.910619823153,3663.04160138229,3239.23234796092,209.066075658532,459.062215122882,1664.2817918077,11.7308409324202,497.293219300574,0,0,1185.82422639964,0
kitchen__35.png,4172.00181545906,2218.51633434627,100.857521092864,2048.76939244805,1555.29000522409,397.902677322277,1326.81536239687,270.418429138331,1817.23384666176,1371.39014543285,527.282812711137,3069.99380201618,786.706863973302,2952.14752343784,2409.28522802679,281.93191971063,507.584046769959,1037.92667258078,12.3845005792316,369.519190096018,1166.80025229936,0,1599.24165827636,0
kitchen__36.png,4896.26381091403,1286.63672868469,184.490458840375,1284.93007462832,2129.87324392759,786.447373028863,1333.51245946462,473.834122436286,1114.63142024483,1557.5093550371,655.754513436809,2795.25759437264,670.492297837199,2517.81483845609,3229.97315224268,248.231966848182,585.732547689568,1889.20000127061,9.06003527054705,772.571897161194,0,0,1577.78210820777,0
kitchen__37.png,5878.63602428227,2161.20135478537,201.288749307421,668.99349701983,1607.05496553787,514.444632775126,1730.66270282299,452.768681396763,1435.80386024026,855.487497661555,431.062583931095,3454.51929743992,606.916338641971,2961.32600300549,2896.27940427349,234.850650309965,527.303132121635,992.076640516565,24.453289261428,464.566549681147,505.587415447223,0,1394.71672954064,0
kitchen__38.png,4963.98912138348,1144.45371638522,121.719705484675,1497.45214618102,1769.00172702433,811.702755329197,1696.27193640572,303.880593008114,1483.17941755048,1045.28722445612,520.941199601144,2374.62575975561,597.929572226176,3626.17745413447,2994.41969735534,169.18844859514,458.470703810839,1436.84481070378,29.8815507523383,365.517663084986,777.507853820915,0,1811.55694295089,0
kitchen__39.png,4446.88396225759,1723.22094979232,171.456621903051,1774.17509160111,1684.37451718965,790.377926925289,1558.11833377776,319.274332465261,1322.74262715447,1412.14160684299,566.40149050231,3278.85213103879,589.403863809222,2679.67898896671,2988.82293257964,193.950703971608,819.689395156009,1447.74776039877,25.3264377397212,490.532009184908,0,0,1716.82831674284,0
kitchen__4.png,5926.75871666806,2432.18112621481,265.383700362368,995.12732307131,1704.9698440325,764.142847866112,1580.83489852807,308.092371412117,1808.69046107589,799.391689089249,249.94700749149,3681.07721668502,574.720694616737,3428.306739198,1751.02135146372,88.7042433407909,499.940080831302,1729.68442254689,34.462434685781,398.224205185406,0,0,978.338625634376,0
kitchen__40.png,5647.86073523093,1494.09236508653,212.135540270922,1406.5912940661,1336.13463833675,408.614275324947,1414.40043130645,547.4241972057,1395.38978086296,872.541179399002,350.305787590924,2217.04229352756,544.819739656894,3922.85195623996,2842.02658609263,113.786620340619,573.712506222192,2413.59635440882,0,392.202809223546,511.195169512173,0,1383.27574009439,0
kitchen__41.png,4771.54556660818,2131.45526516744,151.162490125415,1529.90469379761,1592.16033506836,449.66588055992,1333.93215408283,345.164956832073,1156.08104284821,1329.3469314932,405.026308905984,3680.26311698666,794.972311087051,3823.44754539882,2325.08312371536,226.613861789421,713.159876253368,1778.59145504705,13.6844811417093,379.360662740572,459.152890717383,0,610.225049633381,0
kitchen__42.png,4907.96098155887,2287.65935742092,188.28799497875,1499.11911124784,677.604316727542,489.859168133597,1407.92893483074,280.270282730069,1499.69991660447,1197.22890060458,555.321322845147,3329.04284233337,848.042118753626,3672.28619480365,2789.93933012722,116.148154114518,773.6382191993,1703.1707478226,23.5717988898245,610.492973789173,0,0,1142.7273324842,0
kitchen__43.png,4850.98109710389,3522.5292484699,127.192859819219,1799.65542200964,469.054587922499,535.094182706781,1396.62647342387,428.01002098093,1088.98238119688,1187.2361128663,375.172850125617,2790.74055583138,535.527615010902,3211.49872376012,2505.3368945176,218.499864468392,531.001505745602,2459.11542532694,11.4734151170124,599.134186491883,493.537700601206,0,863.598876503446,0
kitchen__44.png,5456.10650433652,1613.70497895488,162.657232426982,959.357517110571,673.994589552748,867.871171849057,1842.51422519353,938.457931336155,1604.99767983217,791.550647100984,432.952648848657,3696.63318456167,601.457010471162,3441.77376118935,2847.26067823769,326.513936630824,1143.52620868811,820.580053092437,22.500159156407,798.065719796401,0,0,957.524161633696,0
kitchen__45.png,5005.91993268927,929.032711396793,152.258418657631,2307.7645948631,831.721547755981,798.138076580756,1032.89871308999,836.732608222432,1077.38315676103,1050.36197649311,681.58844486627,2789.07227254716,432.528421256708,4284.79816280823,2881.38103713344,134.561538153894,704.93684244878,2301.76703831998,35.9648234539176,388.923804814214,0,0,1342.26587768729,0
kitchen__46.png,5401.85933650996,1887.17068739285,147.360441020535,1609.12683422993,1511.82308386359,842.878125006209,1215.46218874641,384.6571487691,2056.00141509918,941.310210884337,669.631048261446,3074.70349239649,668.547264924005,3056.23853039599,2508.92027252438,152.038054023306,665.933876430952,1370.13625395321,11.6561106820509,494.177763131739,0,0,1330.36786175433,0
kitchen__47.png,5098.36002574085,2607.02034818402,155.73619257112,1495.85435205913,877.466272857032,617.884048513327,1317.20753685124,399.75027634187,1521.61659137125,934.548519801066,575.000345600021,2698.17987642842,827.685861767361,3387.85241986882,3488.1472839268,307.930147725829,650.742352948656,1518.43600718907,18.4135560545129,471.249985695238,0,0,1030.91799850434,0
kitchen__48.png,4867.70056772264,2959.33664914178,178.620285973554,1845.89586679225,1289.02601559121,760.637080686393,1689.69465917102,185.674997302742,1212.80007805232,929.593880487189,184.931757249763,3011.45969061059,511.052838275205,3155.74821920829,2788.46429621685,143.724663022719,527.039363766427,2048.01856846029,12.3375245289746,421.994392574451,0,0,1276.24860516533,0
kitchen__49.png,6306.79708059875,2794.22553434717,154.417440379351,1391.5271960902,422.816936654353,307.063608020947,946.7734103981,746.439003621348,840.061744969661,871.466884796266,450.626245296666,2411.82804785662,322.98667645623,4167.7303719812,2499.5349631305,160.448751660447,505.896935033125,3787.09419564292,0,267.604594805859,0,0,644.660378260282,0
kitchen__5.png,4207.86955938558,1539.31185107802,122.958201285183,1450.73356195669,1814.82381581601,566.556652497673,1857.54510576798,574.025646633938,1858.49377636069,1326.79112786233,596.413869509976,2493.13043830501,965.667065567838,2220.6758451586,2932.200002887,179.232243510682,1018.92962379067,2026.66092866445,12.1613359489026,594.446091576169,0,0,1641.37325643662,0
kitchen__50.png,3739.73115206716,1468.94534806381,123.766706067275,2268.90999200632,1052.88861696875,251.666192927949,2077.33202520733,556.966295603266,1270.78560527354,1076.06413873807,585.714300531356,1974.31101105118,658.783028853239,3646.52596717858,4088.59704377052,171.457906372441,603.520939604206,1640.69743590701,7.72175675543394,499.326871676641,650.176005002522,0,1586.11166037339,0
kitchen__51.png,5468.09984203633,2470.41332857271,128.475862958501,1447.37362464694,528.897698937531,671.802283649028,1551.04034625452,108.216071509701,1442.30123530346,854.992605499143,430.509275930503,2873.67238220649,439.881846374814,4052.35346542534,2507.75167405045,180.737822144951,767.38752282339,2375.99656183207,57.8739130433048,516.896861439983,0,0,1125.32577536084,0
kitchen__52.png,3756.84394870137,1983.04242982932,266.554302047812,1599.70593807918,1026.01244487105,572.350497847127,1784.56750195284,466.729678920252,1967.34507976048,1417.73597186115,886.51610721368,2429.21372931033,1068.50081350693,3461.95151991647,2149.90215679602,329.484011624312,760.208838434756,1771.72325393597,43.1618142742126,482.625900989842,842.910980302268,0,932.913079824626,0
kitchen__53.png,4625.83489400445,1509.72228641857,82.7689108757812,1691.7275657173,1472.62296667965,549.101523628512,1689.70827659811,401.256912205592,1383.26774358061,1133.01238513629,1044.86622291134,3742.75768590694,648.303829351326,2930.58723797138,2517.99582841363,211.413049192529,758.621726587049,1724.10830759453,0,397.67185522552,0,0,1484.65079200091,0
kitchen__54.png,6183.33690285918,1981.4965557357,242.208708020496,908.693463995478,1393.83837263295,788.794895362737,1093.94157256371,258.09564523623,1925.39213121539,912.041601946485,341.509608099482,2774.52674326431,659.98055769843,3365.91151942558,3248.46010460788,223.272009618858,829.917041748202,1020.61741752918,18.7338913178606,377.061090153121,0,0,1452.17016696873,0
kitchen__55.png,5434.07017564041,1584.83964660612,272.227855716229,1476.42793781976,1514.1010659563,839.547871358256,1228.68063666433,770.709287220856,923.60079162245,944.840658220758,461.668115000738,3278.03910419834,628.533732068481,3237.08388988042,3225.48444212021,263.898681231342,471.202802390606,1461.09993498452,23.5481783549158,366.548777202853,0,0,1593.8464157421,0
kitchen__56.png,4389.17148280764,1319.17586762626,96.4295313355586,1128.49043825903,828.181953081386,377.563025682131,2033.25751594175,482.037348260505,1154.66198932228,1508.25221693679,685.142722022992,2797.51220567115,740.13532731805,4108.48155729839,2175.78388782679,188.77487631721,1279.00299599458,2156.1322670221,11.9181424195331,450.692578397503,1241.91709313999,0,847.284977318386,0
kitchen__57.png,5185.128654061,2775.3828419699,146.105478334135,1267.36238756189,1329.61850110583,752.971165986082,1691.42315934897,127.373541456517,1848.40593395545,950.076633256045,667.658410754744,2035.51743991123,626.431908769046,3028.95370674732,4019.29392420657,255.883403278052,786.423908694525,1197.70605760652,23.6938537250028,411.329702328542,0,0,873.259386942618,0
kitchen__58.png,4683.20116194845,2408.60305044223,105.149661660187,1897.20181574255,1257.33624845086,451.718127782239,1596.26857068866,479.710416520744,1336.3165752302,1151.12224891053,347.307827809092,1918.3299047776,484.396867200506,3391.9112706729,3257.07056917925,135.412226341549,503.854410739624,2007.48604071119,52.3971091677559,909.526527871464,923.929120659329,0,701.750247493086,0
kitchen__59.png,5496.82516646544,1366.52058092109,292.642719796525,1276.1270840761,1588.43108633823,672.356852131744,1034.19871911425,529.847141254427,1971.77818382107,1132.07695681031,606.751155651909,3606.99190742839,782.025253168591,3118.26995447153,2389.00278933241,278.746820365319,701.230340425451,1067.22754748986,0,428.778092405561,0,0,1660.1716485318,0
kitchen__6.png,4198.75563103551,1240.9580248882,139.194643810209,2155.52620799345,1355.49188629012,364.87666963824,1472.7287445667,260.960711625894,1477.31177753598,1361.90913336828,359.22473834662,2665.65551723962,556.115484953598,3891.91689183837,1817.29814555619,215.871559827003,567.975551714435,3039.62605515194,39.0932382554558,625.790418410908,496.037191067816,0,1697.68177688545,0
kitchen__60.png,3820.17179902387,1777.80075641986,130.056293410703,1966.65744014101,1100.24200330209,496.878612259745,2649.0410578266,1039.82661707874,903.261157346077,941.616135632413,707.543159094005,2024.62857598063,500.521589636451,3204.10555190302,3624.09111213506,94.1574776697598,517.567961088275,1483.44566930931,27.8345000698935,525.282106945534,1337.63857955847,0,1127.63184416848,0
kitchen__61.png,6045.73676285409,1712.82251756556,141.224121465323,984.89602109539,1144.07056239511,411.926127685388,1500.31823002522,405.28968704671,1153.20741091418,752.175146574976,344.902479184831,3446.30413330401,623.592355018969,3083.94365385579,3733.85494351854,80.4144136589489,582.831008219851,495.400705825026,12.867070772406,559.002012873886,618.082557287528,0,2167.13807885826,0
kitchen__62.png,5755.4233116047,2276.41914131458,148.147032956055,1202.16504260008,1461.48803898459,399.313093680034,1045.90119916443,238.273057983194,1301.19828328148,1199.64318312906,585.810557520435,2826.38020814518,515.472568027725,3324.75084510746,3041.86797708504,273.210596875883,475.802310307542,2283.0934048522,8.1840985981145,282.183867133635,0,0,1355.27218164857,0
kitchen__63.png,5236.91894173704,1682.31798889905,199.635292854513,1325.53004109928,922.462963590809,623.111149043231,1359.50975572914,372.64079876464,1675.94742150243,1103.94745884687,751.154189326933,2628.60709936072,783.711883278213,4488.4525101438,3682.55802563811,159.469890616746,732.395420071208,420.544939866513,25.4527364170689,240.745171080739,769.596071734477,5.45929227564488,809.830958122817,0
kitchen__64.png,5152.47515871987,1342.42795432763,188.348481418043,1490.90834126034,668.644467886582,332.799961203475,1389.81511269102,342.761985684609,1469.81485498332,1112.98972731954,703.279386079469,2216.44940279765,660.638276960541,2272.46663167247,3597.89159136059,183.405600904515,1176.0396659591,998.296867745967,9.7677821441711,1134.29513441795,1196.39884049097,0,2360.08477397219,0
kitchen__65.png,4358.45232149978,1817.3246466971,194.452463204272,1857.14034827641,835.71602116529,588.406598338252,1887.07997337865,398.212782587674,1532.87080159317,1051.54393564181,748.69543139287,1744.70563901696,621.268943627724,3269.46311507921,2282.77504413695,215.765978058922,621.368542353102,3189.25618819941,8.74849951670168,445.0994296771,467.533265510992,0,1864.12003104766,0
kitchen__66.png,4219.66622602958,2349.4863516337,120.940371919366,2016.13493781548,989.520410414091,402.330083427124,1430.43992725782,637.496705924915,1201.08921340888,1390.91233851458,664.667071761515,1851.72404039459,735.399421703951,3366.53158301559,3313.75226105784,188.014284037613,686.024555585893,3110.1640297922,19.4328646409668,367.821626143378,0,0,938.451695520917,0
kitchen__67.png,3879.10139102692,2656.95721829306,108.785945934589,2301.98800805093,584.964622706528,494.0455211675,1484.1854636792,363.324312743251,1067.60601643825,1247.74759504686,888.826107606345,2698.54126725506,753.428417239507,2985.4430045361,4397.81258905556,333.549124956576,963.568645285452,1233.20866014904,0,320.082545599794,0,0,1236.83354322946,0
kitchen__68.png,3884.49221295016,1336.60548088027,215.387109291658,1753.89794831797,905.494363538098,627.56801646169,1763.58472044152,636.040058476461,1324.01659512083,1217.28995941385,801.643242434179,2230.30706772537,967.451433316274,3465.4084962592,2914.66112713885,346.481016293374,674.638309904877,1452.11695253138,66.8027092668533,277.93325654333,1235.94313173021,0,1902.23679196358,0
kitchen__69.png,4973.80718528379,1657.29253515444,90.1295420161313,2053.6786445626,764.955362813162,378.226112880461,1346.58917167918,268.91548753699,1514.20165420314,938.282486813206,520.877504422899,1510.20650405331,459.494345175241,5318.81675298007,2141.7670436681,228.148166485987,557.388470363154,3849.08732843215,0,635.096634832776,516.381814746706,0,276.657251896511,0
kitchen__7.png,4571.72538707038,1865.49192881612,216.499538206354,1939.25432213274,1295.81510731543,591.261834351265,1688.61566116313,453.991206594298,2096.91652906243,789.154400894588,654.589851235742,3570.97642000285,756.302613652192,3263.40793371997,2550.07950237509,220.415958837605,853.423527460066,436.109705705618,28.4512022144967,505.190695669942,538.156470296382,6.08045403486943,1108.08974918843,0
kitchen__70.png,5791.24705497478,3133.8539352868,165.704824663805,2007.45833187145,661.1593307768,331.310525522254,900.489917680472,780.50316741207,881.194667845679,830.523529244175,251.968953382673,1571.40149085969,364.260638497746,3676.57207184986,4555.27649709868,90.9761878003176,509.603768878364,1902.31261493505,0,246.19892218624,592.799379074839,15.044339931058,740.139850227198,0
kitchen__71.png,4861.26440540998,1995.30173705165,210.286905369011,2013.6788138076,1188.70643991843,693.104198546507,1535.26887716967,670.373480740164,1450.34335242105,871.606679416938,668.079234858278,3237.96351509464,348.275431088547,3490.82962596789,2674.31022409624,306.191847697848,694.788725154246,1733.99180447255,56.46668048055,491.4076185133,0,7.24726492887055,800.513137796039,0
kitchen__72.png,5290.06158223812,2814.6344492165,105.956077104229,805.246617624796,1464.53471190859,400.780456836697,1954.44712853542,456.792021618025,1592.43298392588,1086.25845706439,344.902660387209,2793.62869585333,601.071413484796,3098.21960363561,3194.01510981512,242.7480068897,298.713485495171,1913.18667646474,20.1667941627752,271.353495710285,0,0,1250.84957202861,0
kitchen__73.png,5800.97670353936,1712.95158544695,234.443470109744,1061.71518205261,840.887680189481,507.664102698142,1360.50859887543,420.025071583192,1451.08761166278,1022.04835611854,449.670539307721,3390.13772685022,524.34436845874,3519.34389472745,3146.00304414682,230.406790955325,495.573550310633,1270.66404453229,0,253.606452454135,0,0,2307.94122598044,0
kitchen__74.png,5174.38018737576,3142.5321776172,195.153966225784,1559.07983003528,900.062551860868,746.931569958869,1004.71409241481,434.746499124431,1589.97848212214,1338.0772552685,745.164324340363,3073.75589963395,710.303787874471,2847.05245496389,4021.68878079462,213.444847031176,686.318612617028,372.491301264637,0,268.085203817356,0,0,976.038175658865,0
kitchen__75.png,5861.1998623837,2926.05430650057,88.8545012971349,1670.23288341638,760.505030983169,272.219586612753,1261.8317991577,283.213595027105,943.428993982457,584.881481916456,226.953018357549,2478.76276107285,456.662715306447,4635.4762204481,5218.09523554928,115.180717993692,309.293023729691,998.638921485528,50.010539825637,81.1971346193698,0,0,777.307670334441,0
kitchen__76.png,4294.11157244265,2557.53442913697,199.512984535681,1764.00897232856,1191.51101521575,477.777133452654,1101.44692644405,398.144711242812,2062.8984813653,1018.2825203636,523.701302523428,3590.23008993439,1408.46514445385,2970.32541781313,2266.62658679968,382.68249538295,892.157292742448,975.71978572763,31.0023685843464,295.944860350423,427.234938184669,0,1170.68097097503,0
kitchen__77.png,4999.98030586305,1864.57909935192,90.1593772063135,1468.07282979084,685.147898933981,665.604240210387,1735.13229408319,526.754999520819,1337.52080139806,941.196991690329,1095.90412180155,3492.57186514496,708.624322530526,4039.03797699939,3112.07029828212,136.178545205605,550.666425002976,1302.07341775817,10.8147108364515,402.225414257573,0,0,835.684064131786,0
kitchen__78.png,4153.0312491875,1808.48705680143,110.721765421436,1270.4395338864,1202.26045177305,567.688650454691,1909.42842689358,360.323535623825,1637.73339864736,1564.98428859626,725.681630040398,3559.77643938897,845.6383765406,3248.4594724639,3131.07777930866,230.598319263888,827.838395813808,993.001966778875,25.8798056317765,359.114197480004,0,0,1467.83526000359,0
kitchen__79.png,5294.39256153786,1196.29282550309,54.1742404181029,1250.8526968019,705.484817251017,608.152761045043,1875.56160406225,301.746381924753,1090.54928951687,910.930653694278,653.536453456265,2110.43082602612,497.786657795572,5093.71475562637,4307.10429598827,170.475826108145,1011.68879563639,966.240162999818,0,555.765890806246,863.348424005778,0,481.77007979588,0
kitchen__8.png,4408.24683277424,2118.45105314135,162.566097016366,1546.54332816727,1475.68299659194,451.244289046723,1645.16945954619,295.205769391966,2007.12925860244,1435.35953701141,488.688972829381,2782.99597291259,764.867665412551,4055.72526950869,1736.68168820836,178.609138462983,714.699986783074,2350.97714925951,21.2040386253579,326.899339406119,508.405544954015,0,524.646612347488,0
kitchen__80.png,4983.6857994552,1256.44659992097,109.777730251667,1783.99001146066,1197.99318945218,402.261235604905,1618.87248451315,691.289413435515,900.579131768968,811.615311052476,436.176811550925,2458.57264593046,620.025254199086,4557.51337658064,3349.52408557323,160.98454702987,547.35782075204,2294.88714040229,20.8265922895539,494.137645313021,484.398030468472,0,819.085142994698,0
kitchen__81.png,5687.41506233869,3548.82086404029,245.70722358889,1117.03356217787,643.308480116001,685.75949029537,1410.29527849478,230.337606981372,1790.53670292865,926.42561313586,645.602542877084,2910.93464850797,451.812353906619,3225.95576320553,1735.63692029873,361.837399516046,464.940119917564,2631.4250143804,45.180730430135,648.806832671691,0,0,592.22779019047,0
kitchen__82.png,4378.33124069015,1909.55235181434,129.222393762197,1770.36298483265,803.850946998512,436.032424306042,1827.00608118598,597.797035383346,1309.59758598745,909.508748387966,441.505489174239,3716.17798681217,858.975201007492,3918.83507929872,2599.77226126569,227.797352893392,994.540841373759,1809.19734786645,28.0183910023717,374.700361037188,0,0,959.217894919901,0
kitchen__83.png,5004.26620264236,1956.251818053,175.56384952624,700.514478946705,1437.10436396255,623.68556193673,1909.50920896318,449.620795952254,2060.52200756785,1323.85930083668,410.967071153813,3489.36881679843,700.222446584333,3300.91279609949,2931.44308842895,343.39373205832,614.723199800046,719.416675741799,18.2346299684112,322.071281303978,0,0,1508.34867367487,0
kitchen__84.png,4671.57271526039,2512.82015650945,221.320225876478,1910.29376561552,1127.12517207846,776.897104559723,1380.76958924799,923.753040051358,1793.54474943199,1166.34671529818,618.94197051611,2983.46567039997,616.676746150024,2852.39767830667,2671.66830515643,197.783692811452,565.741600449672,1553.1039445754,56.556775616438,253.849865664462,0,0,1145.37051642381,0
kitchen__85.png,4703.40712809953,3327.13958602298,152.471447722802,896.861120832329,749.134441960714,599.868185974084,1304.78351526937,90.3731955503361,1527.90699519629,1404.66452415973,353.650900903452,3711.17589309323,1369.56171517922,3960.2327382868,2270.192795228,281.30491156181,390.351845654202,1143.07578382556,39.417084898021,259.016221258881,595.308898960032,0,870.101070362634,0
kitchen__86.png,5516.12797689854,1889.53056966229,74.1841089171494,1439.91531184147,1376.01198527814,445.016092046896,1089.745041454,466.47498116655,1152.94652107008,962.830929942713,544.078228503548,2327.02671950645,776.101019561725,4152.39668205744,3438.04610213546,215.279720301545,531.904553735964,1830.42110984089,0,293.44932557786,732.359346483085,0,746.153674018207,0
kitchen__87.png,3361.62692696289,1655.44651319167,76.0767433727344,2350.30897974332,1469.5495875382,581.89239751735,1621.05037421838,300.305513369401,1084.63767095434,1633.37786739005,700.795064712248,1937.98717666215,647.000560338572,2596.93502265752,4556.2805924542,386.635291346792,725.946824156781,1319.00860177218,0,435.283587956642,444.116817267038,0,2115.73788641754,0
kitchen__88.png,5182.30920272082,1279.13427863158,169.257471469254,1887.11975848344,811.876314055658,764.091978323206,1159.6958053889,164.245345820444,1435.14246983793,1031.87617462614,590.685719732525,2506.78779981457,532.169489343652,4877.9711588402,2187.41889436959,196.738692540775,353.493052578757,2937.30138618545,10.090876896271,292.908226108321,0,0,1629.68590423251,0
kitchen__89.png,3049.54799658287,1739.83638553398,111.188455745513,3180.34589661273,1007.61646488081,256.697190093908,1892.31487667202,277.874058351932,1328.69815317733,1225.01820536681,486.079898539614,2101.91596703189,512.776823207514,4300.52377215133,2807.83511024515,139.996201558041,913.27871415532,2563.10738020566,0,540.905120726531,830.557743500549,0,733.88558566048,0
kitchen__9.png,5169.29807128805,2130.5412761347,197.666064262359,1444.03521677842,1436.73823130734,568.540154895812,1773.82520106858,323.04395095476,1505.59169620306,812.044150702169,390.938627506265,2470.42522401492,701.896207885554,2715.59285943349,3143.60334955852,85.4211813935253,924.64962224103,1010.81090843965,13.4799708837102,513.502831103767,1103.36260262568,0,1564.99260131866,0
kitchen__90.png,4683.76124003707,2737.68206851578,214.274426672789,1532.50041131469,976.250553912096,297.828051566528,2010.2408586881,154.412784955206,1238.99701694161,1045.39670492286,512.910010176445,3293.52366558152,485.083836603347,3787.71609839255,3317.08468147411,243.016948433926,361.553095967826,1203.55247316691,0,299.713929614817,434.739684596534,0,1169.76145846528,0
kitchen__91.png,5388.53439748661,3039.02758632566,208.908480441369,2016.23342120171,1325.5085272684,178.945690018308,1141.75938290856,341.327290235392,718.115065742412,1003.2306824906,285.739410796552,2312.39416815689,359.032879201503,2509.26013577354,4287.80908788697,91.2092367110125,463.114450442741,2293.82750775405,0,474.127154566106,0,0,1561.8954445916,0
kitchen__92.png,5675.52399705217,1655.79966167111,100.789204005481,1463.33768903548,1347.72598511619,383.682648850236,1692.07215860322,664.535349078599,1149.9114160587,742.510942173406,533.498017641708,1634.96873090518,370.633594532888,3360.82677076763,4228.77247095441,55.9216186028416,344.632447274188,2501.875529226,0,576.318243911984,0,0,1516.6635245386,0
kitchen__93.png,5103.56547912433,2335.89622016024,199.350068884552,1587.148692076,623.312641998907,550.452833480617,1415.08763298984,768.225059336671,1296.81531430876,1120.80390847548,774.751546209157,3507.84273865211,552.985449938547,3429.30177245167,2497.30066764653,196.897785425025,1113.37155750297,1948.23837702744,23.5110519707829,543.268355426418,0,0,411.872846913961,0
kitchen__94.png,5174.1721882955,3758.51000988191,176.661675688844,1467.82890066414,751.299080039555,465.819510622713,1656.27112077045,124.69824586429,999.153808524286,1112.532270614,594.058099936083,3480.15862118343,459.481222325612,2963.80624065276,3978.3595961695,129.7142973303,555.716867261972,343.594532488736,0,269.273317991827,556.252255322486,0,982.638138371608,0
kitchen__95.png,3451.66385623079,1876.41760176462,101.274251086227,1881.30032387901,801.150544234306,615.33202849713,2368.14236025736,672.529959490929,1206.86088309386,1350.26512655382,821.272071040066,1712.28392116343,663.260063840491,4022.57344208683,3212.91536461256,274.180511684136,637.385349994935,2096.40871858957,11.1877575543928,395.003819582469,1054.92483295722,0,773.667211805849,0
kitchen__96.png,5021.3057847473,2903.23408525126,115.187962279918,1554.55978166189,1614.94482686222,380.01866335048,1629.12210025401,268.919087513229,1932.90437231971,1169.43958910139,180.603125609484,1729.9120814758,468.845295065125,3560.04476295877,4287.16934546462,143.305638185411,591.928554754849,1001.92710052103,13.4218109848765,461.056871400771,552.880474588451,0,419.268685649416,0
kitchen__97.png,4908.22010950232,1594.91458940205,78.9656635008323,2244.97675651356,317.282607671835,190.753275785714,1156.59300171185,397.700385786274,994.306525241553,1061.53966095795,452.250457769268,2060.80862903241,412.745362999185,5495.11801217434,2350.15603522466,188.375837164972,685.840185544953,1112.01162015642,27.5492711501543,250.773578572833,2338.01527117396,0,806.120183078442,874.982979884449
kitchen__98.png,3523.08154874948,1500.31771005363,113.157502452155,2484.07208298795,929.877396799201,556.49011321686,1813.25657034702,151.2760171669,1528.60834154725,1085.92379884408,798.152707570442,2352.67052034573,871.654797385211,4716.86365651113,3443.99479482819,196.557254090573,503.484733494744,1547.75481053205,25.4539475956851,485.442298653727,457.323917077769,0,914.585479750228,0
kitchen__99.png,3769.56639652556,1383.58295706524,179.907262292293,2112.14609434353,1505.17996854011,576.987256142128,2062.4995386771,582.777098861039,1486.80728524656,1373.62984262344,732.669643366552,3479.68249379307,513.869582653744,3406.98839348754,2034.6053076035,147.495980509475,575.045425566026,853.205899915338,20.792564667152,553.53427875185,1388.80449500711,0,1260.22223436164,0
living room__0.png,4203.29863672584,1524.7796226831,96.8953996955162,1962.25706522994,1224.06927937353,573.182929521172,1547.2140296032,682.185858354952,1454.74312803565,1569.21594138903,559.964781309627,2052.21156769383,591.626826705007,2722.57741268326,3007.43855939088,104.111459895313,896.507783096427,1626.50272614625,22.2760404516734,816.959732468054,1189.02568951671,0,1572.95553003104,0
living room__1.png,4332.1845043852,1919.14427062815,141.296721293602,1373.80445036543,767.539388035642,396.422632494289,1878.85330824888,1256.6665899241,1124.35060019714,1492.73017915869,857.105774752463,3389.89011839778,682.649261404168,2791.26869285069,2942.25104007869,239.778296437627,747.785088435567,1269.53708188409,0,586.840746613636,736.251805654417,0,1073.64944875975,0
living room__10.png,4363.85876760782,1132.58760321659,139.820048485611,1160.99753466607,1210.28742449282,536.49913101951,1388.87793946151,884.144286196514,1674.98237404415,1683.72234213059,454.204704220777,2990.76726429073,979.857028753349,3196.97330984799,2876.64069085162,366.837820525077,910.218521631909,1781.29049130837,55.8485668555897,900.531301524322,0,0,1311.05284886908,0
living room__100.png,4483.65173035597,1487.07666824861,205.549558173789,2285.42817321292,1972.95702868181,463.431237404885,1570.67250111374,354.487714074441,1761.75542368955,938.849945489215,801.111545699011,3792.68827002583,547.631424656373,2976.20917150841,1689.22469006745,154.550391283604,519.6877649161,1555.27462544956,19.2158338881761,323.007071003338,532.076195188933,0,1565.46303586828,0
living room__101.png,4327.26415679028,2003.13602825045,173.190156280662,1449.39340443956,850.60838160692,653.100171911898,1666.97262140103,399.160356999945,1178.05068792841,1767.04855350451,523.613379229847,3660.37098716818,559.752844079374,3196.20306722046,3124.51178837072,216.01822253454,1175.81469138365,1210.77620834013,13.5501972507044,925.193806906688,0,0,926.270288402043,0
living room__102.png,4789.06975126929,2502.13746430531,136.836638667441,1740.62868854737,808.482860556642,669.398800038791,994.857738052271,332.317012090589,2089.0927683233,1311.18708091735,715.546185552535,2283.52907257394,921.188964732149,3570.1986477783,3903.15536815931,169.676826223709,965.926605454606,917.987352237217,73.3909502578544,449.642509304949,0,0,655.748714957062,0
living room__103.png,5041.14148942038,1497.15249795247,133.785280512186,1735.32993111619,1609.36366834672,589.901819938092,1557.68303286155,427.706899292698,1392.85836601037,871.851554533481,323.597635135103,2709.28037723935,521.524010664565,3690.09992093323,3509.33643874253,263.315194606265,463.815224217064,956.123722280291,9.154786797566,417.353137106367,708.713995277188,0,1570.91101701635,0
living room__104.png,4096.20873949671,1303.87678660558,149.179119910822,1410.20107396802,1217.12118125869,455.253605555901,2187.29871405976,266.014565839834,2208.43406171941,1340.70586724094,677.114040095316,3185.4531912201,752.958469623646,3218.63812971747,2761.00329319196,201.982849257253,1031.12542972081,1240.67672840181,10.6442863536844,688.17330052699,0,0,1597.9365662353,0
living room__105.png,4786.08397764972,3377.2386118201,161.870379828754,942.709699940695,835.717061249633,593.769780240506,2020.46349966596,276.237552938304,1710.71140749899,1226.99589900453,630.031956826706,2391.60641463231,802.688069974473,2835.68750666979,3660.6294736166,211.826346808961,444.257463535845,1481.41254418284,9.23250695566528,580.606120612253,0,0,1020.22372634737,0
living room__106.png,4542.34706333633,1615.07754157463,180.343001679906,1581.95849354043,1182.59003783429,649.354587034458,1391.62004704203,486.684947339726,1638.01491552544,1372.04419116152,648.655500431364,2180.23627247376,804.538578385373,2998.17869379208,2370.78164400347,260.676767731906,598.349955864257,2522.78025986247,46.8148588024084,1018.15162344591,458.489319420486,0,1452.31169971775,0
living room__107.png,4481.7780389162,1452.39012818133,129.524974966856,2024.17450338144,1498.19986634988,468.582835976131,1615.45786745726,711.828762844804,1202.62842298618,918.180930795168,475.461011596888,2579.68214148667,648.444160324629,3407.26155855962,3536.28751510114,277.621522391037,923.21623300233,1554.95990539459,34.3429767342646,743.776313391808,528.33420408843,0,787.86612607334,0
living room__108.png,2948.61043696467,1779.53825263004,90.013289259398,2094.950665378,950.341340892779,262.924307551994,1907.75989943655,582.948273962148,1243.87392517811,1853.7255512613,595.897005031345,2240.23638456282,906.20497427865,3232.71390980873,4562.64183089327,191.703690086861,1028.25872022779,1009.59621861181,97.0447825939742,767.602707314416,590.714043942599,0,1062.69979013276,0
living room__109.png,4816.09913647696,1821.49902560688,317.212237389702,1412.67687595568,1545.13102300352,801.094773076793,2228.33601375659,150.628396577314,1582.5593027411,713.254920232017,506.286746282806,2581.87771847927,451.158275611208,3282.50948784512,2108.86871476161,359.995510063,749.163467770181,1995.29770583585,18.4792679045518,320.125549373006,613.089547715669,0,1624.65630354117,0
living room__11.png,5548.34940761902,1793.54828672614,200.034651035416,1373.73227005605,1227.26411428633,731.524160895707,932.566021608211,432.736328544188,2172.54528830036,1428.01971607799,562.930550150548,2974.36756186154,509.826833181188,4029.50357414256,2455.85085563902,188.690723009548,696.062559978,1054.83627152351,18.8150284479822,194.665831240545,410.841210744444,0,1063.2887549317,0
living room__110.png,5154.97632051267,2166.14077578588,169.490275649979,1476.86891235112,434.500740108245,703.528537228408,1570.80356983518,289.664170469269,1653.05191980554,1057.02528513735,854.875765336334,2532.7030890789,547.443880504957,3510.72463760642,2156.92103092191,179.603308371425,839.988252338575,1760.49511558438,13.278723287296,138.454771341698,1023.81003173088,0,1765.65088701358,0
living room__111.png,4868.48247855313,1425.88379475681,171.537961648961,1362.35590622689,1827.05578846044,520.774113633095,1705.86004846173,282.996843029574,1543.14602140268,997.674274718094,724.333561128595,1846.01060873947,831.44106666881,2760.41347982629,3376.95899873461,173.264020240705,1277.84393108044,1583.72740362481,60.9222051306527,512.357851716623,957.84489221637,0,1189.11475000122,0
living room__112.png,4601.59926891055,1070.99786984974,130.127974248944,1924.90648203953,1407.83831968017,366.268017340201,1210.24706901993,633.784975957614,1862.28490963859,1263.59100804799,345.646605152263,1877.16878060376,679.520888491665,4006.34793618968,3143.17423459175,311.069441027718,591.450382921877,2217.59923509813,9.06584246260893,387.713262881682,403.376848478619,0,1556.22064736698,0
living room__113.png,4298.77927665874,2296.63219482359,164.346792281553,1392.43291431969,1598.51840019635,430.566893640631,2349.71850887584,784.074776045834,1659.68474223121,1128.81598989092,404.789768431811,3189.43198951374,617.05392350329,2727.36781463496,1862.63863644737,189.022883002805,596.413591627028,2028.50065365593,24.1765037487181,434.348508733265,664.830292229577,0,1157.85494550716,0
living room__114.png,4125.39979068201,1604.54373992826,227.485881671635,1455.04131977666,1117.69375611251,703.401364780829,1757.69022940475,631.039355231957,1937.14792861366,1454.60651821259,636.615647561667,3254.4433049218,871.937919445293,2538.06271426069,1991.42316468532,295.677849163868,912.487297470204,1886.09835532676,39.6463733148361,975.288867345998,0,0,1584.26862208871,0
living room__115.png,5591.56733160909,1828.77289361726,247.970780633568,1160.01696394687,1396.31080263535,623.771630665335,1126.59353388432,268.509229999303,1770.3736989343,1120.18982503788,654.097265133139,2437.34534052998,739.639190647621,3299.69991414625,3530.9066015585,261.993154874221,871.923729158161,1389.63194767832,0,518.854283958073,0,0,1161.83188135245,0
living room__116.png,3806.07440666663,1797.23075878695,146.506723843125,2111.41863901779,1099.9935271646,658.618311267877,1816.98064469091,766.705993624624,1334.28262110661,1515.64185768407,835.218104106415,3690.41441082809,667.93832349205,3299.65658286198,2382.61775339332,81.9461284485441,783.828948337585,1253.34371071988,0,1042.25066533583,534.216468841104,0,375.11541978201,0
living room__117.png,4217.46525496586,1490.93283859865,286.051038330635,1499.89576263768,1417.05416816216,866.135133094956,1512.58799873781,607.153679380318,1998.05909069005,1621.05465019848,1106.01510205285,2516.02258344549,916.515886038956,2666.75573555512,2375.04754695969,187.616449457072,884.491283513307,1958.68460747917,44.8639979641376,703.616352597165,0,0,1123.98084014043,0
living room__118.png,4192.11752082343,2599.08368271852,187.659967155742,2191.98734902394,802.338834553455,597.755260536761,1438.56339950585,321.828516222274,1645.02925713772,1283.48751725004,717.762426280472,3074.88219077086,662.202837033889,3044.11341236995,2063.5802010743,217.865259322843,638.79012157334,1823.4561701158,13.7761170400229,942.895448423492,607.636953208818,0,933.187557858495,0
living room__119.png,4012.78575506801,874.949321236563,135.631553691349,1669.69228960374,808.504173594916,470.996906284266,1824.01535703349,680.864140285752,1157.00788056898,1455.45920182783,914.610461787638,2050.83030329272,895.403635584347,4261.97103183116,1929.92401432903,142.643760882584,819.120286151784,3719.6654871075,0,369.522258277884,535.943854726158,0,1270.4583268343,0
living room__12.png,3903.36278745506,1378.87014927328,147.855787524258,1430.52757062092,1912.15798545873,738.023220212653,2011.95786962491,362.048876986962,1230.51400022215,1447.11943795652,1202.22381088573,2833.4972312466,830.962941774123,1767.3524953613,2954.60214888916,376.069392568475,924.473713360721,2095.50761190518,0,775.87663439332,0,0,1676.99633427996,0
living room__120.png,4638.76246984583,1720.35218452473,150.431074506849,1871.89993690525,434.567025800757,690.387693828401,1714.01090213539,644.738659648249,1530.72710724368,1018.07892890326,1471.23282817247,2992.10846526235,626.967713808543,3560.57975557952,2865.13817921759,130.280048401723,1062.66420885196,1096.01975979094,0,341.971525961584,675.187720150195,0,763.893811460738,0
living room__121.png,4398.73005638648,2722.17099124636,320.278007323041,1565.42685142374,789.586502081654,599.936542278811,1633.69238053256,207.764416988238,1070.9753253217,1548.9316908761,486.414242092314,2658.66106066302,708.267483688408,4039.64550860705,4203.14235709604,144.951537092717,851.393562391238,1147.00670731739,0,265.099762340865,0,0,637.925014252289,0
living room__122.png,5111.06379830112,1311.35587685303,194.399437913482,1413.7147643196,1705.93101635394,529.715633756757,1751.98756626538,223.409864239796,1190.55732440053,860.554010363824,628.937042618452,1666.03651876412,711.707736064066,3250.36634708996,4391.30054913708,139.788455041935,544.900505144562,2027.99053602803,11.1836696440848,391.610505559421,0,0,1943.48884214083,0
living room__123.png,4184.14141784275,1897.17821694762,126.556253629281,2047.6968457493,1338.84519347854,362.191049087261,1872.48761961139,274.622510695527,1207.77704440497,1285.57729613795,907.078327434276,3034.52679639329,466.954106685579,3032.12077361724,3570.89631651916,133.623396393479,492.699606736858,837.194791880424,9.51931757955376,386.346137534138,860.857748085613,0,1671.1092335558,0
living room__124.png,4517.23538300167,2714.15131062158,207.367181332956,1680.4121751009,1459.31093364182,607.350711090479,1764.14381364274,676.603249273283,1421.68725252732,1260.6487208079,514.48964586321,2505.85497431965,548.428478052128,2597.69616410308,3246.57485137933,190.762014210773,704.643753455897,1626.12920329668,38.3694151838852,792.508334747187,385.035826053587,0,540.596608293942,0
living room__125.png,4108.57994617007,1630.22530463637,145.375995514819,1116.43537042277,1536.16210895749,609.941234844222,2154.74111690582,614.198487286858,1464.17030255122,1639.25546729173,804.176442275397,3218.29706014537,727.415516293707,3536.61674040743,2953.32733798281,227.142035215683,763.241158819849,1608.88806896156,26.4305477002221,346.496714625682,0,0,768.883042990926,0
living room__126.png,4346.28112618512,2067.47844481022,120.181410892978,2598.44462978176,1341.27127013957,618.922974773709,1530.07937271946,196.917456521978,1167.60284947297,928.929915153366,686.882461896928,2849.63383382453,469.229650588445,2754.72590866692,3141.08217627456,117.311823077593,1286.02777335405,1349.33820488213,9.72348249424863,902.2416860429,0,0,764.45499856743,753.238549879136
living room__127.png,4836.48462772678,891.511240219924,284.051772366811,1643.97648990387,1797.52578252943,618.937238300397,1770.23670082181,764.320989361886,1914.58336509786,922.872089779744,575.827378692506,2505.1193656306,529.910243798226,3708.42892089552,2490.57764740327,242.142890946064,607.256192149135,2186.73061120106,54.3769570235087,482.023229101956,0,0,1173.10626704964,0
living room__128.png,4282.42068147523,1697.82114281399,138.897141384439,1920.22714619328,1026.39053115234,657.015914617968,1770.57971575349,284.142205463014,2068.90653744431,1178.41781941759,822.384551900279,2474.98120206579,683.506911955666,4049.32402874293,1860.54156796441,127.321969700927,899.565635305259,1285.74846564486,37.5257555038159,313.961567785393,1513.90917087822,0,906.410336836794,0
living room__129.png,3824.78234382883,1423.87003541782,47.5867894554811,1925.15790153242,1125.2574840813,293.938479855231,1989.00968152181,438.651616676749,1357.97332980229,1261.20266187359,874.625612104748,2560.56027357062,837.947669276725,3901.8061282532,2229.23383029245,161.899741966622,291.163607216862,1863.73112861106,0,751.452055465237,1646.97616841288,0,1193.17346078409,0
living room__13.png,3477.16304954952,1873.04585213036,209.060307581217,2120.77420492008,1027.39907842695,451.302859618013,1787.45124219002,587.959331679652,1452.09543863175,1312.54704546923,693.011833880729,3136.7776652392,1103.92365278591,3108.50202953,1812.47696100459,190.530905157293,1028.99616248445,2938.28676792523,7.60989992793195,384.019153845911,0,0,1297.06655802194,0
living room__130.png,4128.78967178846,2311.27539473826,173.071872967811,1240.95623733187,731.53184198029,325.150481361556,2123.33074550946,441.833865258754,1994.57936851958,1554.93414263204,825.414703732252,2721.48982161467,717.561658753704,3403.36384342482,3482.31957953812,195.393449995526,625.3569663757,1303.38887599827,39.0340939889324,404.707571545732,0,0,1256.51581294419,0
living room__131.png,4753.31425020842,1351.51159555767,137.12868762598,2246.05678019043,1275.2557441443,476.351038679265,946.668932980146,601.83791465196,946.48121967385,1096.652724713,680.757814792746,2843.00192849607,635.690591213139,4320.04392843435,2604.79389818524,298.344216584783,692.678197183363,1971.16201265087,23.2725041100822,323.040096077714,1021.08121468872,0,754.874709157897,0
living room__132.png,3662.36651642889,1429.57618645896,219.062368113281,2306.34834212837,1458.2620951168,751.704804825511,1565.12127675536,589.920921666439,1994.28268094746,1523.17875273073,547.642466381218,1641.95486042834,661.38307504387,3206.86950372197,3352.73289578148,262.541757527078,556.908473017188,1260.42611168446,19.0602793856951,723.777577034107,779.836278219474,0,1487.04277660332,0
living room__133.png,3881.62105355123,2053.8709995768,245.668652539623,1771.34237294621,1217.0583495413,293.435168931067,1671.36254057083,497.292763444513,1362.17497360994,1487.33958015626,1069.45503710555,2055.34394691451,1006.05883939609,2986.72272126224,3137.78884836373,169.704923636633,601.802941166789,2375.73668603832,12.5706897427496,438.784801062705,529.851723602807,0,1135.0123868401,0
living room__134.png,5696.21893792957,2007.25636862711,231.590229570834,1455.98255673619,1988.28297915778,675.467783177579,845.815972675664,551.649851593563,1576.50396528523,1122.3099553624,621.706094582545,2623.95469935664,648.059260664499,2526.89580508078,2668.3426479687,186.798328642767,864.044967791114,1700.33277287862,44.8149879889116,376.054604469222,523.807901762403,0,1064.10932869789,0
living room__135.png,4157.64345710769,2273.42806698943,195.304226901182,1449.18899634702,828.123456636802,833.162375399932,1984.05253760523,580.415963278305,1668.43716079374,1469.60336112632,672.985409509767,2962.28812698701,683.133233404733,3026.38537422641,3222.7394826453,234.793187156158,1292.82691918294,1118.06862727284,21.5852272528543,381.452165693071,0,0,944.382644483279,0
living room__136.png,5711.86528192189,1954.1051893386,198.694344622537,565.607558247729,1491.0101768916,673.131168003922,1265.0649706227,469.284691441164,2673.41872123611,1454.64525024906,416.501985967988,2904.59011571508,688.307554415428,3026.52528603923,2265.91429426968,296.221747667273,646.246781817884,773.507351980543,18.2876368759192,593.965743272662,510.744004172132,0,1402.36014523087,0
living room__137.png,3560.50890310389,1917.28642914285,95.6666357961943,1464.23692620266,997.786543053579,449.204692781251,1785.08850878388,324.363094960115,1010.22737687666,2180.92789790188,852.737595363619,1897.79783199778,789.209404694825,4244.36011357283,4246.29759242589,220.028359312869,498.801661620381,1681.86007904775,0,311.568828636182,618.945791074469,0,853.095733650453,0
living room__138.png,3745.24340006884,2056.73914147585,200.526929827411,2219.4437730274,1994.47438486723,381.731092916416,2052.55043616896,498.157402864999,1595.51197767383,1093.57757843538,458.406585962676,1966.02190049827,662.887429153711,2738.53859787396,3062.15078149424,198.148009604122,434.325004460195,1635.70683432817,7.6424712538748,325.943938274862,1158.35048326166,20.5069022877025,1493.41494422024,0
living room__139.png,4999.57056232589,1473.58344879606,205.20381809291,1402.45284554801,1223.48578303008,665.829660067439,1517.89236323761,412.940534238713,1596.66172957686,1238.17708769878,676.134918086605,4301.85099004244,688.595685692692,3974.93938707613,1807.35262307523,132.960198541478,550.484600842095,1098.85612871166,20.3512569555488,360.196437431128,324.245050433458,0,1328.23489049919,0
living room__14.png,4993.97467970975,2089.23641330496,113.564301314686,1630.79454460739,574.422957833018,639.622422069889,1271.42878573492,292.03268902071,896.059176019827,1268.85953993006,862.645958028418,3074.6658189986,611.954500735501,3926.21405783131,4010.92195385213,206.884871162213,853.823274291539,1265.16632774487,9.9391061520498,562.005970331792,0,6.16397196811733,839.618679358251,0
living room__140.png,4892.4553863479,1960.30282686421,232.950381447304,1231.59161420423,1225.9049293683,1005.67122050478,1976.86687931178,240.901839770622,1883.60657903844,989.791928028858,740.573421189219,2919.61323258007,541.889195602344,3359.96591882792,2154.62541024296,324.039605164063,415.582075381532,535.463284393975,43.365391340827,847.41598069008,1268.06989179248,0,1209.35300790812,0
living room__141.png,5101.18141483853,1313.44017406017,306.812369695966,1252.50812411532,1712.84678813789,691.479559923094,1365.38940163075,598.321815382114,1762.81843529138,1289.4529565765,1051.50597284717,3286.76779771047,771.512409598465,2485.45674096776,2744.90636960026,191.429372990004,597.705151303228,731.697105818841,28.5263202504312,635.446915617517,475.518361959995,0,1605.27644168414,0
living room__142.png,4170.95083837636,1836.49106320124,204.536180972371,1068.18082520589,1528.94399334991,726.353967121904,2070.93610751156,748.59387310331,2196.20363134708,1560.2177538113,751.971385639616,3297.74622173763,913.314563131386,2604.01559151155,1833.15993039196,168.444393762661,946.768043571057,1269.70183200795,40.3438565925327,623.312399376657,472.298236421105,7.61166160832028,959.903650246662,0
living room__143.png,4759.93036556415,1247.28963793281,208.328855798564,1535.58704199257,1319.75406475337,707.316475354252,1387.03953521601,260.391521735969,2191.11821981366,1312.31444863924,541.867359468615,2738.4913348732,746.139601130308,3889.53739836999,2987.26115855201,221.284777140643,608.204376561223,1167.48395560832,37.7042303170687,459.804928103784,0,0,1673.15071307425,0
living room__144.png,4388.03134265054,914.896032290453,123.314700405714,1682.90787589038,1925.66970630373,624.188079906329,1828.00398368357,316.624259576898,1699.97784560258,1104.456384198,519.918243549948,2757.28135910578,651.463236041655,3080.41339068742,2560.96509817558,345.137177535856,647.676508229576,1371.22730917654,0,824.784762672825,0,0,1770.01709668915,863.045607627475
living room__145.png,4751.55756233335,1554.71120177474,164.401396791992,2077.2392887387,2123.44929917487,616.054560608338,1494.76684964107,486.217309377887,1440.27459880827,1063.16192964913,678.381199450563,2267.42775232021,448.687069285424,2296.12053393753,3079.72472008716,145.034411723123,439.027856194873,2432.11697138403,19.5528886292041,392.63116474968,0,0,2029.46143533985,0
living room__146.png,4261.49174859826,1964.8628662353,252.043404745559,1428.78897561436,1201.57378304912,817.434519259748,1839.45060062924,497.85489795277,2220.05627041771,1363.71698072441,479.251591696948,2898.15832270689,880.393497975384,3607.59438684435,2707.08565016954,184.110041239962,693.938614922501,1105.22183270056,42.0481552183861,467.960456653847,0,0,1086.96340264517,0
living room__147.png,4200.56733387879,1963.47065869939,158.361739119984,1190.52687078158,863.664526534228,677.31492586715,1714.28619497339,383.704979945079,2108.23635716797,1919.00684174881,970.348649422438,2220.88554435469,721.119162272521,3891.58900148969,2110.36702172873,235.711509978906,555.895382077842,2724.83441176147,18.7820863660037,516.073602053117,0,0,855.253199778213,0
living room__148.png,3850.27726432765,2469.26410209763,191.392278431553,1945.18505311003,1218.27726996457,570.167127911593,1900.02989181368,306.191580835254,1142.40377079122,1553.74990359829,676.211840907,2941.9952921354,592.052853596698,3465.58003687364,3648.82912887932,158.705033553656,733.587683223532,1505.21240185092,0,381.176125935957,0,0,749.711360162417,0
living room__149.png,4937.24131323923,636.905951832749,159.866956317998,1818.99831919776,1978.36964137121,437.473971399172,1420.08655483122,441.833707329751,1147.63403645797,1027.14110872125,691.627695546026,2233.3514602901,645.372465970162,2599.98677073229,4240.19969855987,140.013177499004,1110.41541633015,1781.47387697489,11.1470605413739,683.53564488299,0,0,1857.32517197484,0
living room__15.png,3822.10965619278,3044.42579438505,176.159396680424,1668.43846587102,936.080647829769,736.143781656475,2102.32620563846,286.535779119633,1802.10145428086,1392.20967845514,901.912905462958,2911.37851603835,797.338822117218,2098.21557233354,2821.30060892443,183.501937976441,757.957368947865,1552.91624241946,34.0752337489268,418.168422856371,0,0,1556.70350906481,0
living room__150.png,3888.13734415457,1475.6441617022,177.493365722319,1264.80467788061,887.263097466517,682.966718387694,2199.57411459063,969.703928927893,1674.81093882136,1594.68021728426,898.247429368391,2153.07984847615,797.61207862758,3352.64357562031,2761.5791682348,241.925592201129,950.030710365804,1183.05124156448,13.2659752612239,301.194225470033,1367.0187187932,0,1165.27287107885,0
living room__151.png,4191.8747167966,2222.03550351215,93.5068529072518,1827.49489400236,666.157373292395,644.720804070723,1509.27362986672,1065.57074868609,1125.22545760127,1577.52616023376,419.491314290759,2368.84857316562,684.972762662961,3391.31025650536,2412.65819715927,196.668744268075,696.514801840674,1852.53925485686,12.189092169536,968.304146975435,1502.500860239,0,570.615854897141,0
living room__152.png,4130.0313838921,1004.75916928596,142.108294872695,1792.59900047102,1031.44977408012,574.364598511427,1724.21937262882,560.000484877648,1376.21277240335,1205.97777429471,758.022504510779,1929.50635353875,892.707510945609,4439.85627612431,2739.9507800355,237.051152795603,719.247832733987,3237.85720063828,17.4138049721435,448.652940192774,0,0,1038.01101819442,0
living room__153.png,3810.35706868493,2672.01078498973,208.453283883509,1485.2610830067,702.479179917195,418.082492217577,2065.48836713267,469.800739003318,1075.44915211998,1644.61299887392,802.52392509199,2580.83490967255,721.77072575183,3603.75883740209,3256.75167174746,262.734111305462,703.820799992448,1992.54041498718,9.77564524447792,302.982411666211,467.888075371748,0,742.623321937019,0
living room__154.png,3710.42454520437,1887.80317828209,154.126001235364,1613.02312357962,1277.4538673493,459.472323595989,2242.62335923843,396.428925578875,1819.6991566535,1370.34690892739,769.854076709414,2868.163826829,746.153822270405,3161.85613131989,2688.25065472533,308.473960895473,1049.83172388467,1586.82659690823,8.95427988430578,470.488329035225,423.461440052594,0,986.283767840534,0
living room__155.png,4147.25078574981,1849.53482734339,218.607891142096,1538.89764336595,1749.2477158899,307.654398811154,1823.84393697696,254.566699834682,1460.60074487181,1374.02735038211,415.944686148693,1516.14195328335,908.552728822754,3785.25135531034,3491.30078438825,199.893557874999,806.677068848763,2385.82682604457,7.53399682741921,366.764874677582,619.867401458771,0,772.012771946648,0
living room__156.png,3308.85413982388,2420.02283357174,136.195823847949,2606.70471047508,775.651591908254,310.837684890478,1785.16728609882,694.154479514848,972.813853432303,1399.03152511071,703.400353155065,1928.77962647579,713.806067641696,3390.80225634135,1776.64426512373,174.272831392115,571.998554918145,3960.50431481455,12.1634394577027,252.404124314468,914.224431415201,0,1191.56580627613,0
living room__157.png,5624.28983161757,2041.87684980059,274.32586949735,914.176700156023,848.331019985945,624.949038401417,1420.60191548332,351.874712415311,1450.35773346245,1239.01804571655,716.284603854335,2623.56793242985,618.886904988836,4109.97326177036,2927.57513134254,166.693410915075,698.364666163279,2099.22429486639,16.3331911226314,250.436358193519,0,0,982.858527816666,0
living room__158.png,4921.97415734447,1855.98292926523,176.998946496548,2071.52858726906,1349.14837891122,495.663157604936,1427.88010429716,360.09562035866,727.970558992868,905.372695500692,530.582057739423,2770.0809234744,517.134708086087,3918.18245743318,3818.74918035038,132.354793458186,675.169917730895,2010.53723308087,23.7549540443346,407.20851250207,0,0,903.630126059313,0
living room__159.png,3995.86406679632,1614.77398730254,88.7240930826208,2141.71142361209,930.360735609464,440.920157898596,2226.17015800809,392.561779381756,912.249680555978,983.086577118626,571.590046372781,3220.90720738458,519.307124950039,4298.11565886673,2395.22186734649,133.860649514837,572.484479285412,2941.97699373174,0,762.306254293327,0,0,857.807058887988,0
living room__16.png,4433.31673885704,1957.82799227819,97.8528162272707,1367.17493786639,1737.78221798726,448.965742346448,1905.51479737303,291.220296398389,2210.21462527999,1394.2723092926,617.656336881406,1709.25171219521,679.210879081643,2703.98907718584,3922.36735452259,214.24317080838,952.656226329795,1611.3477494285,6.26716672090911,699.826035237197,0,0,1039.04181770192,0
living room__160.png,4918.66817083933,1691.81410214104,246.89400704263,1909.40259553524,1418.00527918492,458.430130136489,1916.56911828527,248.605515491808,1375.13157437964,772.074906916042,502.918652749204,2186.18502256003,388.866344857801,3697.94889310251,3465.87513292008,73.5387862528717,532.7520452781,2267.48413296114,20.8800773134538,425.753326740684,0,0,1482.20218531173,0
living room__161.png,5182.47198525727,2087.40861329786,239.130789621971,1693.58194883637,801.337100277578,209.990969881073,1299.55045155512,328.212027567712,745.332522693877,1163.56557944302,445.511248248858,2439.71501675173,437.738651233001,4616.87282168251,2181.20499406174,205.216659623357,684.650022629504,3040.09422579838,17.8747240518616,314.693905169573,1144.53148119122,0,721.314261126403,0
living room__162.png,3814.73854098078,1417.06150488535,101.069312492055,1689.54551791211,1136.93264161497,612.803843475902,1488.99458099133,372.340771311465,2079.14547368634,1927.6694287318,533.585817010671,3018.37873641111,907.093393803623,2590.38496282311,2472.27583710215,160.153089143339,1291.97994951123,1138.08762338755,11.8054484370172,1220.45572146029,578.239173444887,0,1437.25863138291,0
living room__163.png,4358.75238229304,2285.8045166562,154.152094128462,1252.49342489586,1436.40719115664,590.92150767059,1759.53633527528,363.666050931803,1382.29645590536,1752.2581328756,513.413305834993,2617.85147646691,672.88245324693,3400.91485146831,3336.34608661306,195.096969334882,823.95982858425,1918.43237921561,8.98030207841206,435.020578004499,0,0,740.813677363309,0
living room__164.png,4640.66473372945,1810.71083355139,178.0794732214,1534.31842852735,1348.3978328117,764.414070792264,1405.8004244718,528.563415803246,1586.22174189744,1556.63326953926,752.306670421118,3087.98081110411,610.197343641958,2771.75787221931,2886.59578197967,231.969727662038,646.016257258233,1496.70812100511,20.4160724281377,628.099377900898,0,0,1514.1477400341,0
living room__165.png,3478.14673870806,1154.16671853527,298.211045383707,1644.34479329412,1268.99388370541,697.415235338605,2009.8673673409,664.446586387193,1508.90381856563,1616.80266960372,973.544409694218,3588.4216919479,1031.68007823827,3183.59919948185,3635.94908301661,183.111171998047,991.444262648335,271.09912574755,36.0471808168853,487.691568326463,0,0,1276.11337122126,0
living room__166.png,5688.59063314434,1594.56942310925,131.362510206831,1341.62061872985,1146.72410949449,617.86883472811,1309.68317629705,406.097255824006,1195.72634103028,990.789720626259,636.479940559793,2038.96757394902,574.019202007706,3894.9727838267,2121.41939568132,76.5854359546602,1026.409635121,2923.3557307742,18.7112132401337,396.234571274692,971.299613630235,0,898.512280790071,0
living room__167.png,4471.49021674835,1756.34247800744,214.027837476797,1396.27772883093,1169.47591712836,716.563065055102,1482.12041579834,603.257062742681,1659.52101434958,1584.27693105736,655.556533617355,2489.64102995256,603.408790307202,3132.06820360722,2936.6577740005,417.716507855418,613.833725608961,1515.38893533637,44.7094094024041,439.674346577144,468.200343829099,0,1629.79173271084,0
living room__168.png,3259.75083465929,1838.29945672454,141.011154782989,1637.80443838033,812.076441243022,543.512603389195,2120.05980362219,632.557344192948,1530.66642693953,1880.15954067191,1588.21416343835,2444.59847663716,774.098957286968,2665.13333762728,3129.27525521626,288.63033843739,825.376295887252,2210.93608303486,39.4960869419161,487.057732574546,0,0,1151.28522831206,0
living room__169.png,5245.59902485239,1999.82825924191,165.011975972998,1126.51235829456,789.933380457392,617.110176353773,2220.22764854263,144.06056328018,1102.89409955573,946.888105649613,690.534211411125,2782.01610392513,354.08529490028,5174.16128211135,2556.96471958486,87.5791246987603,392.913127107678,2290.99145451011,19.1084430617649,311.612470461811,485.011470097389,0,496.956705928554,0
living room__17.png,4575.16233991934,1422.09452889237,127.345106548855,2116.2750372611,736.085206541692,450.959039691064,1527.92900974044,496.392426070166,1242.71698002858,867.622853602585,533.160297598768,2225.96275770753,727.908425959197,4634.87730217852,2440.22920816818,148.015574648471,540.983602841647,2221.32701895043,18.5290045746276,364.443151143397,1291.45988890535,18.5577542942388,1271.96348473344,0
living room__170.png,3838.12544889488,1755.91328726142,93.7858015127519,1930.84483670706,1585.89471419854,599.552279945259,1498.73540911331,643.017178513748,1537.86267561786,1741.5366022622,930.595660285586,3340.99092999752,792.322530983922,2634.04283283959,2413.66636054128,198.435172038627,454.845938725792,1293.92099807061,0,318.476842088858,720.220954314717,0,1677.21354608647,0
living room__171.png,3243.05265313521,1777.66595622872,99.5843467789737,2686.91198306319,1558.94883043149,483.601413402817,1849.11290419759,143.603848183316,1078.26166035395,1231.3745882696,571.290762336529,2250.27552899142,598.053678384636,3552.99444476705,2649.24727303951,325.956773329499,744.331919517618,1612.67993995609,65.5374196202737,721.094179118203,1826.34983747723,0,930.07005941708,0
living room__172.png,4308.69860011918,3412.97755637454,143.642815515932,2378.43536582333,462.25628960932,481.028405527091,1419.45633358056,194.190289733465,1233.90154719905,1198.81715712959,628.84603047058,2342.55920923723,549.902142060672,3561.88257073432,2955.97814805127,144.690401286663,552.494671443157,1673.14380350276,0,521.352376338981,0,0,666.000215295628,1169.74607096666
living room__173.png,4204.51753502456,1786.97985555554,90.9092733358639,1960.5099567075,718.463408942404,709.459476132381,1354.04107990554,599.580490352562,1240.21037990667,1388.06794363662,534.437723797574,3657.60719654352,840.044785310894,3889.70755232671,2516.37397482342,229.964426876732,931.784687520134,1265.15370035651,22.8542725381591,398.545851839604,520.28599890163,0,1140.50042966547,0
living room__174.png,3044.37018688605,1852.6846290697,80.4990948260208,2791.58883784392,514.979833538306,260.76189204006,1768.30470353056,463.678354849854,1164.63057150694,1525.84672069027,482.643858940832,2500.15869729916,638.973584759865,4442.79486354253,2473.4522244371,191.653441730512,621.843339485642,2274.59082900404,39.2625245588188,366.687158740808,1245.90669088667,0,1254.68796183233,0
living room__175.png,3987.60918595209,1970.12934062236,181.793027606613,1406.46295577925,772.36848967622,629.903295591588,1943.93917388324,276.420062932966,1352.40925139183,1708.58052163141,637.701552132876,3005.77639904804,702.849789986424,3726.32490164898,3222.97760700092,220.913366483945,1133.5469204843,592.725711022175,10.2317070692896,517.865011028813,1014.41470833883,19.4132992143609,965.643721473488,0
living room__176.png,3411.22720718533,1784.43813951188,128.610114530602,1302.46923187537,1350.47139894985,561.127762244804,2427.91202336439,387.385477672101,1513.50798680327,1595.16797842759,491.640131870667,3239.08754297423,1000.75801251795,3631.71621389402,2397.08880960027,244.803149985745,1087.19556753034,1720.72053552173,17.6623966436262,452.952711550158,439.857248325095,0,814.200359020984,0
living room__177.png,4807.38459899993,2677.55643938372,163.107309168215,1787.63529229474,658.259911427936,704.30626102587,1121.70269784012,523.730433378891,1158.2682335103,1268.51963885621,1188.93634229423,2731.28261722149,637.196881821534,2755.54871230909,3561.17121784611,325.933746643272,894.665827327587,289.911664458884,51.6271435441914,405.144879436397,1391.95269676913,0,896.157454442152,0
living room__178.png,4627.74038978069,2083.00906790262,176.18766909877,1889.83425923354,1824.84170167423,390.77659673358,1592.56380132238,474.423023955104,989.729884183386,1118.03661717988,402.897878165194,2998.83878096625,589.614075373088,3366.61759363121,2596.34263600911,147.003945380628,548.662439329731,1900.20894922485,35.2069117297844,483.303158020982,947.915483784056,0,816.245137320932,0
living room__179.png,3566.4986139241,1862.02444062745,83.3042622659057,1377.20870878747,1434.7697716781,246.41165370696,2189.65395857916,374.822547507241,918.99158215671,1933.185219123,504.15220864937,2228.37591978697,765.211308539658,3623.64206433984,4619.89738704731,122.091208712002,643.134522892986,1456.92188334839,46.1509823346024,777.681182336734,446.097311687755,0,779.773261968276,0
living room__18.png,4958.9282233156,1552.19653392996,122.412509366919,1838.50997278346,963.822842117849,780.341056091438,1444.60217042727,203.516071567415,1309.03599534932,1063.06167908044,1091.46546878722,3110.61683460842,539.497891922554,3869.48703947162,3481.4170578752,145.29329594451,913.61948795137,1196.1765467087,10.1067665261727,373.981248029004,0,0,1031.91130814556,0
living room__180.png,4502.05661086227,3604.09761911361,172.558031216585,1695.74896120571,605.917164333021,596.856256311908,1228.25787598327,232.985626098551,1103.62582902105,1405.55462419313,814.915171649589,2207.13215132359,806.061644036505,2415.05960050589,2730.28904101568,362.320283719114,954.835112869076,1765.07331003291,0,449.389696237045,1424.46538107827,0,922.800009193213,0
living room__181.png,3789.5107473175,2320.44920587027,162.421931519435,2029.80621853498,789.974974620117,259.929504020071,1209.59544877004,776.906525460165,997.414418499405,1877.16072093087,924.759382923316,2330.89691181214,848.512641680831,3097.89129169235,3230.46536242968,167.939623417292,832.067513030589,2260.28328864589,77.4745993484838,359.241862906371,758.588583073376,0,898.709243496815,0
living room__182.png,4552.22740217807,1401.80594970353,233.933304053783,1675.49181655156,1741.748401628,560.607135168961,1674.06060940749,503.279404637911,2307.44919797202,909.868656908916,890.110419814714,3129.87347213594,819.576720136907,2939.47174623838,2885.17226138331,344.508236495075,627.48748048382,882.96462928598,24.2665583219902,394.330370076961,0,0,1501.76622741668,0
living room__183.png,3656.12956117137,2512.55517483851,262.299055829809,1405.56799921678,753.796902943919,770.56412021229,2676.09539780566,384.797869648125,1407.28173136839,983.751448251346,1164.80377618127,2668.6940124829,1079.96067669977,2678.33374514486,2283.32201854672,170.630428062534,919.982065658681,1863.36018910392,27.8644887925413,583.726812654452,744.478872455972,0,1002.00365293018,0
living room__184.png,4920.7809523861,1544.57836352205,202.889337719073,891.866032380637,1293.34821384847,717.095160679492,1594.43935268046,563.157187957105,2544.2062496214,1365.16973208986,892.150394233018,3522.88560289568,1024.21354993321,3230.90933532599,2333.38969095255,188.157660057925,718.442209660555,679.533958131807,15.3727204718143,282.794842340125,0,0,1474.61945311269,0
living room__185.png,4469.76509937826,2111.84380660829,171.028573380604,1620.4443466632,1232.56601782324,553.114691487711,1828.23373734897,392.510997575186,1243.05166708192,1212.87604317177,742.341407617056,2070.04857036962,541.615269757549,3136.04827798377,4069.96508331039,291.740158796013,745.985663611003,1892.79141436975,35.3253448842457,338.462397005829,0,0,1300.24143177563,0
living room__186.png,5035.6541217187,2607.60247978265,109.288418923666,1749.42230805238,1138.90311973552,632.205146774496,1412.32157569768,307.195448180514,1078.78745566324,1064.66677674244,403.175626171712,2424.63319155264,549.174681504764,3296.72424385126,2403.41473136438,179.024107302874,599.175684894207,2043.30101047402,9.73642898116421,330.618631701904,1308.37004524755,0,1316.60476568223,0
living room__187.png,4897.94204418495,1531.33423008329,234.765223884853,1731.00284987088,793.246710954318,784.642910227736,1270.31793233797,744.038993197405,1791.81065848911,1026.75214087926,819.699559514998,3596.53319783333,875.671478896206,3482.86698490496,2077.3737474395,136.550266112652,1118.67781547793,1089.21547264948,61.7632877180869,285.318377151933,425.658789475983,0,1224.81732871517,0
living room__188.png,5034.08005225588,2585.05672815094,127.624636285548,1205.8736014149,693.790396001592,617.913547895872,1541.79500402553,339.062818153596,1804.46730643799,1439.51830671607,836.276959330778,3837.04438955667,648.529597512444,3515.69579946073,3221.49384087336,95.8948742215209,919.181512214209,391.45627895056,34.308563853648,429.868190226811,0,0,681.06759646134,0
living room__189.png,4791.6373685878,2297.36525445757,99.706505599603,1408.83107397928,1441.50000080306,682.426934297889,1568.94820919138,431.960778912047,1503.26959342019,1418.96007134969,595.74875690475,2481.22569792068,644.68782177304,3148.88249996694,2594.45896123223,156.74394724119,638.076389702634,1416.46197014139,10.1915078776197,588.277156427145,1222.45033738801,0,858.18916282586,0
living room__19.png,3673.40613854785,1828.62561174165,134.131922247853,2148.97355236815,1599.96201791912,434.590589106862,1712.74409321921,408.748743465571,1312.43360032139,1584.61187067721,872.035962476856,2721.18493712223,588.329239100939,2954.22577352498,2348.12893777174,270.999446046338,722.995744692417,2442.65050824568,20.9356600403117,791.406109731683,606.879505184253,0,822.00003644772,0
living room__190.png,4789.90873209113,1092.88460803402,269.251209442675,1248.68929255275,869.352990759572,615.400254047178,1591.37603916952,219.508704665621,1586.25900027489,1273.94745028181,758.136634411435,3100.418138242,822.502006873529,4981.87527952704,2837.96763208154,273.576479031266,609.940647313174,1590.70376591172,0,448.327757868756,0,0,1019.97337742038,0
living room__191.png,3653.59189142006,1526.32912074418,70.8969317244189,2544.92065114831,1497.31258369214,377.230857624017,1753.79649249966,329.470480500759,1552.49565783685,1308.11533247775,1063.06990518811,2510.72730632939,602.73681857526,3454.48897686712,3477.64687296877,123.00585734708,928.985958820244,712.431538604774,13.8329565318791,480.629778112711,1298.57083491178,0,719.713196074736,0
living room__192.png,4476.85329018083,1797.50751900547,160.799100333094,1388.13748536489,1005.37230792156,465.509228518972,1532.75446120567,505.29319888625,1503.85385068683,1809.81721843727,805.929780201694,2681.55575757095,529.607017445347,3670.75731135964,3548.81228192603,242.768901738922,945.593105369033,1639.46978096412,20.0616256270699,331.166857408196,0,0,938.379919848148,0
living room__193.png,4929.87079963037,2359.54477781591,103.612831338529,1285.31937970751,775.308883726705,560.435435666508,1620.23462924941,736.378452967253,1507.64650383386,1155.233779911,1175.70710809984,3042.54535301213,922.474902404799,2794.85647661353,2369.26581593688,72.6265359247646,473.846529175193,1209.08960930268,14.2399731721451,226.538793857404,0,0,1457.81897774417,1207.40445090941
living room__194.png,4557.19342675977,1107.41334586283,214.711846576785,1236.42382726962,963.561834922486,686.646462916333,2317.90404833313,568.920580080992,1403.74182512698,1107.16488756942,512.083435525674,2688.39863134206,574.329108968463,4737.22769653137,1961.92985023255,163.428252420742,459.22217695165,3044.57138380529,43.5564486788601,277.162492429275,0,0,1374.40843769573,0
living room__195.png,3770.61647940667,1628.31231066081,110.049095575011,1613.87995542859,1004.28430628674,316.029503389301,2491.56712561092,508.572422346062,1039.93980197268,1483.71087842971,635.888202257707,3604.63321928159,524.628633861279,3450.29637691383,3002.07114119955,115.59692726283,458.663627520566,1927.27723858187,0,704.734852503899,0,0,1609.24790151039,0
living room__196.png,4935.34211228288,2186.64538650791,220.19366896691,1169.02756400125,1641.97737373443,564.273873754853,1126.91933821574,1139.30724225149,2132.50332829238,1448.9708427631,508.098807755351,2967.70200360428,975.538216619502,2552.68840965257,3034.99291418189,334.12850394196,1009.80033033993,1080.33421119968,10.0734221755601,534.152931671077,0,0,427.329518087246,0
living room__197.png,6868.79099576519,1646.98550871709,114.806301750604,1386.62052412109,777.622081827988,416.725593057209,942.963831309016,239.060267377987,1145.41024182671,273.337101461055,970.003191612169,1006.77294081829,475.493484963136,3693.59155559529,2885.45124209516,52.7940623805163,816.342932969611,3296.33845976762,0,327.19794511818,1134.49522068441,0,1529.19651678168,0
living room__198.png,3496.91279196902,1766.46444784338,122.180041641438,1414.19254138272,939.795829023887,568.15275131715,1747.32076148617,653.497020535345,1499.12749099909,1772.10381877177,756.494569982341,2143.73514499834,1163.31483174493,3254.47758738582,3120.7357860959,330.05593065993,522.359781714889,2546.06878494809,76.0993239854532,203.853726263915,0,0,1903.05703725043,0
living room__199.png,4467.61862199566,2133.03124584956,120.20095876576,1974.46344095204,850.667962358285,529.381805556194,1276.45906715056,676.458965590184,1172.96098772128,1166.10555339083,810.791266888163,2172.03586202294,834.855815074912,3309.32615460524,3762.52453144409,232.207444114672,686.851663621974,1844.41870239952,34.3900232135496,614.908586016195,398.47715209022,13.9000341077801,917.9641550704,0
living room__2.png,3226.61697456818,1062.43975915395,126.29577946338,2334.32580397791,1248.10892839252,497.781112727639,1466.85048763206,673.015914769503,1748.08319864075,1966.81388767725,572.273029421641,2608.23377685778,821.856970323763,3890.13878016476,2800.81777827645,183.535875820836,1075.68816155319,648.869974500497,0,623.236507352794,1569.91837953349,0,855.098919191638,0
living room__20.png,4590.72087902577,1785.84268498976,177.98228667372,1323.42202061457,1086.91628677858,231.727042626742,1717.66287829074,676.77006130664,1626.40961776359,1429.68579064101,626.825954207079,2099.23041571109,769.30648824151,3512.98656643256,2816.96353973193,120.087741801404,655.350478782134,1793.24711653889,49.1142013850004,592.450066787213,1254.43998095404,0,1062.85790071604,0
living room__200.png,4803.98740894934,1431.6259411958,172.89096610882,1489.5036398269,779.937985861745,788.575451991732,1536.85223668856,377.079873599211,1412.99772392776,1163.75204456465,832.717835235797,2409.52642462608,584.960987460108,4476.65722638606,2800.33832071045,400.972785449382,778.057720701599,2056.41639984867,19.9708970610628,650.429380044414,359.254712786482,0,673.494036975379,0
living room__201.png,3987.51594409355,1333.06901011311,162.707168426428,1640.33330171075,1262.65381496602,268.762823013622,1555.79169706904,516.991963733938,1188.93685818635,1579.20267804703,752.285149617201,3753.54564346417,857.651804734202,2999.9001939387,3028.90420162618,363.323602803497,1141.76536838686,1597.14330528325,16.1809715419303,753.56910016479,0,0,1239.7653990794,0
living room__202.png,3322.59988769637,1318.71869524985,136.237211337985,1962.14488490561,1679.84249890491,649.576634857472,1780.37579108474,505.263904950682,1920.60801091228,1814.08388452918,569.284955491937,3516.76815340075,951.524535637456,3047.54341845558,2719.77976243327,150.493018270854,769.665264039819,1057.03022705823,18.7779978757818,573.96618222872,0,0,1535.7150806785,0
living room__203.png,4355.90014247539,2408.44233500172,97.1511122972561,2513.78643357509,624.089456284419,288.480625934626,1380.07620948466,538.142662298074,974.852179774856,1090.22901249273,709.801236846394,2287.47454268865,416.915061749913,3865.06701216843,3253.4850663071,231.367586962601,447.128390383675,2525.48678990243,11.7255532596151,731.8333199214,573.069683095089,0,675.495587095882,0
living room__204.png,3853.56025094784,1772.87030702699,368.079547935587,1782.64853958991,821.8800874495,734.086195436837,1815.7300394495,672.761840659977,1421.74294878328,1215.78984098698,857.62662382377,3456.45862974684,1099.20926447523,2961.97039486435,2744.28805800084,233.062064550544,611.529552852648,1275.34462009662,0,706.09010914666,0,0,1595.27108417611,0
living room__205.png,3735.28894205968,1790.99207400716,148.876874732857,1357.19955637162,1482.09803324315,524.306216156497,1801.34886938447,220.229851286547,1883.78828050037,2017.65058060292,858.459219159765,3641.11034663396,819.451562331276,2936.64390179653,2035.49027306923,256.641969724615,1084.35304494785,1178.83403715989,12.4185195254128,364.222468614779,587.593971747192,0,1263.00140694421,0
living room__206.png,4020.82173326172,2169.16917695643,168.482661600178,1233.59081039462,1162.97144512347,739.130142428377,2276.41667557332,615.460022869486,1529.02685074338,1354.88411171736,592.019175877251,3100.54813897274,834.552240057124,3250.59341775814,3842.64532867674,255.399979059782,831.000557393635,620.16687757859,24.3344499360638,303.851307628084,0,0,1074.9348963935,0
living room__207.png,5090.62168786126,2263.86349772736,171.008326113277,1434.05288683606,752.651564170425,445.388280658322,1246.24743553417,689.465045195476,947.29400564002,1493.62936110038,474.444485261268,2804.20631223244,606.082305257354,3944.41369585136,2877.89165105322,129.366323410773,477.748124470712,1259.29678263582,0,512.012703902005,1494.91464166691,0,885.40088342139,0
living room__208.png,4018.79131523132,1269.01965235791,202.165956108237,2177.56993123328,639.430421532347,801.89672655516,1490.70341692965,524.155262737522,1664.75806472568,1356.61849329021,1388.7441993061,2815.41105562381,728.202169099639,2915.17419664245,2722.29083027076,187.360650200018,1224.64624339018,1793.47736671634,40.7540240158787,423.222062632268,0,0,1615.60796140122,0
living room__209.png,5038.79259729234,1143.31841664481,191.116398653998,925.38620949172,956.357291462635,582.110671123448,1779.64489327417,454.090031797208,1622.87960362612,1301.58135272503,783.258959013221,3615.02350309994,717.43894319447,4017.57776404059,2576.07573641036,208.919304786942,522.604925928936,903.138023645933,28.2366992353132,351.365494060085,509.656063440192,0,1771.42711705251,0
living room__21.png,3990.4398834582,1845.92970846602,186.816637149809,2396.63202311684,1031.18994674803,441.085251295396,1929.33667608765,214.363713824082,1252.65220454031,840.668187225197,412.465454179318,2544.5596326709,642.070992143328,3889.74121322456,1253.91601019978,183.871549925698,443.831217018493,3470.29495550406,16.9806880430826,655.494488665071,850.675308639736,0,1506.98425787442,0
living room__210.png,4720.07429202039,1376.58131575325,98.2624882942093,1881.82965693988,1316.64232722433,541.647777298865,1292.82724611699,428.072228260961,1157.81852046025,1119.2870581589,450.03056429684,3412.11266258884,663.527409735095,4068.14782987371,2239.11927729426,287.51249252324,737.908978809306,1597.36934983652,34.9418445055094,249.003131430876,953.669924227057,0,1373.61362435073,0
living room__211.png,4412.81485269751,1904.65993354155,153.287667947573,1567.04293714171,2132.82380239521,583.386013849827,1940.16585672786,197.045922195603,1469.02107548396,1299.45792895501,453.953591999898,3952.62417608634,607.497352460598,3473.12702741324,2050.55218965952,140.851402838481,669.584363612883,1791.12887697278,32.1696691788276,512.298753051666,0,0,656.506605789952,0
living room__212.png,3448.52288575569,2525.79230279825,105.093980541068,1461.88779085927,1652.31797474384,408.822266773285,2431.27793249341,505.370490489063,1286.34203844187,1521.94903108726,605.281371254135,2225.30401169261,880.250430796281,3052.90865043514,4259.79557288962,256.11192900809,749.583919686109,1714.64212966154,0,348.554314417324,0,0,560.190976176147,0
living room__213.png,4631.79281930079,1949.76252789958,181.15457477102,1485.95319459541,753.79287505667,616.065468654433,1965.00041767637,429.092816842597,1281.53157942247,1118.16477017502,528.553891536798,3471.55847705382,535.319436710695,4469.4909488434,2217.64466483433,244.478517943156,729.689285651925,2232.04523526393,19.29084359855,462.701325473821,0,0,676.9163286952,0
living room__214.png,4729.49571944543,2183.46965886713,227.393900873034,1099.34605997041,610.866121251578,628.897557388879,2611.16693072789,509.489799488238,1412.87088597316,982.045360136113,624.093366994292,2740.01653671616,399.500959994611,3898.07865003948,3823.15839382504,138.54934671703,721.747921735452,1167.66272522372,39.8956230085129,686.698998043541,0,0,765.55548358029,0
living room__215.png,4335.87495692177,1451.87817103242,227.394476019194,1220.17693495018,914.270445167037,821.51012273811,1898.51094321555,334.014314850121,2203.46455779352,1409.5820451474,1232.7383904013,3240.21012926203,834.681312535978,3598.9668163103,2391.99205721107,275.250869331764,1029.60926245743,1115.42865697607,25.922937897359,579.864176126814,0,0,858.658423654572,0
living room__216.png,3473.6737686031,2950.99535932209,91.3765234116207,1596.6521818922,876.942856530087,396.227762141666,2008.46909743528,345.181959104722,883.760927375936,1922.07590195612,789.570100024786,1844.52224368707,732.474244206166,3301.42806279157,4120.17566207666,230.212838206183,422.841646656188,648.561827701592,36.4419677009382,253.356939846932,920.150882556061,0,1059.68307572363,1095.22417104939
living room__217.png,4565.91024895055,2101.88009140768,135.521180525167,1384.20106886581,848.641492252602,659.885012572434,1992.72689975912,287.723743879322,1176.82317506679,1088.0905575378,934.929708781469,2689.34896484209,681.764053788209,4077.08084651412,4013.19978627656,268.56649858486,644.499237881743,1325.22188071696,18.7406725136609,471.981244923667,0,0,633.263634359395,0
living room__218.png,3947.18156643066,1659.83163908862,167.577851850218,1745.98492535039,629.390304644446,286.079419577578,1952.6516620851,577.173196823794,1144.94762445819,1276.18938987315,774.267386085274,2175.48667550781,827.417331734925,4853.59759934709,2309.06676906509,237.88531428703,777.925471075079,2615.26805576153,12.6898102387431,226.114662625616,1301.57360377958,0,501.699740310078,0
living room__219.png,4939.42033864546,1209.77400743281,240.449303072428,1697.03524876449,1894.41974222482,1023.3444589245,1462.47688850188,509.63807764623,1632.85159298157,1010.15421253127,617.983326942982,2537.92404709875,652.790689806003,3041.67508041007,3464.50543031597,217.491033741544,749.191288901053,1100.92516760678,20.6315880093477,449.30547998116,0,0,1528.01299646087,0
living room__22.png,4443.45256065898,1022.61035871429,202.050096978478,1882.39911532874,2164.19835360258,636.879379563961,1753.88903065012,543.906591516636,1361.04679666861,1016.52854090469,597.379077969071,3817.54300282572,750.202665980928,2959.78705040354,1698.75774995612,134.450077698915,827.381836640433,2283.72297400711,19.0780087776291,645.204615703339,0,0,1239.53211545011,0
living room__220.png,5073.27205294988,1330.43183235125,260.888641173905,1229.17354827835,1411.14208355417,528.679307941377,1195.88511472031,230.560528101905,1478.68755493371,1407.69101329283,842.428128414406,3520.98795292369,821.308528172974,3647.14422193765,2205.79292121109,252.432054762926,661.723475552141,2004.96362181622,20.237687822728,435.507489017889,0,0,1441.06224107058,0
living room__221.png,4811.56012766445,2734.31840625164,316.341543237677,1316.46439548657,536.865991304169,741.122911318675,1479.67039056645,290.873552293626,1693.22239227886,1458.92771152479,512.610027417026,3401.57473070115,728.020269310568,3719.23208481676,2334.97758086633,185.168696010693,978.248205843939,537.497618456604,20.1884094364758,253.822822622788,0,0,974.028909450056,975.2632231407
living room__222.png,4115.81926396498,1492.49952548383,178.306907166121,1568.02499506788,598.457134530908,733.726077625562,1838.60317726551,413.213362450802,1726.97337379821,1534.01414911804,706.431564063846,3550.17191793095,709.680118160352,3763.14394678755,2839.25990710783,213.577355576312,924.726014529083,971.561816371319,20.2809408469169,684.040943841826,0,0,1417.48750831215,0
living room__223.png,4326.84713476421,3021.70583361127,185.166408653737,1138.01067642626,810.00839453566,653.307812554801,1751.68246034836,433.304472237325,1299.81114374863,1698.46345511427,585.949724696213,2514.3183988997,869.495821987648,3164.38470026722,2403.66919685314,215.50045135925,906.181662316877,1825.71388642583,0,339.589811795373,1118.01315286415,0,738.875400540063,0
living room__224.png,3329.42394016631,1355.39547653445,158.116929962055,1899.41147177559,1342.84091187687,775.617574772013,1638.87912113503,628.533705146177,1868.64147323356,1552.12690530089,787.548847998254,2966.32719210707,1289.03224364608,2923.02338410658,2476.21119379909,248.683817547723,954.338899937161,393.799271486493,42.4425004283744,616.372534554858,1361.28636463973,0,1391.94623984565,0
living room__225.png,3802.39224104072,2183.57575167666,94.0564556116229,1607.42317859916,753.162395458745,323.325010295612,1806.09290277245,656.771415699527,809.828484365562,1753.75433616567,713.844469047824,2609.62804851197,916.50473926614,2785.24976457702,3256.99846039983,101.611039511261,1096.66202966203,2906.1635408154,12.2215626445953,202.586453271542,0,0,1608.14772060665,0
living room__226.png,4716.67948081527,1700.84252085998,132.832852576033,1604.66548194175,527.451275291753,387.209276142324,1460.19442004283,445.057716025677,1210.8515191997,1220.86378136622,473.802571264082,3445.50511690086,792.956972646487,4246.01242704118,2465.59205161556,191.786686735313,661.998262387007,1157.10343084871,12.8531764521288,545.195073311532,1200.90575271681,0,1399.64015381879,0
living room__227.png,4276.58065116618,1862.03582372273,234.065830099557,1701.47221700621,970.126528543614,773.446772917429,1791.26523881487,390.459177530369,1519.43578686317,1307.59313604238,595.420715123513,3371.03502395139,748.788275620788,3286.23592526431,3275.67783603805,157.510861538268,745.802297678925,826.338750130404,16.789619811308,1017.48761526783,0,0,1132.43191686872,0
living room__228.png,4502.02065810468,2680.12236049368,258.394133272879,1343.52079410094,1051.73039589373,701.582051965499,2041.89452743632,483.74149009562,1536.88386756997,1145.02341997614,571.785528700428,3443.84825708575,758.45783732072,3330.23036955231,2481.08051426352,180.364274794142,652.750758472174,1175.71417188671,28.7184882670631,367.98592381602,402.497003955672,0,861.653172976039,0
living room__229.png,4172.03546767308,1287.56902132546,194.38204333207,1798.26030402744,718.26072507816,770.263029594741,2066.3099298029,1349.12904255818,1652.47957515604,1118.21404838814,1503.46864964355,2842.47509331872,580.793473478106,2633.17921921505,2607.89052162267,223.459461520291,660.913164995879,1419.85521163352,27.1030701851404,649.802989687298,512.654525342235,13.8242449249041,1197.67718749643,0
living room__23.png,5142.66741757684,955.521773154117,168.314854982846,1532.96918037108,1790.84952139811,512.905740701494,1381.25862268123,653.949838710329,1258.02031243147,1346.56048413708,729.631752437196,2505.04517630174,401.14034590063,3441.1124118182,2759.26548644942,155.515361608535,373.080596260934,2796.44842913303,39.8885877246128,525.843157764177,0,0,1530.01094845694,0
living room__230.png,3985.29620226661,2189.48612544506,68.6500269787188,1245.89942711651,1177.69896983498,546.432632200752,2592.97925759428,625.073453833577,1464.82203136753,1285.44408136599,462.419058535666,3612.27338269691,548.090250482709,3273.80689738756,2515.41043927826,303.933587203511,1087.0775352099,1792.41148747783,38.3571939703921,237.668610807092,0,0,946.769348946161,0
living room__231.png,4423.15592437456,2330.12204112872,189.624734466638,1284.70111138465,463.766154731946,754.647167749683,1706.74385083882,290.770478558419,1537.22614512262,1471.19258552419,741.408478939167,3042.54467182192,811.959406241453,3830.13188731745,2717.06246819622,274.478727917179,864.68321094457,1040.78573234789,27.768393719156,488.005689982063,718.109080295031,0,991.112058397663,0
living room__232.png,3527.71415060122,1798.95016095027,189.890499316136,2137.91405387491,2026.11680958861,680.800660000693,2144.59506005889,336.336996389177,1872.24006496247,1327.53681588406,586.941929953085,2169.63653288183,634.556135977784,3043.84320304937,2920.18381750709,185.748124126444,529.025266300765,1612.69560393075,41.935659476703,421.035600083572,554.552821401031,0,1257.75003368515,0
living room__233.png,4729.40544310454,2733.15590552327,89.1773353162161,1175.64178177325,789.783966118362,621.915842242929,1777.20840543301,326.050783383617,1681.7842396272,1422.41033561957,627.089210028688,3451.55630110596,725.99582625069,2488.88533798538,2706.00254813626,158.453822847768,674.268598445333,809.081011819668,10.8843849711737,351.738930340275,640.482721751769,0,2009.02726817508,0
living room__234.png,4418.08662637891,1168.01783246765,152.741549413266,1848.37928142691,1328.53216968271,539.935888347464,1694.51614106118,281.141135960221,1342.51246860328,1296.93953964967,521.085703858065,3602.24730714315,590.44441013647,3883.9459084795,2625.1689483746,151.634001346858,471.916270885741,1737.39383811824,0,476.471765202833,0,0,1868.88921346329,0
living room__235.png,4579.62631813062,694.353014404723,155.522405557799,2174.29048101647,1067.9704285329,452.38848119034,1567.9735116964,381.001191509146,1649.92709843165,825.500443179193,668.876987433871,2016.53663147521,580.585241378853,4380.23242320408,3734.82573917035,245.355696609536,929.246444568388,813.118225056235,26.6683079889223,848.599348249064,1177.68141911841,0,1029.72016209782,0
living room__236.png,3192.44442581468,1124.54590505123,194.507329098737,1227.21767088251,1094.66218338917,592.385539965502,2939.60941275624,824.229936593955,1367.27398547473,1582.32646467683,860.589762425352,3445.64425476682,880.046406765916,2501.38933130865,2165.66481688526,165.731193342924,1721.45388744618,1399.92323095811,12.6244257609052,718.235658400884,834.600842850842,0,1154.89333538459,0
living room__237.png,4273.31568888456,1573.01582890494,93.003342815403,1630.61847700629,1056.36237008564,745.330339636861,1663.22026973462,483.86705785422,2127.86618308158,1510.94690975102,1920.58303535381,1349.19254106763,739.877153112402,2442.19270432282,2465.64844043767,161.042439519172,1031.43596034746,3218.95915296085,0,834.169925931905,0,20.9790619919373,658.37311719921,0
living room__238.png,3783.22196556773,1536.35385982515,128.231125805209,1434.17408506634,1494.3610494843,766.251946776028,1698.601249234,533.770229769391,1692.66169786244,2000.34363524852,622.945906491724,2875.50273989475,823.879491120178,2994.09417809495,2355.79151974071,229.306694729252,1105.30057149407,1676.00833961479,30.4728790339785,273.614726928473,505.552630306077,0,1439.55947791195,0
living room__239.png,3457.79503477163,2248.63063894442,107.036805877856,1603.03528386803,1222.10579486923,308.452695075933,2301.04003062666,479.774231646004,964.931903260434,1716.72129847159,658.299614217922,2181.39261326245,691.934944221305,3655.61096567878,3045.80642994383,207.418328779271,456.539172536827,2880.02109424462,22.0550792615149,327.340162871747,512.35845833487,0,951.699419235063,0
living room__24.png,3846.55666417515,1312.24882217665,236.026230407512,1310.92048737823,1457.92687192175,421.323021511563,1918.36328227019,289.875188671586,1205.66389931444,1758.83013282995,1013.36768242201,3135.23302066121,943.602160724104,3761.48910203401,3421.25348435276,170.287408708994,606.449938245896,929.608649894225,51.4398639133883,246.474752809881,650.891693858293,0,1312.16764171822,0
living room__240.png,3623.84072818723,1374.72053765516,73.0349683067828,1377.48288234393,719.161849371076,316.352857907655,2083.41818762328,554.54447858502,1504.9869479477,1816.07322648905,959.719117281449,2328.28935769462,970.256542999816,3411.40999641338,3629.87640938886,128.928432356686,1212.25055530139,2147.45945875438,0,363.596878449007,0,0,1404.59658694352,0
living room__241.png,4068.14759671913,2319.42677882888,194.603767472063,1660.94741152305,912.20028358284,332.724742729258,1759.0626430942,594.461129188751,1495.00421313105,1141.31488699736,754.753427052641,2122.5779784981,1053.79088758922,3341.71031855399,3594.08189663162,316.736574077036,653.861248818617,1854.79874543803,0,625.131975540443,406.20865609988,0,798.454838433834,0
living room__242.png,5650.82205768713,2009.24075435828,126.778412382617,1187.17500540719,1579.47726896565,703.753210546101,1215.65309213081,339.12149446101,1528.63045614418,955.875737345995,443.335709988762,2682.58390422198,773.560509560444,4236.02939121267,2725.27694543779,196.41446905079,581.614599389806,1785.66008003324,20.4991288176443,179.529364408562,447.316991234087,0,631.651417215261,0
living room__243.png,3786.47131376271,2284.00166683899,285.882022082948,1710.19745286151,1098.78979447712,520.649166418424,1418.25211993111,648.679363453114,2307.46619966229,1817.38202495549,820.812374047979,3226.40428564527,976.419706052093,2558.04186820539,2479.86696604858,257.314604025044,828.250886976509,1179.73136014248,33.9627784120565,625.333675915102,0,0,1136.09037008579,0
living room__244.png,4500.13604868134,2397.82880259546,163.722238505626,1877.44270800228,1348.96543657904,484.493852380138,1870.35658949868,247.234061997677,1115.96044924102,1080.24451971483,412.487323650609,2326.6316821838,411.405367443186,2612.53728131674,3374.03229735604,225.098124220996,911.147700888607,2535.15948033337,35.3166424386922,419.983284102036,0,0,1649.81610886983,0
living room__245.png,2950.01210229174,1494.69478985697,134.623344438645,2678.43290429615,748.762337824301,241.485889448737,2035.59946165975,736.58750278995,836.794308903611,1536.70488302831,847.417931973755,2509.81470960829,571.745810606459,3807.55871572341,2681.72024098808,215.588081069004,1122.5201501515,1901.70283620905,11.9167570485857,395.073493402366,1693.85867040359,0,847.385078277748,0
living room__246.png,4481.19830455395,2106.70827848371,252.242962458431,1298.53889540476,913.457742113464,748.510174848712,1842.50099268808,207.94594666205,2662.08177837358,1234.71735153582,744.059426638979,3187.48895294947,840.09005358389,3160.14266463944,2262.46477864184,292.497807758468,1201.24958810366,887.211352727963,10.4565944750339,732.3421946743,0,0,934.094158684396,0
living room__247.png,3671.31988093458,1457.89709304337,192.288935031292,2284.54233809042,1439.24034922988,561.96649400468,1909.31188787769,420.0590726074,1618.51402233339,1050.66365229748,782.03369186003,3065.78292501821,956.360079885192,3872.27143045841,3656.89535024499,107.331482818623,719.022333461406,904.552273367436,20.4706780960101,549.194455546686,0,0,760.281573792819,0
living room__248.png,2970.90403900508,1738.05174130791,154.756369504857,2008.86007785243,1431.92185600838,428.511278143925,2573.0172467231,1003.77886307272,1478.61979870634,1280.74315363685,731.057893615992,2328.8380131356,900.823846055205,3324.82755767809,2731.56109877798,218.053560654977,682.691124340945,1712.2216339872,47.5980760723526,447.345164856762,1165.4918077441,0,640.325799119195,0
living room__249.png,4344.736493891,1272.17718903105,164.231105865732,1125.31079028643,1312.10117502239,536.107147931813,1996.39846801349,393.187176647781,1409.19459252049,1402.90361543594,399.393310502461,2495.92336648001,811.280846178417,4531.77006271726,2989.21301597167,304.193503932654,1065.34961311706,1613.03477122239,15.1762822620665,228.626567633016,792.296000007902,0,797.394905328976,0
living room__25.png,4790.9160152131,1502.27154983969,93.1425519090899,1176.5858952177,974.582395132085,951.553557989525,1828.92361286349,341.362101455719,1703.48860707112,1331.65404350438,696.934699691675,2499.97272691325,715.847741624754,4501.67355579316,2894.96031158757,140.033652078938,650.141571641905,1474.54118750294,16.0390394976307,313.610553112946,382.341057026503,0,1019.42357333282,0
living room__250.png,4547.52944499566,2463.08474623305,126.906190689865,1932.80992641553,877.482364581299,333.432811285002,1370.30014949515,324.391306687624,1381.91275288751,1060.66357100339,545.691636669502,2827.53565333126,942.246717902146,3453.82934180129,2984.7225621329,128.124024030468,842.559944747166,2345.49002967346,18.326166157645,370.04818423505,0,0,1122.91247504502,0
living room__251.png,4719.77707591773,1770.30532533092,170.931487888371,1613.50433174797,2003.52383449132,793.584163398441,1396.80672297186,213.996810666423,1902.62254661445,1242.05673330359,690.672715626339,3480.36624202018,830.344629244885,2836.02069202275,2178.62005698491,186.381634800859,1280.64235208468,1473.87550309365,11.1288720131097,429.526812205437,0,0,775.311457572134,0
living room__252.png,4042.16344165985,1564.65394299841,281.659230510254,1235.97223339092,1505.1636338591,677.004404024397,2153.04775195188,766.955443450429,1666.12442933117,1273.61017937022,545.264718336524,2520.53819833853,876.727903280848,3637.58260283007,3146.08742028285,383.508645718087,741.918643582879,1708.58631751279,34.9698446282001,307.372262325716,0,0,931.088752616864,0
living room__253.png,4813.21811765059,1640.22679740049,285.133300403387,1377.20315509556,1649.49225320289,615.944268413249,1727.6774480169,310.440246492476,1931.62512291052,1093.87524154241,654.4262671048,2146.09465641803,773.784173060887,3391.42542789591,2750.8513961728,203.280806215855,973.597890062297,1413.75421543071,10.9610584177923,313.27221485051,856.597040251309,0,1067.11890299062,0
living room__254.png,4186.99178178113,1508.70937841452,97.9162615901011,1347.23281905706,922.145625621392,399.39010710836,2005.73924366552,878.173682304931,909.109101760787,1594.10696543654,991.855951386142,2020.14032507453,592.285281871063,3563.47914467651,3083.85188873372,273.643908188689,798.44309404194,2808.65360463338,0,272.541145062385,680.938711099128,0,1064.65197849217,0
living room__255.png,3843.25737462149,1671.41392260553,274.399979742955,1051.41243271713,1590.92145624424,804.928767926974,2291.67877541038,378.556545083083,1657.98878349743,1577.93430264407,1056.11775082417,3707.84596002056,935.307044959329,2725.22103702483,2375.86252806452,271.73903308114,842.365127541033,1178.97398074756,28.6710365664639,728.787243301698,0,0,1006.61691737542,0
living room__256.png,4325.47820796201,1157.64170250742,36.0447814020461,2264.85215670398,854.701670123892,290.326239455469,1534.81706226591,453.981527112543,930.485509332521,853.836952692731,718.074796775307,2091.78782264782,777.709311013993,4717.25146075547,1526.2625585958,227.804116174581,547.678967018144,1750.05435652989,15.5021931867942,499.638365409352,3375.03873203646,0,1051.03151029786,0
living room__257.png,4115.76760309244,1533.61152035646,165.565771686411,1188.80482928911,1502.20850431696,566.211826983631,2158.01013264814,444.302126312344,1768.71439749037,1615.72958872735,816.31671476911,2703.47145248072,588.343687410914,3142.7616359636,3461.17653024347,312.19960628739,1040.60583125945,1334.8600211154,21.1445525446482,468.136339809529,0,0,1052.05732721256,0
living room__258.png,4909.05465029877,2171.11352294043,183.11449515262,1145.50584489171,970.472058638417,651.618170941873,1642.63614428118,359.143247910085,2263.06896786243,1522.51833739335,1048.80828277959,3003.12008349954,638.448962137745,3128.26184587707,2501.14220096544,126.131722291316,572.557016473415,957.725218539715,15.7043387059191,667.843818690863,440.210863038376,0,1081.80020669012,0
living room__259.png,4480.79253521961,1176.11031619967,204.814301435162,2228.97172110425,728.811877902319,355.979220121724,1561.03735257025,238.696162129022,1486.16813313651,1045.97706093196,607.181627368869,2209.60549403389,505.76010143923,4976.01954893874,2821.23976225276,177.461228734689,483.053760175223,1688.8076824846,0,745.529854491321,1233.38540653535,0,1044.59685279483,0
living room__26.png,4029.53053564644,1490.33335390358,143.237560358984,1979.36537845852,907.586906518064,859.106870007347,1591.02286171837,396.918806678544,1366.26223708911,1404.94298510629,1103.46234203115,2896.93539087865,715.927973868715,3371.43158385633,2824.68243989866,257.477706958804,676.900237691201,1909.77550176725,21.7325582428577,649.751407448578,0,0,1403.61536187256,0
living room__260.png,4744.51913759613,2309.23113304227,155.82535581555,1475.2037970147,816.424328406807,408.786872609974,1837.50190633892,560.099157877632,1583.39252786704,1186.08206913383,473.995845216581,3489.87997536107,618.440837966773,3428.15898445655,2607.8641205758,138.252251949642,534.706463599063,1403.55390855876,0,186.081734580348,350.6972392118,0,1691.30235282075,0
living room__261.png,3617.03763289618,1138.80415936866,76.2587981808795,1299.70153675873,1087.17403843867,435.367451259001,2393.89828597411,609.299843300608,1634.27393709117,1664.2944489279,718.896009686479,1502.66180459427,885.565380061067,3530.88300396931,3769.43768656164,128.03719671278,807.533536463884,2582.00032231304,11.4655186692239,1027.35016590131,0,0,1080.05924287108,0
living room__262.png,2795.91768598102,1956.63374848429,163.289041465515,1155.38844137065,787.160983056458,365.42276509975,2359.59132123311,641.740953929996,1487.97744626886,2348.41108428362,961.791464628531,3138.75010194958,948.628768477597,3270.51284485239,3624.32159371385,345.387244732957,1173.6654250429,1220.23905150244,40.2038450375767,476.524579388741,0,6.47160888346997,731.970000616691,0
living room__263.png,3879.12255965936,2489.19205414264,185.107948721353,2201.28119076632,1016.20098263591,639.757430748423,1777.06855204794,424.484453292493,1268.5643896252,1087.96119181559,482.228888291918,2496.37273960754,728.354374608617,2973.42287572566,2249.59740212752,315.917941734033,643.683903868991,1975.61344027272,10.2941893681322,437.343978079741,1184.98664889726,0,1533.44286396266,0
living room__264.png,4078.70107797062,1237.77206212123,190.882090900139,1634.95200357034,1841.77800807838,488.650383777692,1987.62877904199,582.814638849157,1674.05583891637,1329.04135344472,667.001375394193,2921.89717951292,700.978813754145,3206.1850701351,801.832316005868,202.227710980705,870.433212801898,3338.46360679492,48.0398423799163,835.976260162605,584.218584092097,18.4304188575654,758.039372457436,0
living room__265.png,4140.49616123665,1964.14147059635,154.868334449665,1760.56831262922,1372.30810080217,741.195596921753,1729.98377428611,283.73348127296,1726.84726157794,1330.34204179887,481.555244136043,2966.06517383204,711.465648026371,2615.88270193486,2449.73757119361,327.144062022785,1396.84166517512,1451.23396650606,0,665.693448504984,510.052095518925,0,1219.84388757751,0
living room__266.png,5159.38294659255,1523.11479033164,200.811248108578,1033.40405416544,918.378076287464,997.806359012579,1531.68567310723,591.023550821474,2173.26960695225,1338.00801628456,939.93416825257,3696.77986886804,749.665203968781,2876.71952960315,2651.21057514434,167.324561355859,732.445528623325,280.12234191421,20.5295445255707,1105.40763240968,0,0,1312.9767236707,0
living room__267.png,4426.76490676816,2310.53662145587,296.152533171219,2153.60805694105,623.503371673749,521.115696867199,1261.45466050123,362.625094831448,1873.99882619936,1343.32672391579,1148.95984026399,2429.53840599285,599.561047302349,3140.83936066035,2831.85422791338,201.142646081536,516.411347923787,2047.34030985599,14.141958489889,254.575917694068,0,0,1642.54844549674,0
living room__268.png,3730.84032895944,1844.65857209812,70.9759289078965,2757.15214211822,1697.81266287531,345.227507393816,1742.36343931986,232.168278396423,1296.3144547878,1109.70131102267,530.675685303037,2118.20001639434,516.308719203058,3818.23950471835,2550.46009555801,130.860251615958,775.594397923168,2273.59452498825,12.7738077607993,302.497149178733,1345.22747196988,0,798.353749506864,0
living room__269.png,3797.71571872916,2244.47478321175,213.019644071721,1097.54454123551,1620.96384956205,303.087862356217,2844.16503624987,604.814452873134,971.205520048538,1390.47126900534,477.588213503048,2876.78888988508,784.533327052456,3575.10658915768,2761.201250065,85.570107727664,514.825006789829,2294.89065651212,0,449.222714714926,579.806177061323,0,513.004390187582,0
living room__27.png,3679.47494319997,2013.52122105521,193.528952559938,1506.29811410755,1320.74395293376,438.156966557178,2341.68712102635,216.552860016983,991.302876410116,1474.92655161293,1316.92697588609,1932.69165160482,683.379677257926,2695.93010327554,4116.03075848952,287.904735112033,565.420974250837,2328.28879437843,8.13606446660279,557.372602544194,0,18.1927932166444,1313.53131003738,0
living room__270.png,3113.78810407985,2377.21543833315,168.528889300911,2395.87416359153,634.661412992117,564.485440661321,1914.11297807632,345.704282026863,1126.21593821013,1543.43707252515,642.173640332653,3497.87897031634,709.974783918578,3680.36525862296,2134.50186997616,288.083336684455,970.693377162107,2508.38889153514,20.3441058912406,258.7429343032,0,14.3854552328734,1090.44365622695,0
living room__271.png,4251.45161390513,1611.81888953902,52.9051536654904,2206.7851996561,716.297202189645,282.431182626365,1505.76553728493,450.552289125822,834.423909978481,1037.74177978714,547.420969317337,1892.95363668216,742.9475916644,4430.4646986077,3856.17579030887,243.941458914842,448.059055548832,3081.11032673864,11.3668187874576,510.272939115514,0,0,1285.11395655613,0
living room__272.png,4687.95882106303,1920.86974236143,140.067047508639,1007.64641553568,1422.5970609288,432.945857584417,1804.26579455577,277.206100098979,1831.4409392399,1518.97836521902,577.038740306077,2293.1849440245,614.016082779816,3171.53581856355,3129.9058925328,345.514203472981,986.313837362428,2172.45531910974,21.6203173737146,394.913976773378,0,0,1249.52472360536,0
living room__273.png,2681.59753679717,1414.94002999421,99.4561400655939,2449.30817278249,989.583167144037,368.433017500302,2309.92165192451,343.559758883228,1136.89033672935,1618.87289027397,637.302659837595,2662.54463892039,665.663818490425,4776.94512288636,2562.76775366314,247.906990758314,685.017342512292,932.112725547063,26.7289389731209,405.803910182603,2237.79538757416,0,746.848008559672,0
living room__274.png,3611.25168058365,1183.43400532565,78.9575935884071,2331.32106340001,1133.36197378891,509.470241890058,1668.39332528834,391.033974374383,1199.2599883778,1478.60415658347,697.185831895179,2697.52927450743,727.99652279511,2829.13672560785,2409.98024086277,122.801022345565,654.656318174091,1224.04425371585,59.6322290038611,439.319899821651,1880.75840705768,0,2671.87127101228,0
living room__275.png,4642.92455973459,1936.88812918189,178.929582731826,1089.75339683742,807.210457404538,537.583940440912,2247.22260384553,486.733675365112,1078.82071308669,1277.29516612874,846.333850976605,2529.58253266429,482.594202643159,3724.38465608923,2617.5355239699,193.590524200336,463.05071728651,1904.59839939064,66.6195466102301,512.485789866927,1152.94930771573,0,1222.91272382918,0
living room__276.png,4953.87529735872,2930.94057678627,123.564360119032,1311.96774113816,902.626159551585,538.523802448114,1825.30435558679,566.1560323155,1158.72589436734,1124.46879989106,644.908344639381,2235.34082976733,529.435097311961,2362.80428814325,4376.5353738366,241.700050861417,729.462944942533,969.742877418138,13.248657851892,632.537457421202,597.566862043447,0,1230.56419620028,0
living room__277.png,5802.0423384631,1767.45944867286,112.951427932126,827.413929283431,1348.4092753269,620.197550033495,972.476404502781,812.877300456774,1855.6904435953,1269.28381541429,531.373388202467,3629.70614886765,924.818915763174,3693.39520281003,2208.07870710641,195.478738370351,699.261307954683,1179.26831353869,8.48585820287065,305.309927658213,394.107408926324,0,841.914148918071,0
living room__278.png,4245.82212085643,1759.60257994079,189.828895952749,2009.93360099509,634.400823930787,395.082363261388,1561.01204539608,348.880167963508,1642.80713029859,1330.45103648653,1092.21231780579,2458.90847121666,705.401312467381,4080.33786238184,3361.55157372114,138.208643258721,804.229020496413,1558.3127449503,9.17124053976285,300.962994485902,393.50882059917,0,979.374232994964,0
living room__279.png,5249.99692807405,2298.76327715185,235.732956845748,1258.10462140233,951.872280392151,715.273562347358,1411.86297471665,417.759698104636,2080.50400909702,1171.40255896596,961.660246740705,2786.00279464749,731.068078153151,3219.79930190029,2912.07173768228,168.646509070602,555.994177447073,871.502514259836,8.91832961725224,323.540230873833,398.912425120258,0,1270.61078738946,0
living room__28.png,4486.24056275423,2664.92196767947,157.572653886717,942.704908287892,806.657406863639,511.387464089822,1802.74191235224,702.66837973059,2166.8116008603,1560.7180017963,736.876866485637,2871.6909866525,923.503262684559,2755.3810946223,2935.55337633469,260.858761137216,563.272373394776,896.101762818794,23.2325909875643,832.951414907412,460.882155357173,0,937.270496316168,0
living room__280.png,5324.8597275209,1535.96932711545,164.019229522083,1712.72646813162,924.648957426322,755.63416395799,1321.86444533512,497.669270812212,2008.89062016053,951.553567174665,1228.63915249691,2957.42985314068,544.895975720052,4085.47086959634,2461.82893343137,131.62666661603,662.011307206731,1652.19719978734,12.4731495016082,440.68223559682,0,0,624.908879749211,0
living room__281.png,4442.71105447366,1640.80861281105,131.528480103897,966.489828773366,868.715140983877,744.846995813565,1835.32019677427,578.416141130979,1680.37556884158,1489.81371548079,820.124950487445,2903.25602051058,940.363675127995,3633.64719430428,3116.16830121804,309.739533136953,937.864429455994,1423.82463351233,15.5619962329574,425.814281054411,0,0,1094.60924977197,0
living room__282.png,3960.21195845672,2290.5853535409,163.186574488423,2284.06640606867,1058.51823380215,598.463577314012,1766.52041287977,336.060822337964,1708.95216675366,1154.45991264269,767.172297456853,3257.31229429843,667.059236701484,2727.60380464745,1943.72772318497,167.68207325067,640.745430516664,1515.2112415037,0,750.881825397731,813.146422456796,0,1428.43223230029,0
living room__283.png,3479.80370790087,1672.9751453833,135.258891306953,1707.40695815649,1388.57075332464,571.146632636997,1709.77773982697,580.736840325051,1588.47665302142,1894.27753316115,706.619608215849,2261.16067183055,978.576256761267,3303.82197532319,2978.98614038257,203.546047035946,501.817769229203,2464.97101082151,26.6117571573055,369.642083652214,0,0,1475.81582454655,0
living room__284.png,4053.30722444733,1792.32724083267,295.161978833779,729.650158508288,889.848269186847,453.034790514144,2463.94362245047,420.377014741329,1658.36751826929,1645.15270547884,1239.39597285675,2815.29041272203,884.991251985322,2377.6665558434,3512.75712381167,204.090497665127,986.045893524526,1265.38817584909,18.8645394646282,409.435116850963,0,0,1884.90393616351,0
living room__285.png,5161.54023425061,1971.67504599538,164.636440548972,1750.29212618718,506.821775368281,570.377131757154,1356.76412563332,276.562850763375,1559.73224702136,833.855271473809,1178.50183304483,2002.21795246449,639.66236707551,4737.93303968345,3240.13212857415,246.953923055247,411.231245809581,1996.52637874896,10.9319523243245,281.904009417895,466.377720884912,0,635.370199917198,0
living room__286.png,4255.86512531787,2309.42296488557,204.314779482532,1716.11146041221,896.720241269071,291.800679726864,2152.2316543223,540.06301076244,1210.93548959591,1014.2596217196,984.894045470104,2524.36768362275,626.554517191924,3393.62531790067,2068.17104075106,194.108005681911,606.742797725415,3254.37066872609,40.869615354179,446.560786084846,446.039658094786,0,821.970835901887,0
living room__287.png,5237.14164225612,2101.82304474341,252.846820919629,895.809732627237,603.382717385884,828.42838295491,1851.62570305027,439.996090761257,1969.32716082463,1015.1098671319,680.134359022965,3517.86345555815,801.732177278137,3736.93813617018,2161.33827501111,198.580877656342,493.570302869712,1270.19590473157,0,486.407050622358,0,0,1457.74829842423,0
living room__288.png,4240.59659419994,2308.86678741106,191.079091632666,2166.80091004326,994.95448203727,784.683511044922,1193.7988937245,329.516597638738,1933.57959131733,1508.91958408656,998.279200251357,2955.94517479182,778.206523385738,2702.6674149886,3025.14486385515,94.0386490116528,904.553154867492,1109.56776735811,17.6388455483545,409.697930319461,0,0,1351.46443248601,0
living room__289.png,2807.65922361527,1459.57529273602,133.871325919072,1781.11532561243,1445.35581597086,560.845341533302,2857.94689554416,721.941855808473,857.04068737647,1617.26420745213,1216.94984501856,3099.6421333209,591.535768977397,3265.38903816957,2509.72928229181,328.269123003573,670.03448515159,2391.2147101432,9.49527936604354,314.042804220736,447.656519415247,6.71417642899009,906.710862924198,0
living room__29.png,5034.95801213137,1788.86912301556,124.603174238626,450.734575093287,804.328460963325,803.352916012888,2342.09439743708,340.945399336655,1507.60780079064,1524.89226175301,681.009631851845,1350.4438910397,323.443642863537,4640.04639451996,3510.01238289806,323.87711072172,306.55523230503,1975.4953938163,0,480.961731254839,728.484441203782,0,957.284026752785,0
living room__290.png,3631.19730548074,1427.84820677061,89.0545202043426,2557.43916944204,695.831878917897,149.011806414021,2064.57567003533,758.155411261179,901.657404951056,952.437032834437,384.107666373073,1846.55511864196,524.406819362411,4829.07156986513,3663.01321013382,250.237923501384,345.468235216584,2522.4508206205,19.7060793436633,651.91968174477,828.257119034303,0,907.597349850754,0
living room__291.png,4327.31374243204,2684.46730640314,175.44373298872,2030.46279444401,1073.11431360672,862.230925851502,1512.81581521807,475.580738264474,1833.09211779651,1098.85686162429,755.298024421865,3756.28666520218,750.944178923616,3229.13085895937,1737.94215599799,270.272708271697,878.702411620404,1150.53011039702,9.33389908627457,245.904653916584,484.474291766069,0,657.801692807433,0
living room__292.png,4474.07137291492,1478.74185913625,162.21908590248,1146.88777385935,1149.35072272778,743.153214847531,1577.69611385493,489.624846164914,1998.64138743312,1418.10315413945,676.878223158329,3302.75161124109,945.363901688547,3299.45360861145,2766.89516029835,414.692822505373,1026.83918450156,332.354505991685,23.1848610374286,467.343708999798,693.985034285745,0,1411.76784669992,0
living room__293.png,4149.57071646991,2704.75823262039,205.677996445829,901.53479738294,1039.64728763081,818.427820386274,1984.99282423233,337.825554121322,1977.84975083431,1738.5056239498,675.999133451497,2918.5630834071,949.806043161927,3470.31889909489,3092.56433350366,240.785487632104,672.988589524631,986.917015422826,34.8045071709826,480.39077055601,0,0,618.071533000441,0
living room__294.png,6205.31367259128,1823.18971360336,185.545298442703,1268.14789361236,870.159274923539,517.175773347879,995.301392435912,357.234085689826,1415.63742035769,767.857679009247,353.295580191549,3562.88990786083,630.263747683576,3978.51328141137,3990.46690475428,118.621510710733,974.775133359852,328.284695236618,14.4941039568973,599.706788958692,0,0,1043.12614186181,0
living room__295.png,4284.31618372175,1626.95389396636,252.972560069383,1308.93455538253,1659.64679383469,750.798138122019,1834.37921093938,628.686394431475,2455.32228115692,1336.17632377854,634.472028686752,4274.71151921387,940.385251751764,3008.33616880455,1856.88135462737,277.953347770539,865.214632453656,409.314146810439,17.8551266554874,609.058820916948,0,0,967.631266905563,0
living room__296.png,5297.89816888961,2362.28007756922,123.366815126885,878.100622845352,1117.03718937041,615.892382561589,1836.34064881673,310.280938427076,1663.26247040841,1121.80859008445,600.275698215209,2872.70974575381,787.025887749597,3102.86640585163,1608.85906231943,70.412418305848,547.307141848946,2008.99166271601,8.41366330841217,907.67069232887,1106.91786111385,0,1052.28185638864,0
living room__297.png,4191.82220999916,1688.51381088,161.309130004252,1761.25892908873,1578.80583337998,782.210614109643,1752.55888666729,389.995933986248,1812.39978044545,1184.37304583855,833.295425080658,3191.30360891545,807.067180981321,2945.17670614302,2960.92334046379,277.55585221415,1032.85794757645,1091.85352606142,25.3638952107946,493.68079041803,0,0,1037.67355253561,0
living room__298.png,3549.42171204053,2092.29922372827,60.600097801925,1792.03375106628,956.321352894233,473.628745878929,2446.79643564852,710.691268595692,954.729423883484,1110.92483554604,659.7852688611,2636.99900691138,872.654528169332,3445.00471331131,3915.4694125447,177.185474578237,1026.73363396476,1958.57331297958,50.98326295107,316.589834710277,0,0,792.574703934355,0
living room__299.png,5205.78561164197,3071.47344844455,173.049053434517,1204.63392325106,1035.10520582654,650.023760644701,1227.16056097679,389.027132139758,1782.40492333389,1261.00146811591,425.771044218758,2842.97034946827,838.634972213819,3304.71934233637,2215.95156392272,241.140600101608,1038.76587447802,1787.32393380707,21.6428636988395,259.323448426173,548.276415388833,0,475.814504129836,0
living room__3.png,3950.23414148383,1697.45197560851,313.16275823011,2258.68438344341,1126.05992170694,694.773932867736,1692.40584804898,513.497016430629,1653.26133210648,1273.85606391569,800.896517261939,2877.43376843816,625.041647870302,3321.52903635989,2839.29377832579,184.358543431533,809.338156340172,1622.07443003173,15.4193718062462,617.460174412334,0,0,1113.76720187958,0
living room__30.png,3735.46070218153,2151.72823775945,115.775802506253,2057.39732612094,923.899728455178,253.834758355355,1879.12791891453,154.6154986538,1438.45203302335,1209.20445095124,992.169619704536,2612.82296887309,890.047278970879,3416.64014832311,2322.44825809507,209.097447050106,784.099526879979,1551.80466225317,19.6648758107812,164.994076557303,1704.86151689371,0,1411.85316366665,0
living room__31.png,4513.29417762411,1140.57908238449,330.823192073595,1719.3647050443,1495.40247855118,577.361919324784,1452.78345839503,132.867987060981,1483.73231204195,1196.70591319434,551.268074904278,2463.38444843294,893.423713373242,4455.68169376403,1964.32358527333,179.906877068283,463.941071298143,3180.3745428534,44.5211553006989,619.07888498874,0,0,1141.18072704816,0
living room__32.png,3706.21269405811,1776.1874451188,173.393261653467,2704.75288005021,1398.1381218591,230.847179797852,2069.81330117275,267.48709113908,1132.37823282796,899.027876101616,762.994539411218,2889.09538481239,437.600672112653,3386.13238933494,2152.37011605898,182.592576504663,823.262559328086,1829.83587780435,0,526.44958366436,1592.079947045,0,1059.34827014442,0
living room__33.png,3217.25542198452,1631.73894320993,43.7473845735752,1186.66818957299,1919.01196570398,406.228097006339,2517.05788202917,451.176234412563,1561.6699277142,1840.48054494663,522.90667166898,2467.22910777339,903.719616180509,3158.69157204318,3030.68650319846,302.18569274438,770.624989440502,1588.45948783038,32.6326525417953,922.060677491057,901.979491903658,0,623.788946029805,0
living room__34.png,3975.05076627593,1239.19874471029,253.128981724593,2167.23858700144,701.701137567831,660.98534017607,1958.44105431777,581.206483314749,1660.35960535099,968.891335187946,1158.84523757126,3220.56089200715,780.63661554146,3698.82303726907,2737.72164165461,141.700062475417,898.747506112231,957.224806824016,8.04157920002685,427.040771142864,510.018732262576,0,1294.43708231171,0
living room__35.png,3608.68906466741,1576.27351498396,92.9419623786006,1420.69973089976,1042.60980709007,478.419814035538,2176.72070965068,611.556348622908,1133.18140043213,1575.25551320913,603.088891118468,2316.6526280187,782.539343626349,3285.14071127408,1809.5981917057,404.197521747107,421.280459384939,2152.51963796124,31.8981161995747,475.976100999772,740.518783994954,0,1984.07416652581,1276.16758147313
living room__36.png,4992.55478660712,1737.18871184442,173.483004206418,2161.93733395911,1282.39554331727,726.311331567115,1223.99928232802,193.517340680828,1649.21138289607,935.413196815554,764.019646912252,3073.1026781273,458.907300286714,3221.03508492153,3614.58956386115,202.691258675318,861.407455354709,0,24.4968413281544,209.06704977325,0,0,1731.36916719574,763.30203934195
living room__37.png,5337.57136263282,1669.22217512622,154.36664593865,1284.02773025699,1978.32376241316,419.163948388327,1352.8749985978,308.832635330459,1319.39020555303,1192.36155020127,553.222852610447,3199.39515499624,611.568666708634,2673.4837129952,2396.93598706748,211.740491501903,1151.32126107222,2510.74805805627,9.85520010058435,688.341134904904,0,0,977.252465547395,0
living room__38.png,4126.87280507049,2351.22712806941,153.841163774229,1420.19122518347,942.67095765514,678.522577359636,1952.12957284589,525.944169510962,2156.96909219056,1454.64090018949,772.562546429298,3453.4042308764,739.954678338198,3271.83980141491,1994.16500483001,270.664232168981,626.229033163795,543.17516509706,35.546586203475,278.29051337357,1019.92276587211,0,1231.23585038291,0
living room__39.png,4476.63666883206,2113.79072986199,90.4158929254119,1518.84222312976,1139.76105309801,588.610977845355,1845.67464595265,543.120033081621,1402.54225314672,1511.27319031691,677.27859813124,3191.88209670373,423.110093675607,3463.1776417175,2368.69792091085,224.463178093013,647.678595547789,1001.45173117056,0,271.834910248488,1356.39912729737,0,1143.35843831335,0
living room__4.png,4153.06230179702,1460.20031915287,111.361589211396,1255.06602698184,991.899454892986,479.95826447945,2013.48240811661,520.654997458995,1280.22999705103,1482.66132070409,729.457657057147,2552.83764438012,819.755853081368,4012.53278807749,3782.59792539035,245.834846023416,998.436642726746,1793.01457948765,30.1372432956521,393.774318872388,0,0,893.043821761375,0
living room__40.png,4481.61899006553,1624.02962558574,187.699420136797,1748.20084505008,979.480488853224,512.255229276643,1766.59776386752,344.062754175706,1659.37583310505,1201.84619278502,434.373452644083,2647.95566399957,604.730160147476,3535.0614306773,2873.95902706418,186.505904095267,848.740137394403,1006.42402764961,10.5001439891032,912.271463834357,1112.33079876815,0,1321.98064683518,0
living room__41.png,4011.36643131157,1471.95318310816,109.110242609339,1256.73875442244,1859.62578408474,530.136455374631,2200.33151085144,220.690352399788,1741.57490108288,1472.40159159524,682.04604664776,2530.68963125481,823.064927890891,3247.55115360271,3169.15931496496,223.005508291274,892.956898650702,1290.14124874003,13.0912756371484,464.90454618765,629.188205973348,0,1160.27203531849,0
living room__42.png,3861.64949477773,1298.03058022385,226.329592320145,1876.6099052177,1253.11397712242,548.670821700733,2155.54506174941,562.624708801309,1021.54191542544,1288.49694047685,568.271153736087,3746.50694306266,589.975925311554,3758.35719336042,3379.16221854096,203.599606145557,581.072569725121,1077.78850895006,24.1230663212105,859.868881933452,0,0,1118.66093509734,0
living room__43.png,4677.89859261218,1497.88364092607,178.124000516173,1351.75082443584,1339.1137917443,654.150628347554,1865.95661902637,469.791432463314,2241.36942423787,1066.09945380627,788.915568696193,3100.21130739099,801.538163975472,3161.88974581991,1447.02186789581,225.444023822185,772.866983911367,1921.87157081116,11.3123223216805,399.164102908767,457.251200800438,0,1570.37473353007,0
living room__44.png,3110.18803247528,1215.94679315628,214.157868374196,1914.43569699706,800.884695236972,492.344357188325,2032.69857002266,542.799232122067,1553.11445004089,1851.90031509128,1188.80815216623,2795.87711979792,855.444275533149,3605.7170310916,3149.77140444057,194.367936887032,974.414826822988,1395.93104432478,17.4008050757219,702.616271805285,398.803755833311,23.5643679178204,968.812997598579,0
living room__45.png,4615.89693446224,1589.81005569803,159.325773342796,2092.39105258344,1226.9325164957,528.948942537849,1278.1156124656,481.816533527961,1441.58456284154,1182.76519596541,541.867562351905,2549.23422626566,507.259221450922,2879.27764550216,3089.34874683468,313.052391105914,642.258274056087,1798.25250764707,10.5195919664661,842.247687606331,433.305240530398,0,1795.78972476183,0
living room__46.png,4091.731908302,1313.62330227198,220.628884309125,1211.84056609995,1220.44123156412,466.79655850305,2251.55247273927,359.027179042552,1885.70629296305,1302.12798654148,670.158516458715,2362.18400856275,896.50540590508,3908.9125835987,3859.54970387446,246.241660412208,864.230674249315,648.700516821551,0,576.514611309075,556.434034966011,0,1087.09190150554,0
living room__47.png,4893.15382413827,1791.73138519541,138.825932209446,1413.9299374912,613.867531007376,588.514079836135,1541.94352520717,553.48801722593,2104.07432236194,1317.049379057,994.805938984757,2721.11095870642,666.4602964687,3696.62182625162,2446.7222783447,167.463037637658,1190.00215521142,1527.83664245729,0,317.051469002134,472.915786084069,0,842.43167712135,0
living room__48.png,4966.52247757678,2102.9911647069,113.013376061128,2076.96220114571,1290.81350578089,443.794045961456,1109.23888414207,277.283007172273,1149.61123075337,1043.68039274075,303.535707686821,1909.23342575053,620.947307301013,3657.11425567721,3783.1284164989,174.362087706651,640.858418203734,1768.04299208443,8.28664938702223,231.096266571702,833.176512890192,0,1496.30767420047,0
living room__49.png,4984.09916553367,1851.59931820529,148.53832637436,1701.51241147056,1609.95731332471,485.770048036292,1708.53194119107,385.022655956982,1144.36282458309,1058.47317134667,765.346129353016,3525.84824838766,401.04792220422,2928.71312088191,2902.93942717494,146.335388253807,850.728961362916,1437.05534558676,0,535.951051241141,355.485779856893,0,1072.68144967404,0
living room__5.png,4474.47967306851,960.270889682169,158.963867716627,1798.44684658558,1367.51461721308,393.849453222564,1600.78058605287,361.965224137344,1147.36287701245,1368.44585897715,922.043370225736,2784.99968366242,520.745862278559,4220.24478440576,2363.95953615077,206.761997138509,706.118822340845,2348.56685174372,30.3391758988272,325.806640456557,802.297730491455,0,1136.03565153851,0
living room__50.png,3897.92344304315,1334.5654779647,230.274042611493,1381.52603528096,1332.35027708032,566.485447848255,2409.60708042214,434.909452641855,1784.72402698041,1432.72574171624,727.646204903468,1865.3691799159,585.805968396034,2909.6771751973,2619.95342945108,279.350361858727,560.002212015588,1830.19667478114,13.0613692827566,833.571713534581,1102.99719841172,0,1867.27748666219,0
living room__51.png,3713.2050031539,1206.49105274342,180.754874960762,1001.51605636906,898.080586589371,395.514375188774,2644.92929824685,671.456001307482,2137.40509452859,1553.40372769167,1057.69385741689,3439.88736054864,874.301818525949,2814.50954850976,2743.13617142926,198.636224796744,1728.66614942581,697.174409330796,7.00393560790858,661.308372500552,406.127714013176,7.00393560790858,961.794431506726,0
living room__52.png,5162.93746050439,2098.83882001464,214.758775501878,1533.89645599666,1297.560907463,779.011733269097,1393.88645999351,417.775877831313,1720.59923666023,1239.58489574794,604.465271993295,2286.83423054608,487.189402956846,3396.06991720082,2474.4321826096,172.876227407084,993.15320953471,2524.36384141311,9.62909739356381,515.95745963322,0,0,676.178536328996,0
living room__53.png,4719.34581715068,2707.33224883383,209.704234664842,2260.76613202472,688.314786425034,624.10726190624,1761.28048297897,371.552432813086,1312.57528334446,513.64432157052,342.464163692098,2873.19245042137,432.397014853284,3535.53021929469,3586.52981408173,268.860798984705,1248.06663358349,1393.89095558136,43.7054324371168,382.563577286062,0,0,724.175938071718,0
living room__54.png,4809.58387527086,1578.93530177273,130.32237144776,1919.95042147244,1521.58462210882,518.57245237822,1932.94421392666,207.856099487716,985.400554576459,679.748499773128,569.682989238124,2662.17142272888,541.816452965026,3738.83871630832,3826.1538018307,96.1585545599093,713.570433792094,1429.3230335948,19.79798203197,535.060691095069,448.056363443179,0,1134.47114619712,0
living room__55.png,4588.41255660534,1196.50633812237,175.753392917845,1494.61357216666,1236.72356725375,560.149361279466,1790.311924236,475.685048305305,1196.45081938874,999.286578523761,530.647934376058,2872.63379869392,818.016425291794,3809.13934542559,2954.98413902439,258.678631907925,993.437245347478,1132.3700733369,31.120102148283,909.866615836695,1107.65841535873,19.5602091202391,847.993905332762,0
living room__56.png,4395.68720220449,2840.75261941767,109.67031486489,1826.2287686469,488.186328661993,478.652279193318,1703.5770933806,203.357564401649,1159.56703714119,1202.46186698716,708.322183280163,2941.2654333267,655.450408050747,4106.13919194111,3015.35315025407,193.855120848173,704.401532392001,804.045864398955,22.7395398819233,490.99561801505,630.840532544187,0,457.844961890369,860.605388276694
living room__57.png,4951.44674448009,778.227146674866,155.594590015059,1204.20900410034,1142.88920658994,669.593426768692,1543.53119169568,471.570113874607,1939.16424994041,1359.79996407853,1120.77768890933,2853.51115103853,675.824300301505,3834.66595673492,3243.34100562596,255.853626258568,991.101003092241,1138.79557661134,9.33516908529498,433.458607693621,0,0,1227.31027643048,0
living room__58.png,4293.77366861226,2228.25223106673,75.5821614790841,1211.96037089973,1231.87817555584,535.216939014179,2032.13330271508,615.052667513685,1950.77053165634,1379.80437182425,474.820382996229,2941.54633522738,915.037210928801,2919.59996672134,2601.48428865876,126.362691502602,1049.86433706009,1895.39974396425,40.9283835172769,429.936100538506,0,0,1050.59613854759,0
living room__59.png,5541.62243666598,2845.973234426,108.97140382876,1386.43336278052,1092.15455158799,221.540465777364,1058.71089630663,180.943652705881,1335.78185474552,1230.67580123036,360.372413243907,1753.04226621637,667.791256680421,4004.56976453663,3043.30447546601,83.4449963047154,724.887547357416,2954.19990507241,22.817623737644,268.237027323727,583.159628893561,8.5036262937308,522.861808818449,0
living room__6.png,4633.3821411732,1878.59597046496,138.426380384085,2111.39987770716,845.993808832557,544.476651335686,1223.13876516051,691.72491410022,1896.90085018913,1224.36366480718,593.289627798865,2647.3667273899,628.163685061877,4338.43613363635,2759.72657085781,169.560993034888,824.559098471398,1576.51807009614,9.99087305518835,277.204624904292,436.584749747244,0,550.195821791364,0
living room__60.png,4902.49545968519,1419.21925883803,208.399790163957,1747.78321071812,1292.30322136166,720.805965252773,1579.59124341822,262.48727860829,1527.9058522433,840.814927155619,700.502223133257,2665.92766817379,685.448299037058,3851.70693181209,2711.19322346202,213.938572989586,581.998453531448,2165.76750070416,29.9282869961994,284.091522602672,0,0,1607.69111011255,0
living room__61.png,3296.6895776894,1398.38002835017,107.388554346029,1490.96529772348,1499.05893263597,540.606044048416,2173.85372533583,362.729471619287,1238.64158841298,1794.12262503433,554.953331466676,3032.30397769921,943.718243606112,3313.53042679653,2176.38697534322,285.374619405311,1093.45157195471,2448.15050344293,15.2759112055265,505.327846102636,456.522356707216,0,1272.56839107402,0
living room__62.png,4203.04071495195,1814.36084191958,267.440520289379,1832.62586798726,1422.1504149192,470.239039446401,1617.65265726503,447.592999003168,1920.91470776379,1444.29902129058,330.712486404134,2922.23450322698,688.179451271393,3389.50997095815,2807.41855741888,204.748827032387,724.673182066554,1611.75267185457,9.45346020140322,322.501169668355,0,0,1548.49893506086,0
living room__63.png,4071.70196119622,1586.01441410347,134.208847312413,873.664987845378,1782.27140279973,561.237656414422,2429.35137512725,537.748143121968,2103.69081591916,1671.15427576593,638.108067795118,3727.2902756203,676.493850951218,2782.88806717272,1347.50433108405,226.650868081329,731.869696439783,1506.61006374839,50.9826810326718,668.573359337374,619.458009901265,0,1272.52684922983,0
living room__64.png,5870.12839596236,952.39807771696,94.6194135943581,1086.34223606304,1269.96891898016,797.905388026848,1126.19787098943,483.347070101369,1471.36643613578,942.719419216734,1049.71736808268,3544.50771650034,709.495830761271,3954.19834341521,2799.68884276215,255.985440130684,696.647748747655,1291.91220298052,9.13080687647822,325.867318319444,0,0,1267.85515463652,0
living room__65.png,3996.96953829155,2259.42685069518,125.370469497444,1440.78792897703,653.073522927611,480.455235326805,2318.66101028419,624.892819304526,1330.49915730157,1246.51080529693,1149.40691197501,3094.62664482903,812.15964784805,2578.48094072442,2566.46556423166,168.113136276797,930.797775938264,1791.72516529666,16.7979330254511,926.169816854172,610.85776351683,0,877.751361580825,0
living room__66.png,4320.62756464156,2164.57472523605,222.162753281082,964.951483442004,865.150407964795,625.10994211624,1980.33886015159,407.644259921667,1604.9297321565,1685.47069782637,960.150131529853,3116.03607830735,765.091264361361,3031.11913385353,2670.53957770573,275.461827609483,941.998826358808,1135.38996119615,8.0583019676324,364.345146385225,625.831955236949,0,1265.01736875006,0
living room__67.png,4585.02970325401,1430.87497657598,54.1150923991801,1550.65086796616,671.691426812689,423.708644392067,1132.30998820796,534.096913588708,1672.79481692793,1823.76902456959,684.223847395565,2225.71979035832,628.038389289637,4996.95617957076,3295.52710554845,252.763686044752,692.205675705803,2328.13455037404,27.4383406678957,469.617816488565,0,0,520.333163861929,0
living room__68.png,5363.9832028821,1713.62274642523,102.222904791337,1661.92170298649,1330.71735207656,518.817810361065,1328.92158288369,368.676161441049,1333.32302801357,1052.10967330451,799.073689620368,3135.89622339216,443.154146550022,3845.0707090868,2470.79364414036,149.909691393187,517.09561200786,2438.94638930151,0,344.093884775865,0,0,1081.64984456627,0
living room__69.png,4194.95766087195,2139.82700221355,224.262975803926,1380.46087511338,899.209998883018,386.32062163226,1697.52341056752,383.646430015034,1504.80296163924,1661.89130229832,815.344879002193,2648.55408746302,864.144068949705,3968.78953229417,2722.76967266808,163.233152108389,373.627565942569,2513.28968079348,37.7895300907391,169.995242433835,0,0,1249.55934921563,0
living room__7.png,3516.05392123199,1151.07754653744,161.314407452964,1843.3432486635,1373.21272994237,635.093075833585,1737.54873813632,869.596378141927,1728.00306741355,1481.43021594518,918.117409349025,2067.04534189255,1023.02516268385,3367.70853235884,3490.00128489903,375.985442237782,528.735176723603,1918.54282250831,22.6132711013643,827.417711546267,0,0,964.134515400522,0
living room__70.png,3898.47018079416,1844.81978483857,232.733805304104,1414.8340515517,1153.6236854187,952.926363211448,1500.37910069307,327.399907045368,1730.40643580337,2131.6247040848,1015.84671556643,3307.12353037598,735.032300875164,3281.36859617359,1864.60941687494,285.789201904235,810.355667915808,1912.20044843016,33.8704600968687,510.515090307184,0,0,1056.07055273436,0
living room__71.png,5136.53563714735,2055.65348220285,245.026768301932,1036.58968227636,1185.57236450942,605.43803941178,1616.08444227052,416.71472989955,1531.71135407656,1403.75105582852,867.467303203648,3220.53355547879,551.463736219189,3109.75725247053,3011.46952764601,188.534094854977,549.775139808935,1385.82075508493,50.3932468561375,318.330432750388,0,16.6481045469564,1496.72929515469,0
living room__72.png,4610.14893986597,1948.304004003,142.799911342465,1714.96852805106,1016.02950985327,535.153682308366,1590.9800562261,233.499834650978,1407.68865193377,1269.01117342135,739.371446818227,3246.04579649861,679.759514713042,4038.46651742461,3162.01608077345,118.275948033184,770.969483665977,1506.29587714333,16.8558396893,561.527840388016,0,0,691.831363195921,0
living room__73.png,4773.91904019945,1848.37655790935,120.209871733014,1203.82688819205,1353.54508811823,496.266632152721,1542.91522782672,398.006620260693,1485.60329042301,1422.25843247042,882.997566155358,2501.50304343476,763.351366213427,3828.39292244011,3811.51509258628,282.586787152467,622.526690142972,427.122685659526,11.1422579454664,273.780767053541,1157.77938401069,0,792.373787919743,0
living room__74.png,4539.58385456881,1886.6203788238,177.590774625897,1814.14680114976,1163.00967193967,574.865881695738,1731.730695401,378.478243461923,1756.63638557031,972.224619228742,525.931310819038,2099.52709222839,665.840308931433,4120.60231220373,4134.8216913954,230.477997656764,648.936788201355,1256.55817448427,45.995723063488,268.450482221592,0,0,1007.97081232889,0
living room__75.png,4212.12647893238,2404.46697837566,225.714467324713,1580.36038478257,1187.18209048899,823.244774683057,1810.76575715436,497.463243143967,1780.85657329511,1468.90234498221,478.580116672581,3403.98664050326,692.561677119095,2496.82803616684,1709.26863518548,166.870161430496,975.076713603571,2056.92890900837,68.4131955988917,603.275296981935,0,0,1357.12752456645,0
living room__76.png,4205.620623361,2342.26610985594,160.948472190818,1828.00638377596,962.368843218862,705.182445980607,1565.78196261898,466.830495998319,1791.51142384261,1136.16499011252,1139.40513874424,3198.54046029576,1026.30915627174,2846.37072419457,2744.83477546313,207.101321658215,778.424713201384,1398.98242222708,31.0155622015754,473.444473138793,0,0,990.889501647905,0
living room__77.png,5121.5231048055,2576.97853244658,103.841596270908,1374.22274625825,641.550747613481,470.913783536051,1380.51240509826,548.023214279646,1177.21269064169,1381.91850107183,375.547875132538,1900.95587914481,552.778575979905,4357.51509556692,2326.74013503459,182.135270826551,662.837330587154,1407.09934687696,6.90939595970022,337.035468319766,1354.48685604129,0,500.511736053922,1258.74971245371
living room__78.png,4010.64457334168,1403.93756868195,150.277107306138,1385.57900519074,757.561572006402,803.731841972731,2200.84498685664,504.448296866814,1802.49050524786,1201.50546715216,762.046483910914,3179.51376300577,841.108644110686,4311.88325289339,1669.58939370165,319.671447074165,641.039574482891,1866.28599835152,40.6458762739279,528.937554300912,528.111390414328,0,1090.14569685673,0
living room__79.png,3267.77520882521,1186.17207099991,61.4356045708187,2007.601245351,1060.85455495017,505.098548260883,1668.46489618864,566.469056105666,940.750141899647,1929.76901572181,742.974244668357,2791.66300963097,837.295496193246,3322.17088578619,3497.39435363382,261.395839858369,777.983322187723,2203.65834200386,27.6982978617211,669.871683654772,0,0,1673.50418164722,0
living room__8.png,5059.92563322421,2677.38423529342,204.259798976128,1836.43195910828,456.095721169973,702.714889212199,1066.80946950255,473.448674162886,1759.7186817332,1164.96376766802,799.0969294962,2638.14327519721,631.224499181813,4012.98316454468,3039.40342574774,201.573125328518,528.239884624762,635.933668523968,39.0715459866119,283.030187855302,1019.82626060956,0,769.721202852775,0
living room__80.png,4159.2485789039,1983.39356766093,123.580723745419,1850.51724849408,984.496287872167,978.791395582921,1716.59873935936,684.796488334278,2348.16833135558,1162.95077010085,968.749593339506,3341.31120804504,796.037083511741,3480.96604513254,1995.77798787998,314.647579630069,668.874496777931,715.639539377691,0,335.771368967637,496.730814013373,0,892.952151915017,0
living room__81.png,3477.55601862316,2389.92500004373,152.276776009493,1821.66177099826,1313.15970551742,433.819473000427,1886.43428852527,427.938318245494,1812.13219129486,1677.69214812389,532.960684675022,2483.58249021949,879.983535796176,3042.93648025539,3219.98863268646,248.162770315721,761.456929670519,686.595241435342,8.50946761751704,586.164003636207,1211.60519535392,0,945.458877956216,0
living room__82.png,4046.03815941333,2100.54304470468,206.053801854482,1106.76304393527,897.924299315054,645.562607617267,2108.16951776975,664.259741619686,1374.8793047071,1573.82743946775,574.815883063637,3111.0806305154,932.952072419872,3240.51572441419,2711.58795655211,211.580919288683,844.361311714082,1950.83569875364,20.6688477053411,518.915713906492,0,0,1158.66428126217,0
living room__83.png,4593.09721655695,2247.74862812044,135.019766556071,1668.03170827175,827.725232940588,389.606753646353,1539.02871932966,503.607905437957,1077.91156340272,1140.4097611224,473.80231973855,2827.45003335803,692.406454385153,3564.76753792271,2193.1660505087,308.268445345183,922.631862231594,2801.52999283531,58.7576949889034,483.700728568248,575.315839692809,0,976.015785039919,0
living room__84.png,5097.45741294945,2176.26266394417,111.118890667033,1018.37182572678,1400.34680704694,400.959911724624,1289.06587559549,585.110681055267,1805.44321429747,1398.87005995564,293.846365628682,2784.75420788647,875.79097817207,3507.41675507212,2875.8749486887,293.782254117419,892.831940512231,2021.84882673571,26.6615934831502,557.968614937155,0,0,586.216171803432,0
living room__85.png,4125.53003766891,1697.16778862528,157.691061036692,1969.24174712408,1944.72095966855,760.098825832772,1503.37644107666,412.434411820168,1300.06323612044,1428.54487225617,462.61570675522,2829.46990178827,688.424409934365,3049.87327596551,3347.85038577701,284.88249193982,884.703123764442,1604.82658944482,0,463.939036498215,0,0,1084.54569690261,0
living room__86.png,4755.85038302455,2113.04868280219,56.6312540987058,2260.8548280414,697.518408041234,460.843089384932,996.809765322114,223.789713694296,858.557300784126,1153.66490046633,365.44939342001,1847.20916797201,605.582115540912,4703.70719400072,2578.60371772566,207.224411790023,721.610467465587,3610.42409463061,20.0135958146645,474.487775106468,587.731375403953,0,700.388365469484,0
living room__87.png,5289.6886873245,1643.42402844867,118.171074805799,1538.96956479177,1193.42493033027,544.689255918466,1415.48029950915,475.302438299684,1495.08958922615,820.435394199162,611.28585954333,1941.86561502162,701.558581631702,2824.70536567933,3288.68635739731,233.867472543717,848.326258661508,1674.29697692171,0,386.291822474081,937.201130708946,0,2017.23929656313,0
living room__88.png,4387.48081752265,2076.37455493203,187.250483248619,1576.66602207013,767.824089536932,464.409665962819,1622.95129886052,594.258531162067,1523.06749749692,1384.54176360753,1020.46085780702,3022.50130966702,820.64912331145,3129.30442370998,3063.46952591306,196.070020947702,777.489406297997,1739.30151771156,11.6409536800204,832.301832985859,0,0,801.986303568122,0
living room__89.png,4482.83819442973,1465.7167038015,138.113665618636,941.164775923769,1632.5195795924,448.901507664128,2264.45835836859,466.67022498139,1734.91767225107,1595.91940737428,1052.21138249476,2315.56807031771,553.977364612466,3028.05045938712,2871.07541386509,161.641899291161,771.873111188064,2491.42367028336,0,260.57603988393,0,0,1322.38249867084,0
living room__9.png,3815.1734078364,2558.3696811347,132.552387762084,2391.16212283694,803.570517508104,463.173532371529,1574.06381781982,304.734440341351,1085.9271632543,1182.65706760746,732.980604038761,2858.07208670246,799.248354476492,3275.70015529689,2442.27454049943,208.701149829573,690.912006601297,1615.01278709421,22.6986161712115,840.876344722216,1402.98750231598,6.29546342210608,792.856250356688,0
living room__90.png,4432.53290647695,1116.47065921459,229.647642629037,1013.46448586651,1526.93454111155,711.701017307938,2188.27158458662,330.305297219987,2033.84201272252,1318.69474382218,874.247817769793,3039.27088362264,803.889491718846,2914.24379480173,2535.05925481589,233.967686602568,1084.99978019333,1450.47918890198,9.17910092633064,807.00423968644,0,0,1345.79387000259,0
living room__91.png,4507.22674573033,1942.99021349148,189.29323017615,1582.84593948057,1706.33179293454,653.797073996124,1717.88306919638,452.772174380582,1830.31870644442,1112.37092744143,695.491745042995,2068.22525707645,854.51678947499,2577.88897072539,3476.91421428392,225.156528676297,776.346540342622,1090.86833695336,0,496.030007704275,690.583181069585,0,1352.14855537812,0
living room__92.png,4826.43481067289,1299.98759094282,202.78908652155,1491.78450746482,1447.61937786255,555.951870585403,1751.97424063103,846.337415008359,2262.47108931536,801.002358187418,773.156014037584,2713.34910444619,882.137944919367,3228.5708728477,2552.26834442389,246.666138124468,640.203817524877,1713.1705047076,0,622.621149816939,0,0,1141.50376195918,0
living room__93.png,3890.4675420461,1540.63718197504,238.187334474198,1726.27339058603,981.061294583879,800.012733330401,1968.93456197353,543.9348659168,1565.27725716131,814.062395734533,679.209392466663,3059.41568021793,1236.76636394157,3953.16877552491,2090.57251517459,363.495745718228,519.5063931148,889.877635181031,0,496.79165696354,462.560500476781,0,1285.69043945437,894.096343983763
living room__94.png,4245.52163655008,1796.74674068809,50.3239234904204,1751.40779377971,767.554671921604,492.959441978177,2019.0619315902,311.766915017022,1011.86916164895,1170.68334073418,995.036528160306,3023.21621142442,536.859810954607,3315.72536016196,2842.40189231969,236.220213626755,988.101671674719,1537.41140754029,40.2452727644602,498.137821976316,1041.81796159805,0,1326.93029039998,0
living room__95.png,4451.0942366529,1557.94154101784,142.140338573845,1179.14396567179,1133.08457435983,632.609162326227,1988.17811657637,315.000222485924,1775.08149423279,1407.91954345811,732.479493307972,2227.18236402474,724.173299853947,4338.17597682909,2586.25919365443,214.8091155827,528.19408118831,2125.85950971647,34.6817222041714,653.438975969646,510.867937471497,0,741.685134841391,0
living room__96.png,4214.41823543082,2357.96082496323,37.48580961633,2187.86247978906,1812.87014460274,260.316946910723,2237.28559685293,159.446741470042,1025.62342746668,965.797570485433,208.160914919813,2271.72337213576,299.075539633815,3177.29269105271,3971.45945212481,95.5605778079376,735.568510685646,1544.1967667788,0,288.562107884984,889.194224966893,0,1260.13806442084,0
living room__97.png,3698.8027797881,1729.67337895248,163.076666399585,1734.5933128647,1632.88951357851,444.767205033035,1840.23315116503,549.444180386073,1404.91216844757,1831.31604252054,573.852214831563,2873.50086064215,723.779723399673,2971.47272539302,2501.19380210549,171.274990261953,897.579513278392,1165.64404953984,0,670.716003118494,1446.90524783233,0,974.372470461464,0
living room__98.png,4805.38102094453,1841.00916959645,324.536344819352,844.404297694144,737.758215128343,835.832297103719,1796.76337278992,355.028557275861,2177.03763725749,1667.50031183602,633.547034785075,2618.59552560739,671.51285584892,3880.17340431333,3095.45836257335,214.438140886466,810.948342645227,948.539832638705,0,492.236922925084,0,0,1249.29835333063,0
living room__99.png,5722.12739590271,1334.50469087264,109.516670619189,925.289945349078,1629.25009339006,482.57031119637,1482.97744192158,515.152950613176,1224.78914518926,1157.22315563607,540.543016290933,2766.17913545318,611.232261239551,3029.03636975607,2199.09661505435,78.2693000291267,474.999347546238,1807.23975882866,22.8804999218894,578.830452827406,1410.608363659,0,1897.68307870347,0
office__0.png,4238.27104173706,1786.46032098194,173.4251685466,998.759877906641,1089.26428425233,557.31055733509,1758.03020800285,388.518306776313,2562.0270670465,1659.51245948574,1011.57688594634,3676.49068871925,919.551868476395,3443.09347001974,2083.91307426633,387.66863808435,1030.56664285664,506.40343661822,38.2059063069601,328.422481301717,440.430007468016,0,922.097607864979,0
office__1.png,4430.55674992671,1850.48117809561,160.505736243495,1257.54522243377,1068.03370120804,533.138223132936,1453.12614552725,262.540502382754,2497.60009196853,1548.53210113864,873.165354847683,3417.66349820286,1087.390739999,3820.83979554819,2268.86627527898,185.462371389595,871.161715137968,1122.2261751732,25.9996537559675,659.728575234582,0,11.3870158290629,594.049177545167,0
office__10.png,4047.17697603822,1521.97013053146,198.584261137879,1175.94751083059,788.621076323097,636.069159807543,1817.58971008974,552.53008732677,2113.64250895215,1808.49256195151,1124.28969163875,3320.21748287005,827.283252666815,2857.91619239285,2117.93241600539,314.683003954568,1181.16137360633,1613.55417122699,8.82698446855126,368.169822791301,0,0,1605.34162538943,0
office__100.png,3379.50558300541,2826.74286517632,215.031273311539,1648.47338477332,899.617403396308,533.887662922586,2048.53577725039,477.129138646396,1606.0159717355,1602.84887722843,576.103090411859,3841.23475970526,1006.79373002648,2764.08672873384,3535.79945402588,291.554830430965,785.466117710753,268.030878299228,22.2878172850147,752.249181439217,0,0,918.605474485308,0
office__101.png,4603.25185799025,2310.37267788278,261.234016342049,1291.97036699256,1324.19733084877,751.511120331186,1703.66074327354,397.981469879619,2337.29691556213,1388.1265466053,976.155621245721,3198.39972121842,685.765502562557,2919.96474598327,2693.73332957321,291.385808119041,761.193275950266,757.824896973001,35.8391744567575,400.478798933419,0,0,909.65607927615,0
office__102.png,5571.07553957435,2836.01467090172,192.175886584149,1038.05487249593,1202.4583855806,521.452586987751,1398.01258068751,252.288043499633,1554.35816041947,1061.79376715405,587.950110893462,1974.04919959058,750.61247337825,3121.12804249821,3963.76412554869,156.472189587327,483.963982150914,1794.20004086936,23.9785771225923,881.634326572899,0,0,634.56243790256,0
office__103.png,4258.46926668746,2064.11215879881,167.520253012921,1306.09091373844,797.911249260555,745.377803321845,1657.10407736948,511.9872810007,2059.22802315326,1651.94966092476,1261.12160681702,3378.60236127125,893.33979857112,2578.03777638932,2311.68644518701,198.900437183352,1201.06158421936,1337.58511405371,34.1458455253878,314.518487538458,0,0,1271.24985597578,0
office__104.png,4711.28011273434,1735.77116521383,179.48162738431,729.928257396709,1025.58186091019,551.110363311733,1923.0242627377,393.251514013397,1353.96327549345,1728.31908674398,885.919158919865,4181.51510500735,730.968996270424,3082.39006858246,2603.10916711412,167.69207621876,1050.51490809692,230.639141049745,8.78720789808513,635.64400343917,900.181320639285,0,1190.92732082417,0
office__105.png,4627.16069478245,1792.4971613764,147.648775956513,923.81415679078,889.302684861428,722.181049735697,1793.10960873581,471.798226650604,1802.16064698725,1300.49702614222,691.302772474492,3256.21855227122,1057.55812217174,3501.33426381554,2865.36068857723,257.255678157361,625.886443719642,1206.43028647209,40.6047132196337,881.535501759655,0,0,1146.34294534224,0
office__106.png,4338.6766958298,1664.98026629173,137.428443109395,1053.98879098109,1443.72290506649,852.302589736641,1833.8057896402,341.021494020189,2073.86080031042,1616.87896577164,998.648653053306,3287.33084274277,911.058767799707,3005.70119046552,3047.21212583998,245.590989977559,881.486316013687,601.865198260781,0,325.724098109539,0,0,1338.71507697953,0
office__107.png,3688.983602306,1438.69234742411,167.757184273483,1442.6441864033,1249.58885394812,669.127864242958,2255.22631712786,960.465518825175,1995.52339402055,1430.60527397539,1043.80086704488,2698.28103086287,908.692083177063,2995.16169688726,3068.95203348411,240.556817775849,698.044711419563,1400.35849311602,33.2917192345418,519.320264026344,0,0,1094.92574042455,0
office__108.png,6167.75513422446,2340.52617238613,290.023982490223,767.656165648202,730.197439477813,661.389034923204,861.517194098754,641.638659362616,2842.7063962077,1214.06773844155,712.150348504215,3425.87447958856,784.866876419779,3225.10324306223,2780.00610679031,185.974156395524,477.055452329056,0,18.1627347717312,337.376714709376,0,0,1535.95197016856,0
office__109.png,4722.45313871897,3298.59406861033,151.683174927234,1421.08460384769,894.273698747042,703.643860401246,1690.20962300012,571.066160790151,2208.28616162052,1235.39947236566,714.246036137856,4116.15168418898,778.632304385182,2566.97442638499,2093.10930173438,117.062003949813,706.211046615194,269.804361865067,35.1588537325709,239.456714727926,457.321455262577,0,1009.17784798651,0
office__11.png,4210.87077664915,1945.06647185901,284.537392337195,1520.09128527164,1188.45916798841,817.617231122631,1648.19668598656,874.351111439669,1881.30898556371,1410.89113023885,1126.75810175233,3903.29025623464,897.28430832205,2110.58007878672,1471.7303002289,301.108920449665,1023.23616869411,1137.42779665775,11.5568930820911,323.761747824029,504.088037855173,0,1407.78715165571,0
office__110.png,5187.58490206846,2464.88245611275,293.75020667005,1342.47497795409,991.641714527757,815.724870499059,1113.79684586614,504.60401325035,2223.84415509814,1524.35414504197,800.033622339056,2742.50922552353,525.668629268667,2560.68291603255,3261.89332631486,293.954518065771,1002.89516064583,662.278215894353,12.1659817349003,517.350172618487,0,0,1157.90994447321,0
office__111.png,5523.58816127171,2288.72993514169,305.888805025641,872.727575617137,775.519321741945,832.691831238054,1462.35719107936,445.816254446215,2128.73334441312,1115.82825663091,840.440346432242,3364.14070595159,769.635236181489,3548.71357727542,3368.5453133716,220.898371336235,598.972233358398,0,34.9652078831544,347.058954819707,0,0,1154.74937678439,0
office__112.png,4208.2556404372,2514.41472636606,242.668239236725,1536.45876531152,1039.36181192749,978.21722796076,1728.174901689,331.426856755676,2095.90049226711,1279.9069408383,779.98732028289,3431.11890556221,965.642401990088,3203.19507667681,2738.41559071434,270.868808233595,708.909077140365,513.679544258861,10.6925415003002,177.153793461321,0,0,1245.55133738938,0
office__113.png,5351.11621428656,1772.02605806398,325.149528106393,938.480465529563,1474.35558335603,1082.84573816403,1194.59595310697,399.757274007949,2039.64247265605,1594.85377968174,584.138875849094,3273.75916897376,682.390946942095,2655.05821761369,2253.76742097859,227.52874606895,1155.69776250575,1024.83567112117,11.0338943841247,333.217368130855,0,0,1625.74886047265,0
office__114.png,4826.94305148575,2494.81064937677,373.10808167977,1151.12852269034,1222.18447493368,811.236466120065,1783.97083339432,220.44849420432,1984.79120075268,1396.56258381089,835.008157723859,3273.4776150558,561.096646006533,2847.88105182052,2397.71310561614,246.29012482586,679.336685339535,1159.67353077554,34.008237786307,433.948743494357,0,0,1266.38174310696,0
office__115.png,4121.90772147611,1667.0706214536,302.96008819036,1082.02550034484,1428.02934239298,650.427853443872,2486.04111708372,290.508477435258,1745.32781797602,1355.9018233355,979.565656073096,3335.57836205323,750.251706370377,3212.5508482645,1944.63102626881,181.001444742261,876.081670487693,1539.67466163551,22.870686647188,673.523914865303,481.400190432207,0,872.669469027564,0
office__116.png,4901.37439320606,2365.38365680959,233.768038093359,1487.71110936538,1104.0497265142,732.504983124585,1385.82137540725,431.812911461578,1702.46431362475,1365.39559433241,655.94129597249,2908.67554062726,676.046389411162,3864.34044132234,3388.06941320205,183.651138277738,458.830415451137,1034.51771132799,0,333.308699200636,0,0,786.332853268021,0
office__117.png,4978.23563552398,3537.53940916814,137.148424052186,1332.42220270812,734.057805757899,720.878519286865,1509.55656720248,528.860398491462,1456.70741033884,1345.33578315579,751.166239474511,3548.45447831138,565.059274988386,2308.17721533964,2772.63663867871,222.082974627779,599.426517763307,1364.17452933201,47.307561793457,658.942394421571,0,0,881.830019583469,0
office__118.png,4262.89366761059,1886.67281300004,211.194337038161,1691.01798830408,1507.25300050332,721.29128661933,1713.39663274771,430.272880585129,1277.1763562808,1374.91603865432,693.179261377825,2164.68222008693,777.295334871185,2926.21054305429,3179.67475396376,167.549591258838,661.23684269509,2445.98104601102,12.9307465532747,770.877330867411,0,0,1124.29732791688,0
office__119.png,5305.54523979235,2411.6201649974,214.077290761953,862.899857848044,1573.40932032724,803.630917824379,1224.85624980311,665.873730699217,2556.87776623251,1499.18669697487,614.397228895662,2831.52416696678,905.447326935308,2264.71073443328,2180.34751942241,189.285836278145,732.855932383235,852.098630083652,12.7787923681713,480.952112637015,561.443708708314,0,1256.18077562694,0
office__12.png,4432.66530933598,2283.17628748023,175.165157989731,996.964877117605,1674.99938527355,691.489321623971,2208.46005682717,313.60272447351,1623.8026651259,1268.3369529567,691.499752036337,3273.01943061442,802.13032529631,2466.62203324736,3005.47296811204,291.442478466237,665.657692922594,1231.05045653393,0,885.66218178846,0,0,1018.77994277797,0
office__120.png,5153.14015074321,922.279973365918,193.627929841558,1311.49635140307,1583.15177324657,434.660589043494,1516.7777646408,439.501946820107,1628.61445011518,1140.55068595447,594.911434915151,3380.22040700858,672.985211276835,4006.62625109344,2493.3110727998,171.976349376434,683.406517006192,1344.96342854715,33.0734866051763,651.773845573547,524.602122644237,0,1118.34825797908,0
office__121.png,5279.61581931875,2172.18128175205,222.511094304395,829.901768991931,1286.2436659206,414.614547784797,1528.2632487119,259.046835012423,1542.31219050642,1307.39733306178,786.453476862964,2473.77837071528,859.068165610923,3833.26687384185,3628.13318277001,195.753664304716,629.134480934835,1718.6506139191,0,293.387274495513,0,0,740.286111179767,0
office__122.png,4678.50801907232,2184.1015598945,233.98625034103,849.684152044811,831.66319521765,762.957441340392,1522.51984702829,364.98858943036,2540.26279850801,1514.36065316577,732.666035817427,2410.68537520106,988.834329624359,3935.8656869662,2471.28247769904,430.884162981004,815.268150218022,1580.82565691047,15.2088360834457,459.468842818748,0,0,675.977939637092,0
office__123.png,4874.63227727813,2070.39481118655,180.868006467215,1000.54716609089,1036.50535735832,694.294309012368,1568.14648727058,323.112665529051,1445.09880791901,1303.93212150753,668.613457689843,2772.10294087156,992.736150360713,3623.65308924369,1902.14041729677,248.684649309529,561.668066755077,3005.49551843308,11.3211481826282,610.27018353967,0,0,1105.7823686978,0
office__124.png,5022.51107329201,2057.52835189024,150.970855857005,1541.57603033089,734.383579798782,564.347171316883,1816.7665305325,280.582861858745,1388.79188591451,849.448632857803,428.494622027889,2214.06008938761,571.869177982561,4875.33191997717,3436.98023173072,197.828555004232,480.518277869294,1752.47555708642,0,310.475682942695,492.374208706856,0,832.684703635181,0
office__125.png,5134.63776981571,1775.33468647026,233.171297184911,1447.29967874581,1415.4577541204,1114.4099106104,1333.1974965325,544.072663361954,1857.91376560666,1227.05628250583,670.997161057424,3181.96344244253,561.875175021702,2658.51908616249,3118.05146952525,229.700124978783,753.102807639244,494.490114630248,50.4636667256853,628.058346825952,0,15.7698056739766,1554.45749436228,0
office__126.png,5820.9213620316,1924.35072084527,335.477150225678,745.957151733614,1105.15479563639,854.405482485347,1365.87256126521,545.356325744461,2684.37018276343,1001.43346167213,917.936695984962,3883.19366739004,798.592818493242,3170.7352195924,1632.69648327907,235.168527044481,866.02867915502,609.85703385644,32.0541177597218,330.618521360917,0,0,1139.81904168058,0
office__127.png,4551.72916902977,1900.46968351128,184.722951842478,1235.80609611814,1595.82499609429,648.689294365087,1641.11780906114,832.594542613949,1959.25437788683,1469.06456931017,812.448845952195,4072.53504505209,843.784834705718,1834.31992766519,2682.26807342601,252.349950722985,687.966064304729,452.530257427501,6.14757105206787,595.401480056062,0,0,1740.97445980229,0
office__128.png,5094.51886479153,3220.71801957921,151.589191439512,1470.82785899192,1034.17307906437,1069.63980912643,1465.6972023215,272.677759156382,1702.81644310641,1033.26954436431,979.46484466308,2761.59947040126,796.146585589131,2866.62684273104,2276.27751004291,139.539943941599,749.442715269889,2038.07757588348,0,277.319891219937,0,0,599.576848316087,0
office__129.png,4258.46499678418,3016.04193666255,168.44707852097,1470.54393794525,1374.80307480472,606.194281099856,1446.00066106576,365.039827230217,982.755429292975,1651.50998090911,650.021460599389,3838.41964702683,868.005201555883,2727.04964041407,2978.13848202122,305.475221739808,813.80126038455,1426.04508203815,0,477.661218276355,0,0,575.581581628148,0
office__13.png,3898.92900729127,1468.81091453073,332.898923575363,1672.25065480194,1209.8056600558,915.913107638354,2039.01499813712,343.149183869606,1865.62652559993,1448.36003877362,708.455689410742,3305.85256849409,734.768846166966,2656.22372106802,1949.57803040454,187.479466073839,1200.52378182691,992.201748158581,19.1969887552486,1120.87853453484,637.929096129152,0,1292.15251470335,0
office__130.png,4760.48280796357,1764.66710911087,221.01978957694,1456.0412247622,949.875695843926,698.956324706601,1636.83684846882,483.834803905567,1039.93223545593,1008.36689786839,781.907340531485,3450.0084457402,870.493133836412,3497.30913139751,3540.81114113383,247.425224176737,1324.36798402254,1049.2720633865,20.3538629238686,370.682282946228,0,0,827.355652241872,0
office__131.png,5194.16170951494,1794.47199162389,192.547081697642,1054.0263028757,680.289611101538,568.060828470103,1765.33583376586,357.87031910464,1657.13832715257,1091.7590855074,928.576640939067,2572.13422848449,676.156372614541,3797.05677882807,3683.29007066949,218.56069572155,441.941153941243,1326.8294635257,0,333.986910604167,0,0,1665.80659385738,0
office__132.png,4731.66113736183,2418.95216702025,221.877354498504,1455.89516780992,1121.19393132998,556.524343665433,1753.38751667715,1320.67378574608,1437.33700795251,1118.62396243696,878.423970165071,3474.84241077382,663.564165331619,2023.19722984202,3459.60247187206,257.576648862065,1003.56293353165,251.398854266155,19.291401520464,418.655564165606,598.417556971521,0,815.340418199347,0
office__133.png,3581.50069006605,2393.8362010035,181.048547893365,1611.96838020069,848.533928521131,452.101851870009,1959.18448457458,272.054058507106,1569.06310807015,1692.99579989043,689.453938492721,3291.78090191486,839.284787386887,3321.81326690368,4071.07309246473,295.053922468691,1123.94917066016,0,20.0119354126777,258.722974143969,434.932497786879,0,1091.63646176773,0
office__134.png,4326.04039950816,1428.11603745432,151.713639473837,1490.6633008329,760.378657610799,721.937782896983,1780.36767241412,650.494973525698,1731.59546251247,1560.91764486207,908.29116147849,2898.91602651143,645.90552006784,3437.79585556202,2606.70382929348,196.105462314907,913.122815223489,1311.63168922405,0,353.073563706616,577.501570087751,0,1548.72693543857,0
office__135.png,4962.86024014014,1706.99955343618,185.966352236182,1141.95551039209,1429.98939120825,931.542388282245,1104.09835720408,485.22465446127,2567.32373049219,1674.32699589757,940.125311733634,3343.83969551089,847.247060801061,1965.06179630337,1987.40723256779,269.511835565071,557.024554460377,585.572310058819,0,857.967583078642,398.34829085189,0,2057.60715531827,0
office__136.png,4084.90730599481,1666.37046714067,166.655445354391,1604.06395025305,1635.24530520048,592.654712626391,1731.7058026875,473.84712624133,1689.59550151187,1525.40147108918,1037.80888410855,3180.25282544702,851.245511603446,3022.97204579145,3233.03341136426,202.675958372016,869.873709396222,1137.80810369607,0,379.290402552843,0,0,914.592059568453,0
office__137.png,5562.08457168956,2397.58614903614,130.447296772868,843.826911820051,692.73220955087,576.10946304282,1422.14831378443,277.737424174392,1152.14427977602,1254.29223532143,474.119379429162,2418.18063533087,677.557559861727,4113.66342517443,3258.65936251831,215.157262482821,533.19884406549,1991.1439652286,24.9331450399769,474.580317794982,473.314997330514,0,1036.38225077454,0
office__138.png,4267.99079339016,1550.62080806431,280.250921259203,1383.26272938129,923.425632322755,551.48783595755,2302.55880358378,435.255862129228,1694.36272011453,1011.80168398203,373.618753396426,1980.38488876859,782.986283211097,4028.19215384728,2473.36914454963,208.685304530407,729.818315996592,2562.23005755055,42.714401921233,677.681153473936,457.914431799955,0,1281.38732076947,0
office__139.png,3538.76654154427,894.421442779451,137.992661098953,1964.33562161283,2030.63290039446,685.747615060775,1700.37208357812,534.449491956156,1563.94921725486,1582.25748809412,583.677309078989,2865.37598149271,918.128798157801,2433.26012811151,2498.68389282133,283.937524870537,948.325368743502,2248.25063227136,12.2019421423066,843.581601359362,0,0,1731.65175757657,0
office__14.png,4413.65005887876,945.553004375609,118.993257242678,1738.584781325,444.161455668392,612.926870883207,1988.83394576427,1039.75331137483,1254.30433088358,841.678512265475,859.958469277498,2294.99673526708,883.301251461245,3386.8692526066,3138.07537035949,120.621860677619,423.511094550601,1894.58138779887,13.3295896276258,569.044929827676,686.122047565093,0,2331.14848231879,0
office__140.png,4291.99911287733,1470.4023052341,278.379585510441,998.331328634346,1409.97718647849,543.598555822673,1925.23922230287,412.238224023654,1940.07372676449,1370.98842230777,651.67427380206,3745.13622895984,1180.67224083507,3924.46969935912,2190.78386817211,232.769673042608,960.679832921025,880.746115438551,0,468.211601554335,421.281919331894,0,702.346876627218,0
office__141.png,4388.20412429978,2435.85476610052,266.628035237584,1023.54057952054,966.298991884318,802.386009028189,1829.10918023029,362.587166122321,1602.40811535168,1402.01801469338,893.407366191867,3232.36096382931,985.259251692445,3312.88506266939,3298.36372545385,365.126099181834,904.933839432937,797.853151099391,6.74275038173306,322.771668771372,0,0,801.261138827278,0
office__142.png,2993.29431076873,2971.52692743135,65.7418971445534,1648.37289042291,1078.29519860825,314.591115603332,2706.21771786025,364.741939736463,1157.8911196856,1656.13184984007,570.113876853573,3587.6766075456,822.243473787132,2907.48908249792,2427.39352285338,173.739757320911,788.440911592437,2446.70573716753,0,606.128154594482,0,0,713.263908685526,0
office__143.png,4769.39622161797,2629.19829157499,196.595344456711,1748.08401674773,1906.02532873785,422.433230349881,1890.23510585612,298.01496868333,1665.90935343822,947.971990141553,348.650994252981,3291.64413722142,501.395491632553,2226.72385140477,3322.75948557596,142.917174004072,1163.66823568237,645.781609948939,0,540.456099531862,454.876839008876,0,887.262230131845,0
office__144.png,4649.44684104988,1930.87832259411,250.912058465101,1074.96007069545,1360.24766758236,513.780566114905,1489.65008478338,435.665442789744,2191.61567799402,1223.4411905983,758.719384334026,2904.04074327933,1239.90053163608,3774.69718919352,3478.40641250008,295.706489212078,767.441362535506,661.244541646568,26.8947920248386,282.577284507757,0,0,689.77334646298,0
office__145.png,4041.66478369303,2050.92391299684,123.974805762998,1561.29479859774,1418.77032593158,514.416966105246,2052.10079021892,311.938586090789,1274.42495036854,1239.668504126,567.972810681319,2121.22873934474,797.513987580589,4120.60055454115,4429.92542952439,264.840878573512,583.37329309944,1114.61290452467,42.9162572102151,373.697827603131,421.416204369418,0,572.722689055749,0
office__146.png,3930.06417950721,2174.47540516183,236.884740528396,992.479358008424,940.843953376289,566.313228104969,2463.663382439,366.035185371626,1367.25191466305,1447.03692966148,483.858005964304,3168.36468065377,948.474638453892,3820.59493230063,2308.84938810372,199.378408282312,761.382269301127,2352.33604794609,12.7287520021352,226.447008708287,0,6.17435164554067,1226.36323981591,0
office__147.png,4237.57626485302,2825.33646251174,175.003617369596,915.415097972739,1489.99211214579,519.330181392872,2278.82476092497,371.309970702594,1281.54785490117,1463.93040699323,446.862754831754,2609.50246957887,872.764802743582,2686.32035088819,2982.91420561079,231.488666512469,353.625438481525,1325.69388069564,0,315.928319159753,1106.00779045105,0,1510.62459127867,0
office__148.png,4004.20629762314,1660.64701405612,121.825757512446,1519.24891956769,1722.98630723951,621.619204793373,1809.54185388933,490.538640680004,1834.72902008391,1584.16617196545,1045.21658989581,3795.10854308765,825.248918260431,3016.85167683857,2397.78605408694,251.229555029252,928.539613974101,1228.93142043567,6.35828366471508,339.329794347217,0,0,795.890362968676,0
office__149.png,4208.99362175484,1231.75848715771,143.980832140235,1597.31707924394,1045.67013064456,455.447485319801,2195.55354065308,866.726726281986,1627.70223635391,1162.69319789004,758.770422481835,3950.43820350747,552.970798003725,3328.41575160336,1884.63211769905,259.132557231386,977.599373546716,1473.81182396709,23.3392052229887,436.61314398323,463.987301012455,0,1354.4459643006,0
office__15.png,3511.26643190061,1024.35963398561,198.00730760904,1298.09822112944,947.331697675663,661.15066863123,2072.37991386371,925.260402034103,1648.47371384591,1637.98646664525,1171.31004723692,3980.58869332232,1092.85126455598,2909.09509066987,2837.67154956913,301.152087572223,785.524205216811,674.108067022365,67.7481302596507,796.599269485889,0,18.5174840731391,1440.51965369513,0
office__150.png,5217.01338467711,1939.28879875087,112.130813057728,1542.67297872387,1048.8383112616,788.47403659324,1113.85207490811,546.278494567521,1867.29558763648,1027.61440240143,548.610672810839,2807.84734143137,817.007605685773,4026.33443910452,2689.4545233424,271.271915155511,805.074157118222,1259.54334007094,10.5676384481942,239.703244462715,475.254357867839,0,845.871881923722,0
office__151.png,4450.73839263748,1976.36268308272,100.024059357095,2079.56192672538,2073.57622405279,516.987024526788,1965.59122584197,203.644516764567,1223.42294490195,858.821984588044,439.656160979308,2919.23716900202,483.473936364541,3169.10121825909,3341.28743911358,161.81253384258,532.139787361926,1899.04136309856,0,241.455468846751,0,0,1364.06394065284,0
office__152.png,4200.62569913117,1282.44149151115,161.435113939342,1943.14510424876,1318.16784841776,736.234678350535,1507.67074129613,847.797744926714,1279.31799540306,1155.07635651317,914.975769018431,4416.73140214979,847.467123076768,3469.22716509785,2177.18371718133,336.421735932516,847.98212808373,1229.09709297595,9.59323980148729,276.144403666628,0,0,1043.26344927772,0
office__153.png,5633.18845890948,3379.1096362879,309.202770641481,685.927822934068,748.637295710973,1024.58532164836,1196.80932744156,362.910791541058,2138.59204122162,1230.12227017866,524.378699665554,2897.37751734904,958.050035299353,2946.77273490667,3044.98389094758,286.36943798564,873.132121745724,585.258458191918,9.5326472512378,486.172513929624,0,0,678.886206212495,0
office__154.png,4320.55927486754,1545.18366023076,276.45240105979,1324.06541442612,1770.33690738084,820.461091155534,1850.11287040624,307.612325523821,1301.74593127035,1416.36565781996,519.926303882045,2837.9592811605,836.656411495977,2609.99071439923,3163.17732107676,179.972733184153,902.599538923119,456.332513329826,72.2676378000258,580.272855409335,1143.87146094725,0,1764.07769425084,0
office__155.png,3441.88816925212,2069.31507070743,154.12637767625,1552.71980057956,1529.54601889384,352.42373581582,2143.97508721448,571.942649425901,2093.4784216143,1805.35552742386,577.18450361019,3233.629541445,773.839211823716,2448.10489277622,1806.41288115218,271.863817570893,798.257755636786,1706.08932413885,10.3583861353744,483.936799113991,653.83971815759,0,1521.71230983564,0
office__156.png,4821.49165925766,2307.01571331633,163.959487815786,1272.89098549436,1174.95612978325,747.337599924522,1716.15132566665,477.049319786345,1744.45142270018,1364.89146178003,796.157839946668,2361.31763406757,548.207960336304,3378.52648327058,4029.58161987002,276.366607464995,874.990276918594,953.352235621919,0,173.099189993362,0,0,818.205046984875,0
office__157.png,3900.7052514527,1516.30006240015,123.954893486706,2476.86159393915,1113.3409650293,528.905726254523,1437.3725559685,291.730158949529,1695.01610076983,1316.78271525836,623.13457515462,2634.84145184862,575.090271878182,4133.54103429412,2803.8103333227,293.187611503107,500.469026334944,1595.00745141642,0,469.61018748977,618.464042901199,0,1351.87399034758,0
office__158.png,5166.78562394683,3442.74990383194,179.547244260133,1446.45170903399,918.443883455649,332.488492856815,2107.29526042142,382.87537751866,736.009117491415,730.759865189155,458.310331511721,3437.76929413147,394.05613523133,3428.52526203526,3740.20551699129,154.65140617727,489.319112751822,1573.98033426888,0,116.948155851761,0,0,762.827973043189,0
office__159.png,4140.48786476699,2114.40190330236,273.723666657899,1429.62642875576,1412.81990055541,828.253731702109,1845.17099998791,484.477187186921,1828.6518857218,1755.01820600845,456.859893543964,3586.49393311566,680.475043749107,3087.50316876573,2827.28740566007,149.22145673179,548.864854321456,655.589377142472,0,532.837838007013,0,0,1362.23525431715,0
office__16.png,3855.48185313747,2675.75543351153,195.68006954136,1423.64356544272,980.862918428796,529.89205933349,1693.18990501355,284.681263936618,1527.00476508786,1919.33375456589,1136.10254271162,2841.97255067378,832.535280167774,2239.20373334558,3194.80788684113,253.89837791593,852.100616763642,1357.12653493715,21.9172637566593,814.525852476742,353.516133585227,0,1016.76763882548,0
office__160.png,5567.81165262796,2856.18491016489,217.692921827935,890.815439407135,465.09703774661,478.609556595576,1541.37910752078,476.766072016794,2088.83938119211,1170.13736410283,646.434823298485,2979.55033363387,735.584145377483,2665.8212650208,2672.41557746074,69.4292575760151,474.433592796321,850.588660809364,24.8430333877879,355.555824632219,712.303568480397,0,2059.70647432388,0
office__161.png,4807.10962444554,1576.11225936075,111.246702502601,2242.51640231199,1492.55881627087,528.541234795446,1658.89481541021,289.175324164249,940.260665256122,634.789666116307,363.579797950803,1609.69069250352,431.902351082681,4441.39625881319,2171.46072568345,155.97686267506,826.217946850577,3445.15199622603,68.810277958216,345.107604783937,1193.64798303282,0,665.851991805625,0
office__162.png,4791.00822897056,2210.60041809154,216.727226176398,1560.5786394481,640.72765759004,565.086590373217,1918.99267745632,178.442211432398,1180.40973277541,1021.2785373878,588.352142171066,2397.30261659237,536.504517045896,4540.31019429128,3069.0398665475,143.476298441255,442.842611837436,2571.4339675351,28.161101250072,504.107657252537,0,0,894.617107333702,0
office__163.png,4793.80808992466,2981.72111732254,307.275054125656,835.969495801472,938.615643287427,986.665492479181,1829.44357454815,357.191508305116,1971.67190227525,1292.30613746915,750.420493259444,3812.16956995339,1014.4364238291,2510.53456599448,1956.86430927084,194.044586333855,1077.96133191745,965.35367189569,21.281055703344,474.462344070567,0,18.710636390264,909.092995842976,0
office__164.png,5216.95313808615,2069.11316375414,33.4678491456956,1205.96137411881,1010.19413056491,553.523058356217,1482.99247495596,359.052431530516,756.426005181033,968.992028269648,461.8886688771,3360.82050220803,821.054890129914,4114.17824922146,3593.44847542893,272.313997237409,814.007438189739,1702.3141096801,31.7320972021026,242.09905296677,0,0,929.466864895378,0
office__165.png,4065.99066931749,1812.30076303583,148.633906894894,2326.87063721612,1337.80168361159,579.738266797011,1430.49061366169,403.764902875528,1648.33936951798,1363.63636777192,1084.2938316555,3179.77377590938,593.358188157245,2734.47854931549,2703.85171962878,176.184457744708,834.936196988743,957.855535339939,43.4690661308282,453.356399251294,781.807425912012,0,1339.06767326603,0
office__166.png,3971.35718344101,1507.26554641168,309.170733639417,1859.24530432211,1406.0800265411,828.837122503076,1411.26730519003,452.608459343149,2437.13907320447,1508.43597480251,798.327596342903,2777.31706583932,894.514531162029,3038.45408625835,1635.27059885057,344.956237838884,727.004554282715,2012.26540596314,10.2234632434206,546.371160085158,0,0,1523.88857073494,0
office__167.png,4090.23066233892,2434.09834458366,155.309393369114,1374.51267707735,718.792876723389,606.149404854703,2044.59135260095,258.943549104425,1737.48653930923,1490.75961066033,732.726089549951,3278.34453570244,727.388366241164,3130.05281287383,2481.36163773531,227.470304902098,819.797697818908,1381.07724907155,45.0470261791907,677.105323745271,360.271239957641,0,1228.48330560057,0
office__168.png,3858.9967747665,2683.45345728571,141.173378491295,1683.52973962075,2166.63319119648,234.759548877108,1584.67211396397,520.219999510173,1521.48250292834,1660.69101547503,553.458238262428,2845.06553927993,938.608647049425,1909.0337520711,2710.97598987151,246.468441362651,519.2283769551,2546.54304055182,27.0332677616838,476.072478096524,0,0,1171.90050662249,0
office__169.png,5025.76698985844,1925.59547319724,129.437523439252,1122.71826319771,1599.04799335523,920.997098073262,1453.6397965084,630.299508700018,1809.64273224,1554.92626868922,851.861790412278,3978.12153734126,676.214630785261,2391.02746450572,2680.7536286899,149.21195916094,1178.48441635933,481.04748021632,10.814946627405,433.103531158109,0,6.70714517263317,990.579822312082,0
office__17.png,4489.32213928763,1759.50594651356,166.139688437844,1387.06863800996,1308.95904277218,876.393318712147,2050.50433734338,851.817992044658,1596.55802384352,1272.74417586807,760.952054758547,3448.60761660842,708.425405971297,2035.46054176099,2208.05538481227,91.9353035196706,1100.07511466078,1704.2459675858,0,1047.35922041527,0,0,1135.870087074,0
office__170.png,5013.79842042159,2069.5603605137,198.772866863119,952.920063788955,1018.70400587155,651.740205788411,1885.15668457968,514.432457911832,1794.29457232851,1195.52029083301,624.043102672368,4027.47720345726,696.907493444498,3319.8624646225,2373.43482237942,246.272617824191,731.07359250776,954.280329183288,9.42442910807131,353.887820963553,0,0,1368.43619493674,0
office__171.png,5322.35061447902,1830.9576700804,173.609110614281,1587.24501491097,876.981262439084,553.136059583826,1162.57982595491,595.733635637769,1270.56518982734,1178.85303793755,664.273526561978,4054.43928439488,533.915746408046,3579.74112315151,2850.05270801347,154.114404790436,550.590783773486,1098.1976475662,60.9413555190672,334.637492339339,0,0,1567.08450601643,0
office__172.png,3929.31609090814,2115.79827957369,272.819818001138,1739.41245228022,993.951724819292,672.619273388861,1552.88545776733,862.776085949234,2028.63292379489,1403.90761177893,818.078997355134,3637.59131630265,1019.78097300154,2438.06274054676,2493.09853273446,327.907402261793,670.758518600313,895.238135777999,26.7900120020399,840.665681593854,0,0,1259.90797156172,0
office__173.png,4492.48263593803,1498.0185864932,252.560883935303,1743.93145260791,1043.37036562775,776.545606033239,1250.43640914524,393.945113624592,1916.89131710782,1499.61772581306,652.76364245,2781.69065365058,767.01974377212,3967.09652961246,2919.04507860863,196.481843802787,813.496153576445,904.009457139802,50.0301889208598,703.627132279817,449.257003524625,0,927.682476335739,0
office__174.png,4424.00914025772,1454.58973284191,201.075068034585,1648.50230710391,1089.02071135549,335.918034463669,1645.52247137224,257.073470479361,1729.18335528349,1064.96370067507,549.689489197368,2454.97516447264,884.150363638444,4963.83511390052,2531.16458711788,306.932255044212,711.66483955736,2207.34783355036,25.9197619084088,184.14366352623,540.33595707738,0,789.982979141766,0
office__175.png,4476.66068139031,1910.27864452512,158.522042084893,1419.72380443275,1283.23842173889,574.097326296225,1696.68690969526,371.835859428698,1513.70695081182,1385.54463335812,869.072326136665,3778.2632354263,825.280724334147,2908.16362836513,1749.94196000145,176.418427824368,552.552399580875,2225.46848537931,19.6848189650518,714.401495385386,0,0,1390.45722483924,0
office__176.png,4372.32117876596,1123.21955130589,227.910674096575,1531.29672388353,1712.71062896969,618.118488463949,1571.46937050674,259.053939312298,2007.26862066111,1476.69714571853,430.94673859222,2654.42144750665,826.623701079865,4048.038917783,3123.26831600005,183.849948286703,453.271963932348,1369.01245327167,37.7419317586727,715.394068631619,0,0,1257.36419147293,0
office__177.png,3858.57030151526,860.80909161789,192.674316041383,937.830324167432,2022.14658773938,613.603148580594,2212.0935555941,568.898738787112,2509.13239728709,1703.61290837993,613.537634277499,3169.6946016626,996.752241751766,2327.34493132454,2058.62654305987,265.320234703172,1577.37271862342,1456.26899336847,25.8204338883484,670.850068830708,0,0,1359.04022879945,0
office__178.png,4172.24020011569,2245.15077208753,182.429400720092,1547.9181370149,1267.91668525788,730.752653298785,1928.81195263609,332.846819869788,2552.84285689428,1125.35409697569,623.2991292841,3074.92846725992,974.648500726526,3243.10404903289,2877.33481387481,234.812635829742,756.006830272099,581.711807952108,16.2144767013603,731.009907442248,0,0,800.665806753461,0
office__179.png,3350.94459975077,2950.51195625566,157.072533795959,1381.10265907465,565.801795340606,491.626169203868,1875.92026942186,436.271504278556,2297.41485587214,1858.13521041769,519.488947376217,2667.29990967925,1290.23185064311,3674.77606970528,2406.94506555992,233.641131071797,791.149136521599,1437.48291718202,10.0242796201244,335.176618766153,542.158548706833,0,726.823971755927,0
office__18.png,3799.99854579769,1271.11885897534,93.1752700514838,1814.28816732735,1565.22173693557,260.435870606049,2228.49621678428,183.753248449938,1075.65536612069,1110.82028444926,600.642917980474,1622.38078580253,792.234750026269,3464.5082716262,2753.82815158107,212.700685982301,1042.31556121943,3546.81613439569,41.4613496328423,431.489003819495,647.708421442481,0,1440.95040099355,0
office__180.png,4441.61957916559,1853.86514559208,245.121810075082,1096.5753909104,1050.39824112874,736.311911248905,2106.53038545648,467.877168211179,1358.11186197498,1327.82931394702,417.691181903344,2737.14313394406,809.680125081611,3833.20253157863,2543.3784464599,189.507324876683,719.263264579384,1980.75749947506,28.257880562222,648.635844946454,399.175336822014,0,1009.06662206019,0
office__181.png,4187.14910122854,3340.88840865712,154.956258237774,1054.67600541928,1086.06534716304,562.516132149226,1763.71077052954,378.151274210418,1587.60317802817,1700.38684957191,549.335815989709,3166.3610162887,864.139075816056,2965.49498595906,2949.26300936162,429.938197434671,801.026955423649,1579.30040593451,0,367.125251854891,0,0,511.911960742107,0
office__182.png,4146.30287252284,1557.90342408987,227.736756878009,1361.70034760443,924.429183134988,967.544664447201,1746.54750257666,600.3387174794,2110.69519661398,1392.62204181056,571.705720934843,3373.86417489271,979.625570982781,3426.79443951589,2823.20769997247,340.86648990298,492.049843439469,496.951507195626,32.335174599744,686.902914670633,0,0,1739.87575673491,0
office__183.png,3733.99187517789,1463.29113299405,150.203865308909,2251.42153668421,1440.16808195662,459.870446736432,1575.12950255161,429.888462137356,880.178969566123,1522.89161563134,585.011155411277,2872.79432497843,591.093917346089,4016.25835507211,3061.61269296201,297.317283964663,494.789958214517,1529.37051269407,28.154268644204,488.000284003251,1045.96918775402,0,1082.59257021082,0
office__184.png,3701.50870400511,2374.41586588979,178.107048133115,1261.30637168032,1018.95884951685,365.871282463901,2306.65595522358,1000.27449996264,2216.02440103339,1352.74910756689,506.783085261083,3880.14708780035,1104.60926989643,1972.32142189553,2237.9579409327,262.362176265647,1143.22024918662,1121.89223963654,10.8084153620191,489.944639119317,0,0,1494.08138916817,0
office__185.png,4633.02054438327,1461.74246905512,254.201839984133,1592.96061926774,1992.47738798865,825.432006765344,1368.90725123915,472.331446291958,1753.92779244126,1549.76033751901,703.361403449484,3837.31160314054,712.172702724186,2911.48439513441,1962.31367275037,112.417804556409,1074.51676228148,1366.81308491835,30.7607403102282,729.374552074032,0,0,654.71158372487,0
office__186.png,3968.8600298606,2406.46500493342,289.057859838927,1308.69215586673,1200.83184532186,841.971611129936,1633.38562463865,629.584866708698,2367.38772748079,1716.23791796382,666.897812813113,3526.5460621336,1115.26241293629,3162.05629429956,1831.03586900172,246.570058084699,770.433734352627,1144.00087041502,10.9918006492128,400.668443552022,0,0,763.061998018694,0
office__187.png,4160.71799625729,3249.72034717697,76.3488116001923,2468.36266402865,1963.89363461355,432.758249673167,1414.57155667237,256.923415243586,1056.63517874736,1102.13328916263,308.802227834777,1529.62120902247,604.8505763794,2089.68298346892,2505.8022541912,198.455707771168,370.165288348108,3468.89909744126,50.9082097284911,499.63438463605,929.935199324343,0,1261.17771867804,0
office__188.png,4162.85690205989,2953.58620545208,195.992179503527,1626.03018774064,636.04678432844,510.909294772039,1914.26939465229,260.52585096868,1829.60157591291,1282.04552444224,1010.28652708476,3806.58170945725,745.151006875921,3050.79143314534,2987.07441899434,241.298751175732,702.092106992322,669.840821359936,28.348233053292,567.137206843813,0,0,819.533885184564,0
office__189.png,4580.2201400033,2251.33719181146,157.341257031074,1428.32876664782,872.729672346164,1094.85844769147,1773.99732340634,343.675193947624,2060.84340325337,1150.23744100455,785.878070163817,3566.95848763067,746.726471901549,3552.19301864818,2276.72527340905,303.06433032858,603.03187826799,843.273130984373,17.4255267078679,250.777686167293,0,0,1340.37728864747,0
office__19.png,3199.85090216104,2007.28204889564,156.536457783635,1498.13167166011,657.610682917457,607.904166423634,2321.19752136781,507.680812043753,1256.01625960993,1854.4766986239,989.858501860608,3771.70463772258,864.928020353031,3341.269251067,2446.17796055749,236.731392574583,824.912047218413,1337.20212370949,24.6837932595197,487.128357109084,424.458394193239,0,1184.25829888805,0
office__190.png,5012.98692302188,1965.70683780734,291.716170632468,638.786610311173,1040.25929353113,1065.07559444734,1530.39935517523,385.554731254274,2137.11251503855,1588.62788611886,1035.8302391543,3373.84730133843,894.707176952445,2377.72219959426,2011.37243626847,320.373851812674,1837.63195093415,759.98535137176,14.1181966077358,507.780542617103,360.890630902984,0,849.514205107447,0
office__191.png,3848.62643280483,1149.06810418973,303.488447704709,1490.4118729593,1037.02607212399,773.052890470621,1967.83740886976,911.268687177932,2273.0224913108,1599.52256830957,1065.72436219724,3312.56932715259,807.559760413981,2773.9857033745,2469.46224320647,269.615662999109,903.983067406851,868.404600154808,16.4262936434455,777.35626118824,0,0,1381.58774234151,0
office__192.png,3481.17579263324,2345.11053515848,279.985594217126,1400.14006750705,1422.14910561212,592.857761182849,1534.7140663097,436.640617986603,1789.96174369223,2006.83153060982,806.092139159971,3494.6767225143,1187.44799522768,2248.47493870162,2365.61399329704,377.986461067752,1112.19540252515,827.675434363883,11.7040866447574,640.976594732442,649.228750732574,0,988.360666123627,0
office__193.png,4068.58102314729,1913.92866148995,115.746137844592,1171.52966887748,816.510483956079,680.26517381827,1615.02512371864,496.545754643313,1710.31017344966,1441.65803792496,838.27235684381,2957.76171198823,1300.85765147366,3571.08018474547,3312.03070279132,350.644432763359,906.074114270322,601.145907904022,51.704062094603,389.663889751713,622.740192203903,0,1067.92455429934,0
office__194.png,4449.74148297244,1997.73292274656,336.763045383329,1674.03071526678,1447.24907890398,768.304886020536,1759.30213613114,456.316812526692,1970.12278842289,1084.98515495158,628.746327611767,2852.9523590584,842.116629688654,2730.33573131146,3161.64327379806,168.469789735654,959.065636395939,910.213647316773,21.3540912537432,629.608042728677,0,0,1150.94544777493,0
office__195.png,4004.3876753642,1481.34262425362,132.826306058223,2718.43882364333,1923.96070898304,581.33863016852,1564.5552987939,412.361783021807,1522.69797500767,832.708390714495,767.823544334038,2272.6701583848,681.456867811882,3646.9212255708,3650.78300128306,183.165669037377,502.299996258188,1151.20543844911,15.287274634825,695.937475406886,688.478490648626,0,569.352642171625,0
office__196.png,4497.57734861941,2269.59762752599,142.808489375318,1640.89855806882,1312.9523830643,781.6561628626,1815.25119758399,689.927397098112,1481.05411588821,1304.17874246088,436.644990804608,2758.82339183491,565.800278651693,3170.18317168224,3325.84864568983,155.150733581111,682.118881730711,389.536840627541,21.1431410340877,301.818865879155,1120.27235372158,0,1136.75668221488,0
office__197.png,4556.71337833741,1475.42584412904,83.5703805058399,1936.39023962589,1100.03489523432,431.574276203069,1644.96685930476,223.162918031772,729.089613263208,1083.64182778745,347.622455503815,2279.97537677308,656.849000074381,4013.53431108304,3553.66919801894,84.9436901514479,407.3756378879,2325.18507198606,27.2653252837911,552.725210472213,596.936083249803,9.22967943488079,1880.1187276579,0
office__198.png,3952.54175247367,2046.08848804521,245.056952957599,730.36499624298,1615.80414455742,545.789986065316,2217.60170767874,465.626885952016,2500.0293512329,1681.06345574074,624.342159693518,3674.67275459464,1164.31939441644,2268.83138199106,2009.21689028145,244.776779907161,876.883438250641,512.715664126248,9.33191354027398,849.986306384977,512.518400741845,0,1252.43719512516,0
office__199.png,3497.06320437876,1522.83288641325,296.436486149416,2365.358847957,1488.40085753823,888.025642619109,1509.96032001309,1104.91855179702,1791.46398057397,1370.18409151126,1018.98378027398,2360.79102384163,927.688599696874,2409.98604148318,2892.00112499758,292.810451880415,785.538888636617,1196.83225572407,36.9344845625977,934.466359330544,574.449486094223,0,734.87263452718,0
office__2.png,4677.08278398158,2009.03169608622,138.712082012877,1232.54325113197,777.500009065336,490.312765451662,2108.06413904612,266.053597475167,1232.8199538255,1133.2961605935,660.723880082262,3192.13014409401,572.510324918321,4436.03431867953,2303.80332562466,186.986046165006,669.22421676036,1819.46984703212,89.5172941635078,204.729976780019,822.75188195917,0,976.702305071102,0
office__20.png,5120.7402397938,2422.09295935502,282.815449022961,1079.89944900753,1063.1691466711,660.61565657326,1733.6100708509,307.455554366824,1354.93145755409,1168.36889041274,513.915137608246,3684.53445328626,692.315211750184,3634.81855203583,2329.09953135267,150.105361585365,624.102912767537,1140.8424244714,54.9607765994754,428.670017613312,547.161027739361,0,1005.77571958213,0
office__200.png,4797.49021307324,1293.15260319217,235.156307556804,2006.35341935367,1444.32869575142,601.392346860924,1546.58501795453,760.40664313161,1536.84666040786,959.242707355356,532.721321535325,3155.40804460368,505.514236786393,2914.03800351713,2952.5288969581,176.213125384748,620.174517578037,1082.95498538791,8.60128009206248,341.496171716961,435.712758224736,0,2093.68204357735,0
office__201.png,3899.12574438082,3202.85999269932,109.430950097864,1577.83454959292,1047.09495442465,616.039528228319,2036.37973278116,430.356400997366,2058.62946452601,1476.69572994075,456.758466987109,2643.1813952848,843.453513338604,3722.79254874006,2780.99854397766,119.506013118774,162.624178400791,1791.72011788534,47.0047168469677,418.824967270768,0,0,558.688490479941,0
office__202.png,5109.86683257998,2642.86028710378,248.76898930084,1188.32747303354,695.772914261739,587.747426714159,1785.84924320106,273.733057462339,1710.413118634,974.480129998146,534.761563654491,2764.74467420349,672.593629592963,3842.45346716536,3072.26857186626,258.192356718391,721.545355539822,1616.05721928126,10.6903348759104,411.822778883051,0,0,877.050575929423,0
office__203.png,5377.85239445947,1124.18412595687,161.588403547758,2026.33452332906,962.228609986763,334.781256332919,1289.99569504087,384.99905357189,934.285499830265,889.693643063846,554.153629168052,2015.33535270172,299.966464437387,5124.16126213278,3291.62215268952,95.6040973454758,707.340105093196,2826.2126202268,20.5531823238902,211.877931178521,436.174714671019,0,931.055282911931,0
office__204.png,3870.96107876366,2092.42124651449,271.983995773547,1819.02029318738,1165.18201489286,855.579593841892,1611.1129303701,228.797367349306,2030.47461779059,1552.18620812663,1192.72115209173,4157.01178979592,909.984750346702,2439.03734965468,1588.85054053095,207.142362777808,1299.76363071769,1096.0994622671,29.5923764277165,417.804433520344,0,0,1164.27280525891,0
office__205.png,5325.42556787851,2258.27187187569,270.093531816687,750.504635156794,1107.34712382509,584.414969598893,1367.76783106846,189.196267135338,2177.46457425939,1475.22099913239,696.27652612753,3502.42993370211,786.994189977133,3627.53559420971,2461.55483588669,266.512399293238,878.609051615575,1004.04215473623,18.793219194776,451.184357225773,0,8.78115829869666,791.579207985292,0
office__206.png,4767.49391468116,1652.60476026823,327.874260930472,1940.73253001129,1700.23831992418,658.213504325631,1367.00225948003,1014.3487148746,1581.23091579992,924.968553255745,612.388929864466,3803.93117703302,784.210303092122,3083.19138568811,2137.34687474398,182.968208513942,716.669492362823,505.598821588292,32.6242309657129,332.454594529866,985.80444557869,0,888.103802487732,0
office__207.png,4181.81724555043,2419.71632903299,178.783514418143,1458.81858860505,1926.31840693508,665.52344025428,2234.92275995017,242.355830874234,1786.29888843924,1256.70458161086,685.170658912547,2368.35028677132,719.473387175265,2537.3775682432,1453.28220081121,108.406419655671,622.150633200261,2916.78874668548,39.8570174525503,156.721549062212,630.97292262033,0,1410.18902373948,0
office__208.png,4998.61937361519,1871.64273088362,281.587388106519,551.250744094415,1306.21541793564,747.087217596832,1806.90799793109,650.381741219764,1665.9155027927,1476.29695330948,486.487649954178,2967.54432050946,839.354595470814,2800.77695272467,3738.74122220009,317.252430655232,631.853154016487,599.124348794399,10.3179049237881,269.997233291395,0,0,1982.64511997425,0
office__209.png,4583.78382660647,2551.45680423602,75.9101507786929,1472.00296921355,928.25291764598,703.338909586779,1985.43507405903,248.913930122972,1641.37311067551,1037.60734404145,630.81134415121,2928.61745254893,723.12324877664,3835.01361005953,2602.17618835643,186.114643229362,503.121713851291,2048.58418805366,11.9328940734962,497.337744830853,0,0,805.091935102143,0
office__21.png,4939.61207054468,2876.85411379144,165.044651657474,1636.10620534874,1288.16465124322,624.113724021847,1255.60397087505,576.864728237606,2072.96505590919,1256.36058108523,316.871863281393,3569.15330637532,715.064924597097,3004.15035728169,2900.19699757707,167.683270473297,728.503190014301,668.526264459103,29.5689770759003,405.628788147461,0,0,802.962308002886,0
office__210.png,4186.6994110497,2081.46812745815,176.43918556335,1140.07478900521,742.3185042967,517.08740478966,1817.10643375886,507.389435428267,2156.72727193563,1768.97079160802,753.512417479613,2316.05892220093,965.031650366653,3392.56193505179,2918.81533902364,122.116924211561,740.126280564306,1337.70356583058,0,461.034618471099,577.1683106562,0,1321.58868125008,0
office__211.png,4502.27825740491,2604.3952062129,62.865296097657,2588.770552411,553.521737768684,495.329397896785,860.842830962472,307.069515932211,1203.14282892803,1105.45028828377,378.618206718678,2048.71065750698,657.922459237991,4527.21471455328,2972.59248900301,271.882105284854,585.531844128415,2545.69652570492,12.8535064150002,278.857610573638,671.662804862624,0,764.791164112187,0
office__212.png,3855.85421873213,1622.47505962072,262.679577870732,2078.83860438773,687.445386425097,467.842418466297,1719.24180453153,365.425749600402,1428.96009801724,1300.33022349901,906.975224914856,3227.48427198381,759.914842742756,3417.05031574396,3892.83717105513,271.03022945139,856.95617305059,720.196462606792,14.7900766554635,348.5592848327,0,0,1795.11280581167,0
office__213.png,4316.27223549553,2868.02763592834,229.265181049047,1156.63119757201,1397.80613344212,842.58046679762,1370.15407963981,613.703830271701,2223.11629617531,1894.87036138704,768.979096171505,3449.23019191698,882.227728930598,2524.45201863404,3255.80786406105,363.106198751977,721.242141846159,0,16.7381982230407,400.196878514531,0,0,705.592265191614,0
office__214.png,4108.87771735151,1973.92106499445,203.406727971755,1995.09864117854,1320.13455567193,727.085972468532,1656.26378062331,512.771768213657,2435.45665363124,1285.79790306777,788.633043909778,2948.0609893346,736.374821961757,2986.97318789249,2118.23379649824,177.049123988296,1013.63808818396,1567.75586009563,40.5380118288222,489.147415502124,0,0,914.780875631616,0
office__215.png,3321.2029074352,1637.68588971495,144.249802376978,1928.79013117917,1574.92968667709,371.691444590775,1993.7116293964,460.271590650818,1562.20268602324,1844.73782528533,752.320110408298,3507.1465328396,748.968818621511,3260.42610697305,3222.2530689938,145.457772917788,922.686098499699,1192.45646517561,17.1309151645989,611.038279976985,0,0,780.6422370991,0
office__216.png,3799.55921151962,1975.02947377938,103.248083711311,1112.33753935491,707.203272151206,423.167680914349,2133.87429895647,457.29044664707,1379.78853539254,1807.14970395838,799.397259593358,2371.23484965785,895.569031589821,3399.25241301167,2837.40130339647,236.506878861432,891.546508536446,2411.87435281508,8.59614647318069,510.613475139425,473.285194112407,6.40718928619237,1259.66715114144,0
office__217.png,4198.85133439767,2235.76961761965,230.508523775735,1550.15920532225,838.580045893663,602.398212490073,1762.53540973069,479.162930525553,1825.3562407388,1325.06592881215,690.754725227942,3063.58459517208,866.631294891836,3316.66019771969,2875.21746951219,276.107366696983,777.492290597892,879.577934964326,20.6494601484308,343.110653777328,523.357023346799,0,1318.46953863828,0
office__218.png,4787.79152093529,1839.43221860905,141.558480804268,1466.96771675381,1297.28295764497,444.7859518443,1665.57827516257,611.280280715015,1867.66307965114,1279.14536919706,331.567176030556,2652.34683442749,651.534008321563,3669.99846412107,2587.37390421153,148.9831096297,477.712192404182,1842.18385164756,0,329.587076987363,464.08789741371,0,1443.1396334878,0
office__219.png,5166.13354039743,2993.65745708943,219.274686020675,1144.1121071087,1127.50443613776,627.319850237733,1790.71272789548,155.107939206722,2060.82352951015,1082.23468941177,559.305491602722,3114.3232372175,601.065468612837,2703.27116072276,2826.97522808423,167.109493937115,673.22193306973,1151.28346892972,48.6319726366794,433.495050323168,0,0,1354.43653184771,0
office__22.png,4604.88242544028,2668.9067016439,111.511866711977,1657.29942396236,876.213678472135,548.414591885784,1917.56664090015,207.124605988008,1118.48090067269,1096.38044232685,333.557710793681,1907.59306221673,629.827968308679,4565.74299352474,1095.72945288607,79.800567565476,505.225839366483,3973.59570000919,14.2425314961966,146.309146516828,1244.67442561756,0,696.919323694219,0
office__220.png,4258.47659635342,1881.17288519339,181.741580851577,2073.89765523722,838.893734025998,642.735746290467,1464.14463000444,323.213183508697,1696.96447160587,1223.80618630863,542.367673632474,2067.70590409725,715.703801905481,4480.77678808659,2192.3035033825,244.43326370787,410.153751483873,2739.13928085592,19.5378664829456,471.50816993955,479.409512916416,0,1051.91381412943,0
office__221.png,3217.63692038403,1084.55020652754,172.116469769062,1675.68192893826,1838.62736628085,386.697491723935,2189.36714142111,589.942601502023,1908.25379538263,1845.36137459532,1192.73901075886,3090.41859562158,661.860850731034,2473.00953710119,2387.99448336024,403.351492179525,1155.58857302532,1376.91291994369,6.74029175071738,734.775646006959,677.606244198854,0,930.767058797269,0
office__222.png,4710.13818924285,1730.45843533557,109.018573967458,1637.00305587938,1463.97051356199,655.884132925908,1518.66214040924,320.592883747375,2128.99995551779,1261.15621859615,568.268455060933,2659.7734571219,697.306838764981,3500.82863807474,2620.35744623306,165.558311471317,819.542576946745,1244.20357202154,10.1752456360732,508.332281009821,581.762862212342,0,1088.00621626282,0
office__223.png,4988.07080004074,2029.0810088665,225.872227226597,1340.03461730932,957.205845851451,575.469377675171,1534.96873922449,428.856157063784,1980.25767112248,1231.61193144898,886.032220561787,2748.75526294888,684.354072533318,4040.01046690095,2123.00585079552,212.800742707031,441.284831163245,1543.33965099768,8.1590967361164,322.145962878512,803.299959233674,0,895.383506713769,0
office__224.png,3509.83424013398,1856.92786650335,222.41125686843,1845.18302482491,1566.84426498122,806.129033833421,1810.721361655,445.121432076589,1950.94126826215,1918.0589800978,611.473305343196,2743.27364029663,680.777337307238,2981.41694663038,3213.0708682921,190.233899781284,1127.57561595998,1064.17393244727,45.1911561997913,644.051863792555,0,0,766.588704712732,0
office__225.png,4864.59386555406,2316.92168451548,195.115101755577,1639.63904879924,1227.34509481009,591.204344739528,1634.50802937788,309.945541109221,1047.68295635002,1218.08071917342,320.204578072689,2678.04269731904,467.18702855902,3484.55904187346,3834.60388960221,127.616563287886,803.285389317305,1653.35101023362,48.3747452484844,297.47169610994,0,0,1240.26697419181,0
office__226.png,6328.44208647604,3500.63990937665,260.008300180157,943.223363412158,747.096476164549,681.506752733142,1097.42276057294,779.569671587203,1679.16452828003,1090.98496926566,691.965549710035,3911.19318123177,322.369888208567,3035.71932339144,3021.21034678344,204.00160457976,463.250270886481,446.916890791465,13.555327484885,122.898679435643,0,0,658.860119448004,0
office__227.png,4280.84565704583,1480.2116990725,206.1755819639,1520.44113987761,1578.12471565727,743.644747315394,1766.42522628534,258.097476121554,1608.06906790188,1451.96107316351,735.264462142703,1967.75224111381,635.840283176732,3767.48145128997,3703.61168110236,326.030123808918,805.39167047986,1770.74668060266,18.4564966420609,555.871503204835,0,0,819.557022031299,0
office__228.png,4984.92984845329,2439.47950034001,242.299167386927,674.179624997079,1256.14977651021,1030.37484658316,1565.18560493047,414.421088873122,2324.28195784925,1688.08452704261,1070.91798278891,3585.49009378017,809.435205699063,2589.75559054036,2173.98178360015,278.185188877485,704.529746536467,643.572150800348,0,396.201269594244,0,0,1128.54504481668,0
office__229.png,5264.03667234382,2668.4503245079,222.427300066919,1263.75330799642,1579.80670329638,1064.57474971323,1098.87484149485,309.268666124525,1997.28449334484,1506.03019923499,500.848758555417,1894.62685678869,601.115736270055,2672.89900147245,2384.62415290288,228.933342910825,858.12381956736,1735.09259406134,37.2558997490491,476.390491830746,701.369853122107,0,934.212234645225,0
office__23.png,5335.46120851143,3114.30688973215,185.889977539947,1086.52687099502,1145.95344148299,819.898064343383,1515.15568617917,226.469504398199,1462.37159570211,1036.8043676725,562.910794796212,3890.93373943018,719.953770633336,2809.81258951967,2851.35613234809,296.254652971649,534.744444687109,789.550490636278,9.84344303690278,349.793144457953,0,0,1256.00919092573,0
office__230.png,5853.32030259886,2623.77419201896,99.7044387041647,1436.50218547838,975.932294378478,649.413287893534,1195.31080141321,637.284307851864,1718.96818069801,897.336139564586,383.589233883492,2890.98114307272,455.614084447354,4072.5545035563,3222.96534018176,151.716357569338,765.632761459561,959.381258011355,10.2001289282739,137.821646515342,458.586351438455,0,403.411060336005,0
office__231.png,4819.78623492855,1946.58038679557,204.942507036623,1862.71260836851,1208.24997461628,520.610049104507,1460.71964604138,225.517383993466,1535.66766330296,1178.62078010209,579.626387895946,3365.79747060788,527.866790750871,4085.5936020573,3129.88258000496,143.889855504424,622.461388303042,1243.09972994307,6.40408430417339,435.011050069835,0,0,896.959826268559,0
office__232.png,5450.52627059024,1881.98586038635,259.012086040116,1117.89039161912,623.473005491312,868.436721302161,1190.8179042388,412.816245754722,2654.2987447714,1223.35083493746,908.471005088816,3135.33854897142,762.495135845196,3962.80615474625,2629.2804422882,231.064505626487,477.289579432052,453.633456626701,23.8549571426894,545.651964531239,0,0,1187.50618456925,0
office__233.png,5167.98345542762,1222.80113283253,212.36405639469,1245.64590121387,1872.21762986769,997.486926270857,1490.6179537068,914.710514482841,2499.87529659708,1314.98910625306,952.572769554964,3324.71880719428,603.284335741353,2318.52736358106,2236.20081296395,158.834056370452,660.277953769526,729.354100579135,18.6451912868394,233.013364951766,0,0,1825.87927095962,0
office__234.png,4515.83574639387,759.607930914385,170.771994653472,1296.50980271578,637.255187701809,563.476021720265,1523.56210469472,729.394237469302,1737.76491559098,1687.89774736755,1626.11233962806,3657.79877163174,847.432260780753,3082.24265548495,2327.587423007,128.762338047323,918.155618039216,963.29625077968,0,840.283956572587,579.304622616867,0,1406.94807418969,0
office__235.png,3635.00144235182,1100.89051143342,135.978001653864,2103.8547120512,615.05611684301,409.078552735636,2148.94831289483,949.947202741881,1198.80962989425,1269.74985750725,762.176629361673,2691.5344734806,617.693697495429,3583.11888277977,2653.74483829831,217.401315629003,1384.57557851816,2910.85450393734,7.35066207047272,532.29927911033,0,0,1071.93579921175,0
office__236.png,6549.09444081894,2293.51135062854,177.179037778215,1240.79406745391,314.604100718178,342.863326297912,1203.10486441147,341.721654925483,1307.87263692484,534.80644975484,593.517638579894,2934.16632237441,398.634974572296,4840.38444307249,1504.23326374627,38.2066295983394,545.485740585002,3278.68665495851,35.3585733902038,706.432118740962,454.998757919838,0,364.342952749456,0
office__237.png,4553.04206814406,1746.13896865608,173.471556951975,1138.43866349007,1503.45252882017,478.036097990075,1497.43800128171,562.431131903872,2037.57023544885,1838.81191714839,1048.14480918641,2976.76886481912,710.015835771376,3038.39917029659,2745.99389526591,215.207492528554,490.235017730852,338.563712283198,47.0460216358354,499.575167899668,1249.59563724088,0,1111.62320550635,0
office__238.png,4905.58195580779,2634.47583579333,196.616076050699,1076.16177232356,1111.72074059525,743.4870121058,1778.14018451155,416.363060652711,2317.18128611543,1226.262034305,524.980471984384,3129.62273183444,741.658226832715,2569.67144593109,2072.93199112067,196.459143744585,933.698044553524,1132.61429836531,75.7366824747975,807.429282298323,407.546604407649,0,1001.66111819139,0
office__239.png,3608.83791702809,2285.17012834617,216.56636253915,1609.55907945105,1123.65724438798,432.688400335671,1839.50006975686,471.94418837925,1625.94553145042,1488.93934258323,638.643678174808,3211.66598296827,1121.90112476436,2938.87727700587,2904.34696146604,318.078123647258,447.553204258034,1072.51825245348,13.1843427691598,316.636231016419,536.268508786964,0,1777.51804843147,0
office__24.png,3895.74863575501,1475.58325074828,234.499703005903,947.756426783255,785.704562366244,888.186773360057,1453.7320122643,862.877246333345,1915.60916204881,1878.72205441313,993.638159308566,4004.51917361658,1467.25108921423,3178.41586767082,2673.38599931868,331.218800476989,979.79982882449,283.799188649969,25.5709810930871,571.234942235965,0,0,1152.7461425123,0
office__240.png,4263.13806280488,1959.90290461668,164.012081228661,1905.70118354066,914.471212284963,528.404027910672,1976.39246709128,987.53654183471,1174.65611863791,1168.13593577011,640.032992284262,2126.30758851715,469.326052722281,3504.23197417452,2870.40340979031,201.681828556831,546.177542372181,3136.2167739153,15.6244695139512,292.914124768826,0,0,1154.73270766385,0
office__241.png,5248.29402119345,2819.1283629446,219.985402250506,1806.59888799321,1688.10915420145,699.993343819526,953.335900452655,382.712056137377,2170.99747341068,1253.25403531937,700.092695501543,2795.27052729717,653.884058542807,2944.54572990334,2944.73067988482,72.354330809403,477.501701631605,1169.0225733373,12.278765689107,441.470517439937,0,0,546.439782240154,0
office__242.png,4861.44813444269,1753.61450792008,207.219066163248,635.839086864819,1566.64610793702,643.498375637271,1849.00661210605,405.583210125916,2046.46120544914,1120.81432045365,363.472533660922,3472.91290834264,1174.2561990054,3515.11234692925,2086.26956379545,330.957665427784,682.777583254173,1543.63888061226,27.6779816996097,793.581554752986,0,0,919.212155419654,0
office__243.png,5154.50194659624,3258.91648965693,342.23461375658,1302.35054054825,1056.60539867445,718.110149037815,1474.26201337498,152.623828155559,1866.64437300229,1210.34006591994,658.577047243103,3097.64494334724,693.724223560233,2434.05947308814,2681.1464283763,123.803408267437,920.093758939898,1294.21949247978,41.0178017329187,621.898997619115,0,0,897.225006622794,0
office__244.png,2610.50604419714,2361.45515462139,116.153647533412,1196.66042857494,1200.25931679899,412.95843278537,2713.71076564263,394.311018039893,1559.65507923595,1787.5150968064,741.64112901415,2580.42585760149,1183.43231215951,2210.6782265392,3815.54308961766,440.386352087671,810.209391941659,1515.26389322611,67.7890005317056,548.39880343074,0,0,1733.04695961396,0
office__245.png,3979.93831124246,1311.13051823365,176.686872953016,2038.28887752157,1572.4083213419,585.70657472401,1616.83479862283,683.634381382167,1442.19248906854,1389.33392135738,833.787272170704,2978.81638530578,702.50563815491,3002.31030590145,3257.71354350198,247.773271871562,969.653938295748,1558.88413444667,25.3251812292828,569.350034888581,0,0,1057.72522778581,0
office__246.png,4397.83919397278,1279.73768575144,322.702441613845,1657.64547717726,836.009679189479,626.520595942743,1498.72136610785,520.808622652808,1972.88371326718,1542.1064119619,844.171363440729,2960.60070108341,619.44012644456,3718.0378328104,2787.98267790574,247.508544515898,694.091043924936,1329.30987018707,36.738879819751,783.702490383781,0,0,1323.44128184642,0
office__247.png,4529.73031212583,1161.79397231064,215.280579582208,2314.49573569363,1598.53581193868,702.816768813393,1081.84195957767,475.745703361532,1836.95712883906,1304.41701826422,582.40018036577,1952.63348584215,604.79719002343,3839.53833519574,2006.88643776845,164.717784315214,711.724133653737,2653.25110913164,0,624.639762768427,632.174490023113,0,1005.62210040547,0
office__248.png,4833.96634051782,2259.45340345683,122.127224102167,1851.35416004255,867.594515858622,474.76930348253,1410.42659538522,744.092102956195,1627.33745494332,1137.01987448165,1029.08158786797,2614.51287710357,538.587136843733,2947.82255089822,2695.72223145486,228.645892729025,707.970012471002,1325.69703221638,0,520.166098963,1139.83387669718,0,923.819727528168,0
office__249.png,4531.91776187758,3236.03155419499,306.330712221403,2040.8799023794,931.524103087406,443.513447406927,1756.41902547832,261.451989022197,1412.96554209753,871.116415686578,491.104667857372,2904.05648356385,536.256137162923,3329.87374823569,2766.12689192481,263.410757415204,671.346871539051,1202.03493911107,0,273.519545619946,964.971983674413,0,805.147520443344,0
office__25.png,4531.69270697722,1723.76597448104,282.370931258144,1361.97594619511,1985.32113007664,770.712989437846,1705.12373763226,491.256631473497,2035.12227155009,1392.31906713865,1023.46437402413,3262.79593626222,663.802659944628,2457.19597668433,3386.66794510196,306.275878507382,857.020303152627,262.329926389749,38.8100036047467,264.363596806785,0,0,1197.61201330095,0
office__250.png,5184.24904556654,1989.96896250231,240.818848863642,1805.93482280282,710.147953229614,890.698324416304,1117.7447069444,401.421603892663,1963.5139233231,1038.16454238124,1042.49155144933,2721.6933896304,601.060514406755,3725.96781300819,2041.19666643,222.161802375922,735.883938614741,1445.32651319049,30.6845655223249,519.100033147794,696.752334146072,0,875.018144155353,0
office__251.png,4659.08533867955,1706.03077686825,221.560484478066,1373.44773832752,1027.71646297549,613.235640725835,1863.71455478612,536.923545019193,1781.95291146847,1167.80490647721,595.498624259579,2362.40790523418,742.909890553176,3151.988544208,4356.77714050702,150.093756089902,848.566961213622,664.065917586437,42.9438150865259,403.161650480042,0,0,1730.11343497582,0
office__252.png,3698.63527258634,820.968133912425,208.439569895805,2351.31787801586,2107.01851113847,355.98926485803,1849.09244999884,317.301332558841,1332.86890110184,1224.69693296646,963.871856519499,2736.31141301264,642.481308353953,2893.1222166195,2729.9675199894,191.154282268348,1428.84931142814,2204.45236954819,42.6218758102043,624.243719755581,431.970961594099,0,844.624918067544,0
office__253.png,3541.97647353746,1604.01015139272,228.315304833287,2229.86036004726,1451.39459470787,592.116261202554,1940.45789550992,526.199663656085,1662.92168559449,1159.05697481818,898.015268856498,2937.81091558783,889.8995903716,3547.88601529073,3544.99357544584,219.412281678263,670.748808662153,1033.842257336,19.3364240373072,371.701412033362,0,0,930.044085400588,0
office__254.png,4387.38316039915,2002.63876423773,226.078571698503,1381.35162265754,1756.06928667751,602.446798285069,2332.89845084423,338.493866696774,1888.55320472593,1120.73931255897,546.383422990051,2384.34933603902,627.396010057722,2818.49781775676,3510.3894543947,150.231443482393,886.299508738667,1388.18263485678,0,481.25423555963,0,0,1170.36309734288,0
office__255.png,4692.87121439999,2076.89569534599,266.026406831365,1297.53815037099,1070.05798800433,517.818232217611,2013.54732343251,234.693820093742,1611.71673739478,960.417222641313,831.359980452455,3372.00863363214,739.382713101906,3644.39103850532,3292.91172504811,266.192192505958,911.231627135545,939.518264875999,30.0511835473238,525.167674864063,0,0,706.202175598559,0
office__256.png,4246.45922544048,1681.96483821607,74.1654500965724,1410.66594677139,1563.8419503272,728.714203809702,1956.53355209405,304.866662922343,1848.98941740398,1646.24674544712,870.459785619218,3083.15127766791,563.186561659461,3302.33531949262,2659.24954729251,176.907968587502,1346.22277088927,1605.73010372932,0,414.353351499963,0,0,515.955321033313,0
office__257.png,4405.88309145542,1496.87688940895,253.464565220299,1026.35372599336,1656.07279262925,545.388168901328,2261.04042940035,558.40093557177,1621.05835533666,1261.70725511892,585.82671601438,3258.94623282046,822.364081647154,3375.49686383431,2422.7464884619,181.209348153872,685.170461295159,1898.39618925936,41.442068230932,668.643635942746,0,0,973.511705303438,0
office__258.png,4006.68651117389,1475.16415726116,174.637195672773,1140.15267509763,2096.02567714501,484.949565016752,2116.63007942351,698.123778486251,1199.06290700575,1621.07867362717,668.733755574667,2990.15562388659,835.048831548602,2085.05446976416,2992.14564218442,254.685205184365,939.433346202301,1748.34584922227,25.7180239448321,579.742636109798,410.703217011446,0,1457.72217945666,0
office__259.png,5055.0725071414,1146.23186728753,240.067385161852,1371.94258405993,930.649259409464,781.469471896358,1347.55793684525,245.803840583106,1932.13349325869,1155.47429333868,586.478786153076,3375.1579023346,840.690251429627,4588.84310106768,2142.50755132384,202.691435463024,792.270508158368,1528.66419602467,26.5709917220902,872.073317414738,0,0,837.649319926043,0
office__26.png,4854.94807538001,1557.85406249602,163.043001313996,1565.72022021615,653.27895415695,715.777805493046,1467.70282201439,392.063453070778,1569.06238774602,1183.59492291105,657.746694600022,3007.18202452484,627.650967516647,3263.90043512475,2970.87001240741,236.867834265278,649.607724741861,1574.06476851468,63.5151576964746,519.461552447599,0,0,2306.08712336201,0
office__260.png,4322.19624544638,2461.77574575674,273.3474230083,1803.05884366385,1220.00789712575,585.614394582053,1630.67057310738,684.353713490882,1483.37877420992,1474.23366713606,463.124427983351,3197.93875835096,557.543003317839,2635.23136533978,3485.67887541478,204.317909408584,859.330312143943,974.041774433987,7.97975791991285,399.02629559684,0,0,1277.15024256272,0
office__261.png,4280.17865364482,1791.55218342555,161.820617488129,1722.33479042955,1833.03179953122,426.845656645793,1838.19472867074,742.722802450386,1086.15086763843,1069.27357971052,689.762666191387,4730.81453982708,699.053811510047,2466.28958834815,2207.14465395712,377.373193267379,905.354469458775,1387.22366444346,13.5912427669471,734.126914369803,0,0,837.159576224729,0
office__262.png,3846.88101118,1947.50871290183,200.641453181513,1062.26768194264,1172.44869161008,775.323628779125,1938.77713847843,707.406037672349,1760.28643303943,1913.296933134,609.775451275754,2700.59931800504,960.873886734572,3280.25755620909,3300.48745178177,259.601519125689,710.476194156561,799.652181355476,18.3018294046662,364.055102189436,463.00953385764,0,1208.07225398489,0
office__263.png,4685.30005662731,1331.20873899449,340.274398756464,865.42396780883,1115.084377568,959.946672853202,1467.57870004296,585.248341585517,1995.13022895115,1657.19768634954,1311.36272926596,3199.89595053124,1086.37351232368,2314.05830140392,3231.56025971022,195.252198134382,779.993563355471,273.192489197728,23.9544008031925,1037.86421155244,0,18.9194779101034,1525.1797362742,0
office__264.png,4614.48406367936,1699.57995576765,155.859966844874,1317.36982708785,1280.12542582427,651.860320409004,2124.09471190613,534.233745807174,1778.53386106517,1075.92517447708,769.654226322226,2695.30964127936,717.80476335375,3013.28567406966,2995.16533478103,150.32145949583,604.828760267852,1723.27087562056,0,713.405281770453,0,0,1384.88693017071,0
office__265.png,5133.02297303014,2100.97146333699,284.770215280346,754.68204744269,1291.13396674976,726.905432212836,1659.96230015049,271.139490971754,1492.72979390764,1390.37176463177,1003.0427927281,3594.2595793761,784.258569640086,2308.47608206758,2912.04716386128,186.465565343739,618.298147244237,989.287815361789,91.236779761084,450.981998299917,0,0,1955.95605860166,0
office__266.png,4264.34527696731,1742.52566562088,221.304565905213,1440.16605033873,1704.17958131554,879.290111374025,1990.857870722,515.983118526271,2098.99314752723,1522.72027648056,937.800083438794,3306.24777577329,577.42703574034,2910.68471875715,1915.80556730197,189.755184132795,838.681107086051,1118.72512947448,14.7283056182606,481.534434588933,459.633702643797,0,868.611290666387,0
office__267.png,4294.68681995813,1758.67231527544,375.170531171707,1138.71199878886,1178.44862656654,769.260604347354,2091.39715619031,584.585952793481,2140.49211115478,1651.96850997964,544.538508927772,2553.98276388776,573.507025310013,3076.03528588497,2530.07257232761,249.728489773048,1236.75249772016,1631.02141711079,0,694.687264310755,0,0,926.279548520881,0
office__268.png,3543.54709957071,2246.54779792043,200.153315682473,1190.95577692758,926.045417048703,581.885439453399,2296.67870209893,485.616231305644,1688.96001974658,1603.7498930062,1099.97488693054,3666.60682406654,1117.22356221186,2904.22302697851,2838.86691204081,215.190672329253,962.360379978878,1023.5274890102,32.6542938554714,394.884161490891,0,0,980.348098346409,0
office__269.png,4124.03614258195,1707.13750943628,145.148860258169,1496.61961998354,1045.4042682996,967.057572568831,1313.90344245872,587.032917336338,1715.79248424075,1541.80924183979,755.90652441888,3738.94471920206,1176.17214213294,2536.83580151378,2581.65812989876,288.627517475779,810.142951807724,851.398233831431,58.831893527276,1078.06474216167,0,0,1479.47528502572,0
office__27.png,3487.39443942796,2002.83081853684,194.328098031145,2417.04115682586,691.098106218961,604.708035072542,2064.10530900015,349.565012136996,1053.56703797582,1031.59121689827,602.109642254137,2787.93162977145,698.642449500797,3556.2608699237,3582.11047440671,279.068900648707,458.43981503831,1777.35472474233,22.1565276982585,303.720284811394,0,0,2035.97545107966,0
office__270.png,4912.42517107127,3224.07603685911,150.216046510602,1479.24695761739,1155.05527832712,668.356421096239,1222.80149402484,174.936796247524,2256.3923615587,1367.48997785479,945.425106578783,2384.59587011416,685.227002662137,2423.16084625077,1535.28222057626,303.826518295468,566.920890122277,2387.09700960076,28.9828784741105,467.518706988853,618.06007054327,0,1042.90633862556,0
office__271.png,5840.49122937364,3133.61559013323,232.057486643067,956.997801335182,905.071561311169,671.344469162371,1032.29259554842,377.923805539717,1497.74803897433,1048.21086652165,488.684981112261,2300.5625380994,829.563401066192,3235.46843734008,3419.84663432808,292.444106154913,526.358037200023,1878.44083279275,0,339.915839010003,0,0,992.96174835352,0
office__272.png,4611.99793884704,1240.30280023898,211.364624383787,1260.43293370932,1867.12647726788,905.009215341168,1556.5505738888,798.743226695087,2930.57312186854,1515.5475866883,1320.34763099616,3015.54087806815,773.415349568691,2020.46231721082,1636.92140668524,255.950085472801,883.123790398435,1300.59075365311,26.105531825048,548.213473307349,0,0,1321.68028388529,0
office__273.png,4132.00675288563,2334.45280862038,171.44791425418,1717.21921969667,1113.20359396275,742.088296385401,1443.1766217218,685.635717173476,2035.71782853466,1510.68241895418,722.712845222567,3809.05327667693,1043.18182799044,2766.35380940771,1539.67657076086,141.858686750348,573.0316006637,1702.01611338797,11.8744720009225,581.133937450379,0,0,1223.47568749903,0
office__274.png,4538.41168295928,2212.83884116379,112.278780088796,1061.92106887926,1209.0574514575,443.641636967556,1983.79339134723,584.58593707695,1725.45413855137,851.909774493067,528.428652952445,2793.94982322274,1307.92791295282,3092.87655090683,3914.63062294435,228.284035074538,720.42766644664,1010.04499822518,27.7521342938037,519.164421739337,0,0,1132.62047825651,0
office__275.png,4572.23514432221,2821.21622140969,273.866408158183,996.465142550902,789.961931482995,914.746923479954,1711.70746409902,350.023895929155,3130.85968557114,1403.00928989811,717.562154959145,2987.12901415413,879.954770811327,2629.27639392109,2693.3979686366,358.063337795776,960.838963189389,0,73.0015284055527,550.289579187289,0,5.56332211710414,1180.83085992124,0
office__276.png,4169.72586136258,1255.91941210199,208.243391583548,1443.08382152206,1674.24678306026,760.077454363006,1770.34689225705,549.972527435186,1933.85199961343,1464.24918628951,461.560040370552,2951.61500270978,885.092587728764,3475.42319002265,2874.17695140205,267.501650840033,791.087168560062,1272.03520032818,0,656.687156038634,0,0,1135.10372241066,0
office__277.png,5275.47332438227,1765.79709068438,135.040251092689,1560.0220280357,1042.00959979879,543.442535254534,1214.4503107664,461.088439943291,1919.29254569857,1173.33136678291,399.714717474998,3140.39373715853,642.229115065619,3711.08019902259,2601.17910258556,118.486641428182,921.577855943314,1660.65182821012,16.0072135389149,915.512367038439,0,0,783.219730094196,0
office__278.png,5207.08739397676,1490.91446097584,231.58807512009,1045.13410681965,1771.05714377457,718.134945385261,1770.99076078849,201.383836188918,1923.78020175887,1183.10745321462,375.383197969612,2486.97615470831,566.83431242509,3982.40776135957,2841.87760898181,189.744887183216,711.521312141733,1797.64301404566,37.1010855921686,603.333890535567,0,0,863.998397054193,0
office__279.png,4593.75295670366,1904.48079162578,222.950900324917,1251.39300865756,1208.10691881705,814.745380663109,1867.36746034151,366.369334460295,2027.70846040851,1214.96889487787,624.321489733446,2629.39087548796,806.798709146314,3138.48746951426,3239.95055892912,225.400958524863,747.434362821586,669.720347556198,40.3180117482284,666.530741819031,395.533476630185,0,1344.26889120855,0
office__28.png,3666.39931309353,1804.58014370529,142.894050279801,1550.84031412109,1038.91983356606,585.252446779819,1983.16000677812,888.535947011206,1686.17415201736,1733.02393625593,868.85593762394,2355.63476829826,801.907047960323,2430.65966746173,3768.57850479288,232.994003007309,582.931305965617,1461.46607783188,31.675378783692,895.110094700176,0,0,1490.40706996598,0
office__280.png,3850.3762906816,2451.85630293017,182.005085168856,990.232498644745,1257.66304839323,789.093610761638,2173.73180149755,903.147495534075,2214.38913215851,1626.23812795836,891.111857313221,3003.37782693787,1121.75654383276,2369.89553706166,2898.96016540038,229.65368327806,884.637560941796,912.174179572752,8.01105410691907,403.511766569152,0,0,838.176431256702,0
office__281.png,4221.12117788481,1235.1961231084,253.100515821497,995.816345495846,1146.67127482278,909.753979769252,2376.56166693698,622.31987499106,1734.78548439218,1471.6871570559,801.46699703727,2435.25323846408,716.624626264275,2874.17793361315,2713.04158171452,189.665255795755,863.682908764829,1954.06519983847,21.3928279248251,1070.310442462,0,7.13094264160838,1386.17444520052,0
office__282.png,4367.78015408154,3147.15527453469,210.074617128516,2081.52432465555,796.152543968734,479.690062569593,1639.19108519982,207.931331786574,2086.11964730032,1265.51423636982,646.461635667794,2561.74644856611,478.190795136436,2863.23791173325,3831.49874178382,147.991143128041,622.832534066597,267.793313988579,19.8082614287968,299.619212146677,563.077168663057,0,1416.60955609568,0
office__283.png,5354.94371556961,2013.69408250484,237.525407552899,943.973689047733,1143.58574426306,1158.35684005961,1516.52073276549,328.211739989553,1793.25037872659,1156.53608703013,1118.4910471553,2536.10944697924,839.735288680981,3294.95438802116,3571.84399423508,154.063394812962,751.824471485018,702.913932446584,34.2270920930903,483.436430804137,0,0,865.802095776935,0
office__284.png,3516.16330759796,1493.74889235582,205.111723962795,1708.20119217096,1500.98502451762,605.893742658261,2094.85545178475,651.614790763329,2120.25437705535,1739.18679121656,1098.05237971885,3667.62976614819,737.943440784776,2094.73642358438,1721.8275562397,203.649816444995,1059.67154253094,1679.2828339357,0,416.440454702489,0,0,1684.75049182657,0
office__285.png,4147.44899932921,1592.75985332791,219.806677968112,1201.74628640813,1059.49462702594,741.740982872823,1460.98210031728,751.067884054586,2331.62528810736,1595.50480730883,1012.80992575922,2911.91323088123,1231.64055423526,2754.38865756705,2453.99642496386,314.107950919165,984.973269213672,1340.91739520661,48.5693014821228,933.601906880873,0,0,910.903876170749,0
office__286.png,4409.50109886186,1624.02178763962,199.503493809044,1423.88562105505,897.587775196144,656.488826713619,1761.33550165069,518.652688449569,1762.70751373526,1371.91484618989,908.248975774897,3393.72743588066,761.924715520937,3491.59110130966,3169.16659531181,271.438216721574,760.782001958503,818.406134549611,0,475.607124563727,0,0,1323.50854510787,0
office__287.png,4414.33098215986,2808.53588167805,239.674913313376,1419.52574296959,1387.85107512295,655.059850484662,1642.977896458,363.580746507529,1994.47743590635,1489.89513428148,682.413550870304,3132.11300151592,802.99958732631,2612.45030796411,2401.70786855061,214.152786683586,583.611057319768,1576.96693022908,16.1178701211643,328.753228806521,0,0,1232.80415173076,0
office__288.png,5182.91404953317,2791.15770051492,211.134671390515,1407.87638880719,1000.57384597291,532.644084146917,1866.99399160291,382.039813076797,1339.40400176154,964.947034058869,604.26634518153,1967.29429945977,391.276850586333,3792.06360267498,2788.60335848437,185.991685411535,423.87243680969,3160.91958475689,0,357.535461300403,0,0,648.490794468776,0
office__289.png,4067.50739275509,1351.09976976209,176.284486860489,1296.21033110711,1602.00672150496,431.404949954952,2121.58514273884,707.242384908936,1597.02372933316,1409.23232060834,836.527979558078,2718.70922427674,870.336169147767,2873.79690029163,3413.88719916729,228.152000989212,930.637828150386,580.685855609611,6.97664265362789,840.974717599829,1082.00455479776,0,857.713698224087,0
office__29.png,4618.49092224896,1576.00394581996,269.512045449142,1341.29945273611,1360.14443612895,697.15057532741,1665.31826133857,395.714994882359,1682.77041370395,997.986753087465,1200.24664215107,3882.52703576406,993.129628773011,3332.12541385121,2910.96867079098,361.74861058728,592.312123815846,557.07125896447,22.026371228603,425.445383338109,0,0,1118.0070600125,0
office__290.png,4701.25684818459,1405.38257126516,102.446573309632,905.796102554763,945.899224047009,392.678210263829,2339.46941479214,309.6818029102,1237.91594691312,843.726595068896,557.805500627749,3241.82893352274,987.826359362192,4182.74645821986,2937.17482977496,211.230558221503,873.222694479158,2087.95550621572,10.694121815916,661.384892345653,0,0,1063.87685610521,0
office__291.png,4885.05967570492,2016.06261136335,285.389141275037,1224.44806108855,869.070622716518,825.349911333742,909.068205390641,417.92930215154,2064.94496349757,1817.79870064474,585.695033508019,2775.630980179,769.470745858458,3427.45346392324,2359.14744089202,394.154611312687,946.706735751676,1689.53756282263,0,457.551496523901,0,0,1279.53073406176,0
office__292.png,3204.74163082243,2016.98752810046,156.797961960542,1311.59163581361,1785.841789573,450.432811584571,1992.30550474803,598.240495335459,1169.55118410094,2148.55034086917,564.186310850314,3671.22776553147,1042.03776107895,2790.27223950315,3365.96432168868,290.120329338041,730.272213410326,1186.02595513379,10.65279732977,644.78627213654,0,0,869.413151090753,0
office__293.png,3357.11919631522,884.43812047384,212.28954161067,1264.86899488803,1156.43254063301,643.081537097102,2469.57155537135,881.097809770883,1801.43763942441,1336.48562104105,1274.15135249225,2988.70071596754,1241.7579920775,3345.78104905834,2631.16895083217,293.494162364736,766.858247560628,1723.32161506811,36.702477942108,497.183050060033,0,0,1194.05782995102,0
office__294.png,5021.55690041736,1815.39737408032,213.65309782535,1432.28151369627,816.874415755595,585.145953249665,1576.19570308823,607.176017847496,1854.51543242321,1300.00727965057,769.374001500959,3055.24131237452,498.625174512321,3867.80552620749,2793.19342766491,130.381994343555,466.016523338803,1498.25077646234,40.951434291691,404.482314928781,0,0,1252.87382634056,0
office__295.png,3528.62704406672,1037.16128996324,187.46584619586,1795.9882249826,1545.87504866755,491.128916171666,2280.69472299957,1141.842045928,936.689149643007,1530.81923298934,1223.18841623786,3425.91824762959,648.163097164158,2428.24289690504,3683.22243233576,207.129588320944,1015.52502436181,775.989586078199,8.57808947666385,825.752948653218,499.585821945925,0,782.412329283291,0
office__296.png,3562.9853798225,2760.05981944452,197.513809332886,2117.13652784027,1039.29098795702,711.944921405618,1440.08846078895,225.927774466106,1162.78240934628,1867.37617185726,615.823928949012,3857.89830986034,793.489118037989,2999.75099177319,2368.80783342265,181.642877800377,701.022166711626,529.701975701133,37.2814638526628,457.431775552719,466.852325330782,0,1200.69255514581,704.498415600313
office__297.png,5080.48855811439,1918.70494437283,272.357449030422,973.177212814378,1163.87094067596,790.080794865928,1248.08535887379,416.962091634881,1580.50471882986,1534.62637056871,701.98047521895,3379.89263148301,937.076928601732,3391.8951454097,2629.17230298845,193.571251914077,553.871846059575,1347.99210280232,32.974319112917,824.965595928425,0,0,1027.74896069968,0
office__298.png,3611.42252860203,1291.77059041498,154.376674515365,420.874449404795,839.214636165865,1187.97118926446,2273.73633551025,815.583761786688,1860.69184073143,2339.98830646483,763.754227983239,3608.06360520151,986.710827940237,3333.77100394393,1750.2025552049,337.76600771291,938.958432726128,1438.69413508235,29.5015443649434,557.245956292207,0,0,1459.70139068696,0
office__299.png,4245.00806192603,2012.20365593149,149.96213520912,2114.6778187233,1156.77426819816,297.817114875513,1986.85567916221,460.207590683401,1667.46451397407,1001.45347341699,653.650256767638,2810.44728940046,456.563191147889,4014.67767853373,2384.31388581937,186.939977441181,472.174376935014,1585.50038980213,8.50179818239,275.331813112372,1104.49467091933,0,954.980359838195,0
office__3.png,4685.38438114167,2396.29434133734,154.216280782534,1868.16577771947,2095.1478155472,331.343327503487,1516.92790366808,255.471083905967,986.60454600572,1278.41204388635,495.955736460432,2756.71594123037,522.961805701173,3130.29993101842,3366.93691768551,128.148087883252,833.257422004698,1299.40733661183,0,173.052535655541,1104.77565018055,0,620.5211340704,0
office__30.png,3492.94210121491,1667.73527676123,163.462256433972,1118.78486835593,1234.24733870674,461.069164712924,2438.30429512967,745.222819174347,1396.55702334162,1612.59511146824,538.193849568184,2967.5908406384,1050.61972615589,3721.31774087679,2972.94032117617,249.714736604283,651.782644275675,1654.95925247837,37.0391610710902,540.198492623226,383.421141218546,0,901.301838013813,0
office__31.png,4952.33825831318,1246.82388843567,186.842148819659,1035.75914849292,1573.69735628416,466.915322410896,2106.21007456837,226.974992028128,1853.59334287814,1045.01284947051,1453.51083626956,3358.35655608352,598.23701351431,2982.57983022031,2811.42658909699,214.881745689152,967.55891072676,624.031215882434,47.5609099515566,368.06980198621,698.834824828359,0,1180.7843840492,0
office__32.png,5238.18892343041,1455.03306817556,188.042751421427,1339.04566308444,586.879052604087,480.703603533973,1644.4731477815,605.246234550369,1283.2983625621,983.694347223062,1118.55733993009,2778.54889181513,506.499537260463,4034.10850093822,2650.49693396427,264.031194157761,745.317724827145,2186.49451892778,24.0671870623699,326.194535964632,432.414937775315,0,1128.6635430099,0
office__33.png,3317.13315069084,2612.09352146388,123.969125714549,1228.12231226939,1250.95760734593,589.902510713762,2846.04913505282,354.745559062207,1556.41271560415,1755.57912437606,751.773305200115,2862.24834518925,626.048045239084,2510.56559667685,4867.46730277829,215.994041515128,1224.9592818312,0,11.074190856677,781.44515784287,0,0,513.459970576944,0
office__34.png,5015.46868167107,1278.93299463808,275.221105560248,850.038930385509,2468.22206877828,953.842375152873,1149.93185156306,595.161964530925,1941.84094839938,1704.78754598469,803.013305549364,2582.71381405607,895.642060726228,2159.5973929229,3415.44920151685,373.185799748736,1152.92089953473,830.932555314575,10.9451299207036,388.515785006004,0,0,1153.63558903971,0
office__35.png,4081.33304437725,2936.06563007023,219.874340750145,1592.27027980039,629.404223024719,420.267878495212,2404.44691180474,446.637931415937,1647.39136562621,942.226403536957,1427.2298519302,3326.14711623923,789.565625165144,2200.9374582449,3974.64100747379,173.57990096234,1165.05605869566,411.678291415415,16.5778343531767,424.461561861044,0,0,770.207284757308,0
office__36.png,4357.31803476644,771.940253737362,161.410390333127,1224.12747934902,768.791005845704,376.390846824094,2067.36921828103,872.702714584007,1276.76050316601,1510.67906831284,1102.90433912036,3157.18065226945,625.651416524149,2614.32607529257,3770.68082745051,192.092116949489,686.13056290281,1257.57677995682,22.7626658170357,494.922951035005,0,0,2688.28209748218,0
office__37.png,4210.65322411003,2391.60488074847,276.443108568755,1470.09953046834,1053.44078017538,640.967582233334,1938.8404852408,468.341387753671,1465.85563575941,1449.53244796685,780.843270959373,3640.03147277118,698.849210439503,2401.22674510208,2622.22704118201,216.469094514962,1299.56009842258,1354.47515948531,15.5560072595096,557.854658166345,0,0,1047.12817867209,0
office__38.png,4671.97186483286,3292.76819008402,125.269624633891,1376.91301285273,946.212127028051,664.185357977249,1584.94650793937,196.714991167125,1978.9417833797,1641.80784552474,660.966737668782,2940.43226948351,482.938691770957,2610.93822243139,3502.22160220815,226.822926311805,658.74662916893,411.852510764278,14.5991507675364,387.056418567913,377.096851553224,0,1246.59668388378,0
office__39.png,4314.65727339503,1294.56391597301,145.627971381931,1828.27951919137,1043.71516641336,733.856203142126,1568.88327205058,780.203272088838,2177.7962418439,1465.1096775375,1022.84247959517,3091.53642241204,634.398612574455,3464.08023163658,2784.21000989719,133.478445939997,656.538426204256,1066.97315132281,42.6530123374586,701.358663350758,0,12.5401869736098,1036.69784473803,0
office__4.png,4699.97071873684,2305.87886339354,160.796881756569,1776.13685120524,1073.28121501235,774.922641302657,1371.16146154019,264.48789594499,1590.50381638396,1217.63517864904,449.932880160899,3096.19571320789,736.923518180172,3747.10246408091,2703.13405722287,188.858326005336,643.286443253233,1249.36220259684,9.31394568317233,327.657121674385,425.08468752922,0,1188.3731164797,0
office__40.png,4121.497577059,1407.11818633129,294.099997261368,1290.66519281164,931.845017027061,711.064652251261,2180.50235769357,880.095781491137,1677.22698595314,1464.56934283649,896.90695490514,3526.71323937887,708.488749704601,2396.86113349183,2900.14522609158,212.251291379238,923.784720108094,890.749899063775,16.6285908767191,423.722660826159,0,5.39689763874247,2139.66554581929,0
office__41.png,3951.21901066626,2417.65891730813,155.976084869348,1858.32625799533,1152.53050928569,624.710222975935,1882.03736962822,132.106700805698,1029.66143302819,1459.22744750685,1014.98163803411,2370.58212694871,544.129328135077,3019.88364404799,3569.2175418093,305.060586068255,820.450917414252,1643.11995460816,0,572.253669487265,606.732635760347,0,870.134003616872,0
office__42.png,4425.6614766799,2645.87067885119,228.680417122728,957.753561222816,1055.54610641941,702.86714483885,1741.13126167766,397.209459096904,2214.61305659193,1382.68812184894,719.072411058031,3372.97154228781,1056.55934743151,3012.30706299883,3193.27687798788,418.73696233063,677.974235675597,287.590961170804,10.4815612851248,459.448306653918,0,6.98770752341655,1032.57173924612,0
office__43.png,4054.95454610472,1606.9995404166,111.695231867702,1579.65002480505,1522.23457769189,630.031830542599,1863.81689392099,338.446796104553,1810.05458918298,1637.7157849213,480.414547972415,2655.29697259027,664.726301047388,3451.53956111807,2952.08800642146,181.464456265371,883.314583442488,1203.82349313735,17.671992935184,620.497728484397,637.009876257638,0,1096.55266476958,0
office__44.png,4865.72041844526,1384.76918994563,296.939079774098,1495.85462988828,800.385810677709,913.470634980647,1240.89488455818,331.56597489364,2255.30163541186,1337.88097855933,648.053993187138,3079.47158176585,765.983926963542,3846.60449142064,2766.31850956201,268.17860776749,1066.51008663134,688.498558505537,25.4865538179134,473.435472137771,0,0,1448.67498110612,0
office__45.png,5070.00374912238,1814.95817576313,255.353828967641,988.882634242429,1554.43260854198,960.839756087634,1801.17338792849,331.674305471333,1584.73174852807,1376.89978197417,696.956501382849,3538.93158782667,600.668644775088,2985.86414694766,2442.9992692827,129.285909951689,890.359153251576,1217.14380930729,33.0858920057616,560.544453970149,0,0,1165.21065467132,0
office__46.png,4074.66778353123,1435.62310919272,208.805872034576,1891.91581887566,1987.66070644404,555.653098508483,1676.57066790244,451.306993822058,1849.43135051279,1285.88626340107,559.152605103774,3430.12189387825,771.742551716058,2744.21182294772,2619.93527531747,289.159219746146,835.013971922211,962.097561542968,10.0576948273947,746.212621639086,373.95494820547,0,1240.8181689284,0
office__47.png,4468.8584221051,1251.07433592103,223.268902169781,1108.4063107215,1315.76319892001,762.807596655106,1677.31580644685,611.166184661469,2253.53390808021,1548.20600194572,1122.59766606894,3859.95734136001,942.391812218459,2447.49259249547,2234.35979981667,228.272921189007,834.95769097009,666.072451918235,26.548725373367,475.099998399506,0,0,1941.84833256349,0
office__48.png,5266.68973973912,1512.86173764837,260.275558930514,1281.01530714051,956.200361981113,952.128306587098,1298.23270754069,354.402246648101,2416.33550328395,920.127205906409,981.750115659326,3063.91428932357,889.750713635028,3593.45214536673,1177.80692108824,321.750529690661,536.89855630341,1729.13145204605,22.4337963475709,862.879315344014,400.407968740581,0,1201.55552104894,0
office__49.png,4461.59245007618,1280.49198433426,117.278696719445,1470.58737086188,1168.76985241225,745.85598233673,1781.8334837649,259.536971616858,1643.83304371851,1275.78961302415,753.979882703101,3276.40426474601,642.201582161776,3507.84253615404,3149.13787902807,343.945551055578,798.196072500175,1067.49013345124,24.0499490555306,505.278786614164,0,0,1725.90391366516,0
office__5.png,4754.83605863713,913.596052939014,136.289046751368,835.135420294298,1725.22520678706,643.884052614365,2099.18705299687,1082.53688135947,1695.49902129569,1271.40865919647,536.258303202607,2069.58198736016,848.270447387889,3038.50660985627,3587.29728453101,146.248109817907,1286.54110779405,1465.40922400515,44.9142516694346,351.730166901665,402.039383442264,0,1065.60567115986,0
office__50.png,4173.90439509494,1345.7689774327,212.929440680301,1517.09275998406,1813.18877476467,598.154857452807,1742.9421646473,357.414014817938,1379.58044060458,1732.10436451114,533.78195455619,3167.21956682737,582.492885135713,2498.84448144823,3271.52981561938,230.817138815622,1033.29229869923,1370.58587881556,20.6462918112168,641.079710159658,0,0,1776.62978812139,0
office__51.png,5532.69120089996,1822.17362252773,164.484514501194,1992.16469258637,605.612295202809,728.64256305468,1197.70433018813,430.699837487135,1726.62082106667,501.729809991544,702.984163142747,2523.3081823557,642.375654650796,4049.47016166891,3754.06332598095,133.3343116832,1020.96508077268,1102.88059304081,0,369.684314288113,0,0,998.410524909882,0
office__52.png,4336.91843545044,2016.85062832437,241.412769558102,1274.46293140225,2324.74407828345,794.604721905655,1598.81620285466,649.374388984817,1860.60973934506,1760.8378578814,1075.77870700554,2956.17835953756,785.418186422377,2041.40842398927,2935.55859963976,225.465008391897,812.653367314743,1211.63581001386,18.0813775969759,354.927997829392,0,0,724.262408268424,0
office__53.png,6556.73566388225,1641.58844393477,165.398931059369,1213.7153612848,1007.53714267686,620.139994921797,935.958488472052,885.140454096678,1939.81274875798,860.467415814946,259.92372593907,1594.58820323212,275.33376783979,3242.57057368867,2598.04398316302,149.208081185364,503.226317616539,3082.01613886571,8.58122152079494,197.489736042657,0,0,2262.52360600476,0
office__54.png,3681.73818885329,2534.52475509012,193.889289562136,1760.10835535714,1367.21944292591,583.089858980365,2090.50283250571,1341.26787743646,1384.89354545918,1641.06124285792,1092.92540876751,2613.75620111323,638.903068204145,1631.47524684174,2918.98569791718,165.564063426277,580.771878743164,1349.90599629172,22.1222487955273,293.386878140109,955.479410676191,0,1158.42851205499,0
office__55.png,3572.50700406281,1935.37092040563,178.623309903514,1466.47335923742,1322.05730289839,553.143920078546,2179.7443285971,475.538192689995,1468.61211570261,1442.25883640502,1163.63999946996,2589.48130399524,967.464508578326,2609.52462150951,3926.12760476915,350.423357110758,776.394834232979,1284.01174555095,21.1286060085777,356.315442235656,0,0,1361.15868655788,0
office__56.png,4679.53139837381,1853.01134759703,140.7351561706,1864.22083310213,709.2976295217,631.272515790763,1517.4445340363,450.716204462909,1056.39643265157,1286.75056661537,710.429015173355,3894.73151086863,404.646232675106,4362.61371604631,3346.09469532699,230.20873628626,844.48322829019,930.769689191455,17.1976989110304,411.98859488105,0,0,657.46026402746,0
office__57.png,3611.42252860203,1291.77059041498,154.376674515365,420.874449404795,839.214636165865,1187.97118926446,2273.73633551025,815.583761786688,1860.69184073143,2339.98830646483,763.754227983239,3608.06360520151,986.710827940237,3333.77100394393,1750.2025552049,337.76600771291,938.958432726128,1438.69413508235,29.5015443649434,557.245956292207,0,0,1459.70139068696,0
office__58.png,4663.76938635598,2085.95579706986,194.999399441276,1469.85166228333,1428.4369851125,653.45544671322,1627.89768737728,707.858097612922,1339.48959557648,1281.83375312493,468.777740043076,3201.70723336588,705.523579487548,3231.3866292582,2915.58940021784,237.460500131153,530.35377363343,1694.75892468531,13.663431239782,522.131539442809,0,0,1025.09943782721,0
office__59.png,4472.1856430694,1944.52031349281,213.862660477555,840.231817440713,1183.13899043259,732.173518444602,2138.54807800842,592.16204003182,2677.05515398865,1250.62245185592,548.230223787565,3543.74721051011,947.878792623602,3473.7649160844,1925.21750945696,290.324611804787,746.27454076835,907.943947122119,60.208605197154,295.516471736485,0,0,1216.39250366598,0
office__6.png,4808.66825104745,2413.34852060967,142.678114206289,1646.39291891486,600.419626146745,713.49691072254,1351.78043354112,536.859616250662,1204.90916678528,1258.04626705057,639.406413541626,2330.65316097357,718.027497188793,3952.42056082702,2469.05567152803,194.436956215516,495.578563540681,1984.95674896007,22.6476760416981,331.418261258263,1154.25022682422,0,1030.54843782533,0
office__60.png,4614.18868495171,2032.36706556649,176.564791707855,1030.50628459957,852.338444182338,606.001025862366,2049.04629008277,304.948303779542,1916.39087232712,1388.67759049237,348.241890244409,2389.20398100682,664.179042444865,3132.85725407467,2710.047644564,226.226266104364,795.109490068612,2201.79168453184,27.1758413243524,1101.61319965778,0,0,1432.52435242617,0
office__61.png,4286.86431662613,1343.6606215299,198.215110781301,1191.7142161886,1273.80356869093,709.733888610925,1376.19919504406,572.644463934101,2015.85913092727,2103.75315020368,830.911619779017,3222.39358546812,767.559120905732,2756.58024183134,2061.79070864586,229.742903620218,1342.17246741891,1792.00757556652,44.1670974115734,987.857995580271,0,0,892.369021235531,0
office__62.png,4245.00806192603,2012.20365593149,149.96213520912,2114.6778187233,1156.77426819816,297.817114875513,1986.85567916221,460.207590683401,1667.46451397407,1001.45347341699,653.650256767638,2810.44728940046,456.563191147889,4014.67767853373,2384.31388581937,186.939977441181,472.174376935014,1585.50038980213,8.50179818239,275.331813112372,1104.49467091933,0,954.980359838195,0
office__63.png,3508.41134002294,2857.89999108607,146.648940454011,1643.37667027009,783.905084114252,791.666021921214,2329.09012352074,443.190763717222,1471.69571572408,1575.42153857607,599.754543675744,3773.92066143832,763.796896382634,2613.86966112467,2547.38672470665,168.354140214008,616.870610779534,1268.68193575573,11.54929101352,477.998104784756,0,0,1606.51124071775,0
office__64.png,4226.37911674384,1545.26603111844,195.415250878884,957.96794804376,963.71779995325,887.394145636956,2047.33272279789,548.444977115866,2342.70351759448,1547.67711819784,1013.50422896395,2503.17252991937,939.978800455202,3136.20957043163,2839.71828877628,252.71011618258,933.486320276571,1231.59626719403,27.9541775788849,318.706315303934,0,0,1540.66475683636,0
office__65.png,3981.52480341466,1712.8260604164,186.117755583638,1318.47580542251,956.914127500639,646.060504158257,1684.86909741357,265.561876050518,1665.94164512669,2091.41125551532,826.289621718665,3512.00398265392,668.532123110093,3780.53775723107,1931.93451242134,191.081631948789,963.339893488395,2057.94160005616,64.1052831750586,393.935606437188,0,0,1100.59505715712,0
office__66.png,4542.70565353278,2172.20706581174,189.177649822379,1337.91263180677,1645.3967409346,549.490385958858,1809.44949427762,541.320218122129,1307.53274759666,1235.44495662733,545.293222826164,3163.99738859339,871.081342112475,2839.81487109791,3564.58972332379,156.205667535686,749.39228095996,1225.21210470493,47.2002541073271,458.447637593028,0,0,1048.12796265446,0
office__67.png,4717.72838787269,2779.1419888773,307.202148507198,1204.40926601544,954.388367805983,877.996620442852,1731.15792434821,318.745189975534,1064.63471474437,995.5826396068,604.440189392768,3197.03730248954,1056.27138480708,3776.84259180298,2387.26594204582,257.206302073594,452.307795046245,2165.86327177022,37.6440952761851,243.116234274667,0,0,871.017642824519,0
office__68.png,4824.39180261775,2166.4752710677,294.404668338722,1186.30584057966,1027.56295163176,1051.87632202953,1908.5266829589,446.735917081584,1960.72498740153,1226.60197005766,838.555661701421,3691.88251042081,666.22904934707,3503.23602756647,2584.66125270897,178.471754867423,559.47001898296,416.450259100436,9.47289957153905,438.29393567213,0,0,1019.67021629597,0
office__69.png,4875.18490113644,1473.98789141462,176.855565566171,1216.79216031069,686.173692965776,578.889552321072,1711.92473905327,255.235940344561,1700.30577377191,1364.1485666709,751.302778891041,3306.16389457258,647.653097753657,4117.90655004143,2758.19638637756,165.288687180576,652.563770940005,1479.58882739072,19.0078478944626,541.97196837784,0,0,1520.85740702473,0
office__7.png,4762.67624704255,2095.93019762227,271.310987072351,994.278760189305,835.576534619925,467.693992821932,1548.57274674942,342.213493639566,1833.72436630797,1568.39256390741,1114.97446179003,3466.96569001042,822.00759105574,3183.52910738509,2858.20311781041,290.430318884744,752.029068886559,1102.10184597693,13.6417721708359,502.809130569686,0,0,1172.93800548686,0
office__70.png,3752.80581698089,2835.5022900709,127.932099924906,1396.9407694001,961.072986300678,341.644871479569,1534.89483156497,553.569491628498,1610.26476764119,1949.52078634771,602.523096958754,2964.7253913284,963.418936006184,2825.86077205859,2734.78145838248,380.644084452393,666.954978998627,1552.74510759019,21.7747752477464,366.273539565124,667.906303653269,0,1188.24284441883,0
office__71.png,4232.86866444326,2150.71277122774,163.653095773458,1649.97945444569,684.408847613971,589.798962870515,1936.94708703189,492.079572618823,1511.21968506874,1207.62206436497,963.055389238594,2516.23128912892,735.011244193771,3683.41556318387,2531.1254512102,195.633208848643,1104.5421706714,2687.97151594817,41.9382766717735,312.017761808072,0,0,609.767923637532,0
office__72.png,3398.83897865002,2030.37092334075,179.582549557821,1998.17690460174,1927.90195806807,571.21485415021,2212.37706743801,448.296473930018,1408.56780001355,1306.34060060261,290.72480567472,3106.64157729561,757.651670049814,2741.81860490339,2773.02420173736,326.614778657811,727.19330000655,1960.96901724544,0,892.545870674297,0,0,941.148063402203,0
office__73.png,4474.67275244097,2134.3390520125,249.572521859185,1833.92021532227,1121.25611041876,530.746144378001,1785.25525457867,501.600706076782,1319.44949337646,1138.05635080006,572.537672894453,2741.0113782238,568.381374917811,3224.37649589777,2566.67387580894,189.677208147366,942.834830429907,2232.27355844332,10.0368437928605,411.739524093861,360.273027910299,0,1091.31560817597,0
office__74.png,4358.73056432372,3946.08127614902,239.210584522281,1363.16916630595,792.463295632693,443.641269770979,1532.81287890279,472.67169855177,1952.36459436645,1855.93851129765,610.245210620139,3695.87407636625,714.612699489723,2227.95734859483,1642.40739253986,174.736179680155,600.70724569152,1431.92017137314,0,169.029990471562,594.581911061035,0,1180.84393428846,0
office__75.png,4324.6623757666,1905.58372578433,336.630034055157,1034.93142536543,1895.87209190333,619.404668930009,1835.99446619317,322.687434945816,2251.01203368309,1400.7208678741,372.798550897876,2705.40808599117,1022.89345849828,3411.09173982381,3615.40172892709,371.4174380657,814.763716635135,472.143448413481,9.37996823671653,559.480966605425,0,0,717.721773404274,0
office__76.png,4903.361588472,2417.49913240632,245.399848848412,1368.66079063357,1558.73699314392,1186.5249297369,1488.48450322409,540.471474435414,2258.21765552492,1398.36155648266,801.317204021132,3543.81831497249,628.202882325052,2416.23115064615,1994.95781814688,173.034359252337,759.344543768315,422.946766769977,39.8943196102804,459.605270380106,348.134666000414,0,1046.79423119864,0
office__77.png,3907.61081169993,3027.69698627442,170.47344656292,1256.44754147776,1344.62915739419,428.766151853483,2585.12326562188,206.440562431325,634.571252828619,1153.31661516469,558.699815520349,3273.55879854393,860.786054778046,2182.40969266798,2362.06832088358,177.067019604685,942.129727479615,3130.56202932747,41.306305553889,1189.93043100222,0,18.3423860991289,548.063627229899,0
office__78.png,4737.38053112443,1806.8543323304,210.383576090303,1026.15695139238,1601.67227731293,731.800530748879,1097.51492755955,506.905094714758,2130.76410293862,1692.76134767607,828.673497017042,2587.58510142619,1092.83833007226,3135.83795655899,3407.00048039171,307.181717488485,690.816938618861,932.4662084043,46.1661946868352,464.332624487739,0,0,964.907278959289,0
office__79.png,5585.82091876309,3761.93203849273,175.427076245795,1119.3666865605,561.502724229626,698.901577647791,1731.8050793936,162.93573547519,947.00370724739,1049.65476997301,720.842305395371,3538.3623199807,347.699377151576,3343.50620167307,2471.99892621735,156.267523518331,680.213543053271,2168.30639266097,9.38564463990054,292.314523736401,0,0,476.752927944337,0
office__8.png,4968.36662748383,1716.4330700645,254.441013333976,1579.45804196978,974.327050753053,877.062192092484,1524.03559573279,710.527803469826,1875.41450781118,883.382593850308,758.16032112577,3410.99397434187,744.653032432698,3300.02350394691,1264.44200474008,289.978123342065,522.206114718795,1872.71413770556,10.1259851885259,838.263951180355,444.932169974843,0,1180.05818474079,0
office__80.png,4648.6849110168,1666.58882235596,255.855504235013,1481.73918538951,1313.34117426578,831.117138221191,1567.36612245287,241.508943521486,2249.34314651347,1023.81373786691,746.601573261659,4042.72394571445,1012.24060005735,3743.69496833208,1316.98400285399,266.155443216555,559.514584869751,680.830698091528,0,438.99907610369,623.145564370354,0,1289.7508572896,0
office__81.png,4270.61194081767,1730.24845228035,207.55726520393,1186.07462450597,1169.38133675441,807.406300781025,1742.23057613703,509.358552181273,2022.61817160421,1381.3820495293,1009.64256279895,3859.88192289222,1019.26472213113,2868.48436140297,3102.53633951861,388.11827554638,934.658138108214,0,6.50212971553768,460.004030444332,0,5.81568161698545,1318.22256602949,0
office__82.png,5456.14405230829,3612.24315210914,235.911773054238,1218.97776640814,1447.78754515343,484.586057048328,1292.54242022117,220.076465631598,1448.87263226209,1335.38434012702,392.022303757975,2645.22055915438,560.303875688005,2463.64700782272,3936.5723371489,128.276199404482,1058.25528913664,1248.83664133206,8.37134584289195,272.184859341632,0,0,533.783377046859,0
office__83.png,5398.22292132633,2463.13760852835,210.350872548806,1732.96219210717,762.382504613601,535.780483442481,1013.15189492106,362.880638818077,1290.06990766226,984.912256542926,464.787676644735,2943.48699924624,667.189668225846,4257.07325925913,4097.70912268897,203.56106687666,676.993171270237,922.60261441124,0,414.404115081185,0,0,598.341025784685,0
office__84.png,4824.90234287366,1753.19012310367,165.83461731059,856.776306833121,1190.93926396444,458.950660611081,2333.56213980912,335.808848677797,1908.50419415834,1023.97973932052,804.108445540279,3214.64573668422,749.076661666804,3824.57721365463,2207.45427216391,192.228501692441,480.655486403432,1381.43348864669,19.4743078043351,279.047787157824,663.177030425167,0,1331.67283149793,0
office__85.png,5320.10247472063,2522.96476145134,225.598789824161,1194.24671304297,793.060412787098,910.611429543282,1225.41080593491,437.713863721391,2547.53845284189,1247.21544769917,766.949793460939,3031.41742892768,738.020606734214,2827.29087663541,2145.1322032906,249.663082562491,667.464292310419,1139.70169557239,25.3408693056092,303.538703083402,0,0,1681.01729655,0
office__86.png,2995.60129973019,1308.80485065176,120.67148275968,1649.70420695677,1074.33984704143,567.088093610903,1811.01849090204,846.236065643127,2227.37423115151,2077.36707440567,1120.04110418185,2789.40985363628,1130.15914517171,2915.4089841307,2409.27120900256,309.192885967411,1270.90104096272,1175.76914764696,16.0742184512528,556.632823434945,710.415982192099,10.8826784149542,907.635283953485,0
office__87.png,4416.95571465415,3082.73057460603,134.813644288151,1077.80312264362,846.582682170529,445.812665672728,2038.82241717837,362.574329215379,1634.76644826897,1258.22497885807,596.213270899945,2926.08647756965,932.175628772624,3236.13591275514,3031.45615602685,211.562452166932,831.546123438247,1827.06460817365,64.4556857262388,288.87902358629,0,0,755.338083328431,0
office__88.png,3592.89259867413,1554.26380075474,120.537190648494,1414.6324388698,1082.91899181685,534.393911078515,2357.24893202345,582.881303673846,1658.69591717271,1443.78337300409,1314.20431806064,3524.4317162505,942.185222816082,2111.94638566755,2428.35632910988,228.99362544511,921.600951561619,1733.5849357399,20.2638091673433,718.877832276837,0,0,1713.30641618792,0
office__89.png,4396.10486209496,1403.23250626237,214.026567760138,1388.78317061034,1551.29468780128,669.654237880862,1757.96230469968,437.762462948096,2457.98476837568,1299.69300169744,760.732328959712,2317.7809000009,868.652631418866,3389.83534396972,2514.81346132371,271.924050518015,772.046117282675,1412.01062122932,16.8799789606889,653.172795266741,413.729443429385,0,1031.9237575094,0
office__9.png,4120.28154282418,1902.74188793269,228.541810446392,1147.57202237555,928.692852153765,810.488118415738,1901.55641400067,649.324553431007,1661.71960285327,1434.27676670809,1018.95858522938,3107.81886479664,992.415282966875,2928.00959109677,3190.3631055805,388.872540559775,760.217043503108,1001.06849790745,15.0254305648671,281.008073388346,0,0,1531.04741326494,0
office__90.png,3768.17714967752,1237.9770503502,285.896030686341,2049.92746806291,991.913875242667,762.496585514991,1586.02313981554,718.100993146213,2074.75507007869,1510.40413774999,699.069923022675,3061.65213615273,877.715266129203,2734.43836867694,3002.1115530984,197.603118004979,1470.31023615216,813.088624468841,10.1497205598646,934.00447461627,0,0,1214.18507879287,0
office__91.png,4555.98487859028,1264.15561931916,161.51445575775,1679.70619979182,1470.84829644376,416.779265521914,1369.21333554305,685.524677223214,1289.78182621557,1268.45784696224,540.281267874866,3193.74413883533,908.026393760264,3659.37136636988,2803.46376706177,179.565232932701,694.254344391856,1756.33119306461,33.8536478596914,668.006293746971,378.385353543056,5.19246455995218,1017.55813463029,0
office__92.png,4291.63977652426,2104.47585651587,256.525417313879,1322.9457956253,1065.91545570729,683.110100898027,1905.42541558742,708.169244513882,1561.20522822402,1281.04496154755,521.406233336604,3883.6911553693,1023.37277197467,2868.47122640207,2748.36077530636,167.78669632743,896.85267749209,525.317845659211,7.78458241338353,325.430988313019,341.789477229208,0,1509.27831771917,0
office__93.png,4968.28410626343,1710.93759551575,167.780818039893,1710.02167461876,1684.99547083735,696.9988443059,1052.87674945269,234.778547282639,1694.27503064817,1306.02882300744,1371.24722202861,2634.37515921163,718.908121913679,2634.53044252227,3704.6350184553,211.898269643222,938.162026850602,1101.9351293391,31.9822551007818,510.316415662142,0,0,915.032279300648,0
office__94.png,4004.34702380125,2104.25985064126,130.202305026446,1023.25772128322,924.561441757801,782.517702259719,1727.84134124951,391.501917294158,1974.7526740687,1818.83702040569,709.603682774082,3107.20140937606,1035.97973619438,2900.79662259922,2654.92248732406,376.506930315002,1147.61073746506,1350.40342194501,13.2302267509439,724.636589656902,0,0,1097.02915781152,0
office__95.png,4661.79958417824,2814.29980339964,167.607911894236,1033.87967370271,1354.97327928912,674.675154916165,1829.9960405082,222.028404558234,1793.06965870882,1508.73937979894,701.485791828495,3678.19629647129,758.392870351038,2796.35996454617,2705.14463472748,197.8996756403,929.95340415514,981.30634328201,9.29277582056209,264.987238765923,0,0,915.912113457276,0
office__96.png,4847.07992288739,968.29020817861,137.757274047979,1293.80020913261,1002.93962129609,567.637008609587,1490.94542574735,714.494947024172,2213.83037817473,1319.21117647459,949.141841665022,2825.88610616635,841.026915077877,4129.38289117387,2839.30970749511,192.668739294545,656.861666927756,1415.57952550624,0,247.674797184474,0,15.2676113856261,1331.21402655001,0
office__97.png,4234.26393993916,2349.06451675987,99.7844437843447,2042.71410898307,1322.82487972092,446.591460425281,1250.42087208981,517.617577699736,1133.98288126124,1783.7584152304,361.582464137625,2123.30300555006,583.012065082386,2917.37865483823,4044.66109552025,93.1431816136979,840.229436430701,931.286301019117,12.6874170614689,382.188696403555,1220.3908124397,0,1309.11377400936,0
office__98.png,4841.89150659812,2296.76334739725,200.093617073579,1201.35592349705,1163.22317220999,824.703948999325,1864.65012007129,390.097809855157,1901.82382762516,1166.17343930879,490.909249477124,3591.77248295522,729.63717954198,3635.84302536602,2569.37217892957,196.291830982773,722.925025716851,912.233944417143,0,379.810845616327,0,0,920.427524361274,0
office__99.png,4025.83363050477,2225.0235163859,185.028106118727,1579.02029475165,1199.04793737074,506.813577282487,1479.31058753254,352.603896459393,2638.21634874278,1714.48384143609,888.686449625225,3376.07972701998,992.483511906699,3296.10286654921,2030.62990393275,177.723725363769,552.745935687894,745.499841237397,31.1444085044816,574.685395008325,517.732495665873,0,911.104002913306,0
restaurant__0.png,4218.38223460442,2747.27641663081,153.033966789478,1211.98373503655,972.235898545582,696.104248145729,1415.94036263539,752.00897137704,1906.03438032141,1957.48022429756,901.451128578917,3912.63334183611,945.768041413944,2669.89226045063,2353.21916779934,250.445402012137,864.514653473576,978.974895107932,0,518.489322904138,0,0,574.131348039312,0
restaurant__1.png,3677.90538881674,944.573652012236,151.133063493898,1592.65730079852,907.330252943106,375.656287775175,1891.47985502339,657.257534117432,1049.71358388785,1338.28671863398,824.550426127574,2950.8871132869,1150.67090350893,3347.7733376893,4127.8020824643,301.884714944346,1608.69193131683,894.02355789549,47.1151182740959,447.140017698115,450.784311196386,0,1262.6828480954,0
restaurant__10.png,3342.72337146748,2690.11528287546,131.502199402869,1898.35345468445,1083.76149978802,311.558621212264,2011.10423692011,613.806151605604,2258.45890573813,1511.87281164394,1141.15912680094,3399.5156207013,883.455107823193,2030.69284877563,2596.87406228171,311.263284993963,1080.75115476676,1302.09059066372,41.2277324668597,609.811184963456,0,0,749.902750424123,0
restaurant__100.png,4758.20973643785,3787.83442236818,187.632502050467,1769.43593046532,922.361580672818,728.357937816427,1266.2184138202,205.916192605927,1781.71817814334,1125.01279761412,796.802828340146,3369.959502472,777.392904055737,2177.60864242577,2723.91611715921,290.534631514685,632.578108133104,880.729480508154,13.1955860920882,367.750181338094,327.686281850406,0,1109.14804411595,0
restaurant__101.png,3431.3758965502,2112.89951224352,87.8916695583438,2107.5358462651,1421.33668338848,219.207262094692,2117.9711443937,242.761540705114,1005.93790715032,1458.68532801963,628.446371047011,2493.58083935999,623.273530165479,2508.92338862017,3985.84273102836,230.041790589675,861.556983295455,2207.53959080829,31.1164640162232,717.115511700375,0,0,1506.96000899987,0
restaurant__102.png,3460.89839419085,1937.19108274672,82.4139669014633,1110.13651644144,1261.48191335358,744.004122782034,1668.16735271013,300.088316256794,1793.62989387399,2078.54266692838,949.957962878193,2839.62808787556,1190.15242251519,2479.32386254287,2910.33586062959,481.274510201302,1237.73265889881,1629.98806793737,10.8281370127193,633.986393809106,0,0,1200.23780951392,0
restaurant__103.png,4902.3166732044,2159.52630229461,181.510202274105,1449.52567787124,1228.94855259827,571.730891125907,1536.68546288139,309.932059724438,1171.94940635958,1160.4639763328,616.67586877133,3210.39142297229,647.635743845604,2625.85962181757,3601.04143608853,254.799388531044,878.459474184498,1263.37664117958,31.8221476721272,301.164468525953,0,16.7509296613876,1879.43365208333,0
restaurant__104.png,3558.66140171239,1886.92698748603,143.035726287093,2085.26290733983,864.747628262661,672.841908949638,1875.35729324454,791.595509791053,1554.02396503006,1330.3556900416,1029.11737014766,2332.89810736948,797.922125046253,2713.30786333392,3323.50642250316,312.524519459211,1109.55193180074,1535.93500459482,39.9160631561685,723.365165923827,437.75886526576,0,881.387543254098,0
restaurant__105.png,4597.05690601287,1760.54043558505,258.281068334325,1150.13178164914,1293.00972450024,820.732574075395,1293.28994215401,402.785733901757,2247.42597447936,1498.95277159326,804.451834538944,3499.8058299822,1137.94706403127,3199.82331045826,2403.86813851067,306.31079098966,1053.10197990355,769.886414618041,16.3107435697888,369.364071348961,0,0,1116.92290976323,0
restaurant__106.png,2935.79842574477,2775.87893921579,182.772290301504,1088.58999615751,1200.14765925194,512.304724181642,2267.05226233531,450.716543229363,1591.66034241287,2398.0053161482,930.268056222915,3049.72878821976,989.943053652447,2819.90366380683,2757.81340968091,301.844164459981,760.567318680239,1905.72044520331,18.7667815017853,450.754386696495,0,0,611.763432896426,0
restaurant__107.png,2805.70838870455,1952.80822082209,100.878751505837,1867.88293422436,1498.88099626897,263.070727412885,2309.27732655259,355.197411080578,721.495175027045,1661.76835967617,995.151803029748,2226.68329251251,1177.71092083205,2087.97078511227,4030.33795996236,163.944282081298,701.407073754309,872.634753622667,13.7077879289785,516.202299912752,1784.8993399567,0,1892.38141001928,0
restaurant__108.png,4289.75943442923,1527.33735200924,241.914275081244,1116.94973393897,723.815343148145,965.537522971525,1678.05551200773,631.303287711033,1458.24731998639,1764.69567401645,793.985034239607,3168.75315350556,868.509748235081,4305.41433770927,2749.7943555316,256.675859998468,775.626237197025,1020.68019563096,25.3540373740647,347.617160681371,395.073177292725,0,894.90124730431,0
restaurant__109.png,3664.984802954,1308.83699823399,45.1617438650095,1835.94153938727,915.156274151585,493.012796500208,1970.66421970739,752.775072600266,1000.35909423032,1414.8852361511,732.467397565498,3195.52485367687,873.375289648826,4109.45717659808,3813.72439754518,228.477354427054,730.252969934889,876.595554450103,11.6715577243587,676.68597248798,575.62155973231,0,774.368138427716,0
restaurant__11.png,2048.84886239106,1867.59156772233,103.626947484207,1471.31056492645,1277.84882268148,359.661375540665,2896.99239376247,475.147123815724,1463.161777113,2267.88812081124,1012.54636699308,2621.08582637411,1037.61392789455,2997.46764640861,3859.7329667852,263.982060782569,1016.58653878355,1012.84121747244,13.3640694316677,424.598043132154,579.889889230372,0,928.213890463075,0
restaurant__110.png,3944.3749917463,1935.33902110966,187.846214363964,1224.45821762447,1317.42540141398,631.719711456179,1825.9382614325,892.927022701005,1813.90519647119,1672.63104092098,934.370113806939,2906.5306827613,924.946168965664,2508.55432407349,3497.86372210421,345.743932013649,598.464833120189,962.134472843149,61.9073872964318,1010.25561880564,0,0,802.663664969103,0
restaurant__111.png,3776.35621254116,1508.33818622347,237.251201173343,1188.18930461023,1380.13458594732,712.873937838344,1822.50127153955,487.652154479619,1729.39872581609,1808.7293566389,653.024167878099,2491.48314260063,1012.54488093979,2546.68767049042,3208.8987353173,370.344247869633,1124.2162382835,1202.53475842223,21.3347258607298,956.392634395959,417.559498832055,0,1343.55436230162,0
restaurant__112.png,4344.1257987287,1727.30376391581,128.48782371965,1296.2127353392,997.137488571632,518.61724965432,1685.78341661843,700.954127799637,1800.98297374412,1479.02382075438,887.571950416357,2824.60766515583,904.20719186463,3060.94428436785,4034.7376165354,253.313276520427,1467.9380360664,260.337945304469,37.333760174245,482.074277730939,432.228725886217,0,676.076071131376,0
restaurant__113.png,4485.11367727195,1948.5855119236,202.300307207515,997.264257598851,867.806741991699,833.376876314442,1858.78943065204,362.635050738579,2396.82698674845,1595.52237219065,820.141133812705,3377.43996233095,743.387295756784,3213.46206695789,2278.78885332621,301.539463762634,913.63052047578,911.267014072444,18.3835027670906,530.015829317817,0,0,1343.72314478193,0
restaurant__114.png,2410.34120311331,1396.17654784215,107.247057455056,1688.79944752416,1281.33511642275,497.061813572083,2080.8027811329,585.359831073609,1261.17526842692,2326.90049191016,756.736694332245,2915.62802106435,1121.12890380437,3278.34919807195,3861.81438146594,345.717223309391,1006.9005378681,967.431753655517,26.3099492057099,623.068502539463,389.641704360139,0,1072.07357184974,0
restaurant__115.png,5095.97797413983,2504.7046894752,138.821392623856,1006.99500078192,707.080657236046,408.22929716158,1605.45259588405,310.22059285162,1516.12179668527,1352.36348675729,533.17939300076,2898.78594099573,751.890671054718,3156.41232003412,3713.17526104927,168.711908756211,916.550122680634,955.531381654014,18.608362625993,365.402614406237,369.334929830284,0,1506.44961031538,0
restaurant__116.png,4405.47549002717,3083.50649728932,171.44210799673,1294.79432163547,979.742340632455,823.159074834118,1803.73134080697,431.705907750105,1756.42474907399,1497.12437329953,535.178468813089,2537.23132988939,730.751987686066,2672.39937164359,2731.44445305448,249.575942264738,823.438622618061,1652.45310195136,18.5465442800483,400.945576821324,327.845183199927,0,1073.08321443205,0
restaurant__117.png,4414.96445200682,2513.16922419675,218.09514702057,1371.9511072087,777.011327604346,586.083138633626,1279.52420256482,627.28661240107,1530.10146891837,1702.43674283282,519.603132719555,2856.56568761835,821.118372723854,3142.48844758703,2843.92661699879,410.005122662991,667.911193626322,1528.6092632036,0,688.821287151078,436.618677606695,0,1063.70877471385,0
restaurant__118.png,4291.55586592849,1458.26548978553,259.669999015844,1816.47333730094,927.105434502912,484.051992094031,1728.44070399212,222.621068209288,1674.21802876207,1249.9241492808,817.109346112328,3549.08334303917,715.310444099126,4480.30012251533,2060.40900225179,176.787824726006,625.312680472078,934.086521441784,21.5076746725116,533.960666070754,1038.48111339531,0,935.325192331777,0
restaurant__119.png,2922.44769019378,1724.43234504842,246.041359221846,1664.08692360318,1503.09288846186,469.447826233664,2139.51050190233,763.236957413763,1647.12770632641,2235.29308685091,827.218493260493,2696.6424059251,757.667126621331,2803.47194092241,3429.07152600332,259.725899588701,1001.23369827159,1511.66917628966,13.1274637990471,492.962529446742,0,8.14130744072125,884.351147174717,0
restaurant__12.png,4214.0696973911,2019.85981229871,249.375158099236,1301.95177060476,1921.93758356158,734.258074687159,1984.18397414819,977.593494110933,1832.75742873181,1400.25955837767,771.592294529736,3057.44355696877,865.242182829063,2046.30386681175,2868.20271982487,218.66635005083,724.937606127677,911.571554864049,15.6264665983814,330.987584832978,346.3915068241,0,1206.78775772664,0
restaurant__120.png,4668.21660299889,3176.744998696,199.826768758667,2102.30872052745,885.450174581666,955.349766760016,1173.76518207112,445.153263763553,1454.91430669929,1118.57014128527,651.112215374513,2079.0254252361,709.593195302402,2814.97020481511,3021.51267256059,219.876707605701,941.332307992873,2289.37105998534,7.66945020917302,414.526346877986,0,0,670.710487898295,0
restaurant__121.png,3937.89606973389,1582.4048607483,139.983856617018,1676.97426255984,789.559899456072,275.397361743662,1945.73291962629,507.395715678802,1680.49141549011,1503.76642940609,762.128499646394,1645.25555250934,715.833412659229,4239.20375727187,2829.23416783879,208.425378657014,889.210258403601,2722.74678495016,11.3715273576496,353.494128333859,0,0,876.602880461112,706.890860850918
restaurant__122.png,3754.31336380961,1531.24743123505,164.617270387092,1476.31124377716,1591.10219649471,373.820825333536,2195.48859402474,363.465153697182,1404.96568432561,1600.81137855803,476.72561749643,4008.67418383116,698.878738176421,3483.24940617155,3575.3249395491,259.91703570567,729.547356437982,472.597096573498,14.2796459483685,656.851648696237,0,0,1167.81118977086,0
restaurant__123.png,3711.27035348051,1710.57018273397,234.955167587246,1192.63281005405,1140.28529020501,574.351775598516,1993.13812915718,446.340821765071,1911.48969821763,1969.26767586783,665.490270419385,3481.52054844839,800.791102798714,3433.92117935274,3139.28253519961,317.50775488929,1021.85931911382,658.400274948609,15.3921737524232,519.237132453354,0,0,1062.29580395665,0
restaurant__124.png,4655.64516685031,2060.49351706439,212.745755806625,997.615786178135,1056.81219333869,874.285474523271,1643.99966369141,286.725927055413,2005.46023654628,1511.61438525619,544.407628472665,4075.60214612322,878.898637290516,3249.69535186102,2430.9433003504,295.81655243537,1071.2988237301,400.963086650203,16.4098082980676,778.344215002059,0,0,952.222343475655,0
restaurant__125.png,4592.11385299348,2075.45829008541,147.108595456571,1288.29423422661,609.325691937464,607.276361512449,1960.46181220833,383.484788757482,1222.62206650438,1125.98173688099,883.506336461355,3169.42648883936,749.426933475976,3389.93301352199,3777.62814997725,253.167572603575,1183.09167993053,1075.93833771,30.5538576110432,486.410229724321,0,0,988.78996958145,0
restaurant__126.png,4266.1531186929,1859.02799596209,127.090272237878,1754.20555573546,655.253607286034,584.524204227286,1952.2255880622,577.343334299148,1169.42142690284,974.878693640017,759.503964189911,3013.66894653958,747.554113568782,3827.24536402582,2682.24031058367,264.324451920922,969.774064294639,1966.25916811126,40.658478379722,538.717489809242,456.795671397485,0,813.13418013312,0
restaurant__127.png,5686.49879900476,1551.75967890099,253.472895057701,1241.04984139401,1412.30442103266,588.54892491242,1114.2970372201,892.876685453982,1871.96927049836,1064.41828222285,1149.07996547808,3606.26564597658,705.211213383198,1755.53861784887,3413.79580443942,178.001988924488,1178.19516476127,265.947459115507,10.5228378505943,219.862747641925,0,0,1840.38271888222,0
restaurant__128.png,3948.68253118016,2662.55144642653,69.5475947451123,1721.96877839391,1456.33163972103,477.307419412983,1965.6738099309,433.558537476173,1470.30816856783,1353.92142889094,574.013526798695,2539.07166076424,664.348228987867,2782.17428689443,4853.13166952667,333.725211301193,1263.6731113736,590.633486983166,11.6800113150233,305.475058228097,0,0,522.222393081454,0
restaurant__129.png,5566.77776867499,1952.02980697073,344.024537174166,1119.96293143443,1434.96564886362,743.85817680005,1137.27885434704,295.988089324623,2050.39395420329,1304.91077555146,664.109531922861,3065.95761788653,632.13143620165,3605.27497513413,3110.89834819654,211.629274975141,969.854952729322,684.867365739421,27.3089588152879,296.156943618307,0,0,781.620051436409,0
restaurant__13.png,3290.61499318804,2939.37371030015,106.034223728088,2005.5615186981,921.094764082035,692.982494379422,1979.4568701703,506.648957599039,1680.70532183474,1332.702837325,621.386653739296,3137.67759624085,1109.21881875406,2604.54663020835,2680.33572076293,271.842916666664,635.837969412885,1216.41485061075,10.6020451978368,638.322439894097,485.849792443218,0,1132.78887476414,0
restaurant__130.png,4875.63225035568,4113.96641444072,187.656770578894,1310.13871179827,1037.24760760688,433.862318918064,1634.18189046418,329.872526789058,1074.51338433363,1211.2398669126,496.949129916051,1916.65025162815,801.179943860371,2659.27654341092,2437.16214892852,158.78585484432,472.706206086419,2234.50348596022,8.84148176456619,284.385802955733,1715.65163965252,0,605.595768794224,0
restaurant__131.png,4216.46714162884,1160.63019612939,222.747369756461,1378.75935348645,586.741268646779,375.671372211202,1945.10022966301,1217.8748688157,1177.57647246456,1302.85468417681,747.142430068598,3084.91436478884,919.411173275641,3583.17325336969,3219.97631955124,192.566952357835,1222.54326359555,1919.11410122769,44.8404654114028,562.305440198182,0,0,919.589279176117,0
restaurant__132.png,4328.47391723135,2840.09772647408,158.806154852209,1210.90127009633,842.140345510843,439.54176945253,1557.25902978899,320.07458842482,2253.95522037294,1651.18310962682,661.600687971961,3791.80573176483,989.241307636054,3012.22693080548,1924.87488975262,239.635198618285,797.092290217727,1431.01623380487,23.3061670021711,499.85613814452,0,0,1026.91129245057,0
restaurant__133.png,5055.99312157558,1416.35763969746,151.260578951065,1392.99802075438,947.988766359196,690.455832053662,1276.95401090213,315.452892597852,1393.73068140492,1278.41518763647,787.625232966221,2144.71160191436,791.538697010456,3868.09765839783,2214.83751265164,204.100962120987,895.332836779361,2487.27070285051,0,599.633967023103,917.733090173839,0,1169.51100617898,0
restaurant__134.png,4709.2319415424,3371.22739663543,195.19972977533,1372.32066945516,594.270431185642,556.40196060862,1596.64400136122,474.632358987258,2274.20815204006,1104.1269696298,714.44209461521,2194.41714566464,979.236758928053,3282.42186469338,3238.78676459988,206.143865341881,499.749907728311,1078.05142765751,32.2957937414914,408.278962156181,462.934819653963,0,654.976983998593,0
restaurant__135.png,3764.51151956929,3661.35862631921,42.5283812136915,1290.02573684529,889.787670125298,543.62996343654,2087.1728308018,256.252087852056,1124.34543255231,1581.15566882801,892.960788794249,2566.92664643387,905.975113489321,2119.11693137978,2838.98677693007,349.08897766441,361.838360792373,1427.97895812381,22.0701528018755,537.306933754976,1455.60384130971,0,1281.37860098206,0
restaurant__136.png,4789.0945871646,2486.77863938237,78.2311521960901,835.788440042778,994.223978582205,492.68361721771,1647.93478730282,439.738649153577,1077.40473033294,1723.22361915775,659.125923961775,3070.12180970414,784.160674852153,3641.2994669444,3279.36770590085,219.797891479899,628.846893928983,1575.16998855104,0,266.931003425675,427.02099609724,0,883.055444621018,0
restaurant__137.png,3934.17887759086,1900.39331249134,107.156143646011,1395.3404164672,1288.05820182286,424.508275277969,1742.50952733178,580.734010938089,1623.51586108192,1536.18700036098,677.071051257471,2551.00411691904,1131.11186492378,2880.47783761983,3214.45346236483,252.354457654194,822.263338101693,1276.30998376698,8.31785567120085,765.814267219534,803.052156943241,0,1085.18798054918,0
restaurant__138.png,3546.06531417493,1850.45469634405,144.436306744985,1153.61785072278,1405.44240315018,465.188809627554,1949.35414624249,509.176175632588,1856.55477933839,1732.75442865999,695.296839782475,2331.02865268733,1307.82153169243,3051.04792993705,4236.92138914817,291.070303104872,1020.41496853133,965.870062453565,19.3164254025061,253.651773248373,0,0,1214.51521337395,0
restaurant__139.png,4542.4984340794,1681.40023497681,189.119574098307,1157.02456869555,1380.86330525153,806.325209107179,1905.17917218501,576.197112755589,1460.30070732313,1297.81374801687,699.475249946273,4022.66016151224,891.895485897831,3073.02597420428,2552.97054145593,165.003096103134,1197.44190233942,968.623806503214,40.5854950222042,498.292036571664,0,0,893.304183954432,0
restaurant__14.png,3845.39036654842,3003.67552393103,160.562325208786,1179.48368229363,1046.07040725238,529.912629290497,2069.61294321888,364.341782167006,1652.16901715356,1910.40219232055,707.875831535143,3595.27991125696,658.376531590033,3108.94456541263,3666.3985976526,319.68050682535,847.574343873287,395.677519437602,17.0537772031457,218.623572385067,0,0,702.893973443463,0
restaurant__140.png,3430.19793589893,1766.22000350081,150.060845033789,1455.42277088655,1084.89095626838,383.046428244788,2004.26516187078,642.611877661444,2225.54069471705,1693.98623722312,973.032924083648,3929.06919204457,1000.51145122437,2569.04287284875,2256.38269447962,383.211438543099,1502.42206928508,1055.90014548019,32.4050043531488,510.509303524528,0,0,951.269992827366,0
restaurant__141.png,4845.36865444393,3509.92922665572,242.228921004492,1031.92656148565,1051.0396530463,452.394944866051,1864.9582446765,286.042495799123,1649.66381024848,1371.8663909362,1182.64915678853,2896.62456293709,583.299355471029,1486.84788170811,2715.69526871912,284.167952850827,778.044757742266,2043.39249222477,18.412840135865,617.819699221347,0,0,1087.6271290386,0
restaurant__142.png,4009.57954975914,1718.15283480853,105.723448907899,1936.98763025495,1048.97872555822,242.068809036566,1470.32961261944,355.550354119345,1216.20174154512,1587.12811176035,468.776136693732,2587.05922646292,747.597639792493,2805.59765022778,2607.90185177481,228.984910420035,1921.56023728198,3241.04492227269,19.3925453936005,1123.7578519042,0,0,557.626209406216,0
restaurant__143.png,4974.29464770674,2918.57103547819,282.098769807907,1252.46641159572,664.476522007957,603.43562108726,1563.44876939124,216.804457652059,1595.02197479981,1395.77585418996,416.20011487266,3653.70524766459,629.105896868633,4073.53135638438,3225.28474303574,184.908420247706,510.404109980075,640.453643604701,0,362.30828841014,0,0,837.704115214538,0
restaurant__144.png,2904.12337677868,1596.19089727194,93.1138063043043,1495.99215510686,871.013668368554,446.698471039285,2904.73227938896,610.136809872312,1302.90744890572,1516.47204856074,794.040886562561,2674.29208239734,903.916980501987,3548.09058718534,3109.07110597297,241.695858096954,1066.09781940193,2373.91708538037,33.0673015658164,424.759505378909,0,0,1089.66982595847,0
restaurant__145.png,4229.1937929617,1172.36732536926,168.265999125729,1356.39063906736,1114.39455424038,475.727841215172,1961.32109715718,408.240806940604,1176.47772654792,1379.87998329234,710.228134490283,2239.26709726407,815.883908842236,4736.71616388236,3772.88772177153,257.330578679194,545.884728033953,1748.32257378444,0,267.84190725705,419.05104029114,0,1044.32637978611,0
restaurant__146.png,5545.18086402095,2615.61537116445,198.016978679743,1374.4469866158,1304.98129396661,497.226420362239,1250.36101853988,329.084779703161,892.086935712852,1167.00779028025,237.446899547809,3385.76695496469,497.285831264844,3417.85323515011,2994.94153160022,149.716246944238,763.612071699048,1690.92292878742,16.0012623340438,362.627944516789,341.038249892833,0,968.778404252014,0
restaurant__147.png,3057.63161646565,2867.67882681051,91.762875577339,1451.50994000536,865.11037693473,132.932185024006,2270.32131887602,365.979278302167,1401.85452870038,1768.56879283615,1044.78546599528,3156.59402629743,1098.61020806803,2596.23470292838,2498.82813650855,320.493300372252,1078.9808700372,2718.02824789229,0,568.76562112306,0,32.8648233765385,612.464857868685,0
restaurant__148.png,3243.98685307283,2140.81403062882,175.439295496174,1707.24799676628,1076.90592630306,580.667748658633,1709.91769962447,620.46491270883,1254.78997603142,1731.01555089292,663.447793137549,3344.82465987577,1103.4873921254,2823.51802479953,2408.92493783824,478.932813926444,1064.67583528815,1863.09979158241,25.4116935916545,526.309322880567,372.253590517351,0,1083.86415425349,0
restaurant__149.png,3278.09901245381,1979.55919587367,114.101542035436,1320.76565109242,1393.90186068085,508.065540906827,2613.01323486385,421.450521549209,1203.66423405802,1719.70149009696,967.896974811828,2556.88581429859,785.455056774041,3103.45387679784,3236.15986811098,272.158428327468,948.013542026349,1521.38403113308,10.8071263914453,315.066636160055,859.738969457065,0,870.657392100207,0
restaurant__15.png,3067.25626122374,2500.42559651723,94.191402363781,865.887094280927,871.617659840762,426.940435154186,2540.51591877837,412.0675384479,1281.00096950331,2181.38804673473,927.101516556116,3279.7041029353,965.557606339031,3277.78062752155,3247.36645960024,361.991054885394,779.231887104309,936.30090243811,17.4040177578025,237.069397936147,0,0,994.70577607598,734.495728005066
restaurant__150.png,3080.97922081168,1560.3833159314,197.315300765612,1645.08556034712,975.880735492024,510.982635361556,2191.32179766201,456.291814188278,2323.65474552139,1615.9535180601,955.979349618564,3091.80210481702,1068.36506230195,3356.55471845394,2630.74572638358,366.616143079739,1382.31633724022,1245.49948715085,31.6786977373993,644.235604172922,0,0,668.358124902647,0
restaurant__151.png,4070.48460488576,2420.50424960791,139.889403829949,1420.49357673042,927.676361427115,454.074720917212,2036.92104815952,494.863558166002,1547.8699563714,1322.07536655486,707.590018404489,2889.51493842345,856.418759586595,3877.21425292525,3607.99379640599,284.542375450999,463.475404490992,1360.657184052,9.06426863184535,368.953267116388,0,0,739.72288786186,0
restaurant__152.png,5744.33357762474,3297.48404094779,254.430233116113,949.69361069458,561.251441949232,829.93050377671,1273.33171350802,607.275183380055,1709.22652710237,961.275992216096,832.095749517045,2747.05072187648,746.195710622368,2657.76813980889,2990.92102401144,270.107394271023,755.710922481632,1468.44099011689,55.0620010631726,305.514497835333,0,0,982.900024080016,0
restaurant__153.png,4125.2417253559,2049.11067649444,271.008778891581,1406.31083798315,1028.5429788863,627.237392304765,1426.37653719522,509.115680259219,1935.13743896446,1777.11779632455,980.521448648472,3242.55829654218,995.437626793958,2657.27295630755,1994.66212365858,231.140572491988,1254.02383569469,1929.39596963843,38.3749038552258,735.751251488489,0,0,785.661172220833,0
restaurant__154.png,3458.09070459846,1208.4074484019,80.300519350002,1727.96915745944,1073.40566363255,419.627976288765,2248.80615951552,445.936426573789,1532.59257427403,1669.88051706782,739.43330840325,3311.72399327866,628.87144507909,3601.52600335722,3328.50725209848,233.794378578124,831.949996143008,1327.24768471006,32.587637701553,832.775369009821,0,0,1266.56578447847,0
restaurant__155.png,4966.45301479775,2505.03616344618,224.905878855798,1680.31790297552,1170.70654719315,782.196442214061,1241.61502748412,437.128808722131,1572.77692253455,1209.11524226178,455.705869757616,3686.01909015483,597.176601522425,3022.33301821404,2345.0473353086,269.241849368954,789.88842309465,913.829135693498,36.0803615894557,330.309941209146,475.225195238662,0,1288.89122836309,0
restaurant__156.png,4008.36128308041,879.593168786902,143.350483492324,1398.79257609438,511.094443705119,480.912720527334,2123.27202128766,450.35492168064,1833.47608331487,1322.00583190974,1374.99861034981,2613.40054695129,868.754537917946,3998.54022677383,2989.91281857689,272.729726545272,996.955830471086,1219.13787308244,6.08402316459952,785.493459267077,719.809474054851,0,1002.96933896553,0
restaurant__157.png,5063.80138087045,1302.77989031848,158.358332633869,1129.98708026019,1519.02889619481,525.402889179132,1395.71262592585,243.183589347824,1777.99467615621,1215.30945988107,666.513570924798,2607.49381246906,899.627800428535,3821.38183650312,2883.03152439922,276.605760121287,710.549492415751,1618.42580452146,18.9558925126266,244.961071877399,429.292960641049,0,1491.60165241781,0
restaurant__158.png,4336.08683736914,2457.45850620937,86.8127515997948,1421.95109663943,866.532407252824,558.951669704953,1399.13814754583,382.01328915385,1781.15873996263,1576.51976089457,1154.28106250154,2864.4920817417,1120.05276310972,2355.40715425613,2679.68248767775,138.269226893764,1094.37700531886,2028.90226931317,7.98216754755075,492.409862916582,0,0,1197.52071239084,0
restaurant__159.png,5053.81081213673,2622.28981825222,186.740099472951,1257.56345798649,530.457815798131,538.386361112358,1524.16272911555,307.875085580198,1547.82444745695,1179.13533927696,485.485018858816,2036.79033057793,675.589466226981,4528.31256763738,2943.71620440395,261.198747538176,602.383464957138,2326.42301470932,17.6631424856682,419.650128255997,420.119542266552,30.8763052334392,503.546100660129,0
restaurant__16.png,3588.41193704295,2772.88059171711,154.486205064627,1689.10081207317,1307.1920308703,586.765704072636,1658.59070334117,342.774443205481,1640.74237042218,1798.17775118744,835.23022590947,3186.18139230965,1026.18243246699,2155.84998838173,2500.14327762721,229.41705651252,704.629062008939,1931.6810505037,10.1193073757568,506.557593974855,0,0,1374.88606393212,0
restaurant__160.png,4897.16341060304,2926.13063143328,262.145572854805,839.622326961864,889.061715001701,644.507030419407,1521.84811665163,416.937549791493,1590.08125459752,1612.38058909057,515.165482060182,2731.10993648763,850.504944005701,3431.70971190666,3829.04332218927,249.069139681717,794.95965255227,943.112883451364,29.4114730054751,355.140618853196,0,0,670.894638401218,0
restaurant__161.png,4974.53770165092,1197.59992675444,147.051808223161,931.145276554588,1128.55067006128,555.252316300747,1401.13267817933,630.746712244801,1930.23336888464,1405.52047466117,622.478078752524,3414.678901447,939.650259777986,4531.47988401401,1727.38693891008,318.04264537477,533.239268470973,1011.2030469266,24.2710273572985,411.539828933182,1214.19361930778,5.69993644392688,944.36563076879,0
restaurant__162.png,3471.95712195142,2518.35855525462,267.987778582423,1100.9721845301,1299.04606141286,581.851930226536,1942.69176934116,469.949882187994,1768.1824456675,1794.35441182909,783.460880298991,2962.05850468007,1337.95981106743,2562.25581193166,2810.10950750032,338.945111207465,796.641210376441,1238.48470329793,13.1195900733237,536.124106913053,371.325130045215,0,1034.16349162438,0
restaurant__163.png,3968.38826901787,1459.39680790342,114.253098650442,1372.25220854758,920.954937507801,306.954848926878,2065.320151405,235.213293880511,1043.67922848727,1368.17426343471,1072.47232653359,2951.86499564271,901.661924870932,3714.77429413342,3201.27783187102,288.779771452975,1123.28572300184,1817.46716961862,35.4234112709354,615.914840856384,564.502826803061,0,857.987776183031,0
restaurant__164.png,3251.27166008733,1977.80243735353,102.684852698834,1838.97541912344,1064.33891902758,398.368217841783,2213.57019348156,463.6009195952,1211.57831493638,1605.31165366226,866.497834697139,2832.33770378646,796.929601219251,2771.97910512899,3110.86735451857,263.390067673508,886.350816771182,2344.16355621797,30.5514047526381,434.798973206184,0,0,1534.63099422019,0
restaurant__165.png,5356.26265133032,3103.98337737925,175.523824511139,1270.08775322638,821.459898744937,604.635733297444,1581.86230316892,264.708927622934,1584.46420308424,974.966057832499,490.740880705306,3232.67580094136,573.672896238799,3671.67367188839,2445.20917123768,225.699009173277,585.179269075618,1957.49126692813,17.4493290298062,300.850017325597,0,0,761.403957257962,0
restaurant__166.png,4203.1936668677,2635.32995935492,205.23527295175,1126.23252335283,729.57301472496,442.79716777493,1766.43593694379,378.367422366786,1514.67215193223,1666.6127562441,649.046892287107,4230.58145133553,920.137713304215,3486.94180670548,2633.56181533417,289.277178284017,684.59212574878,683.688710435549,28.1102250033575,242.549780247222,289.463430235836,0,1193.59899856474,0
restaurant__167.png,3583.5274612416,2766.57568652218,165.790937491099,1212.15338540516,997.412465451138,453.100961028191,2323.9043988715,570.149305265723,1058.86967276587,1241.08383678686,722.726981469541,2708.3449884136,1250.89068646065,2423.7567738887,2436.56152841059,365.435599171801,853.61445122303,2778.16326642357,23.0046320624277,383.393442456856,399.16864546708,0,1282.37089372283,0
restaurant__168.png,4415.73105961771,2398.13274031499,125.600874236419,1900.74378704121,901.787606677688,709.71659943598,1535.28170126729,301.12819967057,1617.59012267008,1306.6480444036,706.431999400893,2941.10057682513,547.915632458871,3715.66622373422,1987.07944743126,276.408140311093,793.960237222705,2198.88270169015,17.2716349002246,317.590674445645,420.029677710988,0,865.302318533292,0
restaurant__169.png,4085.24963406337,2622.75899387726,152.894762831159,1335.26967915434,770.985568641369,330.97524785945,1549.01810709169,532.237857874429,1492.12037346303,1812.18673344499,1118.95353400442,2371.55387020259,935.895518794259,2739.34024606702,3240.2643390826,252.520407038832,901.86236337142,2412.19140656117,29.8599204125308,537.04493459756,0,0,776.816501566528,0
restaurant__17.png,3201.78059413282,1204.05173541031,153.402106320117,1697.67241621796,1148.15382830639,531.969473859211,2217.8291994486,542.086056196513,1478.5397244001,1487.8503312506,936.434866730544,3576.77174814031,1085.26098282185,2969.81649302381,3613.15619138651,267.708034237177,1032.69313497673,646.160755893747,41.8984418910031,651.388218415287,0,0,1515.37566694042,0
restaurant__170.png,3211.29898994566,2484.55118075212,117.751015436958,2194.22086050229,810.363380933429,486.649191062285,1765.39375735564,976.037923688958,1019.4127901167,1785.87122299344,419.511063923038,2333.8333198786,780.49211169564,3490.80939877595,2969.88267833534,221.940273537681,993.147434807668,2040.46289012369,40.7827839696498,214.273341162586,1032.00811504642,0,611.306275956257,0
restaurant__171.png,5294.74669532433,3121.91387403797,140.181399509709,979.789470975958,1035.50551338125,700.790028950969,1411.30906701425,485.052881983381,1626.9414212731,1163.91500691227,847.676717308122,3110.86260530388,827.643616346443,2532.15314695061,2789.75156428033,307.907830866456,816.77975950359,1631.47298068201,14.688312560298,506.243603566586,0,0,654.674503268487,0
restaurant__172.png,4312.7854436771,1262.59731076677,233.025057257832,997.671763984648,1062.35076413657,693.402923596204,2131.85969381192,490.340272542851,1308.97366106157,1366.26583124762,820.094879272658,3517.01628158433,849.458507152402,3914.60738446872,3497.39095220378,313.737113184639,1264.90463718966,366.064980394673,22.6053120169584,401.623480205199,384.126143901602,5.61633492472353,783.481271417561,0
restaurant__173.png,3740.81798247121,1613.43699694846,140.436136735865,1402.494125883,1286.10420615752,658.855562276364,1831.66377177897,557.598776459303,1813.28212759922,1914.26601125693,928.333238030252,3088.35824428236,870.076124355483,2012.28083588364,3346.13691202012,207.12572943643,967.956393544175,952.931017086068,26.6353267635476,925.860869702425,0,6.92092805443202,1708.42868327422,0
restaurant__174.png,3403.57126973262,2592.89356590732,179.697699422921,1337.31134405378,1120.04375640323,559.424508395398,1790.02187554756,525.229993163827,1709.83334461601,1989.82585114507,881.889818102857,2802.60339401808,1068.9557516119,2720.40124131105,2121.35363605338,410.313907909067,822.794024360409,2094.16345312128,0,664.488428456239,532.923964372921,0,672.259172295069,0
restaurant__175.png,3003.44560222642,1361.97198128194,65.7014755622116,2499.86503210514,969.434649765459,216.688804018656,2344.25217032776,373.200027985786,944.960086803051,1296.05218331033,623.745634495761,2176.90279906021,644.263830102101,4042.20427667599,3660.19348107323,197.922315469796,823.584164266996,2314.51599856959,14.1988664584555,522.399025135855,621.037354913058,0,1283.46024039221,0
restaurant__176.png,3609.92604152859,1934.10917063118,130.896995748872,997.860364638364,1271.19623703648,561.981014407515,2014.3323141255,562.745797876642,1669.47686525401,1764.08522532464,770.456723488683,3613.85932293957,1221.65181334489,3186.25444503172,3042.47259444278,346.835519073737,1070.51150137107,981.313207207246,45.3087219642786,303.476851108704,0,0,901.24927345552,0
restaurant__177.png,4096.45744490964,2680.87307315693,182.325843124564,1087.27098265435,800.227546966942,642.184928040346,1520.05590454862,446.659697981417,1562.79269109152,1692.21278776357,867.196976201139,3024.33000498906,1174.74899376549,3189.65893023833,2092.10312563663,383.266606356961,930.807296618854,2496.26340711787,45.987280001373,274.178393407033,0,0,810.398085429352,0
restaurant__178.png,5107.10245395092,2433.09302978963,173.054730929594,1247.25260669321,542.881201895523,539.847136852793,1520.4250098507,393.946543079406,1487.27057984113,1035.4047821603,663.323744916281,2271.29278581769,807.671296233689,4109.86776957729,2743.80019696408,250.545357263478,879.279371839269,1969.19038649019,19.7674871923842,285.31878073861,815.544183104522,11.8310066553199,692.289558163989,0
restaurant__179.png,4616.42010672404,2260.6519778573,126.89670224304,1138.90197951034,360.366579876243,765.566557112127,1625.90995938711,382.234139046945,1762.29242755668,1465.1504229552,639.189522684323,3373.1605512544,854.06358010051,3573.13476686026,3522.96255179085,250.346450145621,810.968267760175,449.1212100429,49.2075011771752,390.443702723018,0,0,1583.01104319175,0
restaurant__18.png,2664.30528385211,1976.21857337216,179.89452698624,1731.14786488138,1761.57168570784,281.096841536612,2471.52496265759,327.638629505806,1500.6529372126,2062.96580835784,852.769367851166,3160.50761279264,729.782498756843,2469.03867488307,3070.95474951228,278.320652285142,798.29808140567,1806.89333195963,61.9529292091017,599.898033108155,0,0,1214.56695416614,0
restaurant__180.png,3535.07163431791,1642.91353389511,169.25517573654,1801.14559522078,808.729837633446,513.844140831076,1616.73906344567,755.664018619614,1282.931941487,1810.74535270309,823.630753432727,2513.5145422039,900.790772823917,3730.17594540346,3554.80710299796,305.365761307853,748.637923314962,1500.41786323298,30.1418201807793,812.068432973581,465.229233510557,0,678.179554727102,0
restaurant__181.png,4711.77170043644,2395.75306748322,259.781088418515,1278.52816564132,588.660224949128,420.322617117124,1253.29884156998,363.427312445855,1593.43547657274,1303.30306883047,762.250556786572,3984.95182747326,1100.4395556479,3661.85003677039,2061.61600219973,330.841679247164,646.362425211068,1679.89298821863,21.8169886267326,562.842851991005,0,0,1018.85352436276,0
restaurant__182.png,3964.75148015712,1534.76020086562,115.405615237773,1158.37048669703,1000.47611306118,778.05418215568,1562.21095767245,544.965398643021,1512.40682465529,1800.70129170237,708.921927014188,3910.77342125225,1043.02684114715,2970.22220196882,2692.92586369966,425.812069212088,1289.37231077467,990.434092999343,45.1268734117832,664.361517904846,0,0,1286.92032976765,0
restaurant__183.png,5033.77698558079,2081.43085154946,221.056093934573,1511.3793974184,1019.22418283894,897.739751193082,1233.29874411977,391.977986428988,1626.56562278488,1145.97910061888,526.797872270325,2858.77194493719,904.257183064602,4356.56759687931,1997.04837551827,171.308589197561,662.003058807181,2065.81398540627,0,195.950832269462,333.004226225729,0,766.047618956333,0
restaurant__184.png,3865.61988481394,1796.09389044579,147.077500206342,1478.48676561365,1603.74737704006,539.220511110338,1726.01610977108,609.214362807751,1302.93701793735,1893.46909458549,461.004713514076,2433.95609170339,802.602954826706,3645.64516985896,3449.85998860145,222.603010375577,665.823483039635,1578.26923008133,11.2021800135648,388.841483923968,548.679660359802,0,829.629519369756,0
restaurant__185.png,3505.05237904762,1595.30090784067,231.441039393151,1818.55344650979,1216.29460746845,456.966413702348,1824.82991092521,465.73669962383,1538.9258283976,1842.31961675966,1057.95483561978,2807.62129147365,758.689947463282,3106.79602257944,2497.3977543541,240.540554542237,466.899098423243,2467.64767267916,10.0141447522048,551.742936084936,0,0,1539.27489235966,0
restaurant__186.png,4560.15019355577,2764.77597820399,136.168194117326,1565.40038420551,1163.42910581257,534.157219325501,1717.12260950479,363.140574260377,1284.56075782957,1133.09952298823,617.661770331534,2691.19704221417,766.12872437079,2514.67916745968,2631.88547132342,216.718983206893,584.544518209091,2300.70841256225,20.1052194381033,254.412900706953,421.322902627767,21.2743627299101,1737.35598501581,0
restaurant__187.png,3148.9544538896,1182.242762304,146.8122926235,2023.12511124756,956.723622684735,436.625759083757,1804.71611487225,887.373798464539,1519.00979097801,1858.23347035487,760.453773685392,2922.15800472079,867.686171922036,3967.64104664354,2277.95997168465,297.284677713679,871.196008639048,1933.65449608612,0,364.84668507672,763.779684823167,0,1009.52230250201,0
restaurant__188.png,4995.83353408368,3291.56229170827,289.004523932617,1581.29938492698,911.816178556212,443.572409732581,1404.72700559429,261.208479916261,1466.65975321942,1147.63412384604,484.603172042063,4748.01186355378,649.055614693868,3253.73462339254,2188.54981544747,216.047210859271,533.388338173864,864.201634114131,0,288.713112877681,0,5.40312599587268,974.973803333113,0
restaurant__189.png,5860.69805822054,1628.74113157377,213.486863976377,1085.63958951471,1446.55757669426,688.617562564094,1168.15872374386,505.799807082647,2220.90720840459,946.684748777622,440.70159178441,2263.38184213671,604.103969799982,3399.18440160284,3375.7010387998,324.929440641951,812.968796391764,1237.90548411843,9.7854693013407,646.782605556579,0,0,1119.26408931373,0
restaurant__19.png,3680.66138537068,2403.13957745561,188.31690697906,933.835845506764,988.770238741842,760.797266696914,1873.31490564029,696.989450836712,2059.30977998524,2022.09729263072,668.845634803089,3854.31926902202,1196.33830862033,2486.23537067088,2166.27011631726,273.199985611861,927.734059397348,970.986660999504,20.5522766193534,422.324451610412,0,0,1405.96121648411,0
restaurant__190.png,4569.63740005706,2332.32320179737,154.238393873281,776.022083195283,1215.38950347478,573.891508640831,1918.83695111885,992.066397481033,983.093426915899,1325.31742193803,793.236232762121,2908.91179419877,1089.94876630767,2681.09167523094,2541.85650149965,320.237377383102,670.804735420982,2311.79728095459,0,439.07030025014,526.211093916975,0,876.017953582635,0
restaurant__191.png,3874.50976503041,1376.8589821131,281.983843504722,783.925588062979,1769.90426754114,762.935639910943,1732.64156680836,327.43404686403,1917.92595385827,1841.87027749906,829.732318656859,3580.35411482468,1261.94292345051,3125.78563224309,2842.08039615961,469.35210192066,917.426975835959,614.720051741777,35.7577772280226,453.498854458536,0,0,1199.35892228728,0
restaurant__192.png,4628.20471150691,3127.73611341355,128.827276315974,1646.59744294573,991.347988698534,759.648916940704,1012.23613973123,455.952451831233,2195.608782451,1647.77842313006,533.716499144595,3131.03901455231,729.046149698704,2821.89385888345,2236.3443067143,305.671275755473,481.509543398061,1178.09030576469,30.4658572318946,266.212373999546,370.441397261024,0,1321.63117063104,0
restaurant__193.png,4460.53450851488,1077.06362855078,252.615278710897,1981.87815356656,1541.14485985668,628.523914021093,1417.57771109422,407.360680065414,1016.05885416145,1028.06679838131,957.8181051522,3430.26503345874,810.420122460997,3185.42437578976,2036.68944181208,284.76445620444,815.698921840404,2192.35170948751,16.7582497775938,833.769218736761,443.495768348234,0,1181.720210008,0
restaurant__194.png,4230.04209390145,2495.89923992954,217.306455993014,1105.88566509717,816.030732841209,666.138136638546,1751.3971682402,380.350502726378,1650.2991893873,1254.68467850917,1000.1038246271,2960.9364993727,1272.81753076517,2938.82884164217,2370.06411162746,335.918182605136,692.53189800953,1482.31755218854,49.2546808816975,572.487466488669,652.93805479244,0,1103.7674937354,0
restaurant__195.png,2984.06685920698,1776.18332219095,143.304140423489,857.410062499776,893.861390132104,541.521256775225,2546.51796196105,478.114821880919,1800.06988268505,2139.88968621301,1355.04921487166,3682.03746335916,1071.29132750774,2495.72644751728,1437.06980045796,353.292119097837,898.143789733928,2395.99745629911,37.2919917572796,738.375942537979,0,10.2399917563249,1364.54507113519,0
restaurant__196.png,4338.48838303568,2808.5013629331,157.625557690105,1392.7570975695,1350.26723156317,428.038019274533,1961.58090227439,246.409840795299,753.613863593665,1141.99568239182,592.670617598237,2465.54929807146,913.482701149981,3449.51678370496,4013.3175404562,232.016325961039,568.300813985231,1392.00843768639,12.054789384108,306.213257186346,789.847283227654,7.62411823347992,678.120092233656,0
restaurant__197.png,4332.99793347825,2435.1428248515,189.971533838895,1449.00015092342,1139.14040286288,553.932940455714,1562.37254122168,324.592813486925,2132.7608463798,1542.47794375985,868.485900120017,3199.86912614139,790.807989854131,2178.26619288971,2472.06770911089,300.400348180548,571.327786917857,1036.40595676772,21.94309258213,817.014776853725,414.991887305603,0,1666.02930201739,0
restaurant__198.png,4310.70475075761,3110.88990582266,156.456949138037,1542.62203993382,1472.65462796147,666.891433080752,1646.85999095406,325.662237741673,1586.38272991018,1323.73074671667,564.101870470425,2397.06986398786,807.373825536415,2332.25417378716,3690.32346109414,321.277706161037,776.82644708863,1049.90845898049,47.4309399403795,368.080924743417,452.967103808542,0,1049.52981238457,0
restaurant__199.png,4890.39876193676,2562.08548476673,278.461805354021,1069.20332778756,1214.97056852994,585.846208731328,2073.8768376326,495.405185628456,1919.9520155701,1131.18801081102,559.618368641101,3397.14152040066,575.602341801033,2663.37867735374,2522.26926287878,239.291433631033,710.47329722064,1003.27157774663,20.4392863999949,823.387308124858,293.057609318486,0,970.681109734528,0
restaurant__2.png,2899.8506296275,1578.5597252718,151.951704142082,1357.97225953294,771.80169602843,312.221195673521,1960.98844941556,379.411447220653,1313.21212782801,2407.173402808,829.609407449448,3327.78150737566,995.859343234107,3831.82373725529,3225.02375789357,343.410133149997,1081.11773397147,1669.80970708716,34.7457822319006,542.747089263513,0,0,984.929163539391,0
restaurant__20.png,3031.69696643998,2199.93690974799,219.364019570012,1595.74656054071,1100.86968408624,460.632047112752,1823.36985548943,565.80669876718,1026.89995874167,2166.27558643513,715.015240188784,2815.52723432852,996.663395856476,3130.52025370654,3352.93098359467,349.076432478254,901.900835650361,1729.95749084889,37.1712027600242,530.320227872089,394.688265803484,0,855.630149980816,0
restaurant__200.png,3928.78834478045,3026.19932729562,69.5271283099306,1301.73344574328,782.824582741375,477.80338566005,1881.03296656941,632.379698612156,1130.77305448192,1880.59231508216,499.299396589485,2352.85177679462,720.825981452872,3131.56585669374,2944.24532920143,252.927627784803,613.161416664496,3024.79932555205,34.0993185870255,469.577023537445,0,0,844.992697865678,0
restaurant__201.png,5042.53458324374,1754.16086837726,178.453315606547,1051.36873079197,837.226534621544,434.59680797629,1894.74296481481,338.05294471764,1644.67337160415,1113.54298475909,729.22809570009,2380.23030370925,708.444696535677,3844.9599703415,2979.25825076759,159.164560961417,725.882456753793,1445.3469036551,30.201478893305,930.537585814437,937.441046681066,0,839.95154367374,0
restaurant__202.png,3129.53684716896,1917.97629636324,173.488579767037,1920.63962767349,1370.75417179739,639.12327123743,1842.27190173002,407.935173506975,1699.60300515682,1946.61256000849,848.425966598765,3244.42417351409,952.939553109999,2287.05681833978,1338.21359526021,182.509994153987,1012.72148793144,2391.82605131734,25.4895161550694,672.811118259018,513.321323747075,0,1482.3189672034,0
restaurant__203.png,5041.89711998556,2829.30945844821,82.4887703492215,1652.83349488184,980.863146615049,464.416550754801,1308.69841095933,689.17058623358,1043.59366035318,1026.44544640562,704.268409154267,3699.10546767784,804.362520669202,3131.0725566947,3128.55781279452,156.088191701565,546.148150711098,611.038250733408,9.67481539687888,368.517109491353,970.79948733702,0,750.650582651742,0
restaurant__204.png,4562.87120037511,2184.16889132023,145.862494774361,1585.84365162614,747.39178967158,704.115920289764,1510.59506909738,463.382489147133,1945.82905523756,1075.93869234617,677.800530444263,2814.5343734083,1078.57574157581,3424.16239305585,2481.77097831237,159.773025432673,540.351163582654,1907.88717797764,26.4026195467168,460.525065945363,0,0,1502.21767683293,0
restaurant__205.png,2858.62012957757,2916.64301974285,144.452294830907,1590.62689473485,1156.84665897079,355.710589681333,2862.79009971563,410.384423222315,1512.49236924098,1742.70042007942,562.822678841278,2800.64398868704,676.700457082776,3089.29783015032,3966.84222495868,241.565571478896,635.898743441156,1219.85853260107,26.9964273308649,630.441775097311,0,0,597.664870533981,0
restaurant__206.png,4138.32353711547,1442.3547680778,257.595820765247,1314.92541839586,802.377165890471,601.151113546868,1940.1206772103,798.5192236158,1556.18069930242,1456.67514031044,1027.24162137055,3253.49142295112,915.685032514915,3031.08941347084,3380.51713489889,219.12831210104,1496.17400282093,951.063808535444,15.1418823519736,529.146990662627,0,0,873.096814090986,0
restaurant__207.png,3348.95233614088,1086.34200965792,96.8082050035986,1779.56955332786,1362.93559769277,373.490305397422,2154.30887566449,406.531911426763,1445.34948392971,1466.29030043277,980.765189556724,2124.86758185887,930.674232419554,4508.63084003606,3076.0146740036,276.89051440377,677.589572609311,1443.86115903159,43.3141876106782,327.510809579665,1439.6085907752,0,649.694069440784,0
restaurant__208.png,5220.65902750264,2307.17805711359,208.834448223684,657.448582486189,1395.2949231661,932.009571564557,1501.90827521159,397.913725798358,2390.48288026907,1226.19600566236,616.293130689244,2900.6874113303,1048.18413437936,2825.1230306895,2564.73405272015,339.707472581407,845.69536524677,1003.25163589224,5.8965021764513,718.971480963186,0,0,893.530286333245,0
restaurant__209.png,5452.36857566716,1759.1840635248,253.399411333966,779.336946030405,713.966594301439,544.444806874396,1273.10643699949,586.232831405402,2147.94163666525,1333.01175987379,651.764351429018,3092.10193408533,963.640284364132,4025.55824280028,2795.58749903484,193.147960494297,861.037731557272,1166.52471200622,5.38803657072314,473.904425842815,0,0,928.351759138972,0
restaurant__21.png,3399.65970247775,1822.16919637615,206.698813663418,1519.39254699851,1194.84236503894,928.390658266246,1710.01296071634,319.821264094371,2148.87469941403,1818.57766794204,682.450272571288,3163.50774698246,1068.28980573673,3276.11063754816,2294.44870122208,447.033479916631,1198.06272092194,1258.07938045176,37.0338362119983,658.703170042657,0,0,847.840373406499,0
restaurant__210.png,3616.2927278154,1769.53436933263,108.75186393405,839.676461364774,903.922229584816,674.433094580461,2481.3338893706,518.658150484336,2123.46201715647,1603.54131717988,924.443359411493,3526.43972675411,1177.18513278397,2770.77990382179,1961.72053200343,244.637681245919,779.63692269839,1605.19276557148,37.3327902394643,674.668194477286,0,0,1658.35687018926,0
restaurant__211.png,4444.58581855458,2139.21759718216,308.678774988253,1084.52550787262,1337.47506069556,747.371132911713,1615.50734980941,405.477836321973,2363.63147398381,1723.90737074658,620.608124876218,2907.01244467921,830.35200966839,2822.561178878,2200.42697666113,251.380803734877,921.710228985233,1072.43592668628,49.7411396135421,499.170102308948,400.443270089607,0,1253.77987075191,0
restaurant__212.png,4674.27916095544,2133.14096941062,300.005375351905,1547.29870766642,1640.49585264626,728.999766648511,1143.70396555982,364.461096548776,1700.92251697499,1404.60656437251,560.975517268142,2959.15031603121,909.135039739465,1786.5090305974,1804.98935477336,300.825652948339,975.353370087286,1937.60659144058,20.1509087580054,576.434830181315,568.326078779442,0,1962.6293332602,0
restaurant__213.png,4620.58526055076,2746.22653969641,194.243618966551,1430.84051537405,940.024775084485,678.101835523976,1301.86740632218,315.017182456131,1424.03065985724,1407.50628097378,606.99703143428,2702.75519837653,931.006968110776,3877.45195653483,2671.57399279134,308.193568668457,714.322430789059,1491.21658214084,0,343.982044126075,838.078112343519,0,455.978039878727,0
restaurant__214.png,4214.76589844282,2399.79146432921,205.584584408264,1724.44620324637,448.799795237843,386.295620926163,1320.72077024349,363.15269237933,1276.42921123221,1615.64335160411,728.847664397378,2369.4838387802,960.102066901434,4311.93611366923,3124.31885356381,134.465857652225,830.496385308177,1590.76743121063,29.8558519095534,281.080360678586,1047.12045987872,0,635.895524000248,0
restaurant__215.png,3936.34798262377,1967.48982010668,188.727201964896,1469.29866776676,1177.89912813635,616.756517249304,1727.91858090462,331.310315759361,1779.91998100264,1678.31318811149,859.304514138975,3992.82578399684,905.559491762832,3334.63653956508,1999.51342232089,282.562088830527,1049.80489889748,1422.25709346544,0,300.107481240496,0,0,979.447302155577,0
restaurant__216.png,3781.21474707885,1914.19766113349,329.143238459022,1748.28273836046,1399.50790136679,552.401443554597,1686.9215769097,419.470031267412,1874.0247246818,1409.57682266776,789.902854219359,3552.29403787285,970.17763132076,3616.55932096355,3112.89442666989,387.295873957645,785.934268870564,579.24212876184,16.53060970482,257.34668586407,0,0,817.081276314778,0
restaurant__217.png,4140.6104418079,2578.22604332254,267.726764701753,1353.45407922925,997.397902366235,592.382323452069,1826.93471654409,549.875866602102,1360.13082883221,1463.58237291754,754.151827182552,2831.16282408821,913.68011059934,2571.22108456927,3471.80215876169,291.656541141833,1147.10882444151,1476.79510016406,10.0817377600374,366.771329567554,0,0,1035.24712194823,0
restaurant__218.png,4466.95888811287,1705.9200415763,160.910187979727,1900.49257056936,745.004810296602,423.430373682624,1862.20122136398,166.011624774427,1253.70845635718,960.66986435457,569.425545828055,2678.68594754444,570.500432061926,5229.14968121408,2634.85464683763,207.931949580401,412.720402557196,2497.17586691743,31.2450739568959,221.987964574084,351.234520680976,0,949.77992917926,0
restaurant__219.png,4592.88126461805,2131.36782449972,91.6814191765778,1175.23363616821,608.291029945924,328.294192124802,2184.74186878222,493.186405879662,1215.30616923717,1131.1013727014,547.772913792729,1466.45963509176,690.882709652434,3291.93572722784,2728.12793151938,217.945282258272,444.119042742798,1932.16774998267,7.21386581940689,153.688668387194,1333.16134524129,0,2329.63838752413,904.801557626351
restaurant__22.png,4088.73225976278,2086.96868606849,185.732663805168,1267.79842847984,946.878098041558,513.53758994476,1636.33787831657,262.715132819092,1613.67559702279,1759.67937435528,852.477882058039,2353.21344353706,940.727693848203,3476.55277681672,2982.81245748524,288.959750391326,565.488423007138,1463.78925083388,14.9881760832328,944.269251200467,887.238997371095,2.77643876276639,864.649749988503,0
restaurant__220.png,3899.44168656802,2164.34175150743,299.659427715552,636.211312667519,744.406773024402,628.090763325406,1999.61268032868,413.111049673111,2372.40766620882,1919.86672915777,934.882256010237,4138.06096911879,1029.83169898026,2849.51416533046,2349.99359994273,494.836096894633,1217.14114971852,211.787573688696,20.1997954031148,668.172426262859,0,0,1008.43042847298,0
restaurant__221.png,3174.21840862817,1998.58554532134,141.552568531296,1472.32044525409,1501.45141049797,289.958414230444,2204.33898488563,661.666843336699,1060.11366862656,1915.41813836052,871.402802464561,2618.53416028828,884.45484474021,2289.0387004869,2827.44513011426,283.710833277879,861.754774457418,3062.39605820917,58.614647152831,551.697728018843,0,6.92369770067587,1264.40219541627,0
restaurant__222.png,4369.43362650292,1479.04679234755,235.278762092702,1327.59852479758,1578.92734560016,716.37541171577,1237.85597233929,540.270419505511,2272.28214844554,1756.87653247586,860.207328134551,3226.54905651988,860.892519581147,2533.59515164023,2286.49481483895,436.38235519014,981.018235326379,1263.01980638715,10.9604691130683,547.02679005615,0,0,1479.90793738947,0
restaurant__223.png,4445.1462356379,3158.28690858261,138.734944154983,1597.45144174671,903.551342322084,629.193239889434,1756.55251937827,400.909312278574,1408.02607692111,1053.46347652928,716.465227715521,3692.95204140686,859.790076926958,2697.44042023543,2520.40359100743,275.43616478738,1074.99410802273,1308.67704315324,12.1600849935021,341.608214410641,302.013063466946,0,706.744466432402,0
restaurant__224.png,4148.101792859,1287.56833402126,131.612307668101,1957.80916167991,818.936473100913,466.344117315343,1649.68125725789,370.426239335139,1204.07336248622,1392.02182897485,745.977280386827,2316.89710399827,622.061667457569,4343.6078378557,3309.85309175052,194.975773369917,566.768951365134,1026.10217847234,35.3485184008611,373.238802008934,862.951708223425,0,1493.4760819261,682.166130085785
restaurant__225.png,3545.10322186928,2122.8734231551,114.859297049506,1661.79476166516,955.505492189335,636.437683894129,2070.78667120818,378.878465811105,1567.50605635732,1500.15014740497,707.854288536725,2401.91912366812,919.472271895606,2958.59712120652,3571.62505681939,285.50311990665,554.733491743541,1315.34798906262,17.1898060501601,672.302978472605,392.304793148912,0,1649.25473888506,0
restaurant__226.png,4404.99420363692,2540.5283486218,93.1432515085224,1649.64054917091,1075.33884646404,449.310538749243,1760.76397188155,342.162826747376,1399.73750294869,1159.38737896807,650.351264319958,3135.49746747728,872.590947426018,3403.22224323877,2760.26642210774,106.308104281033,574.763444841033,2162.04481720852,46.3148446354903,307.008815211822,0,0,1106.62421055521,0
restaurant__227.png,4223.25361164347,2156.54524273511,137.816522570916,1552.60096906526,1190.99655152589,405.167257233422,1974.92780759208,351.223669239903,1268.31760621669,1315.4545435274,499.06777374164,4229.71440350218,759.363142153818,3193.38883554767,3227.28031873791,165.610640612869,718.589400629979,731.703891738889,8.78928540509928,598.328207166441,0,0,1291.86031941337,0
restaurant__228.png,4625.41192236091,3637.53744699732,133.22528529128,1359.84582026366,830.852972103377,717.306985311501,1631.54534776779,204.871482362302,1238.21701251982,1271.41488663074,851.086628123758,3304.7152601986,920.766048905808,2119.26424420818,2999.77509377206,181.989883011818,777.816140016338,737.032877013776,9.02609105926951,862.414671293438,869.727485892963,0,716.156414895288,0
restaurant__229.png,4295.515501182,1717.99153598321,178.11575945087,915.109106136618,1107.83706569458,628.136950542158,2210.55313554163,470.032526110197,2227.9292116353,1168.41042365588,966.906037210228,2326.30102859324,983.355509307652,3636.77228217415,3911.17328184247,365.491605163439,781.884950217545,728.343767935962,61.5647190127845,518.298734542989,0,0,800.276868067093,0
restaurant__23.png,4003.53784579289,2486.79666439893,192.523543455093,1357.15365715758,604.707190897942,311.027856441467,1850.48022585745,506.595345298367,1925.39810388752,1560.29979965326,959.89084534962,2506.9261030976,986.257349200449,3047.84841943106,3286.97029993487,231.568015609955,1015.01995121055,1287.31321758209,10.7031067284273,581.959036191018,489.840875601365,0,797.182547222515,0
restaurant__230.png,4419.34008935189,2135.93526290156,202.628107069129,1182.45423405111,923.227131491434,843.281142178885,1254.5072783923,398.928612905541,2018.353881737,1714.77319085273,924.664612730069,4006.55631842044,1111.53366996516,3063.02175721773,2435.76273301124,289.828582037266,878.959274171551,493.417817583305,27.5629553495498,436.555646549387,0,0,1238.70770203273,0
restaurant__231.png,2352.59300648323,1865.31442026326,162.380506483419,1436.79117828949,1155.95910395723,469.117217365374,1808.80385132288,718.749184351684,1147.56366092977,2602.26007715704,886.812539524209,2850.53533797707,1299.48609502347,2416.58280414104,3397.84334519252,458.883008875936,1064.60840017591,1038.00410982344,41.1827828479664,573.596042862278,934.555822228413,0,1318.3775047244,0
restaurant__232.png,3549.09764707702,1647.61080262431,181.22083979112,1587.89602477986,1614.66214324602,718.942987970527,1476.64006285257,453.511817402063,1805.59538416699,2029.59407703707,819.366930706803,2781.02895897858,992.807867998535,2896.71330871547,2257.4168679861,323.205815768336,942.15286593898,2255.79496110668,40.7585044866114,700.264746518902,0,0,925.717384847454,0
restaurant__233.png,4453.48468003969,2447.27287687377,130.58102458035,985.33743658691,1083.49089788232,704.001450479802,1862.9193845351,404.930728898777,1830.60564665446,1517.36858145905,897.471908180131,3414.12218913898,860.340245214753,2087.13679987979,1637.62714441437,298.277924488446,1097.50228124005,1298.18244024098,22.2717476760648,586.663570422919,984.880104491061,0,1395.53093662225,0
restaurant__234.png,4738.90934445695,981.885442927622,129.535807918928,1180.03266439063,948.1784527724,530.377121141926,1754.22964386272,359.09538947282,1552.68441371966,1176.89139564582,1101.47846423058,2915.21527688289,947.03447597661,3952.35445416137,2661.70812962901,182.158186817782,1222.8411306139,2210.47925070758,20.7442888494844,510.246764380986,0,0,923.919901440325,0
restaurant__235.png,3795.8777083884,2095.39777847073,197.947930889499,1256.33928647294,1223.11214891215,497.093092900836,1925.58353559277,432.63940755361,1285.4468844386,1786.13406410562,919.569520865989,3389.32550968592,927.066220348239,3487.27089019499,3831.02516488938,255.223736208779,730.430961096154,314.567273409594,53.7754488832604,334.779456829306,484.594143786172,0,776.799836077067,0
restaurant__236.png,4539.72268945591,1930.45226835354,222.886689696959,1445.13195986558,917.388197989641,859.831214474096,1597.26077993238,209.946041042816,2375.7902294462,1278.00740062324,628.308790622355,2612.68313878716,713.510511266019,3625.99939922746,3027.85979264992,376.444987754297,798.461104808602,900.948934945666,29.2561969241756,606.460267990007,0,20.6654741783944,1282.98392996558,0
restaurant__237.png,4445.01250044025,1530.48297301065,167.735995867655,1425.09847681374,1005.52396599967,489.133441684684,1389.43454218,366.283154060833,1994.42056140593,1420.05470744738,709.676239021201,3630.65963551591,1047.96268610431,3095.36738606722,2221.84697405544,252.990338620283,983.593691671889,1496.20339147038,19.446748394036,815.782344636902,0,0,1493.29024553163,0
restaurant__238.png,4023.81993044302,3134.03884171065,122.36441665879,1487.69432858442,1517.15982281013,446.669082156768,1592.00408587661,457.281790165705,1621.50450335923,1852.36997348955,769.739952984105,2512.62784481883,702.60138742472,1608.0760927925,2894.30048530484,293.166034106514,861.294875659374,2006.55981655835,48.3442600751545,590.154124822562,395.973851143196,0,1062.25449905499,0
restaurant__239.png,3966.91843188647,2250.36360101519,203.546042085216,1540.4841921423,1187.93375190811,394.217399828432,2082.82995795462,586.566069022075,1118.06065521506,1444.09929004639,470.292575405952,3608.05190883133,705.837984401083,3626.38262659749,2747.47454121373,228.704493166091,743.750775997471,1928.64945282623,31.1256504030533,337.420660691636,0,0,797.289939362076,0
restaurant__24.png,2253.81408620281,1285.5121881694,101.748132079763,1716.40351337344,1065.27662621119,348.952667901066,2928.93964716896,361.49906075785,1090.00340238554,1745.82691631475,965.755845840913,2018.72068617582,1039.0379970373,3596.52110998997,3243.75749498648,291.448346113608,1393.63593621909,1501.71756007945,24.5294937891292,703.886152610987,1695.10005639187,0,627.913080200609,0
restaurant__240.png,3600.14890801956,1218.94308360411,223.468771611346,1744.70048695092,1304.34133768053,605.948024753715,2064.59151279372,564.165569114775,1817.94649718032,1482.75005726599,620.715436547262,2829.5000043337,827.765299059952,4160.77839775982,3522.4064054426,257.728719731973,650.762767401157,1000.73029667832,22.3150161778847,400.868057479071,0,0,1079.42535041328,0
restaurant__241.png,3674.80991180697,1999.79801990979,161.882019196477,1838.45328768412,698.522825994384,739.970918391181,1830.13052926233,691.088460020117,1664.16301040702,1369.0800037983,812.861916304719,2275.86715620525,997.429727554841,3512.77332974084,3405.13342205034,270.130466683052,735.705372362552,1752.98347374972,19.9660732103865,406.697100824666,0,0,1142.55297484293,0
restaurant__242.png,4069.48519712431,2236.09485778486,169.84191563899,1098.35122981959,1023.96009904917,584.085099424243,1920.02344866451,683.161710481797,1798.70704876995,1410.20451484109,716.078685140444,3558.82246140264,1084.58393501496,2772.2184441017,1871.08536772555,349.68688121408,793.334077469642,2017.45810703863,67.6647933214649,569.496280451731,0,0,1205.65584552065,0
restaurant__243.png,3161.50184621723,2487.49632249249,181.367260382106,1372.51286493631,916.414519548061,475.169299708728,1856.78461248415,272.067377864692,1058.07872426387,2218.00014939614,928.899006512988,2846.21522849287,946.510557170093,3223.26181882877,3802.69799718975,403.640229592457,849.720759535376,1169.19304042669,41.0497402036183,360.650511150151,467.278449535995,0,961.489684067479,0
restaurant__244.png,4516.63457447886,1856.79880121762,188.655085314844,1161.87690434811,921.302992872292,420.487425318432,1428.18002966463,325.295226679653,1761.32592135913,1607.08621965574,745.551041259561,2023.27129242757,955.900945792487,3950.63383941954,2285.64553762148,320.030264543903,844.970864658396,2693.77925372515,10.2910615162754,582.837998398062,626.835484233392,0,772.609235494873,0
restaurant__245.png,3486.98789472764,2674.30929573848,90.1631716673233,2119.66204163177,1113.74086311209,242.554342890429,1838.43411625911,194.14155335668,1262.21338091866,1279.82562857806,681.117534159406,2370.35501979979,1010.40842647267,3369.31500665649,1947.30219310093,211.984587581664,878.174436073325,2677.05712921488,52.6973047490895,208.53957667703,1410.35476240799,0,880.661734226504,0
restaurant__246.png,3205.3990193754,1130.31061882371,73.6820044269297,1969.84743131532,1174.50007730217,289.628795147595,2150.26846120261,419.151097650893,852.575316682741,1653.60606659009,738.396874006809,2423.24836669523,760.707712766077,4028.3996011153,2343.69321443728,238.446755014517,928.802930675719,2159.44771705214,21.7245537359858,577.069390080813,1857.72458555808,0,1003.36941034459,0
restaurant__247.png,3097.69992253721,1232.2899141287,209.254209515526,2002.87941127563,987.513379373774,719.858056348236,1996.40631412864,516.920721495521,1471.16143196271,1495.4631882495,1018.26688624051,3742.17633676295,1180.39661689124,3024.48434210494,2818.80864792803,227.154546917777,1071.81906010923,1038.74131748254,0,847.935516276834,0,0,1300.77018027049,0
restaurant__248.png,5076.39892674989,2383.90273861538,109.785726971574,1133.70874014826,704.551794539385,600.050609799076,1436.39132795494,287.343035097135,1614.80686235362,1294.84768208022,562.342597958815,2652.08409319386,741.136712259178,4191.77531441414,2096.37756780204,309.052967834721,711.653467079943,2544.30229000787,8.46364297279148,339.447699395982,382.592849871953,0,818.983352899221,0
restaurant__249.png,4593.06130582882,2912.28503767579,348.609753312056,868.316703292859,764.646879690842,845.050986383637,1825.56129139538,248.1346258782,2230.56931168351,1614.60110852592,975.414795094452,3933.77906467522,818.924217316818,3020.33046220527,1637.95949681097,264.092385960973,807.984945924886,1004.03138713461,15.4429876792402,298.264182192849,0,0,972.93907133771,0
restaurant__25.png,2273.42663848333,2408.71915850705,112.284484700649,2258.11296696546,723.909785143757,313.736476373563,1764.9565367888,543.561627503845,1437.87977143048,2072.8409882913,1157.4527617706,2425.53931920948,1344.15575376271,2028.05646209941,4314.70302942184,242.263088387786,1026.87968388952,926.168538785389,44.2440273206181,1006.06296982563,469.688380078602,0,1105.35755126019,0
restaurant__250.png,4626.13974037859,2936.20530134977,252.248120361307,1063.0677413627,608.685580069298,455.298260274558,2308.88342665956,378.004601182297,810.295528985365,988.301523540995,577.042683083398,3407.91076021808,890.20664963661,3909.24599837812,2376.25515959872,115.775053306423,681.997582545972,1730.13070913884,7.62586511512437,316.789809283659,967.861461423133,0,592.028444107486,0
restaurant__251.png,4025.56086664534,1410.9241811889,120.14745156532,2076.84400938656,1177.37853238021,361.324584106599,1797.36785090024,542.856763793494,1138.63978739697,1326.31797285413,1068.90196693294,1752.9269613432,657.343135652211,4218.4811707768,2853.63470624321,86.1748860882227,503.337084407829,3354.41827710815,12.8125731437695,403.625091475709,418.908232236553,17.5787053295311,674.495209044115,0
restaurant__252.png,4242.8910729011,1314.4052702934,153.116379528822,1337.82279496973,1042.51828100359,477.316831387476,1500.4163420318,285.282972620793,1233.95177858208,1635.76992145173,883.287357933757,2842.18171069111,1006.04675559488,3950.1997040654,3627.57016353633,240.852587223188,982.798270946434,1665.86313627418,36.2005258275719,341.294607433321,0,0,1200.2135357033,0
restaurant__253.png,4686.59738994929,2129.04084876097,289.731600899845,1212.84985448516,904.206973692009,725.54252303558,1618.50133307282,482.239945947432,1869.34252501997,1297.80567732915,911.005506848546,2985.93968680131,847.528660745324,3654.50280731915,2589.95420466156,303.670148410302,984.758223247556,1156.87026368246,33.0469360079555,367.717015656336,382.619195899275,0,566.528678528004,0
restaurant__254.png,4869.32229368097,2141.02631611061,211.968011031191,960.259043939673,849.678669958507,691.022290937227,1692.01560486784,480.050649213899,1835.86032950322,1299.29317023186,797.984633472392,3886.84635371717,908.257836210582,3634.80945977306,2475.75452373704,221.429011043245,804.884060705984,898.548491074162,49.4230400258308,499.60141651045,0,0,791.964794255093,0
restaurant__255.png,4049.16247181186,1843.42364576302,143.087929491878,2088.71424365074,1158.0128233437,326.627450475662,1328.97609874086,503.070290855907,1746.64959737998,1310.88612372535,273.415284069068,2831.35111204656,970.991123980723,4368.87365983064,3419.04998663909,241.147745380008,783.366616215329,1069.93187878818,10.122192710466,410.006709969215,463.302045178646,0,659.830969953119,0
restaurant__256.png,4285.74849311366,1136.38880716726,221.143821766573,1129.29505505891,1197.38753502888,828.161716443461,1524.68284913691,377.725824394817,2104.35161844771,1770.33363410819,1105.3403278246,3981.30950881187,996.332261363613,3370.99200566282,2514.93516263726,286.173914879448,1006.54861565944,0,7.43379233927103,716.160197876217,350.09817189313,0,1089.45668638598,0
restaurant__257.png,4309.02342020372,2568.09126230386,159.164157660217,1458.99542108086,888.239728913147,721.667647462419,1378.03297729802,494.21193441233,1831.21265327724,1631.3252941989,1020.51851213799,2560.90133197669,939.454826111956,3041.74344046522,3673.96118801963,267.19314015778,635.419757080921,1053.0930216038,15.974920948761,706.43710297938,0,0,645.338261707153,0
restaurant__258.png,4766.7492865943,1637.41086901575,284.90746122282,971.349916980822,774.363057686076,790.438999867804,1332.49700700429,340.831692950782,1868.99049005231,1598.86518127681,729.207290581831,3231.99194922727,962.774150491081,4766.22440329641,2225.34328397449,320.599669394815,734.998713278714,1218.26223898505,47.1647882578745,346.625163189187,380.06557667025,0,670.338810001251,0
restaurant__259.png,4204.1137826087,1517.78941000388,211.519353078247,1206.59594100423,743.308456636863,536.594799833215,2018.39917966942,564.795403660287,2170.37071931842,1449.13235395201,861.78800558311,2679.42322494711,823.779096419449,3794.8176944422,3156.9273757868,216.076166923357,882.987073005888,1245.16452703621,81.9034794228354,437.134587258814,0,0,1197.37936940896,0
restaurant__26.png,4440.3436113998,2777.46148455626,183.634006618124,1337.64946729645,859.962820459047,582.234155637043,1602.05396783102,299.943826733764,1457.03736824489,1571.45221457541,527.143327673876,3002.16844252989,730.756202496244,3186.97076539572,3595.29663667397,289.321446069443,1041.77757941474,1179.62939029608,28.4230903316468,610.01702488258,0,0,696.723170884009,0
restaurant__260.png,4391.51576055409,2239.40716805123,191.221022177056,1047.58892829146,831.764007481285,653.271196009259,1921.20081924426,570.566656864971,1503.81562896575,1778.58833182118,850.548621299377,3345.39046120142,592.192512606236,2760.07333823528,2421.57072248795,218.449504395993,642.525705819048,1884.73096915856,50.4641430867802,847.206362503817,0,0,1257.90813974499,0
restaurant__261.png,3245.66906378009,2604.07335408529,144.716024435259,1938.01535342793,1029.28618242827,296.625488971124,2218.64226549209,479.346715086332,1370.90131327008,1523.04051855337,989.562151794645,3224.60316281364,828.227295500425,2193.90314895595,3094.78146807962,199.743300918912,1392.43148495795,1868.37254243028,46.6622023271864,390.839145120509,0,0,920.557817571055,0
restaurant__262.png,4407.2586180654,1791.72304584292,121.490255044382,1439.71982818412,719.541152623469,631.283231366037,2028.65455758163,333.213248427342,1274.73416753619,1113.25731227994,782.833207086776,2702.97985710018,805.431614228369,4258.12220747099,2929.38965585686,196.184443210038,599.886240831689,2340.12283309636,4.74681322525795,298.92586337501,0,4.74681322525795,1215.7550343418,0
restaurant__263.png,2765.78527050526,2083.91550740423,127.758062153519,1492.85542417148,1036.09206440706,580.955111375151,1883.94137047617,812.215947357244,1572.05487947635,2242.94045121039,1251.61700181041,3011.83807189973,1026.64553243894,2603.4791912405,3005.95996965385,520.168050643381,991.752578207387,1701.4339054414,67.6639005543762,579.607298809496,0,0,641.320410763674,0
restaurant__264.png,4592.09484835878,2268.22449150351,141.977027080892,1097.50594603414,1568.20041528872,532.443008570281,2163.22046256452,359.263642404722,1439.00297098957,1194.59496450961,453.981009050497,3161.37040375397,772.986330909952,3008.08395610219,3020.72172215696,179.597447622993,592.866734748948,1290.77796329446,0,354.283083119346,413.706904153864,0,1395.09666778207,0
restaurant__265.png,3863.7316944082,1992.90340089193,213.487802336758,903.825572735227,1375.49053361211,381.808946934397,2222.72163011075,678.5282683999,1649.38148077207,1625.66336546728,1004.48184419743,3733.75930151242,933.15485044738,2377.76109618002,3716.30121680405,429.245635466343,879.260141507455,305.261251640308,21.6572513648206,548.60726814426,0,0,1142.96744706689,0
restaurant__266.png,3955.17357688434,2694.72932609672,192.035877648234,1082.49427345051,1026.39081917258,715.25799095029,1782.8971494501,500.970865380818,1608.00566713523,1644.62304239407,631.675105681953,3504.66952950119,1135.3571942606,2751.19871839276,1584.91715278184,372.143668576905,709.466591481076,1961.29891806744,27.3110949834637,559.227627409065,433.814863915783,0,1126.34094638502,0
restaurant__267.png,5095.56690931818,3362.21314398546,106.543810049123,991.640938026409,420.165891845884,322.341431713622,1647.99177145817,369.950096945015,1585.52497584663,1378.94888686278,539.934848685185,2126.33633754673,656.753344273149,2520.86554356481,2933.27420761029,201.266152069006,425.811466110083,2384.02874370809,27.8319979923194,448.869847297567,541.950493525518,0,1912.189161566,0
restaurant__268.png,4838.34313488179,2819.2809311997,139.806952334757,1201.68085429771,930.198040493028,663.321216366961,1673.65819081533,449.67501231524,1338.22396401457,1234.98270561983,758.502458358617,3376.43606623377,799.825241447929,2803.45690230397,2767.51029136886,251.509872937404,923.124313699822,1714.70150968109,0,517.142764458447,0,0,798.619577171179,0
restaurant__269.png,4447.72437090395,2208.33361285756,320.473180587339,937.357559200198,972.79605621378,738.80192855764,1651.30099918708,464.876602033054,1626.19638995897,1653.33093593506,702.41890569159,4010.46682652982,870.723116588452,3381.50724458354,2888.56929070883,401.74108979022,760.231554681315,415.492383657398,37.8219283950341,445.180040315921,0,0,1064.65598362323,0
restaurant__27.png,3699.55002376156,1631.91160815258,195.763432649243,1067.16843077819,1085.99991935572,521.808311536275,2256.65367864377,520.698808784274,2277.41598876282,1613.2241550113,756.625557267388,3311.33591067799,949.855125953792,3084.80148343528,2371.92060569895,392.464218072044,996.917542958189,671.243593971983,21.0843677793465,779.848231041947,650.512156702737,0,1143.19684900462,0
restaurant__270.png,4344.92385408297,2097.70649659735,152.261337482062,1722.28926239402,2084.53970617447,409.383441864011,1326.95474266803,297.84246138827,1012.97066387459,1546.88249037398,673.255441158684,2833.94764166257,758.473115080627,2235.23374333291,3157.06796196831,254.784147202662,642.078460352978,1902.03407877522,45.6923881977071,811.619684312429,532.334874373246,0,1157.72400668291,0
restaurant__271.png,4598.74537088247,2967.69341107476,233.906095336731,1126.78232118532,852.172406798363,774.479622616493,1545.38214863098,336.985387680647,2148.6181909185,1649.39528597968,817.043813155018,3048.47483750587,859.083967182258,2907.43891722567,2637.33585959111,205.556912279423,957.151345251979,1157.18539403129,15.0539938598573,434.457368853562,0,0,727.057349960003,0
restaurant__272.png,3500.48651584249,2143.57998334348,140.745419374841,2171.02352463587,1096.48831684724,512.939887780753,1568.91135238801,419.122203610351,2015.85707759577,1817.61830834378,827.215712081954,3070.39548725395,695.709569113404,3102.18008210315,2690.1166655836,230.940198044013,983.281725057274,1569.94546241108,15.3105316324435,435.095242687299,0,0,993.036734269254,0
restaurant__273.png,4048.11980272508,1732.40370048888,137.640787524161,2014.03950190015,703.098938728253,367.805326716931,1333.90851736133,525.666903960563,1778.4436274089,1540.93077315782,1070.09440337973,2331.02339411877,777.436582215531,3117.04823921276,2950.59520030637,266.575366201307,1785.06133333076,2072.14911864405,18.9894564387863,365.360068459225,362.342545280818,0,701.266412439825,0
restaurant__274.png,4347.4052326217,2094.69080996033,208.500899015781,898.862615955216,1580.31526758598,519.765589303994,2157.77802109532,402.946194879412,1844.67855608089,1516.85509813172,599.04639797414,2966.19754867289,715.85410161844,3163.07940985806,3042.45519174397,345.425300025592,849.109167819876,1418.40221518247,17.8196305520147,431.611507935007,0,0,879.201243987192,0
restaurant__275.png,4494.38471498457,1445.31219020361,255.797453847099,1619.07350943059,1695.51892290191,581.710891444439,1839.36897000281,959.671960369648,1993.76191572719,1224.09303430296,823.438394903396,3150.32400245723,594.712005390124,2271.60041569043,2513.10647767654,214.840679506432,1001.11477207596,996.281057679216,9.19331576828671,561.847719622242,509.018201168292,4.33377061422983,1241.4956242328,0
restaurant__276.png,3914.65202551455,2239.83362457885,337.788170498641,695.981825488239,1044.86138656422,472.037566778532,1665.78854805833,702.036293518403,2225.16865183965,2376.74749329809,886.771387717944,3598.19130794512,1054.82452014428,1814.03426626489,2068.10147556945,268.632224911287,1331.74449081511,938.78290361291,23.3733625852274,543.561520503378,359.929923755697,0,1437.1570300372,0
restaurant__277.png,4456.12689510103,1591.86983736362,204.976119598769,1186.94184841253,1033.49662541833,673.989472732635,1800.64046332241,359.69699961514,1808.0342486911,1395.99042616725,705.323786067331,3210.43475297938,835.06425838062,3838.41585129257,2768.24788294779,307.041605020489,972.390415551727,1334.31752305032,18.1945035956696,774.588093612997,0,0,724.218391078294,0
restaurant__278.png,4824.92214617357,2677.43174161211,277.552549536455,1430.639302986,559.664122245728,561.357866586847,1009.29312556512,436.072073554373,2015.47375132128,1693.1546766407,789.390152914971,3160.74434124489,731.859342995312,3522.4785025445,1714.96707749285,281.531557435981,918.488589453183,1611.44971781338,19.2504891589251,389.042935253422,658.454696004298,9.34935904439631,707.431882421715,0
restaurant__279.png,3982.48149293284,2214.62343890905,244.963799651706,1203.21799932247,1288.3911600949,810.741070623583,2001.46776451854,482.046749027142,2003.69707184478,1349.01234356387,531.949111909702,3004.3010655793,1012.29177363232,2621.95820679656,2190.91422067312,391.692810438984,793.413443019009,762.847408091795,59.8358155909631,372.842153206484,0,0,1694.77573703715,982.535363535714
restaurant__28.png,5232.14043810989,3044.56304704427,244.402190666881,1155.20706653676,528.240650023231,625.25625862164,1240.31293287791,279.242347302047,1886.79941827784,1402.34779240468,839.273815579193,3641.89536839722,667.664848634844,3284.87619571429,2056.58692888208,289.127419262332,677.360475643207,1545.05983515434,13.199502173581,454.523776861314,0,0,891.919691832446,0
restaurant__280.png,4488.25946829399,2248.2101406638,156.818983143087,1495.70564533606,880.518205556147,370.797087363697,1621.62286309252,331.527381563182,2070.92396160734,1525.22259228199,906.820726374747,3567.56126428519,679.543163419032,4062.19317370577,2468.28957695629,166.167247380001,598.910421799232,1365.60912664439,23.4790201964154,266.577506998851,0,0,705.242443338272,0
restaurant__281.png,3299.43848722451,2858.49686449585,149.975047436484,1578.70304771886,931.352921481713,573.906518050548,2139.01349268784,218.157038208104,1526.20254337674,1578.35046307206,829.159646502229,2236.3217026787,1125.613796046,2740.73794119854,4846.4534212652,229.836062074836,872.095387578276,667.140767192325,49.0446511758978,380.641038775499,0,0,1169.35916175979,0
restaurant__282.png,3198.3098762576,2567.03238660144,76.5212441230102,1838.95188759467,1197.68122491817,325.02432294719,2094.4137926188,545.391203876803,997.689971152488,1703.06199130436,815.69497662314,2692.20184141792,944.738588845479,1814.04017831732,3187.41427068845,196.102828684623,1092.9572034353,2721.14834967094,24.4210346944608,841.603217614895,0,0,1125.59960861294,0
restaurant__283.png,5134.68890640381,2433.77433997585,178.308912079331,1517.70753180731,874.079843929798,526.391860010585,1370.27476684348,163.910021053608,1214.15379523072,1209.2911584265,578.203054310859,3231.08853882993,587.505069479352,4182.62891906118,2061.07721257558,153.959408422937,600.86886843014,2010.04394690504,26.5731586166065,330.055671855865,778.935734368822,0,836.479281382694,0
restaurant__284.png,3769.55930627103,2658.84635649277,123.573440643474,1023.15919087802,911.093610143299,652.660155202518,2446.3187403393,408.2345805334,1370.75728638252,1328.35670599412,648.513307431069,3848.72589040217,1066.10519993765,2757.41177797217,1899.34531606243,366.500856579885,843.328981374823,2104.93791130689,0,479.958522283411,0,0,1292.61286376905,0
restaurant__285.png,4523.55442273929,2755.3814657223,158.960247087945,941.255332491383,815.697723672477,659.487486031128,2113.51108832589,618.529686234377,1796.62775358492,1365.98811016258,918.382275466803,2917.58973535594,804.218782390718,2980.24507922709,2585.75202261235,244.327848431958,918.61667484818,1571.95834918678,7.1444154581859,367.586683999329,309.62440614094,0,625.560410829443,0
restaurant__286.png,2707.65341109382,2226.33673250736,88.2935770168579,1967.24622621204,895.669819719109,459.800163649753,2476.39317429153,594.373812988411,960.17930395533,1609.11321325902,587.060104464628,2186.08690647743,992.276310100178,3088.90839425347,2777.86940970414,239.658072943408,718.142095104694,2866.68987904266,7.65959210000847,623.281791113005,661.080760153841,0,1266.22724984932,0
restaurant__287.png,3728.78123905596,1404.6674803583,54.0629380353221,1570.22549919949,872.312979859406,457.97529951485,2062.95723651099,561.953472812737,1332.92292792967,1329.60632432344,620.84454135382,3002.929593001,976.334785258034,4406.26938633958,3056.47611574457,284.663691589384,967.397257479611,1657.12635576088,47.4312240627042,516.645380077831,438.50677001372,0,649.909501718718,0
restaurant__288.png,4209.02988801107,1876.72622117557,247.205775667029,1676.65079119066,1138.09826025644,828.916580645,1810.3626804177,308.399503242241,2222.2115472252,1297.57928605886,804.424832431464,2962.32331512646,790.32394592974,3586.75076614506,1381.39795687444,198.57764782339,1252.38255660698,1472.81495217948,17.4757605685804,455.352759620922,885.129872282386,0,577.865100521318,0
restaurant__289.png,3897.6163056278,1880.72634237712,149.95035061211,2093.97765061178,1476.16269440746,454.178918110162,1694.56614304755,777.877225809385,1286.09046447034,1245.98330366779,914.262231629895,3207.6304060564,891.131411634498,2644.25384530331,3095.51594152165,167.868011957537,460.311699214663,1403.52061134258,8.85717345304867,381.256505026143,403.11330788676,0,1465.14945623202,0
restaurant__29.png,4576.76069039272,2400.0022938381,214.798773670396,938.590706889349,827.781927125293,723.829663479848,1821.48740246954,340.81030431871,2749.85514753168,1246.63821188713,639.184177662751,3130.72352879285,920.339621805096,3572.35486931206,1888.34418760472,467.7532118581,694.836783495834,1292.4486989205,28.4301546980639,441.966091381223,0,0,1083.06355286603,0
restaurant__290.png,3767.59835207328,1060.05648370199,109.632945262656,2422.01464081542,1657.92657925269,578.767153766244,1775.43112465211,333.318809391349,890.667319976067,1020.09484861299,563.73975290591,2805.57653145768,838.277917910935,4722.68366604178,2086.87011133287,145.825699771735,550.415036142677,2758.03057086848,30.7574161635371,209.709436733448,770.455367336007,0,902.150235830159,0
restaurant__291.png,4213.27089988334,2584.48743335986,152.815896240053,1166.38945748941,533.354997628425,755.938705918328,2164.93425068781,406.580658201495,1855.61850256756,1541.85491261194,648.329946911427,3245.7959412517,774.531716490407,3223.75140428746,2269.87710104184,129.306349985759,1275.92227775177,1719.95385298053,9.71241285132836,320.763841342995,0,0,1006.80944051656,0
restaurant__292.png,4176.51918172287,2754.89833519125,183.008031415368,962.409250906735,943.184580693803,289.08805895476,2371.74461718491,201.159697969785,1583.24327553013,1295.71470086931,444.443042875634,2808.58970053536,929.676091602844,3751.48477333269,2839.15367577379,256.50243859171,934.543934113956,1639.64099676735,7.43371912161092,434.315777796425,657.276261023244,0,535.969858026453,0
restaurant__293.png,3984.42875383056,1425.57353149253,171.321055077212,1521.19387598285,1465.54329347495,477.435491263231,1782.24474423459,377.372699165224,1505.24524288324,1497.04459875543,675.914750600406,3030.27958876998,725.417712882096,3893.14463888775,3148.88213485714,444.030480799199,786.993209117228,1666.83648714919,45.6398335152745,662.351086565298,0,0,713.106790696613,0
restaurant__294.png,3460.20034599049,2280.25504559851,166.145390202011,1810.70862372551,1008.85303083742,424.267530468619,1693.50055064101,457.028480431107,1483.64517490481,1590.16407176616,595.555026487871,3474.12459808854,1064.14258794818,4076.54151742741,2503.21270441195,331.568558964592,401.505305266736,1334.15973963791,49.7152609640752,389.935772016931,614.444862286158,0,790.325821934006,0
restaurant__295.png,3793.59357964703,1185.80024905743,215.892133957062,812.43322078676,1228.90379866326,721.342137091437,1900.07753689467,1313.64462686924,2206.4468925538,2024.34910967797,850.719772133523,2690.55104237714,1126.90552319166,2786.78079391011,2646.07246577682,319.563065277776,1278.7142399846,740.041276623354,23.0779645241351,506.714411995678,779.654051620389,0,848.722107386144,0
restaurant__296.png,4907.3143829402,1194.77935102587,147.044505455841,2148.6143432155,844.927807972733,362.506941611274,973.515637536887,525.527003169489,1186.63324272807,864.677794788193,1010.99241599183,2142.98689428211,921.155821212586,3718.78200639821,3629.91376880094,184.722020306645,1317.04686249736,1950.64483508004,0,307.705669537444,580.269812041722,0,1080.23888340707,0
restaurant__297.png,3953.71273198352,2464.82636729201,131.938553342341,1605.56334665596,1054.21620599808,435.632116555665,1973.85155207735,737.831579146042,1116.58256802546,1247.70166510986,623.394473979918,3414.28436301613,951.756503504516,3506.22026628982,2219.32765593214,256.21696574826,570.97392063105,1231.20692261216,11.1972349205384,485.259029371732,488.362035378068,0,557.278157291349,962.665785138035
restaurant__298.png,4756.87313742615,3372.77194647039,127.477357765633,1486.00124083609,1035.06598740672,444.959858614604,1298.33241302468,358.334226662647,2071.23639943903,1546.00314072454,583.456565347743,3018.93843139563,700.212829900862,2869.72532714347,2301.82968553539,187.922506154353,858.13868717753,1364.90789171454,24.65473193333,418.004744262919,670.650375535176,0,504.502515528584,0
restaurant__299.png,3433.40716009967,2813.08880665576,204.339214111608,1373.75725642709,575.814170707614,476.125409283833,2596.16612062603,430.388559271625,1595.27304418231,1419.97181619088,739.356958867144,3504.38920152713,943.88996842718,3580.79805383122,2940.95198017969,216.58051247401,674.578873009886,1278.92115071542,16.2271657551312,544.712800736006,0,0,641.261776920743,0
restaurant__3.png,4014.5374415726,1289.49978499264,202.447507382257,1364.29444505721,1706.81770655529,435.982553966561,1660.31849637538,564.142797748263,1402.66030707324,1765.91360085967,666.832432117657,3070.34260980272,906.041919065949,3581.60316570777,2806.05878460409,261.999744939053,805.544295895944,2082.50823717114,26.8943521301454,264.70731385389,0,0,1120.85250312855,0
restaurant__30.png,3957.36025375464,2043.55399500221,168.174469074473,1258.29038221748,1135.72810748577,459.957340532682,1762.47469033198,437.197927660092,2029.16083146583,1757.27553288095,885.701131230938,3491.22998434291,1007.9725618303,3731.16884954825,1804.54614296155,247.380103826154,630.452082961198,2046.93123162256,9.24647515848854,372.221905167905,0,0,763.976000943641,0
restaurant__31.png,4134.30170562124,1431.7199706653,87.7091438746392,2016.91740826837,2278.78046429881,202.72180332688,1377.48526449305,689.516476441901,1418.79737872761,1495.68729217145,626.532404792149,2553.68619482622,794.967763134701,2768.8798071242,3890.02314624636,153.119394831373,870.387715915813,1847.06233299829,27.5211714798088,379.189629875555,0,0,954.993530886276,0
restaurant__32.png,4276.14433234503,1454.91393347089,117.919458145262,1401.815276978,2565.44517783142,490.601130632479,1550.41193483351,838.370694212371,2058.07327028509,1471.1388275352,738.544818119222,3579.24144354168,904.211053797473,1611.19911791228,1881.80170565049,326.659421916687,702.539139509545,1872.362991745,69.6191525941037,447.808349156712,0,0,1641.17876978755,0
restaurant__33.png,3848.20976016014,2412.83907700378,167.587565378679,1398.38002292014,852.79692791941,534.828499706801,1743.9197211794,633.13518665654,1645.46486100634,1694.33002446927,603.427128373392,2744.11769047946,1018.0437862875,2605.79829330139,3158.12171490862,243.597077809019,769.90691981178,1315.30233138873,53.5196071745291,466.321145670319,434.577337131367,0,1655.77532126339,0
restaurant__34.png,3965.88296566782,1864.78880555996,140.271068765027,2112.72098643413,956.03816640569,428.120577157959,1458.58494241359,293.83492478369,1669.71270184055,1261.50801643763,909.762097160499,3074.03280568243,900.580569057622,3503.34903756825,3837.23026394701,292.389242480078,766.930740981222,850.632582607019,8.3332775091286,513.687855732077,0,0,1191.60837180861,0
restaurant__35.png,4270.55025284153,2115.89871069573,209.34417970491,618.975626836769,979.210325735392,734.078842654118,2395.32425637008,478.187917664347,1647.33927092646,1382.41913526795,723.642554787662,3887.85048982072,1002.2460525071,2900.85498059241,2038.10060404893,321.875980133845,598.437178157348,1483.28661284486,8.6086960427178,1342.99648473557,0,0,860.77184763154,0
restaurant__36.png,4832.82585957437,1585.00278667626,137.953688622548,1172.53507708874,1823.96946226619,525.207775997295,1602.91743742909,611.463631930856,1731.19984456456,1383.6872552083,473.312177780519,2970.33761976604,827.343523996332,3479.88858610579,2924.7212121876,165.066483158208,641.038578909471,1232.75108064275,15.6243635449627,396.342599387802,477.828778219201,0,988.982176943107,0
restaurant__37.png,3768.85259186667,1705.48949138829,193.760459590252,2169.5437721153,883.116491238138,468.433756716074,1548.55887082409,408.595391364453,1842.76934667742,1497.14337082069,1016.13915582556,3016.2196213281,781.061137445689,3468.10025945293,1877.52316793638,234.840256927558,673.752459567871,1797.51639495083,0,410.932208381304,803.777252800939,0,1433.87454278146,0
restaurant__38.png,3019.58137335294,1639.84151229331,82.1995204609968,2461.19988871809,681.669461302552,439.248103578961,1793.69092000449,436.382425517255,1266.87222354527,1504.03061102106,925.747515268791,2932.02187983925,953.479192258531,3868.28054815382,3087.76321041518,246.914390155096,705.714178882597,987.685775238772,21.1036244897921,353.502668890866,1204.20928692157,0,1388.8616896908,0
restaurant__39.png,4451.79594523799,1187.85258269457,62.2874279187429,1846.39720165844,1887.20578371405,704.441636796449,1364.28174430781,467.871579242458,1449.42675677236,1392.42321637162,864.574217469176,2088.28498967016,604.846369575744,3793.82710956981,2974.19084094947,308.136134876194,951.02197438295,2392.42217246383,32.119387972206,333.787797786607,328.946175428993,0,513.858955140376,0
restaurant__4.png,4250.96541268475,3007.55565569373,139.756345127077,1068.24760003027,694.794804310024,425.388611373175,1966.08034918779,258.759052680617,1814.09742784317,1753.16408216178,672.030708476427,2974.02336649004,810.803419131381,3120.6339841029,2638.0292364185,150.73913680404,993.743091806304,2008.70501274805,0,589.495658856464,0,0,662.987044073542,0
restaurant__40.png,4241.97174856303,2105.64245806094,134.674558985151,1597.51937089383,538.770022128159,455.775856675405,1933.6380713933,292.274988513843,1600.5474749344,1168.03832218285,769.779430068804,2493.32369174696,758.721972590388,4194.58839866955,4167.15567742078,239.506351540739,815.404160684136,779.45289700791,60.6041628358599,480.593600809191,369.069843229398,0,802.946941065373,0
restaurant__41.png,4102.26022166752,2389.34535309394,138.751797882085,1404.26705499174,1412.22278827753,770.526687580251,1645.14200204435,528.837932422045,2250.39003438325,1306.95844887225,759.610614678188,3793.33489044121,1021.13535108306,2118.66696451937,2270.12513315584,504.566345118115,918.012711356479,776.871456557366,15.6705762229757,491.61702805579,0,0,1381.68660759666,0
restaurant__42.png,4783.61012108494,1484.26126777859,254.211551927932,1304.87892136344,782.877347541002,990.7654891821,1433.55085919799,489.596348943097,2106.36131480295,1428.15149784447,1262.53534430574,2571.06507354549,822.427232749868,3450.41826028314,2761.88712445159,173.331749037059,992.655636690106,1315.70944608993,54.0496187222343,361.270860347005,0,0,1176.38493411133,0
restaurant__43.png,3312.31954694205,1600.77438411879,112.668189792427,1393.26623265267,1209.8545994013,528.499839550543,2183.68961188833,450.136312976337,1476.40718257415,1756.74212364539,601.579872324482,1828.68248298455,1153.38158540803,2846.82041957626,2509.43246114639,160.535947354476,1255.71511494617,2959.4778124314,40.0649521090552,543.931999983079,584.832031520547,0,1491.18729667358,0
restaurant__44.png,4248.660022132,2310.47191289365,121.514397123905,1460.23831353387,707.842809719798,664.062807078874,1441.85783351533,293.162906814839,1282.03463397918,1769.76218718663,765.133313810957,2757.89799927623,846.645530510557,4204.99292373421,2974.94551954134,195.136247076063,793.764871069707,2199.54464300048,37.6998660455438,373.892510941292,0,0,550.738751015548,0
restaurant__45.png,3173.66207992496,2345.47333477343,155.723811743139,1925.1278134461,709.304270551071,507.207709373549,2159.27492721097,359.352293326136,1440.74408662948,1391.72253010821,898.703283595001,1942.56733279591,1040.90012582666,2917.50307006125,3109.71520588216,263.634111777307,1031.35522714106,2371.6666250214,45.6784117057997,450.652170424374,472.375228554369,0,1287.65635012769,0
restaurant__46.png,3494.25169602901,2025.4973926897,108.204621249362,1781.73005705519,1021.24467827677,560.969253720545,1983.83250222776,396.087163314824,1658.11266342278,1608.91394880285,894.777661263843,2673.98474726687,769.938801567013,2651.08033777107,2433.57353819085,351.839371764038,694.638139702068,2565.15517614959,9.49362255413448,517.486665567989,0,0,1799.18796141374,0
restaurant__47.png,4415.73105961771,2398.13274031499,125.600874236419,1900.74378704121,901.787606677688,709.71659943598,1535.28170126729,301.12819967057,1617.59012267008,1306.6480444036,706.431999400893,2941.10057682513,547.915632458871,3715.66622373422,1987.07944743126,276.408140311093,793.960237222705,2198.88270169015,17.2716349002246,317.590674445645,420.029677710988,0,865.302318533292,0
restaurant__48.png,4322.68165681663,2278.8867294302,120.38567924384,1713.9821874029,1119.71916447047,682.143681005506,1478.11040768565,459.975393003028,1693.9362552478,1198.56140042052,730.701171215449,3132.28764828659,965.347201913738,2747.18108878076,3387.04537234586,272.395992905496,1016.85174758027,984.201363870405,43.1548107896257,509.980129501485,0,5.76634206544143,1136.70457601834,0
restaurant__49.png,3524.32240351501,1861.37619932231,108.922945320203,1562.94156074489,640.282103307894,523.557590236304,1913.81098623955,338.185780333551,1405.67429876373,1727.68397724301,830.806803378958,2370.75659637961,956.882506610421,4388.95397713366,2810.40068342121,297.613210216621,745.037529621868,2322.85609470543,16.745355430493,369.928370116889,457.831791173509,0,825.429236784867,0
restaurant__5.png,3346.07450230377,2741.25700888033,137.251367678798,1510.01090833739,1007.35906455452,569.712786900549,1867.80772731183,645.938805427805,1523.87218399055,1705.48763079837,820.161542688882,3246.41868845274,1339.13037584341,2301.96684949434,3035.02893976797,231.48885540523,1016.6324686423,1487.71603320939,0,569.810044466888,0,0,896.874215844931,0
restaurant__50.png,5204.12895978168,3239.14155781756,65.500535241074,1375.61910204361,733.291344618533,716.365281430985,1531.5760741703,304.786477853804,1069.7078656268,1031.42718109675,620.196848823171,2067.20959372609,571.14879636946,3065.18908491856,2892.79384389434,286.099886538191,432.740835645212,2228.02030464918,0,340.787123674258,0,0,1263.8667266489,960.402575431535
restaurant__51.png,3232.62507942034,2838.2026135062,120.233456686265,1393.18267008379,1001.98221443381,447.356913304422,2233.13475743106,268.556184985961,1535.25235800281,1874.52232619253,981.743200013186,3308.33977627132,943.515121651015,2607.7477946811,2767.16842410679,306.489457298968,899.137771909853,1821.64907162839,16.5305879223014,529.046494421403,0,0,873.583726048487,0
restaurant__52.png,4717.14642615389,1947.47143296456,225.769526475694,1096.68091911143,1262.82260987196,527.312153087547,1106.10253421101,442.956152035861,1595.2586222591,1892.17288423447,510.849018361831,2543.10878728805,836.030204662276,3911.59806633702,2833.92538657318,330.39371834648,739.855101750918,1782.52565122556,21.4733132804462,517.697960562287,492.09987309088,0,666.74965811556,0
restaurant__53.png,3834.73805794893,2112.85655032749,109.505761165509,1786.0117628422,1398.84299839172,413.76118413642,1945.52495514293,179.835903347621,1102.99145948044,1406.23180067556,451.547850386422,2402.84709215196,703.983582465349,3463.48930007377,3064.53080156458,323.509840925029,718.994198012125,2906.36370150109,0,638.239437685731,0,0,1036.19376177512,0
restaurant__54.png,4360.01181104203,2287.25890568392,218.408507834583,1584.46311406591,2721.3614728794,426.312001026979,1900.8846376079,577.946466995479,1765.52325356692,1359.22454993299,545.321393423928,2613.3194007418,613.682035838706,2448.81564344234,3522.61816968012,181.73385151246,463.881634458101,1453.8186671496,0,176.739187655441,0,0,778.675295461398,0
restaurant__55.png,4489.68763401557,2265.13630364338,221.51187964009,1221.96116983179,1437.5469044246,860.304167517606,1659.79262419359,328.818866265557,1778.93148454073,1528.35936816103,475.185033637467,4039.87791517875,839.129764487352,3515.81278865246,1627.85145429772,234.699258932643,472.439828605142,1471.52309882509,26.3701803780246,414.874435026395,0,0,1090.185839745,0
restaurant__56.png,3821.65722117539,1407.85585586628,179.807844926069,1290.43838633482,836.635565276346,454.357105373013,2178.31395851504,635.685580152725,1972.66080343024,1413.39323321695,600.491454349493,3260.11816640583,994.609601903185,3688.93293553756,2093.58778362649,270.581928900207,956.090971351278,2039.46829623837,31.0056699544019,752.979639621499,0,0,1121.32799784482,0
restaurant__57.png,5051.84521237914,1847.35444828176,158.904527627609,1479.14296877426,1092.66058232071,619.474745578836,1483.52453202189,229.298835505654,1133.42836718698,923.370764447404,488.652921606262,2049.88542277558,861.36917753643,2654.35898565926,3627.1519363938,191.268835311284,827.454574449475,2411.15500043719,9.47850952959608,753.688920029079,0,0,2106.5307321478,0
restaurant__58.png,4645.37606832729,1703.45694589589,229.426131505583,1391.59047009655,1340.75916573576,556.618133686139,1369.20811715528,344.782269367416,2020.95706394685,1497.58074513427,841.049226613497,3221.93960648038,708.920815974785,3475.89183203951,2282.76968210195,354.952809291672,656.441436735507,1251.21182202296,16.9630128864758,663.637609893333,437.077560256142,15.4079611336763,973.981513719084,0
restaurant__59.png,4377.15616932834,2089.96921112783,186.69121868898,2171.11096374937,1322.85561020077,574.696366953889,1610.11056721803,400.427092484492,1162.05055559775,1010.75717932211,388.715410588868,2705.51151889662,654.378907201962,3327.33275724335,3471.5189640864,138.096370365732,626.160936313631,1158.78022083358,38.3898428144484,218.961830638754,740.751154942775,0,1625.57715140231,0
restaurant__6.png,3602.82693920955,1110.12783144064,132.917293991614,1659.71489410662,854.480646526758,454.614322505848,1945.01419771334,375.993800295347,1380.30583514635,1703.53388047064,646.849401806101,2727.10138442238,818.513068969653,4065.95210884126,2760.53568421506,245.675748092448,837.599367056338,1977.78813116532,24.7212714377486,924.737503491139,566.737348553431,0,1184.25934054242,0
restaurant__60.png,4493.34808173956,1566.46490523253,179.796519359777,910.003799350154,977.147894224912,609.342576475392,1496.83763164188,361.306561277506,2011.7146930291,1735.64206153437,1163.0315608831,2608.41845782907,1122.32096739487,3665.79840673951,3260.60931759758,223.568660519247,1049.59308752745,1330.11843570908,11.7245661117697,566.589327000349,0,6.55423170815189,650.068257114638,0
restaurant__61.png,4327.12176439027,2915.42122753548,85.4936099855607,1430.4990162647,520.04327827817,419.936051015177,2136.05242284959,335.174801563741,1207.67451949959,1305.79651908489,762.232361686494,2265.92512585656,585.459588539221,4341.45341550034,3516.0446125624,205.058941308369,367.306774638381,1575.75028421006,10.0117475629662,419.014667524618,929.175796870656,0,339.353473272771,0
restaurant__62.png,3249.65211490623,1822.4224568289,113.736422214229,2244.21250985521,1112.91300423646,408.46632316781,1936.63580263363,518.989442525706,1474.16138241651,1540.98134318309,559.89457968614,2299.31423992216,868.01308406064,3636.31042671936,2869.83945206531,150.837919284404,934.314866167194,2373.62718364778,9.66722607678228,682.786403765137,460.854996566206,0,732.368820071097,0
restaurant__63.png,4773.90261616702,3001.95543701929,234.297748117992,1418.15527633476,749.895910714068,769.22065350346,1056.47123280395,355.975481861265,1678.77660014546,1477.82524651884,730.876954778306,2058.81895414785,964.917467142446,3380.65777222209,3448.65307014278,275.038916587057,589.411186231077,1342.23684514902,33.6892444459308,455.36624861516,467.996128793447,0,735.86100855875,0
restaurant__64.png,3578.8016185943,2951.86826058197,139.119983749923,1918.77880660925,826.811848248805,649.313440993132,1838.71227701969,416.615496647443,1486.90253399824,1361.3461412048,519.316107412435,2512.1422749449,947.592988576847,2362.36471374841,3572.96499037309,326.190558300601,743.251909112811,766.727228329212,28.5776096945074,663.532167833229,872.829547611507,0,1516.23949641489,0
restaurant__65.png,3786.070858856,2039.01417287788,188.994233050353,1556.62048622813,1134.07104481481,802.387695694018,1851.025218395,318.346305338577,1351.45903572303,1645.05004651035,947.852413628111,2272.31807551409,970.256272128785,3183.79387771484,4282.19807295983,176.15270357888,588.823406621735,1102.64288705868,14.8244143028619,376.016707293143,0,0,1412.08207171091,0
restaurant__66.png,4451.54128754767,2870.91554717562,176.447298274395,1370.81496367381,1060.22678305366,390.8239365816,1797.78141186539,586.235831847429,1399.87869773011,1299.04004781833,1087.08827227398,3478.59193174787,838.265422263992,2750.47715134915,3225.43162432564,209.905233982943,607.924377135372,1328.82651134038,32.6516328478503,449.558892742523,0,0,587.573144422269,0
restaurant__67.png,4402.85585051821,2269.26109981129,259.514782942019,887.341478236775,908.201827628635,666.996825524234,1730.96744120451,494.724985187096,2401.42912252205,1694.51108227949,912.512479438487,3969.84818315349,1048.20284290973,3139.51484804347,2515.69572616222,220.175130060131,923.408541663279,186.515359695994,15.9461747911556,366.335683603523,0,0,986.040534624223,0
restaurant__68.png,4286.64219997597,2865.57215966556,281.237884511839,2191.08818945971,740.736741986744,561.102917865238,1458.58303890179,184.332818915737,1904.33409970912,1013.12897772418,813.438463642524,2715.22469506723,828.391359982799,3857.89486330809,1369.24675861521,208.182126777152,648.981739103906,1813.27830625107,13.9841071783989,198.63007653396,1355.5753379803,0,690.413136843479,0
restaurant__69.png,2913.96709138272,1657.96128456916,242.182726238336,1516.42453653026,1088.42293622933,743.936686082286,1822.05811846781,671.05799113525,1899.14368471572,2086.65744821371,1078.26941762996,3480.22015965052,1330.84632982017,2969.29622566734,2283.48009386068,313.304229088171,940.047191043745,958.566116883148,16.7422464971587,641.519011705761,392.470532569304,0,953.425942019449,0
restaurant__7.png,3781.98113271726,2769.27254469342,173.223719588411,1335.54317678035,993.26778161879,614.412797693764,2134.19261997742,395.443643990269,1679.91477137031,1767.32633447221,781.333119515016,3842.95086985891,659.922895626863,2286.50996786484,3210.51640467363,302.655067630508,747.745285404467,478.981436814979,18.3787727953888,589.308488457318,0,0,1437.11916845589,0
restaurant__70.png,4729.12768335034,3532.33267010044,185.045673663001,1154.09103076368,1887.18130945285,712.382669628952,1578.82251990155,355.473735857584,1764.93541509033,1467.61144376699,674.367469009786,3127.18392175976,716.980718575796,1451.63294254191,2070.96011378827,331.139740255075,477.13639259434,1486.24449741585,22.2268633865783,374.348137609713,653.247708653834,0,1247.52734283338,0
restaurant__71.png,3003.10674602678,2816.17868324308,170.806522776564,1306.14973461898,1302.07669825504,820.811788228341,1642.90113269314,603.912667827602,2285.65379909792,2158.49711603071,745.111942954432,2256.98341417173,1361.56527491394,1255.37347855639,2999.95930931445,478.251324838422,939.531431231406,993.087949295573,49.5286708780268,855.508478871436,472.697217115422,0,1482.30661906061,0
restaurant__72.png,4613.38167878693,1865.01535366304,198.10400002549,1133.62552755091,1004.20392986118,696.55271257024,1956.31417598101,713.804682893612,1591.1968474244,1335.15752708666,987.363482380219,3387.97200920106,741.553686344941,3086.85556646816,2790.36173955247,208.227688434458,803.077287785916,1335.81269122634,11.7397158150961,402.239637330667,0,0,1137.44005961722,0
restaurant__73.png,4264.17123563831,1572.96368978401,174.496579191061,1377.20346729773,1000.41356744545,703.36991453066,1783.97159421708,760.672484732186,1693.50212147199,1247.09468848173,866.528092350837,2599.59777171367,986.792212505926,3367.58556967838,2325.27427998864,301.5849200941,667.846048743082,1750.21159633253,39.1818817651247,414.130002061452,753.547736771452,0,1349.8605452046,0
restaurant__74.png,4723.4878721594,2140.83604857539,210.030150573098,1041.76367590866,1196.49054265314,759.250989111417,1622.00860464306,224.359454508067,1863.7456946127,1637.06885162782,732.589678198207,2601.78745440586,799.576860883313,3693.87689128951,3934.57725684268,160.000888162966,760.299810150842,249.663898185734,16.0932466147888,426.873338994018,380.944556268515,0,824.674235630829,0
restaurant__75.png,3988.3776587553,2101.29246825769,121.149196460095,1105.79836129732,602.947893266289,511.898410324021,1680.03882512806,475.25972436906,1520.37097568741,1758.29498741132,806.557015005063,2951.96352514925,1059.06972769665,3833.83282615709,3073.34308559927,408.420439711343,903.970037271507,970.473104237422,0,390.767857775723,850.801702542535,0,885.372177897574,0
restaurant__76.png,4881.65486335539,1696.35594216507,150.558439491092,1627.73897505128,680.948506087721,606.292127025742,1210.36143895855,432.775548193044,1930.47338725404,1120.4801228813,835.00952348498,2530.30157741916,885.061154620525,4502.55882387304,1785.81925140695,245.166289919342,670.408543934396,2593.82263361157,29.5371552136162,367.572250276446,402.732583791444,0,814.370861985305,0
restaurant__77.png,4778.70724511543,1322.87111680997,89.7004660963261,1408.70641606593,2020.97747339673,617.038651889382,1834.77693420293,1024.03677468618,2419.09926227029,1319.13549747132,764.048222940894,3342.47191703144,541.10374038613,1689.57100730749,2764.54942398087,117.570166758263,1115.24581882639,767.140278731687,0,641.873467988302,0,0,1421.37611804404,0
restaurant__78.png,4920.87199018047,1670.99700484583,201.621333595201,1282.03105366181,946.845431216389,463.814802143277,1973.03812654298,371.99890244381,1483.01268965597,1011.6866142246,480.462556592251,3271.66437682532,622.218056255548,3371.38708277286,2312.46609642176,148.073078617268,716.077162631866,1476.72367881462,42.0810805173135,1027.19371331887,790.697022543847,0,1415.03814617812,0
restaurant__79.png,5220.32219908064,2505.62567469749,161.093083585048,858.47539317389,1048.30119594781,364.078259452742,1421.61258296588,708.750601886769,1075.06478266718,1457.81010672622,664.668128719024,2175.43643919831,826.977881853853,3091.85152418618,3421.00981882297,201.255125435331,680.494197907279,1316.77045814281,13.5467107641888,286.867005047647,1486.54715813095,0,1013.4416716078,0
restaurant__8.png,4215.17272317328,2345.80207092275,73.2310338964664,1270.01756077278,992.876125376159,473.471721398466,2191.1373829303,294.645034343208,1062.92826550853,1198.41101793744,675.502943242249,3171.66539669586,893.733730693036,3091.27579912742,3843.14222567439,220.617270552666,530.836200133638,983.086951985667,10.9103139405039,632.813327160307,392.474404840621,0,1436.24849969426,0
restaurant__80.png,4581.57669598941,1956.5602694364,217.886427682287,1529.24131277975,569.165668400418,550.876434298326,1644.6140886703,379.768399886489,1215.09424152127,1021.44858487617,870.23735983142,2569.39008030815,913.851035257708,3957.0511241527,4353.985985399,283.394919640835,774.374089605715,1092.76683079097,25.8733627858206,271.069346455282,0,0,1221.77374223158,0
restaurant__81.png,5210.40546472214,983.361561982084,192.106360453903,1596.6040759707,1035.43070336443,337.388936682604,1168.5201741252,329.48263155831,1790.08101495758,1236.02570980192,715.78827153692,2979.73949996538,670.004380196864,4533.23636318064,3303.93254276333,118.440195183166,756.796830874083,1396.7516451772,0,451.368985775363,0,0,1194.53465172817,0
restaurant__82.png,3782.42313277271,2060.80653238443,139.796152865585,1436.63423432027,1661.14993973622,501.24522517499,1565.16553763787,557.753121743979,1850.17274208872,1982.11523542056,626.969711708802,3634.65647726852,923.735446990112,2401.39985176031,2749.28268412888,300.473935662889,703.944543052818,1124.8467184733,9.45247719558717,704.074931940078,0,0,1283.90136767337,0
restaurant__83.png,4633.63311587995,2383.0506420332,216.934496917832,1112.05395966451,547.432130536155,565.497263002438,1671.94985036606,286.871233401418,1846.39138880681,1503.57280058007,788.156668890493,3003.74444651265,773.870969135005,3831.64311003117,1641.45350661285,277.138710945555,988.807131452174,2725.97889814742,22.4373216437265,254.595406157088,0,5.34327178512179,919.443677498305,0
restaurant__84.png,3238.19430612078,1346.89425783684,101.458859521534,2141.26262040628,1341.68357915111,327.599559536041,2041.37760717388,668.097920232938,1359.7288958211,1322.33799182236,686.001625354126,2044.56271654939,883.974768831253,3189.10842038438,2854.87738746579,340.737357323595,700.612875538753,1849.67911258531,32.1153483218552,1089.03447488105,1462.09346852084,0,978.566846620806,0
restaurant__85.png,3171.84590353595,1152.12100809768,100.133057499777,1666.33780156763,985.567802082757,197.188503136886,2444.36243098263,444.132952326458,849.711355216212,1249.54041527706,714.622240954919,2418.42159948662,1047.87133932596,3261.77614527117,2244.76590400701,362.993358035329,1105.50172557059,3686.52723700327,48.2878017422995,1163.78361835205,503.252343650224,8.7609495331361,1172.49450734437,0
restaurant__86.png,4197.0241889704,1495.92465703684,197.707964242813,1608.58048217055,940.280288628243,705.281811657774,1197.1532259368,559.072205101137,2003.90366026114,1513.79919535011,667.853602552532,2679.63249302383,1135.11013510145,4561.18670264001,2538.42569623463,336.343041690399,664.544005750654,1875.0483745798,11.9897307802829,385.710726512654,0,0,725.427811777937,0
restaurant__87.png,3636.34441895093,2282.85090888471,254.063069342261,1731.55263979093,1341.17853157218,396.157596553648,1965.61541386849,500.873306741453,1432.31533239814,1314.1218059842,414.755541640602,3670.41981921185,1051.26814370566,2289.91236452989,3166.38772980925,293.023466590665,903.510640567567,1080.65645268485,8.07411110911621,461.843538964616,0,0,1805.07516709899,0
restaurant__88.png,4522.44675570306,2246.83469607562,219.119974704417,1251.15697907133,1555.02174220627,972.079756533714,1590.37062857298,298.179611020138,1888.31107809178,1115.40267790027,510.714389434324,3245.99234178519,1174.92360509827,2246.30577996454,1988.04893073325,333.631985536035,797.041463202145,1686.44791815164,12.067368118052,856.784428279483,0,0,1489.11788981749,0
restaurant__89.png,4246.5311100815,887.642983002566,126.816639437932,1602.27145478967,1857.66661279037,408.990256015418,2062.81539075073,467.962938920526,1480.78091059704,1142.23019047149,1070.38252458538,2730.2880822571,744.52924930927,3323.05244796956,3253.78854056343,192.789105028663,1085.56744016342,1601.83063486381,8.83349956868801,473.004338234118,397.504936265266,0,834.720714334053,0
restaurant__9.png,3556.25101417225,1893.25377329398,153.812549382722,1581.78128616525,1082.8689738648,434.147255525466,2123.13452784676,297.932913812891,1483.39092917416,1547.47292503746,652.109533149186,3046.81376311136,940.751197488426,3093.18562915135,3651.63231101881,208.917398734237,1030.18222681636,1230.20319178747,41.691650555611,894.844132846629,0,0,1055.6228170648,0
restaurant__90.png,4400.64557228625,4149.50295542202,176.887484899443,1575.50641424052,1081.35535060637,503.896211590653,1853.21655000746,298.838442923143,1121.35716693393,1259.43417265224,593.418403083788,2412.05525605417,562.813067172626,1848.25447918212,3820.54428923746,323.642576077729,673.945966415769,500.383973985229,9.9335642628244,426.014257119582,1464.87561729912,14.8080833003586,928.670145247205,0
restaurant__91.png,3714.77284998027,1955.86943334926,208.628889477967,1413.17452725556,635.449666019128,559.565946506922,1685.24131859359,571.725238195035,2101.60916858049,2175.82869680869,1038.62781773793,2870.73529407883,813.395242885252,3735.45203452763,2705.78734221031,170.922835255949,657.909251828457,1553.67335914548,26.6645292206834,531.285959694164,0,0,873.680598648396,0
restaurant__92.png,4220.97182075391,1376.50329235229,122.085954241561,1337.61368440919,1139.05451525197,572.45847575692,2144.72479606419,417.425495658713,1757.09797228264,1193.39429470971,847.756909345569,2989.2919750584,795.158314294553,3750.22873945178,3235.69133753069,296.634697713046,1066.16125203452,1323.37428512979,11.5023920553946,424.434414240193,0,0,978.435381664959,0
restaurant__93.png,4303.95340735871,1907.38322506764,236.223596597733,925.770742096491,1416.97655125015,508.31541116505,1842.54091076411,976.101232016448,1946.03913979689,1615.60044861395,787.290394985118,3252.02499773822,984.091398751028,2729.16885234053,2903.80610456126,318.438369361888,911.752231393315,1153.59075014085,9.6047230538219,682.31393090647,0,0,589.013582040322,0
restaurant__94.png,4304.84957146034,1796.117563995,198.136075135832,1037.75020246914,931.535671399884,956.263509392498,2085.93419900504,404.35313908354,1519.34668130282,1538.62757044768,949.84475907255,4104.75034850149,695.411799677438,2747.90084250381,2091.49450180415,301.073144752407,877.718141143253,1130.00888386321,36.353512187953,507.709006065475,0,0,1784.82087673649,0
restaurant__95.png,3195.52265396527,2137.01729940772,102.717432284622,1565.92745573111,1181.15696178771,356.2100557013,2434.44022040379,541.630088547354,1343.47443263644,1599.03144622541,603.941743617694,2056.53269514421,946.115573321869,2955.30520821614,3403.28357566308,216.269787738668,1011.05363329825,2737.78180857035,42.6928626138787,843.274013229721,0,0,726.621051895402,0
restaurant__96.png,5024.14840562664,2410.28353749326,66.7238644845906,1891.77976338864,365.787939442409,657.120822872449,1317.05612488622,694.225003282534,1721.19023482281,998.446648140623,730.551083326766,2547.13718659669,597.782747772208,3268.88200760262,2805.64917715503,153.237828465018,637.53020911634,1042.13903816668,17.5484817206561,289.619536839768,1160.03967590175,0,1603.1206828963,0
restaurant__97.png,3836.80593117354,2071.87505479027,152.812766590338,1923.5317034612,1683.14601284637,455.929056978815,1545.56499671347,521.722618643078,1868.58818540699,1479.54164146197,851.459106753767,3147.78023303959,1012.57957849673,2287.50327573635,3020.51259958932,201.976148693085,979.571904007784,1354.37715839495,0,698.477164972799,0,0,906.244862249589,0
restaurant__98.png,4323.62239152845,1796.1632936515,167.301025626752,1654.93799850676,1741.02239183889,766.705517105799,1394.35236682547,828.776164269988,1896.81320526695,1401.96890060676,896.955311549706,2852.86927090457,850.646408819879,2552.80735305677,2876.74021072763,349.344915304472,984.283080087965,1024.94232934999,8.37567280274006,501.150441818101,414.628441018302,16.7513456054801,698.841963727083,0
restaurant__99.png,3562.62113775053,1739.98306986926,120.90995651897,975.563108075938,991.645084402982,465.543723680808,1796.13448486928,424.90817946065,1380.29275311838,2137.06292101525,595.210344227709,3588.47330545796,1263.29760274169,2689.80066195489,2786.17731614127,252.754159968821,928.982907923985,841.322749734589,12.5665855784968,422.315332050793,817.280195348023,0,2207.15442010973,0
