image,enclosed area,no horizon,far-away horizon,open area,semi-enclosed area
bedroom__0.png,0.8301784848660216,0.7189362159834258,0.2599147471950244,0.22598999302055142,0.21067467297084247
bedroom__1.png,0.7717614637091907,0.7145282373204987,0.20701525143554134,0.2383189999316302,0.2137457780098341
bedroom__10.png,0.7033549086672201,0.6487961927504818,0.2765854713792926,0.2775587275525938,0.25697238292017355
bedroom__100.png,0.7905371090084131,0.683520637439984,0.2635743007583336,0.25375736951695044,0.243003755267923
bedroom__101.png,0.7035197553687654,0.6837157622449634,0.24817858844093607,0.334048433516261,0.23980315242045183
bedroom__102.png,0.74498293033879,0.6770419814120641,0.27958074192859733,0.2622715423500701,0.26378726060672547
bedroom__103.png,0.6775518386793776,0.6771799575246534,0.2658129834475944,0.2889357520483534,0.288544278856493
bedroom__104.png,0.7401025305959837,0.7431251877822894,0.20218414819297825,0.2669435507465978,0.27258499351073245
bedroom__105.png,0.7645288996001965,0.6905014436598713,0.2532835678711043,0.2594200463635294,0.23450997866470857
bedroom__106.png,0.7686288561689008,0.6996294374365498,0.2851443882864686,0.24806864094010558,0.2834707916611143
bedroom__107.png,0.804713654568536,0.7075203692493925,0.24414351421275543,0.2633647801882524,0.21649235155842436
bedroom__108.png,0.6763762487802042,0.6588058946493923,0.2726921100237464,0.3106176382545291,0.2653950062593237
bedroom__109.png,0.7379633005778479,0.7331049056043472,0.24855442855204912,0.26485135200064674,0.23521763698144108
bedroom__11.png,0.7829414666918206,0.7597267444787941,0.2079713111559543,0.19601243988016837,0.2662294275863013
bedroom__110.png,0.7189422812330029,0.7294962314170879,0.23902018005445427,0.2908089492893262,0.2205635173555229
bedroom__111.png,0.5971588581760908,0.6552237402574577,0.26463506334526776,0.3573009692556636,0.2524954748830224
bedroom__112.png,0.7907891988595636,0.7256270845754038,0.2592841469807047,0.253358390038796,0.23968812896057942
bedroom__113.png,0.786876746281998,0.6973188338740762,0.2674140766276979,0.2546319972315573,0.2220366495985353
bedroom__114.png,0.7741331607878118,0.6480013848199455,0.31310845599025067,0.29619226045984354,0.24632931932904314
bedroom__115.png,0.7830887027872029,0.683834947094322,0.2758945621416412,0.25284202935937905,0.23705794789267443
bedroom__116.png,0.8296476782397928,0.7192126833047255,0.27473639215478796,0.2137258290760845,0.22417666273827427
bedroom__117.png,0.7311932731035291,0.6804981050241402,0.2726600516735193,0.28562560504503776,0.23688612583524968
bedroom__118.png,0.7258199139036562,0.6530707410615844,0.30580899763477526,0.30412432044479276,0.25729839105235497
bedroom__119.png,0.8097001143481342,0.7556159958646492,0.22329725506982462,0.20605710082317547,0.24957503112690005
bedroom__12.png,0.6840131057091072,0.6810275184064012,0.22343635557068978,0.29078114416796125,0.249941338882038
bedroom__120.png,0.7815657091408129,0.6968409009985063,0.27888432222614906,0.2796401651724493,0.23305764390043032
bedroom__121.png,0.702574562109028,0.692008752227861,0.2482505500635113,0.2855179296986515,0.2776709369345237
bedroom__122.png,0.8226773755255873,0.7351877283022143,0.19226287534477837,0.19901454080438005,0.2159537391920038
bedroom__123.png,0.7796368534507937,0.7275547741328842,0.2500262756582512,0.24927416846456035,0.2230040617549332
bedroom__124.png,0.7426419495342798,0.6861675382128727,0.2716775780742386,0.2703310046792154,0.27424115768596524
bedroom__125.png,0.764521345964875,0.678711222580177,0.28816517297759725,0.28779267138171627,0.25937795638146344
bedroom__126.png,0.7122539131969914,0.6440052113044247,0.2743311937143139,0.3129700528812933,0.2506505149133725
bedroom__127.png,0.8069578530111915,0.755842002099626,0.21780901631935323,0.20001839754773487,0.22808802926629107
bedroom__128.png,0.6573703074353702,0.7162292303307682,0.23585628106905593,0.30300389765681085,0.2666426993237805
bedroom__129.png,0.7370836187560542,0.644725639691385,0.31039453393560124,0.29330756338832276,0.24347453681604803
bedroom__13.png,0.7177263660210489,0.8050161125372267,0.15518870766062973,0.19612594096796898,0.2783404622309065
bedroom__130.png,0.7586095063441919,0.6566551658857517,0.3003646587906725,0.27611006582650655,0.25637852193678323
bedroom__131.png,0.7467780785611223,0.6574167317405919,0.31005343096036,0.29896483237590027,0.2340567694088541
bedroom__132.png,0.7438762636067381,0.690650392810858,0.2672533526296098,0.29232509456539507,0.25787564923712597
bedroom__133.png,0.764254200447787,0.7183884233708996,0.24519119218201163,0.22852781557209248,0.2190353933620416
bedroom__134.png,0.7582264930953513,0.6674009034347793,0.28091503517711325,0.2934012807891651,0.2499641254351023
bedroom__135.png,0.8068812001322077,0.7231299574669625,0.26251092620262967,0.23258695560025439,0.25467533748925614
bedroom__136.png,0.7084937202588009,0.6925911442341561,0.2690216927818164,0.312517835269898,0.26857696479536486
bedroom__137.png,0.8220498092795419,0.7362623622348629,0.2046836355699925,0.19400814176910594,0.24546446504107747
bedroom__138.png,0.7067427683208507,0.7222369800009419,0.20837365838833408,0.2626041830821895,0.2638413501720104
bedroom__139.png,0.7899594893968267,0.7352686974311068,0.22313478912858511,0.18935993810999724,0.24636701137238437
bedroom__14.png,0.7558649885401252,0.6769435651498853,0.2563353795916205,0.26009839029621357,0.2500136458553307
bedroom__140.png,0.751635328410871,0.7235009441238793,0.2410230880571671,0.26478202097032083,0.19991204130653398
bedroom__141.png,0.6958423198938818,0.6567458398873207,0.28141246787206076,0.33166154472961346,0.256632052956341
bedroom__142.png,0.7153582128090119,0.7141811049162513,0.24198149633660568,0.27913526409271916,0.2790531411124566
bedroom__143.png,0.7664383116935696,0.7118648156729681,0.2230646579388411,0.20260377935963597,0.25907548258997654
bedroom__144.png,0.7962720947149746,0.6777762122938096,0.26388755480730364,0.23847389855163756,0.21116830788080418
bedroom__145.png,0.7428213595340818,0.6809205520943565,0.28769005186212243,0.26267215952061207,0.2712490731595817
bedroom__146.png,0.7159443408161023,0.6505534603708758,0.2807356179461721,0.27715747539526064,0.236551581224474
bedroom__147.png,0.7974726540209639,0.7556153080204896,0.20535213269406524,0.2206592512001396,0.23012581534033894
bedroom__148.png,0.6560917691984125,0.7001214882371429,0.23094039134141045,0.33069464642207674,0.2680429345830551
bedroom__149.png,0.748008842588097,0.7006422100607478,0.2410084114051472,0.24870900806674412,0.2634409998208402
bedroom__15.png,0.7164912500760171,0.7185564213954498,0.2271660829272149,0.29007173287338195,0.24944782894924622
bedroom__150.png,0.7153034758550191,0.7294349945827573,0.21134120038561738,0.24092508002387805,0.2827606133140539
bedroom__151.png,0.753286479968125,0.7371108923359276,0.21755331857147484,0.24731707239885642,0.26981922330454905
bedroom__152.png,0.7298705413458877,0.648705518469564,0.28804932503728403,0.31014370189292345,0.23831234754373684
bedroom__153.png,0.7578324563791821,0.6969900015634798,0.22915756040223387,0.2569247430157114,0.24496376430028116
bedroom__154.png,0.7266642578633423,0.6592521590994603,0.26897652855986265,0.2649604932889107,0.2659219652426349
bedroom__155.png,0.7113847081936057,0.6477587938839976,0.23381564418921214,0.25353211776412643,0.26751973300897697
bedroom__156.png,0.6952255453925053,0.6795970223878804,0.2360149190045744,0.27131736096372455,0.24481589627586142
bedroom__157.png,0.6749035674468805,0.629705410919176,0.30042734395207893,0.3376063097630996,0.25522090060663905
bedroom__158.png,0.7921251530926016,0.7090574777285709,0.24165204922970254,0.23882186392355323,0.23257483132876958
bedroom__159.png,0.782951728312981,0.6757558375623999,0.3073089778762054,0.2648323794264489,0.22451310799056087
bedroom__16.png,0.7027371266607848,0.6756693821503085,0.27865144288648247,0.31391337138792264,0.2540134805593944
bedroom__160.png,0.8113986012145233,0.6864597356778731,0.24693594009189507,0.23651927141011364,0.20860717126403971
bedroom__161.png,0.6977314156163936,0.6753912274773793,0.2752817804336015,0.298299574737502,0.25319187561502154
bedroom__162.png,0.7317397502987611,0.647111797449404,0.2793890925743036,0.3094697791895121,0.21386243473995944
bedroom__163.png,0.7728905804762751,0.6933145235380161,0.2636069580049418,0.2514786346904076,0.25179117706122456
bedroom__164.png,0.7746741950680891,0.7170024503704812,0.20675691866218454,0.23970573157883784,0.23616683401771574
bedroom__165.png,0.7147408015666589,0.7302950831965646,0.20011991292178852,0.21928174111744023,0.2479491713435742
bedroom__166.png,0.8041900134128553,0.6944801236137861,0.2914395262557534,0.2352335576430813,0.24098861485044454
bedroom__167.png,0.7078694141517256,0.6691310798230026,0.2574541719510398,0.2638912726182547,0.27320593115871994
bedroom__168.png,0.7656774553085234,0.7102854300752813,0.24627926626245072,0.2684747432785169,0.24315668281046698
bedroom__169.png,0.8297989617675624,0.711083768388643,0.23772924656072145,0.16575805928472945,0.2514974534106828
bedroom__17.png,0.738019826032175,0.6826897895800842,0.2689459488345978,0.24450640974341162,0.2579442994130134
bedroom__170.png,0.7507249332274349,0.7102893059229823,0.26323469166601043,0.26810116265715833,0.26704514524285483
bedroom__171.png,0.687746126284528,0.6720695493321054,0.2562003066230454,0.3196053608324918,0.28824515328399336
bedroom__172.png,0.7737784225488024,0.7146625407431532,0.2537881340865339,0.24606408674414085,0.24212654275608472
bedroom__173.png,0.7577157527590329,0.6635397546474834,0.2809252638288902,0.2673264533327857,0.24200567845983584
bedroom__174.png,0.692424125204668,0.6805477011201041,0.24617161968393997,0.27952430950071205,0.26776764830442035
bedroom__175.png,0.7804304709529885,0.6856949612714631,0.25903470995077343,0.2386853164412563,0.24555764209182518
bedroom__176.png,0.8072754405808219,0.7541534057622129,0.21601581174686754,0.20019018732273575,0.22242276242332476
bedroom__177.png,0.742173197669886,0.6500213957216645,0.2888117759879716,0.3034564203441827,0.26227913931426783
bedroom__178.png,0.7519397266483387,0.65544295514418,0.2577547670528511,0.29532983726365075,0.24692331452873093
bedroom__179.png,0.7758580763554015,0.7512768615665146,0.1958550769937235,0.2017594316913476,0.25633874281063235
bedroom__18.png,0.6644199238174474,0.665724000352119,0.24764632066456663,0.2986637081338158,0.27541824074484506
bedroom__180.png,0.6879076977704554,0.7168152608090521,0.2211784013125749,0.28151914321959726,0.25756342152855327
bedroom__181.png,0.7297365509267156,0.6987777164696962,0.27294690436855384,0.26104285069762984,0.2585582540462714
bedroom__182.png,0.7892047647792532,0.7416706506342733,0.21906409425158652,0.23022392465880995,0.23765717230643113
bedroom__183.png,0.749306487645183,0.7031289655296434,0.26247689592345663,0.266923358609261,0.26170650712123644
bedroom__184.png,0.7887342675385287,0.7321641141355049,0.2290662121648264,0.22050386524887272,0.2418122442531044
bedroom__185.png,0.7018601628373303,0.6732355782260593,0.2652960511416241,0.27800113218605915,0.28629408391026806
bedroom__186.png,0.7577589307155719,0.6677747120373267,0.24913131585083112,0.24047155381295884,0.2225623538332565
bedroom__187.png,0.7012042344169691,0.7103839307551457,0.22652403260990558,0.25951725087804733,0.2564254527950651
bedroom__188.png,0.7690616938032215,0.7064275027041593,0.2066469384897352,0.24512248153899835,0.23969981558555284
bedroom__189.png,0.8061476886865023,0.6905303862987182,0.27780297269561566,0.23968521853340974,0.2520753278825467
bedroom__19.png,0.7803121884016269,0.7656699107284299,0.21769073925723037,0.2265836557472895,0.24567463390634972
bedroom__190.png,0.6687124432130204,0.6412630212465246,0.27400154487934625,0.30194220773329056,0.2459319464042378
bedroom__191.png,0.8168970249164027,0.7200905002562017,0.23758529885467303,0.24063807797150025,0.20138481438081873
bedroom__192.png,0.7131013602049282,0.6661649249304289,0.25140439718026947,0.2540102365245009,0.25039117381886766
bedroom__193.png,0.7092561019364687,0.6626475851201971,0.27099954933482817,0.28423308833198513,0.2776285886302601
bedroom__194.png,0.7988280222936123,0.7073664535828461,0.26328492720785585,0.2186595943734406,0.22582791900147273
bedroom__195.png,0.8149553446659666,0.7015356644737174,0.26299240735619345,0.20596257200006557,0.2229982573262633
bedroom__196.png,0.708503663249192,0.6385532138688446,0.2888903866988025,0.2808211143636147,0.2748275636022612
bedroom__197.png,0.738056014861123,0.6776551737872802,0.26524494907450263,0.2935606572368552,0.22451753404733862
bedroom__198.png,0.7679960605031799,0.7186118682220042,0.2564328700106313,0.2293711732276171,0.26014048346748325
bedroom__199.png,0.777909633772211,0.69050759302695,0.23995788287608552,0.23521641460533957,0.23223371355698286
bedroom__2.png,0.6958370069372889,0.6808945789630687,0.25667982156815417,0.26825387601403333,0.26293871835993415
bedroom__20.png,0.7044451824300265,0.6326531614376212,0.301734784881106,0.34774720113265023,0.228754771086029
bedroom__200.png,0.7335897845057467,0.6794084612684305,0.25023819238608436,0.2420780628309118,0.2609473558654611
bedroom__201.png,0.7262655277803804,0.6538595144567652,0.2730216342905508,0.285677338273128,0.28275492559492765
bedroom__202.png,0.6789814008516422,0.6171329122919035,0.2906966380596557,0.34756389662274045,0.28075376028370297
bedroom__203.png,0.6312342724866942,0.6862242858449613,0.24639397924525142,0.2794913315225325,0.3271707200915473
bedroom__204.png,0.6340764720145864,0.5856833159645988,0.29418385361060756,0.3325542109054113,0.29215837998887223
bedroom__205.png,0.7242323522572883,0.6766780179783337,0.2982171931463432,0.2762610942710721,0.2981620843153531
bedroom__206.png,0.7159309302770844,0.6287006903051475,0.3237589610867646,0.3221893178424629,0.27495992913050155
bedroom__207.png,0.6935319880769522,0.7401784505419637,0.18735163047492098,0.24637002195577887,0.2359020910337015
bedroom__208.png,0.7299906375044041,0.7000767702070796,0.24724006266358944,0.2798868426218361,0.20947890295788998
bedroom__209.png,0.7339372880999371,0.7113837872969404,0.25652947266242565,0.28032738297201126,0.23887386510748285
bedroom__21.png,0.7946045603399292,0.7047269449881924,0.23687633125774604,0.2530110515016433,0.20584293387170882
bedroom__210.png,0.7198550434558774,0.7132201953147822,0.22203881425817718,0.26000184352080186,0.21324140460538865
bedroom__211.png,0.7046324151647952,0.657175683026555,0.27843781327982914,0.3171457105783834,0.26247501422387065
bedroom__212.png,0.7842816269095226,0.7141114600754394,0.26085015732453615,0.2587325201342217,0.23394375474600784
bedroom__213.png,0.7081249824924095,0.6131931285244492,0.3310905667279401,0.3044785941500303,0.308006596662959
bedroom__214.png,0.7186294146832785,0.6898778569940125,0.23246261822671568,0.28748510470487065,0.25490320359993723
bedroom__215.png,0.746045191054548,0.7347659647196157,0.21652867445695212,0.253151939854332,0.24739455933713678
bedroom__216.png,0.7506082643471282,0.674420140292243,0.27791760812820815,0.3071555999872372,0.23118876726344872
bedroom__217.png,0.7537210919387942,0.7170864352244982,0.2309417957734228,0.2708328660409738,0.2304137849323735
bedroom__218.png,0.7431073711698191,0.6979970643634531,0.2651686736345273,0.27120001692897244,0.25946899259827677
bedroom__219.png,0.8431931143104691,0.6964266011161783,0.28882688124956957,0.21579822212720678,0.20291619780871972
bedroom__22.png,0.7272611653085999,0.7169378478540751,0.24486236994802935,0.283258292961873,0.2406416485623383
bedroom__220.png,0.7416373763310304,0.6674771587402861,0.30873824189449817,0.28423076741324677,0.26351182719328764
bedroom__221.png,0.7422349120726544,0.7224669799393909,0.2277776218711461,0.2296462045813607,0.26438202631844193
bedroom__222.png,0.7549027198816524,0.7092003846401189,0.25228579815781244,0.23640076661652662,0.27424496311602514
bedroom__223.png,0.6740172395773983,0.6311044170093225,0.3000956534129485,0.2957856340972971,0.2701948326188666
bedroom__224.png,0.7237926453063501,0.6499913180676914,0.3049700674648068,0.2933933508770771,0.2846498872515917
bedroom__225.png,0.7613423995374827,0.6940270910778733,0.26612466245383215,0.2633196134229667,0.2698757097427686
bedroom__226.png,0.7032406452773557,0.7006248861633949,0.24924234428132616,0.32037487990753094,0.2428893979809322
bedroom__227.png,0.7831482471679754,0.7341471678426453,0.21902545017850686,0.24690531440351923,0.2544747770819639
bedroom__228.png,0.7334578021076652,0.7354214630398478,0.208107519649506,0.2764776006191417,0.22967145778784537
bedroom__229.png,0.6625869354486079,0.6294728232870105,0.31795310942879473,0.3421651655932742,0.2258461354625931
bedroom__23.png,0.8186097400304037,0.6641635452422538,0.2900963103439126,0.23729588114681605,0.22926876004970934
bedroom__230.png,0.6502732944575474,0.6330369774162772,0.2710606071331361,0.3138298326072499,0.23964774632203478
bedroom__231.png,0.7601070778419289,0.6990077670243928,0.2776832782772994,0.2681119180509883,0.24441619672119858
bedroom__232.png,0.7343192245941819,0.7365866299802187,0.1994998532952512,0.2604398789667078,0.26082093111791876
bedroom__233.png,0.7692849351151504,0.6862306480810442,0.2431240959003179,0.25413492243383445,0.22221454226363674
bedroom__234.png,0.7557468397410213,0.743215604138969,0.20056518973032558,0.23187553388512666,0.2658483634400249
bedroom__235.png,0.7302086290323025,0.7411741232476728,0.21287028887625645,0.2258895757104566,0.24769769494538485
bedroom__236.png,0.779879904995351,0.7356957508311526,0.25554763877075554,0.1870109271367547,0.25387590483804684
bedroom__237.png,0.755283721913979,0.7685866039035885,0.18782705204803077,0.2332538130346262,0.236648382919958
bedroom__238.png,0.6609715970308565,0.6729899892896074,0.263958396718558,0.3123547529061316,0.23370316982436204
bedroom__239.png,0.7911004597826167,0.7542293971042766,0.21112140861987153,0.22046062024574395,0.22486933740372547
bedroom__24.png,0.7231392296022924,0.7016203033408509,0.25590535748898524,0.2736162999814042,0.29583472117782184
bedroom__240.png,0.6945994230694055,0.6609249010404817,0.2804901716694317,0.2829748969183925,0.28222405443625614
bedroom__241.png,0.6942520524273452,0.7300629132888543,0.22954353448579976,0.27504542324030323,0.2935290909492873
bedroom__242.png,0.7880791374319142,0.716914512446811,0.251237853843794,0.24829910167663843,0.2342045327312302
bedroom__243.png,0.7835275383022817,0.7182678461574855,0.22731062761712967,0.2463220081135634,0.2077759865214337
bedroom__244.png,0.7704838892662006,0.7041068109188358,0.2435327389137238,0.28587095664548867,0.25737826773921396
bedroom__245.png,0.7348329102217522,0.7368250487569126,0.24467338271464953,0.27563426065296703,0.2598635981636688
bedroom__246.png,0.6648830789230039,0.696037711272641,0.21115535178228692,0.29320085145568164,0.28069010081864126
bedroom__247.png,0.7641624123359938,0.7129457356114266,0.24340621332419712,0.2247369332557338,0.28503957785453393
bedroom__248.png,0.7457074856886018,0.7823540098795657,0.19593521729571717,0.21998191830566227,0.24497034445499571
bedroom__249.png,0.6867101137241953,0.7069543778976499,0.23900485290503917,0.3008807254310113,0.2934140297772106
bedroom__25.png,0.7816243816399578,0.7219186145282207,0.216506134421424,0.21498640544426975,0.24959688509981545
bedroom__250.png,0.8046486196101111,0.7165378556693507,0.23895833211350206,0.24483802170100488,0.22989671802279946
bedroom__251.png,0.7549916939908964,0.7052648750735273,0.24270741537694512,0.2286971961102947,0.25565966320798417
bedroom__252.png,0.7578867651791069,0.6808077508963886,0.2590635725058763,0.29587443740155167,0.23564216481877234
bedroom__253.png,0.7458035060083683,0.6897232483749297,0.2595455731589759,0.2559796718824311,0.25266815713388435
bedroom__254.png,0.7306316484852159,0.7157024611207229,0.18988514595093714,0.2574815844678244,0.19487130322562743
bedroom__255.png,0.680093248795062,0.6884297739857922,0.2502828767260882,0.3115020647596012,0.2807747842005732
bedroom__256.png,0.743048538056272,0.696182229612674,0.24352864961164372,0.23444776806712075,0.28481181942886147
bedroom__257.png,0.7684196963269734,0.713780540611212,0.23564763452098672,0.22913935633872742,0.2523514158666434
bedroom__258.png,0.7211331330316628,0.6616903436999629,0.2760192948381777,0.31224018641019224,0.24306812349639123
bedroom__259.png,0.7805704736482753,0.6488474062289753,0.2818048308788959,0.29888417704690984,0.26108984003107855
bedroom__26.png,0.7361747632344492,0.6748664798209174,0.229551368026413,0.26787645264968685,0.26145575654604153
bedroom__260.png,0.7617831445008191,0.6806963286432592,0.28431982478768,0.30102992890034075,0.22997450826666826
bedroom__261.png,0.7232533905258532,0.6383667165006787,0.30173753130595826,0.2625485356693634,0.2780523707808328
bedroom__262.png,0.7641552310852155,0.7275099116010872,0.2376974468310749,0.24630327599067708,0.2635148048432683
bedroom__263.png,0.7792281487189977,0.7413021080785477,0.19521547536741557,0.19837654739739977,0.24228266347312563
bedroom__264.png,0.7370583848420103,0.692529043292344,0.2629500016336384,0.30011762741063536,0.2480664503908938
bedroom__265.png,0.7763061869569169,0.7660745259598009,0.18978631386156714,0.23702041225496012,0.2393411431801039
bedroom__266.png,0.6821238965271844,0.7225622165366061,0.20970979411468854,0.2587308031340357,0.3462857096151651
bedroom__267.png,0.7762248626188742,0.7060468082580786,0.24735382326529745,0.2508336460861518,0.2404098666029173
bedroom__268.png,0.7915172793906927,0.7187534682612456,0.23167597439815987,0.2306133972517431,0.2469270802367114
bedroom__269.png,0.6851632699182253,0.6362973993782515,0.3159605198408853,0.3069161496112085,0.282008563547466
bedroom__27.png,0.80080012474514,0.7002983830808701,0.26446808180215076,0.24400589088588454,0.23126489490529134
bedroom__270.png,0.7233472301129008,0.7146554840699306,0.2441880129748879,0.3064774131559731,0.2348473727012606
bedroom__271.png,0.6619179307636658,0.7190037297467677,0.21695370645586506,0.3196554727085738,0.23905156310068318
bedroom__272.png,0.8237958184079677,0.7225318097883081,0.24038327160887774,0.2150021735835123,0.24902975914152317
bedroom__273.png,0.7589930340768943,0.7164698626507469,0.24207197969206343,0.28702972919592495,0.26727803244116616
bedroom__274.png,0.7302975558824552,0.7283318400437049,0.217727195556873,0.22371328603578453,0.27435257864883994
bedroom__275.png,0.7809371329953897,0.7278678655998461,0.23246166744527313,0.24617145209241803,0.2419503268113791
bedroom__276.png,0.7922099487887584,0.7213922806927631,0.23805597697159556,0.2465764106765133,0.23310683121832176
bedroom__277.png,0.6973570046912148,0.6739235782133972,0.27872305659509083,0.30787740361014476,0.23173170851046163
bedroom__278.png,0.7720897718183365,0.6560560340187649,0.2933596534304475,0.3023174043008838,0.2401831963614851
bedroom__279.png,0.7647127348204843,0.6771352567577523,0.28171531143290923,0.26180001974814726,0.28164860892331256
bedroom__28.png,0.6579168523514083,0.6463494520313269,0.2702799448196868,0.32876971375611097,0.2634354368424621
bedroom__280.png,0.7628949802509768,0.7369276253164004,0.2078792340954427,0.25765979845249215,0.2480650484620824
bedroom__281.png,0.7678772328703336,0.6982237473401559,0.2507623019426692,0.25715265753031774,0.2337675709068274
bedroom__282.png,0.7492945985306834,0.664100515009983,0.3023757519036092,0.315459237737735,0.25511726350200176
bedroom__283.png,0.7928367990208737,0.7294141821920634,0.24000657032030817,0.23220412289645073,0.22969888070634978
bedroom__284.png,0.7892000987440186,0.7049559682564284,0.26242271944917056,0.2500417344495182,0.23715501968518574
bedroom__285.png,0.8218707459620151,0.6929105555196509,0.29042284089330056,0.26481756089441993,0.21961561682132766
bedroom__286.png,0.7250224709044314,0.7167126533205785,0.24208160727633388,0.3016520715274609,0.2594484924025057
bedroom__287.png,0.725018941976992,0.6507538525991284,0.28782409088646355,0.31267131645122925,0.25573341008390854
bedroom__288.png,0.7833921091982958,0.7075760317364317,0.2782340864637559,0.26930739827069156,0.2307392504730857
bedroom__289.png,0.7704151089745799,0.7020174077632213,0.2522070048638762,0.2268129496661666,0.2907059611285358
bedroom__29.png,0.7717119523524671,0.7007770966321252,0.27888696165334703,0.25853258404074725,0.23006299811183878
bedroom__290.png,0.7800998228209672,0.7312793612341243,0.22752630755815276,0.2341275871800536,0.25689727208464724
bedroom__291.png,0.7807919874148312,0.7228141851566416,0.26189543350556044,0.24200732735231517,0.2396902854001952
bedroom__292.png,0.7565395670028827,0.667066448088242,0.29295029699173875,0.26866646448725473,0.24960780660848153
bedroom__293.png,0.7884509170318467,0.7663576761980654,0.20525079038765423,0.2139522602511884,0.20343264840860745
bedroom__294.png,0.7447188341562595,0.6857240261498698,0.28139507034267536,0.2828495823277495,0.24463494427465723
bedroom__295.png,0.7638078856938261,0.674426951517467,0.26557507227720467,0.2659791327305755,0.2532758586777531
bedroom__296.png,0.7608111706240864,0.7289093079502993,0.24429756160207491,0.2594269195429427,0.2591458593786489
bedroom__297.png,0.7650863589567097,0.723553755621452,0.22352394833045106,0.26121682319322737,0.22908075257356
bedroom__298.png,0.7723418072460776,0.7294459576920921,0.24313709637573666,0.2587079789272417,0.23327995391261455
bedroom__299.png,0.8312910839926888,0.7496166821232213,0.22258337130254863,0.20040352166820538,0.25093940991703856
bedroom__3.png,0.7141712776817475,0.6905629105184888,0.27167731095267544,0.30986109225432495,0.2547247021308717
bedroom__30.png,0.7708620285413451,0.6823382878955203,0.28521453136934444,0.2725153288832179,0.2557054549962785
bedroom__31.png,0.7771896790070498,0.698478509506355,0.2646232807609803,0.24946192647775883,0.24925986938560685
bedroom__32.png,0.8135686962995499,0.7572434511999041,0.21872051542099755,0.19506996004272556,0.25029183952619216
bedroom__33.png,0.7846187491069756,0.6922018253116684,0.2854349724501558,0.24723036104798143,0.2391815481104149
bedroom__34.png,0.7854806942891254,0.7118936940044573,0.2209088580241901,0.26570670460246,0.22589637516510036
bedroom__35.png,0.7777263917368438,0.7343356480159808,0.21977159588792786,0.21577363975031996,0.21503232976074302
bedroom__36.png,0.7437650539449061,0.7055553148888739,0.24349165499526776,0.2879686340956994,0.2306866666079073
bedroom__37.png,0.77049033228473,0.7240019839413326,0.23946195244369686,0.2547120898575342,0.2304401336402807
bedroom__38.png,0.7250982748243167,0.6913534678275687,0.2711112138072081,0.30937078747391844,0.2411762668743154
bedroom__39.png,0.7812783434966227,0.70219540927233,0.2663890465053718,0.25120513616945006,0.2173133487105876
bedroom__4.png,0.7701457716276792,0.6656963223679877,0.2741227574346065,0.23930309865540622,0.22263057483536053
bedroom__40.png,0.8003356696374153,0.7013160760109457,0.2693024099598123,0.2448135926900029,0.2446615965913655
bedroom__41.png,0.696830452727249,0.6898647711929339,0.275443648005404,0.3065406649261132,0.23643245875223423
bedroom__42.png,0.7485582134641626,0.6631913352937754,0.27811810372991264,0.28967770615980437,0.2550041116267049
bedroom__43.png,0.7380931325260465,0.6600411709765032,0.2966642379300115,0.30375055055749367,0.245772779712274
bedroom__44.png,0.7141392634207748,0.736972738099541,0.2235696764632782,0.2589072663981724,0.2768509052945773
bedroom__45.png,0.7646740245839754,0.7123213623160135,0.263591886093917,0.2682278172676689,0.2609416813173094
bedroom__46.png,0.7809550853948881,0.6620827242848734,0.30016221719952924,0.2757647278242012,0.24019341707328482
bedroom__47.png,0.7545711789930099,0.7056396893597965,0.24014047357635843,0.24028110402587177,0.23003127472826188
bedroom__48.png,0.7895055338840313,0.6814861190311142,0.2453013038479236,0.25587042023216316,0.23958612222610975
bedroom__49.png,0.7811735954907147,0.6753616062282051,0.28255368953942783,0.25573167122986334,0.22082931690684043
bedroom__5.png,0.794841936267208,0.6902956714153161,0.2738679807411618,0.26387165704337934,0.21639525982994923
bedroom__50.png,0.7098319900737119,0.7046292452683209,0.2445100418377713,0.26465947859125283,0.27594483537719033
bedroom__51.png,0.7198956272507148,0.6739666945399213,0.2788907359134367,0.3017124278370717,0.25513488909516024
bedroom__52.png,0.758958145010001,0.6793468411537683,0.26725730882241777,0.3023577445492494,0.2508630847128735
bedroom__53.png,0.6997077187173165,0.5977514569257987,0.3173949836959472,0.36826329889667114,0.2512622299595016
bedroom__54.png,0.7412543581397047,0.6412583356784995,0.30714194713693843,0.27813249109078136,0.26560868238102975
bedroom__55.png,0.7540337871354692,0.7107786460817529,0.19979365313033934,0.21936690750590154,0.2631691095790507
bedroom__56.png,0.7076304019655647,0.6782576292827227,0.2472269167484503,0.2458664492638188,0.27407689375242733
bedroom__57.png,0.8017363603258099,0.7345131924678657,0.23013215621568883,0.23073332699184276,0.24183882890880934
bedroom__58.png,0.7996270302453337,0.7564157854142062,0.21834720923433418,0.19898245910269788,0.24760904575409126
bedroom__59.png,0.7762398193005359,0.6893672701808211,0.29145005091937537,0.2644381593066394,0.2536123462715011
bedroom__6.png,0.7332928537487056,0.6901547695045416,0.2510836320057131,0.26799508618548074,0.3058171045351533
bedroom__60.png,0.8421787113863571,0.7571813730354761,0.21804847408254044,0.18776066537350644,0.2327653033503905
bedroom__61.png,0.7543119483700456,0.7357408438155463,0.20853261566172662,0.20830176883694407,0.2722229051449286
bedroom__62.png,0.7627360992163825,0.6757377779354178,0.2941766746020409,0.2712970450794901,0.2522864436817777
bedroom__63.png,0.7428002626108411,0.6813453025446047,0.2594430511070017,0.3032902903753464,0.25074281313101093
bedroom__64.png,0.7850587510615753,0.7061869339116124,0.2477586430647314,0.23827298409867806,0.23020729850189472
bedroom__65.png,0.7593456387144236,0.6683003374213807,0.2809627655345316,0.2647941692439811,0.24699896491814025
bedroom__66.png,0.7433677483935688,0.6642009982807394,0.2775220274208373,0.2943149549937324,0.23857282882390796
bedroom__67.png,0.7860166883161689,0.687547541770881,0.26049938254607724,0.23409502977930416,0.24791241217717316
bedroom__68.png,0.7413296814499567,0.6513692824716142,0.29405483813345373,0.3193431408221211,0.2453995645072254
bedroom__69.png,0.7356344238095793,0.6640019049058792,0.27583396266683796,0.29945633693231244,0.2515651856651821
bedroom__7.png,0.776131399337435,0.6967315639336451,0.24878081172269295,0.25427175146528364,0.24050655768986967
bedroom__70.png,0.8133318279351506,0.7248904777922738,0.2604655818244183,0.20908296964036435,0.22886667677576422
bedroom__71.png,0.7218082280191609,0.6620247497649254,0.27167001906343013,0.2465430063684637,0.24228472576713903
bedroom__72.png,0.8220027795659565,0.749043327935239,0.23038661673572597,0.20216455691428845,0.23907889956160083
bedroom__73.png,0.7674849264521486,0.7181269946593825,0.24106606143283799,0.2460854892799495,0.2708449873635187
bedroom__74.png,0.7328604512001412,0.6264675862328893,0.3126769970229363,0.3004055831198212,0.2096674357856922
bedroom__75.png,0.8062011004141953,0.7066040355139451,0.2595941514952926,0.21637210205983326,0.23885402870203112
bedroom__76.png,0.8112764348795283,0.7208953128509152,0.23051921469767284,0.2522018521900786,0.22403821294982734
bedroom__77.png,0.7612137532952021,0.7343037764115452,0.2426282313668621,0.26117012262591005,0.22614617990582056
bedroom__78.png,0.7649265780426151,0.6507902343059323,0.3175217857607864,0.28194372725083233,0.23452255660127583
bedroom__79.png,0.6945583174184973,0.6668822163691613,0.2754846834366598,0.2996320022935841,0.21067401274258532
bedroom__8.png,0.7378935190708603,0.7185970179804324,0.21402812450453165,0.228854664670841,0.22720816059374738
bedroom__80.png,0.6909022838026802,0.6763257622308589,0.25826613929585696,0.32765012738072313,0.2531881909823396
bedroom__81.png,0.7732025183248704,0.6963146137862821,0.25313677193396544,0.2735523636161151,0.238093200667305
bedroom__82.png,0.7590058815433076,0.6747785040074818,0.28159311443728974,0.27939821576067186,0.220792956007524
bedroom__83.png,0.7426379635271148,0.6719123503839176,0.2833105770814428,0.31037005779682175,0.2539960220930727
bedroom__84.png,0.7325403109041938,0.7020378759708322,0.23961689936155317,0.2672463091440495,0.250623190003946
bedroom__85.png,0.7066469013626225,0.6824041340656967,0.25410953462655983,0.3078049544389133,0.29569113732680125
bedroom__86.png,0.7080376920533926,0.6566799305699337,0.2794219506344203,0.31481793012185344,0.2761312493891133
bedroom__87.png,0.7435128907879768,0.6819689932231067,0.2571875614652303,0.2525191406989574,0.22728922292057838
bedroom__88.png,0.7353144471050904,0.6628022927660034,0.30093118919916984,0.28296175674037854,0.27569476959334394
bedroom__89.png,0.7195118765071136,0.7350651093896798,0.21038428436262632,0.2601228436841042,0.2650007336575521
bedroom__9.png,0.7779576020704052,0.7053669503426031,0.25777061322943917,0.2601064220658109,0.23643240516774236
bedroom__90.png,0.7473831910298804,0.6921155311662157,0.26507651737957977,0.2800825711962122,0.24158342345993167
bedroom__91.png,0.7245639885808671,0.7299845391092322,0.2526540096219871,0.28062981129592524,0.23798027694260016
bedroom__92.png,0.7935400088464183,0.66652679750691,0.2851342328904541,0.260832396275531,0.24675427713470977
bedroom__93.png,0.6907886433576569,0.6807680890479128,0.22755968694030576,0.2845672756570962,0.2705882559965176
bedroom__94.png,0.7242666051531992,0.7079023848955245,0.2626313683829496,0.2438334923263135,0.2794909666337451
bedroom__95.png,0.7230068525948328,0.7111449640541073,0.23281558854130177,0.2528177249801516,0.28167187602633026
bedroom__96.png,0.7676644011233652,0.7880575205157571,0.19250042586639807,0.21660406140796204,0.25538621910468623
bedroom__97.png,0.7751389197521499,0.7477433667645292,0.22927371741405406,0.20241163954988167,0.25216000308838576
bedroom__98.png,0.696812557325178,0.6978806498003458,0.2531953849110208,0.29946565142204196,0.23036582949303225
bedroom__99.png,0.8046965364067016,0.7084713378529951,0.2558753919398936,0.24052826480375022,0.23837074223459015
dining room__0.png,0.7500878741479714,0.7836909312870344,0.19723857463288397,0.18863844887999157,0.2769034157156537
dining room__1.png,0.7654536772660768,0.6972743084189607,0.2805959667845135,0.2303458003072985,0.2679741704541826
dining room__10.png,0.8021475049714303,0.6862557680105654,0.2822464307513364,0.22761200896235015,0.26782024712223185
dining room__100.png,0.7621361196077789,0.7334093025730759,0.2321105047530117,0.2619771852391547,0.24157300274151436
dining room__101.png,0.7539631368225842,0.6812496121209599,0.2908488069707001,0.2535851021174083,0.27777306888691566
dining room__102.png,0.7845423498227063,0.6972832673446614,0.28827096584923845,0.2687375002896228,0.2632461223162145
dining room__103.png,0.7899150169929864,0.737874351200631,0.24972083039532894,0.2186089141015051,0.2732551949995677
dining room__104.png,0.7917041165670855,0.6952474780403227,0.3054976852237095,0.2426854353142282,0.26462808733642473
dining room__105.png,0.7374572847336531,0.710411824749173,0.23527392566386782,0.23890858962945452,0.2811553963962479
dining room__106.png,0.8178131223765659,0.6843620886466667,0.28351618731577366,0.24878271466880422,0.2307793942873862
dining room__107.png,0.7642067223859818,0.6918874981530719,0.3031362054820275,0.26514283670552546,0.2831890656113235
dining room__108.png,0.7821754203102034,0.7112363168586346,0.24845810263178786,0.2136737781009933,0.2485242535412978
dining room__109.png,0.6704304729481592,0.7155724859784488,0.24446431554780357,0.26183601185699207,0.2985092088336703
dining room__11.png,0.6829359134946624,0.7421780059556035,0.2230521594739067,0.267250612358779,0.3029784863231575
dining room__110.png,0.7471359271833262,0.6694940324764886,0.31600093466734064,0.23712094806616393,0.2954314787922165
dining room__111.png,0.7857754444088652,0.7371801284285143,0.2522321504114848,0.1841754998233983,0.26503918178253094
dining room__112.png,0.7245679243064029,0.6748857616151757,0.3049326166989801,0.2813656990195424,0.27856980466261994
dining room__113.png,0.6958692093430779,0.6952559244525354,0.25528458659128045,0.2439819500074675,0.24824297113083602
dining room__114.png,0.82517779846529,0.7383176885356743,0.24240193455373127,0.19163792663460194,0.23116659587181337
dining room__115.png,0.8042473488547562,0.7346676050138095,0.24659163388775512,0.2342705124067215,0.2389141718401607
dining room__116.png,0.8237937289478465,0.7539977476206496,0.2473002390520165,0.2241400680860721,0.24134290296652672
dining room__117.png,0.823527153276131,0.7202221947714962,0.27636125639414283,0.21298738224957806,0.2482965092207533
dining room__118.png,0.5544670809883411,0.5392707693989581,0.4073049091763829,0.3044416299756176,0.4336896549660726
dining room__119.png,0.787730129121768,0.7369100562604428,0.22594679475066742,0.19763015298059855,0.2395759045265453
dining room__12.png,0.6164713337445399,0.561086286745608,0.38423530991814786,0.35006633374712814,0.3482472266121076
dining room__120.png,0.7553344364122805,0.6609396092015333,0.2671637294817847,0.27474037970650045,0.23846154669568395
dining room__121.png,0.7242775437156607,0.7027333464755724,0.2529954210788165,0.24717460865650873,0.3104445367172831
dining room__122.png,0.8023577122074977,0.7193752660393626,0.25762822164302596,0.2551031067952472,0.224432213776739
dining room__123.png,0.802215430096274,0.738946238599982,0.2706195037999885,0.20023128711392327,0.26656469763217744
dining room__124.png,0.7289560103207816,0.7195896220838279,0.23545849889567702,0.26190980724119073,0.2324123198660392
dining room__125.png,0.7961190552836176,0.7033010678723147,0.29100550989831075,0.24909555395569966,0.26863706420080735
dining room__126.png,0.7861672767920467,0.7278775209554078,0.2520784826369583,0.21789795580225904,0.26565878526227765
dining room__127.png,0.7671885828828012,0.6475398043575631,0.3249147158202044,0.3025407998076766,0.23053854792444323
dining room__128.png,0.7888308489149448,0.7757471189154747,0.18868048363824266,0.17662170412193495,0.25297979271488746
dining room__129.png,0.6920218173338476,0.6817607981729414,0.28269038141145497,0.2541288774791195,0.3239536815629692
dining room__13.png,0.6842859955042188,0.7180877607139939,0.24307513244396822,0.28060585963008855,0.3362449259794132
dining room__130.png,0.7210252938658764,0.6908364659329632,0.26549047157080213,0.2772638269712434,0.2723450676799335
dining room__131.png,0.7788858471432871,0.6835731812977371,0.3146312075944696,0.2645575482761766,0.2787372858325238
dining room__132.png,0.7459172083924219,0.6865797414168766,0.26334855207372915,0.24546358946304586,0.2558833570502032
dining room__133.png,0.7830167332764552,0.7891125839371803,0.1929341151019181,0.1811712082782598,0.2298874367284896
dining room__134.png,0.7830578435888557,0.6872782794204443,0.31647428648885156,0.24178954709743394,0.2711757637814872
dining room__135.png,0.8338096484565011,0.7098187312711863,0.2809796077564903,0.21892323684003656,0.24160666422174976
dining room__136.png,0.7642777249698439,0.7291542216819183,0.2673708231990625,0.22586119419568018,0.2846627386315557
dining room__137.png,0.7783455144821075,0.723009628243422,0.24271523638603035,0.22115174882011482,0.24755162538235648
dining room__138.png,0.8225140519436984,0.7527810815481429,0.2409415365140827,0.20791951892047467,0.24721975320765074
dining room__139.png,0.804761672626499,0.7823081961020236,0.21026228647890546,0.1818923802021016,0.2655080718160023
dining room__14.png,0.7782120827759722,0.7595461698247605,0.22980365757261267,0.20637643265266498,0.2891863213046329
dining room__140.png,0.7274297082248405,0.6311828449709277,0.31583464694258384,0.305108201984109,0.2426060852124952
dining room__141.png,0.7323357828988754,0.6922720869164315,0.2469281479624655,0.26008792272149994,0.25819824968401023
dining room__142.png,0.8418567191487069,0.7570980937924766,0.2528873928379342,0.1691620286390416,0.2411064098494475
dining room__143.png,0.8338994051926439,0.731634206413485,0.26857681582511655,0.1819245822242211,0.2712127745999162
dining room__144.png,0.8074329477673783,0.7382477591827297,0.22589041035337543,0.19582695311273546,0.24661362753760227
dining room__145.png,0.7263350301849305,0.7006066498272389,0.2678786586505891,0.25101853784203215,0.2591538467013452
dining room__146.png,0.7559797462905454,0.6936863078392599,0.26206065798200173,0.24264974060265562,0.24629451461532273
dining room__147.png,0.8063702706953553,0.7276017302967007,0.27304333893865,0.21986603538259616,0.2544525039633135
dining room__148.png,0.730295917561503,0.6257347527311331,0.3516582761701977,0.29040526357061797,0.2862277221916682
dining room__149.png,0.7850060254809007,0.6955353474676369,0.2583086567824791,0.2229963277877311,0.2771072304452589
dining room__15.png,0.7567375770092785,0.7383854180433158,0.22441855133168345,0.20961220683409024,0.3244232352915209
dining room__150.png,0.744179010672787,0.7299454897108131,0.23063644218251603,0.23947408688589408,0.2840801000571359
dining room__151.png,0.8330596611800495,0.7347023851709163,0.2646784462039782,0.22295605284983042,0.22929947919623797
dining room__152.png,0.7793053755334607,0.7073336228993592,0.27899670761374873,0.23142838792505183,0.24957520090722102
dining room__153.png,0.7955845460128186,0.7077886225842818,0.2979002509881928,0.23195346192512556,0.27283523013368005
dining room__154.png,0.7411655170603134,0.7146281774733031,0.21809152968444165,0.25612457127055477,0.23233386643221543
dining room__155.png,0.8421478276564747,0.7847997417421692,0.24749432694472068,0.15113605943721703,0.2589027038052373
dining room__156.png,0.8689584033309222,0.7646663706882451,0.22569906192729267,0.17399668279014324,0.21093481410472698
dining room__157.png,0.6920764057031519,0.6863599516229217,0.312660675545578,0.3188380323584496,0.27707223647124163
dining room__158.png,0.7035025329924579,0.7102283459654023,0.2453147581641312,0.24848860429436131,0.2520606807423589
dining room__159.png,0.7992897152993732,0.716841912036932,0.2633762934603679,0.2565251324716976,0.2477296687831813
dining room__16.png,0.7627646329724861,0.6934043490762626,0.26263814480909387,0.2418015302889521,0.27279654675937975
dining room__160.png,0.6485426680808059,0.7050573109036449,0.25176779017376605,0.2992648088651048,0.2811624150527326
dining room__161.png,0.7855965427124759,0.7874950417335997,0.16189059668347403,0.17103169419378325,0.2564913261159638
dining room__162.png,0.8080200888240902,0.7366614120345898,0.26954981012562723,0.2187539356933121,0.23160173020410757
dining room__163.png,0.7598241298417695,0.6766397640391284,0.2967817519326611,0.2388467897847352,0.2589978439728824
dining room__164.png,0.7633031109060979,0.7653133088109417,0.20351258421400656,0.23206184848005781,0.2713625051413365
dining room__165.png,0.7380477012541443,0.6921784889681413,0.28136706288750957,0.2528825230834792,0.27415479219570155
dining room__166.png,0.8016058468313879,0.7695153865155271,0.22763157132413026,0.18313136483405099,0.28084905810610383
dining room__167.png,0.7813323994036787,0.6807461945592528,0.27836670740822084,0.2711859846554622,0.2404803759514716
dining room__168.png,0.6421398361949884,0.632748460541713,0.30794237522558443,0.3244372958475551,0.30622675404632405
dining room__169.png,0.8378556166337343,0.7172484496758421,0.29998385679208117,0.20673942210396326,0.23784010959197618
dining room__17.png,0.7683515371589802,0.7281353973231695,0.2158623542191868,0.23065998718971756,0.2711406197432769
dining room__170.png,0.623887179892044,0.6669082352229578,0.27335525001819916,0.2535565558581149,0.3751899971347949
dining room__171.png,0.6808064809528093,0.7255536165372525,0.22155924193992482,0.2503614604064639,0.24740806784743824
dining room__172.png,0.771977440720036,0.7062923608926813,0.22605281832904967,0.1902167901795789,0.2641166230974504
dining room__173.png,0.822302365826596,0.7329859146817909,0.25008270617273476,0.2210653448475064,0.22833083876996604
dining room__174.png,0.7903599099530844,0.7407275894421848,0.25699248590275386,0.21856178658772937,0.2717755621885379
dining room__175.png,0.7733864572566925,0.7376928604494821,0.25500161868687155,0.21988407894365894,0.2803321013210376
dining room__176.png,0.7800742819552009,0.7441127670664595,0.24069300643268127,0.22615649835051846,0.28360216690529144
dining room__177.png,0.7566032486323481,0.6552616290451775,0.2876717583150849,0.2333625908556342,0.25346582712630333
dining room__178.png,0.7733188693890413,0.7354501671855783,0.25954360139670346,0.21599749088895098,0.25679566184319236
dining room__179.png,0.7734315828643852,0.7325552905760246,0.2366610535697042,0.22554534594089187,0.24153684122050606
dining room__18.png,0.7642525317735016,0.661819743296672,0.33584498954345643,0.2558164704088896,0.2683911153435494
dining room__180.png,0.7728018185741404,0.6930344172917347,0.2639967758983957,0.254198268547408,0.24558479116117843
dining room__181.png,0.8034730342954324,0.7440018841730353,0.2372244585259109,0.20853175825535838,0.243917905379528
dining room__182.png,0.8011104793217807,0.7491441317971722,0.21239940023704124,0.20455775720595684,0.24210988988987056
dining room__183.png,0.7343672821811252,0.7427558793700896,0.22596567382215238,0.25583248116166296,0.23524452187059178
dining room__184.png,0.766939193496656,0.7312009558000669,0.25775159943850673,0.23570210319502727,0.2991642493109521
dining room__185.png,0.75069893481594,0.6637314162687389,0.29794451962045404,0.3082322816356416,0.24725877431119928
dining room__186.png,0.8156683880479009,0.7500338605929469,0.20898206934012914,0.21050653291313096,0.22849774448163565
dining room__187.png,0.8040099052485153,0.7255410080391905,0.28589201393586056,0.21737696233674167,0.2853100577838917
dining room__188.png,0.7960649033588444,0.7069898671421053,0.2685365615678333,0.20566136868643076,0.250964152799092
dining room__189.png,0.7698845193642361,0.7817263616908751,0.18652175580564875,0.17698319289241637,0.2630168810087795
dining room__19.png,0.7681565338343885,0.7009523259326619,0.25382341585167817,0.26131532308658784,0.22622963948831876
dining room__190.png,0.7684740474995342,0.6898390266865492,0.2856620324822928,0.25334325855823514,0.26118959915433837
dining room__191.png,0.777698624939616,0.7340387041712362,0.24890728338205373,0.22190425668874159,0.26142348430472934
dining room__192.png,0.7949022414174003,0.7187862966515781,0.2853102257550104,0.20145982873007964,0.2650027506493469
dining room__193.png,0.8151554358327552,0.7322433261940017,0.25161497804902816,0.2234466996447589,0.24370150000409815
dining room__194.png,0.7988012928589251,0.710881049261615,0.28006437515391275,0.23729837779400823,0.2542242822119842
dining room__195.png,0.8120365555413559,0.7461667242468836,0.2501063472499316,0.19793832553342897,0.23159348823525117
dining room__196.png,0.8006872761917112,0.7678993037459438,0.17785337704118112,0.1602793673515002,0.2568910442964906
dining room__197.png,0.7931522132227969,0.7236836927899689,0.24780696418149464,0.21777808221413514,0.2560133964531454
dining room__198.png,0.7481168437152287,0.6832699463538612,0.2944128847227609,0.25484777660511515,0.24672343454046508
dining room__199.png,0.7942420831645739,0.7624152975502535,0.20949463008294467,0.2059628132226633,0.2583521118786029
dining room__2.png,0.7606185109293961,0.6804216750392742,0.30022769854060094,0.26142007749648655,0.2882823942588633
dining room__20.png,0.8222339547208224,0.7306195269800287,0.2435878082140113,0.19421517473963987,0.23093421992385899
dining room__200.png,0.7281282542834249,0.671177412419535,0.2911446738406362,0.27837048803983977,0.2889580071706484
dining room__201.png,0.7677647577187362,0.7205715613835335,0.2341871665872909,0.21176280011618076,0.26066107636866215
dining room__202.png,0.8180741783755177,0.7475169889424044,0.23609354392650986,0.16688152101110346,0.2732257871587974
dining room__203.png,0.7585326734201553,0.7042826096622127,0.28109266626712215,0.25395034438803593,0.24973665692235086
dining room__204.png,0.7733715536599961,0.741409479366229,0.20299641432885002,0.18928994830337117,0.2818737313105342
dining room__205.png,0.7653250468000293,0.7097715044291332,0.23121646752920105,0.2514477441037063,0.24981535294060087
dining room__206.png,0.8052801567071747,0.7055062789083522,0.2748695437999516,0.21597624786157157,0.2390314592743945
dining room__207.png,0.7694173589264328,0.7598065915913723,0.21949373309152748,0.2309753522557839,0.24704157588224684
dining room__208.png,0.7784518715637732,0.7346981654146748,0.2386159438756538,0.20252208399355837,0.27586687539684346
dining room__209.png,0.7382353137708106,0.6912310726264909,0.2529297596781468,0.25818121479071804,0.2615419829724445
dining room__21.png,0.7457730086549806,0.7112694509204522,0.24819540993012504,0.21945723811913573,0.2835568454515976
dining room__210.png,0.7983116500959128,0.767404249804042,0.22640763285351034,0.18486649152641293,0.24524841504511616
dining room__211.png,0.7456415245590501,0.7399677937273028,0.24883669438529823,0.23497510135259486,0.27640085837818595
dining room__212.png,0.7945272173663264,0.7586878427840527,0.2544290938031926,0.17856682053567183,0.2936978845140634
dining room__213.png,0.7869410177864238,0.6830156818875815,0.290839566958773,0.22665801636959945,0.24404193567951138
dining room__214.png,0.7673523811109412,0.711971362957294,0.25684132981710966,0.2288669995516181,0.27224572259006
dining room__215.png,0.7515002463098867,0.6904583568664191,0.28363012970065277,0.23608698764495287,0.25817248896885614
dining room__216.png,0.6930388226649556,0.6733100523720221,0.2955018886737346,0.2696504071902424,0.32182700590151625
dining room__217.png,0.7233414074043154,0.6751148604424916,0.28288994139364076,0.27787251391002793,0.2960066509034861
dining room__218.png,0.7482100703241288,0.6827828372136803,0.32064882981671394,0.28434923746728896,0.28016372644914606
dining room__219.png,0.8378126748751916,0.772271478138836,0.22323931362779476,0.1784752873761561,0.22459763083095147
dining room__22.png,0.7660041840941514,0.7188601018481063,0.26711859337025506,0.25894379478736956,0.2864644587720103
dining room__220.png,0.7409180678816071,0.6640151222154619,0.29392425799090816,0.28263732685756715,0.25694435435857216
dining room__221.png,0.7629241087580362,0.6972352059745937,0.28230512127657864,0.22927858806986912,0.25861338156880975
dining room__222.png,0.7954778754932311,0.7293626200374459,0.27723231132121,0.21179009258305673,0.25808547816273475
dining room__223.png,0.8041569285838968,0.6835673135317154,0.2840937465224789,0.2109585106415456,0.2631336015805959
dining room__224.png,0.7035234298567393,0.731855716400747,0.23092621703498536,0.22453782648055484,0.3370337468904009
dining room__225.png,0.7868293619868179,0.7380539341510544,0.25474345125573516,0.21624532456718118,0.27828345777116054
dining room__226.png,0.7434880195833271,0.6783333828181871,0.3197321625321329,0.2424626205923405,0.30548326072799203
dining room__227.png,0.8162770839811746,0.7642540509207663,0.22761478253146863,0.17387105492490088,0.2655916387484767
dining room__228.png,0.7791044831201093,0.7172420533034813,0.25046295926417184,0.21126026011162832,0.248918230311688
dining room__229.png,0.7142450865421922,0.7131499911220355,0.2563758618471163,0.2578824053045487,0.27206717058859853
dining room__23.png,0.7719099778314723,0.7005144992042049,0.280536273638642,0.21612541260547513,0.28857039696427256
dining room__230.png,0.6516417262590954,0.7264193488057219,0.2293863889613848,0.25453504670981536,0.29484101915691663
dining room__231.png,0.6492383422726529,0.7625310275934837,0.1943709282860122,0.25932901858409085,0.26520983676647164
dining room__232.png,0.783376273942044,0.7364068427348085,0.25595618745574694,0.20252715948122482,0.2795522529644685
dining room__233.png,0.6509376803106649,0.6745994867831369,0.2655299773107554,0.3353607117090873,0.29998068824690666
dining room__234.png,0.7882088028668123,0.7344417759302168,0.25315536253273413,0.21794615666731992,0.2212707134251118
dining room__235.png,0.776569296377812,0.6780271721252672,0.28750804654848805,0.2594756468697042,0.26657041976832635
dining room__236.png,0.7389303536625784,0.7290597130030759,0.25280170964656795,0.22635938300287411,0.31534713961781025
dining room__237.png,0.7455008623815983,0.720778173469498,0.246417686241688,0.22431166180826287,0.27455878934309624
dining room__238.png,0.755910653715612,0.7284721221183929,0.2931161361587926,0.21363769428897764,0.2533497477087094
dining room__239.png,0.7487848935959377,0.7224080853563156,0.2555068507446469,0.23403688324838312,0.2666230327611051
dining room__24.png,0.6998190017686994,0.6837957838405895,0.24902755449362488,0.24597434888257927,0.29300742824190107
dining room__240.png,0.8288362408890936,0.7584754313362838,0.23864152960972312,0.16249035755174726,0.24157118615425693
dining room__241.png,0.77737104854634,0.7694919335618849,0.23094150522646437,0.1776052209186558,0.26173427106481145
dining room__242.png,0.6934695443984034,0.7092752274776976,0.2462276211556683,0.22499472259880063,0.3090936583918891
dining room__243.png,0.729011609482309,0.7500160815293108,0.21897968397277537,0.20681805458568228,0.25912453335123004
dining room__244.png,0.7570411536669004,0.7783597287847275,0.19249661485836708,0.20318939074916384,0.27500641660385455
dining room__245.png,0.7677317915334771,0.7537870720825186,0.2401892185347398,0.20207405102779957,0.2780871288272907
dining room__246.png,0.6966915522100903,0.6943452637071218,0.30234084923968385,0.2770679255677008,0.2919783835489764
dining room__247.png,0.7933603479927215,0.7158080742602968,0.27271170759168617,0.24990420463204618,0.24697713655422687
dining room__248.png,0.7318371331233635,0.7390475822329918,0.2371007790717714,0.2426036527270317,0.28726987226155387
dining room__249.png,0.6317405348499082,0.676060899639315,0.2622983828512947,0.2984154803379459,0.34247278851935514
dining room__25.png,0.7776334740210733,0.7135000804412727,0.2548854010315867,0.23916860847440238,0.2564151447201446
dining room__250.png,0.7441630697282154,0.7558142269037506,0.24101257005417046,0.20747930720244565,0.29615093096005457
dining room__251.png,0.783809816164061,0.746793202175354,0.2367403229472265,0.1973515568951932,0.2805791375636304
dining room__252.png,0.5942636959130443,0.5619508810104005,0.34614323945849906,0.3260403210041454,0.3222259005184674
dining room__253.png,0.7189664084822281,0.6715126989861748,0.31756315584507094,0.25219563732226347,0.3113608938547745
dining room__254.png,0.6196887072326256,0.6538504569588839,0.28356444629104266,0.2626430115490397,0.3543227244219621
dining room__255.png,0.7650415323636998,0.7072858142417411,0.2678728737904965,0.24565625738257646,0.2649442478579067
dining room__256.png,0.7176374244088117,0.7172315882296573,0.23744455142790272,0.26957053497551253,0.25696069044054115
dining room__257.png,0.760673736884632,0.7241246161355547,0.263040440014931,0.2459218631298897,0.2645624288814143
dining room__258.png,0.7442349666458501,0.7184521209235046,0.24679469033207804,0.2615311254120091,0.272502480707174
dining room__259.png,0.6683238003273942,0.6496595099069761,0.2648477737128011,0.2836235860766142,0.33870796608761966
dining room__26.png,0.7166747972810444,0.7022803127706833,0.2583081923402358,0.2636772373097629,0.29731170100122656
dining room__260.png,0.6785851284849291,0.6763439004202275,0.28145700401932594,0.2884051300899282,0.3306553621720263
dining room__261.png,0.7282623753260368,0.7405186258370279,0.24036561753517874,0.21316082262392058,0.35977125851519337
dining room__262.png,0.7664893097334456,0.7049982579308158,0.2629656664438546,0.2574697698808032,0.24702741292483565
dining room__263.png,0.7911456413198852,0.7105619889015468,0.24808701999188515,0.2227370955478775,0.26352798497649943
dining room__264.png,0.7694093485851714,0.7365911185738422,0.2218080442002579,0.20444764902450516,0.25543751286585786
dining room__265.png,0.7523137119510582,0.7291080463221832,0.224813049132123,0.21389059720749964,0.27446668036327254
dining room__266.png,0.7510784479315624,0.7454475766173415,0.21528309497354184,0.22854371424433395,0.24339938180007994
dining room__267.png,0.7633050043078722,0.7389917480671727,0.22313005776141293,0.2272157814293557,0.24393477926267765
dining room__268.png,0.7124892053496052,0.6977309075543254,0.22160705655001703,0.2752230534095663,0.2614734886668568
dining room__269.png,0.7469970819574776,0.7231956401391046,0.24924144424391778,0.26101954564624297,0.2691047412434649
dining room__27.png,0.7522455610591907,0.6988570639244975,0.29084309314154533,0.24865321995027573,0.28741120730069475
dining room__270.png,0.7491278000282561,0.7208733146608726,0.23465822946558093,0.2411257981227825,0.25878817527748144
dining room__271.png,0.7581190574692575,0.6809226561028787,0.2840392042662173,0.2579416232267914,0.22552671631378676
dining room__272.png,0.8583884130179973,0.8005951352927497,0.19117478041700595,0.14112562288597885,0.2501817152371435
dining room__273.png,0.7842096799217172,0.687199300228499,0.26712735022521106,0.24188946621543755,0.23478583935906605
dining room__274.png,0.6824630359625565,0.7703317517077409,0.19996735623554443,0.19868681808222705,0.3441507330226247
dining room__275.png,0.7406554975480566,0.7585683651797224,0.20895635194081497,0.2327376808373134,0.2635151053559697
dining room__276.png,0.7998719153148345,0.7242220538653659,0.26089707880241375,0.21687735474891046,0.2502424752204233
dining room__277.png,0.6757311064195815,0.6861120090451708,0.26164809931557365,0.2820271628181071,0.2941076269143584
dining room__278.png,0.7148911478648733,0.7611577533723151,0.22315270192403444,0.24660718409377386,0.27927391668978935
dining room__279.png,0.6517191539315214,0.6632282202275999,0.2855826584192354,0.31029899750068246,0.3115716071805149
dining room__28.png,0.7558524880825794,0.6915414929800663,0.24957237383703085,0.24232644336473094,0.2554880724656478
dining room__280.png,0.7985960559184645,0.7511146224817454,0.21348319087982157,0.20546500316643776,0.23937769468782508
dining room__281.png,0.7990957154730878,0.7276209243098538,0.24864776618352902,0.20522413055647512,0.2875706156922896
dining room__282.png,0.7655974584228773,0.7038210767401145,0.26933786698312023,0.24994534914328637,0.24031127871412464
dining room__283.png,0.7481089704096997,0.7440840229978726,0.22510025016743526,0.23600030391746105,0.26629011962284294
dining room__284.png,0.8365103344603384,0.712623506343485,0.27895587460196714,0.21785386676123258,0.2416498644061667
dining room__285.png,0.8042070313644947,0.7201409861930583,0.24837033179083157,0.22078263719117727,0.21759293696379814
dining room__286.png,0.7406114378784108,0.6874539930641832,0.2708427851788325,0.25349986554212633,0.29150201551045474
dining room__287.png,0.7258941515653659,0.704042621357066,0.2820770531521574,0.2628208813452651,0.2833976499385726
dining room__288.png,0.6945852430795375,0.7164501768846776,0.24938661823204455,0.24397680469046854,0.31742586311084575
dining room__289.png,0.7998443957144451,0.6995790250813649,0.2813342791961054,0.22480114913272828,0.24638182819224885
dining room__29.png,0.7369531499541654,0.7080468907556269,0.24927968294295647,0.2537558296669372,0.24463038073833107
dining room__290.png,0.7718490331040574,0.7417749439644958,0.2347061833804226,0.21410852139847777,0.27125451021028185
dining room__291.png,0.7901810503745549,0.6743708042296885,0.33586581908907787,0.27114045614816673,0.2338507609736214
dining room__292.png,0.793534896826409,0.689527611287929,0.279436146830408,0.23552348550476074,0.2394985474446113
dining room__293.png,0.7659744352065178,0.702509580375328,0.26251852712464674,0.24911128310836975,0.24767348533729855
dining room__294.png,0.7883129670759864,0.6889138082693225,0.29706632571330505,0.25880446915258154,0.23368393542182053
dining room__295.png,0.7701312909105573,0.6538944547596947,0.31230265256975975,0.25898264726191106,0.23858489944155842
dining room__296.png,0.7467667118744857,0.7140092845977505,0.2509671741229162,0.2796623310337896,0.2608114572742984
dining room__297.png,0.7778177332312545,0.732632895839963,0.23701346839949813,0.2313596006274336,0.22448423117318814
dining room__298.png,0.7352606793084087,0.6942607896486023,0.24748493268406985,0.23443034811714616,0.27311691937694704
dining room__299.png,0.7402153725350294,0.7073696736441293,0.2681807513484678,0.20785629906102918,0.2703962867896923
dining room__3.png,0.7379040978788565,0.7218245048580135,0.26616466095474856,0.24079514158826804,0.31017856340082234
dining room__30.png,0.7529098423585178,0.7283938090333715,0.2679329750587497,0.21349611423579984,0.28022867488003317
dining room__31.png,0.8100715266520857,0.7918279890299792,0.17561709312887586,0.16760598210270153,0.25474064750697806
dining room__32.png,0.7340764165848227,0.723606153871257,0.25594770786889126,0.2621380218452126,0.26769662284376866
dining room__33.png,0.7895240298003448,0.7146276862139387,0.2546375222645908,0.22938559798334177,0.2656493666833069
dining room__34.png,0.7984518082252948,0.694172932389183,0.28470957370532995,0.24170813247164288,0.24442629359102672
dining room__35.png,0.6317405348499082,0.676060899639315,0.2622983828512947,0.2984154803379459,0.34247278851935514
dining room__36.png,0.6954428431761767,0.7048160463817005,0.24421745714848953,0.24719056602767614,0.3062233759742602
dining room__37.png,0.7707563866619219,0.7277624109317221,0.2583394624081351,0.22955089192428169,0.280008947489652
dining room__38.png,0.808802903130036,0.7296349760992351,0.27436718550903305,0.2129206025666766,0.2663916001844134
dining room__39.png,0.8025816867856506,0.7433328582774131,0.2437267270667322,0.21069413033033782,0.2356749196826957
dining room__4.png,0.757291454267319,0.6690950674165986,0.3072774521470932,0.2559635499891421,0.28105133154249107
dining room__40.png,0.6854958803730461,0.7310737044053397,0.2281528934315159,0.21096667807968658,0.3030084323661014
dining room__41.png,0.7179486983693392,0.7150385812280894,0.22638112397477458,0.2369014221259317,0.26716360459719174
dining room__42.png,0.7818033070146844,0.7460322394311624,0.2469249813480245,0.2207362887653412,0.2662892515073133
dining room__43.png,0.6782752679792882,0.6327564413206728,0.31104437109321753,0.3121776771633366,0.308797906356362
dining room__44.png,0.7375018325658678,0.6988448008667032,0.2635318971487941,0.21862990940693022,0.31898869948800856
dining room__45.png,0.7656745364185915,0.713519479812171,0.2783451860566339,0.24626431514418445,0.2878668048229005
dining room__46.png,0.8041269462525619,0.7607680255945816,0.21838230972136663,0.19765989296571712,0.24827241930518895
dining room__47.png,0.7412929530056033,0.7727051702063984,0.2156770527262088,0.22013828566840105,0.2769906236220715
dining room__48.png,0.7467241379593245,0.7395583363037914,0.24557031408781244,0.23212076773794352,0.28452425598449477
dining room__49.png,0.7258349902336189,0.7208057132500193,0.25030904721807296,0.2288552056407766,0.2914888514379466
dining room__5.png,0.7877313996861747,0.7221012335760406,0.2332843620124697,0.21462320447971645,0.24106795692153302
dining room__50.png,0.7818493961259165,0.7289016582772918,0.2622100964754203,0.24134291327788465,0.23408167522095932
dining room__51.png,0.7594830237261905,0.6598419222890868,0.322301130203606,0.2687829677748466,0.26898510445925833
dining room__52.png,0.7750496529261648,0.6946486935125719,0.3022025569469182,0.24558591302991403,0.28144030066597703
dining room__53.png,0.8175941489278918,0.7232636871682856,0.268883310177653,0.21409462778064833,0.2655711062677271
dining room__54.png,0.7294344071062419,0.6890622102302849,0.2987989454361962,0.2522431907321798,0.3083244250814938
dining room__55.png,0.7535777757286389,0.7480297438463792,0.2234360483859173,0.20933926701207686,0.2615956862960857
dining room__56.png,0.8193182763500559,0.79215487913785,0.2016361366240772,0.17800475100730057,0.23323715303041004
dining room__57.png,0.7906829952442928,0.7333172566166362,0.26904822920810284,0.20707798593520724,0.2519020291113268
dining room__58.png,0.7741220372420906,0.7301130742265786,0.2450142802847819,0.2039214345138429,0.26965717578844584
dining room__59.png,0.7748388804188956,0.7445042787149481,0.2215914784515824,0.22317541925349924,0.23777532625286243
dining room__6.png,0.7994611421929158,0.7536424636982763,0.21489302874498953,0.1964381208910021,0.2424788063929162
dining room__60.png,0.7742426949992223,0.7375581560823069,0.2561733374889669,0.20132928163635538,0.2844154423196457
dining room__61.png,0.7829756561889103,0.710354955473319,0.2817399240778878,0.24230913239464846,0.2477774932833021
dining room__62.png,0.7735320793500793,0.6796866821731423,0.3030454358189381,0.246911809443134,0.2700247368940163
dining room__63.png,0.7657237535162558,0.6925785417450845,0.2651235776583135,0.2513819829935603,0.2702137759051014
dining room__64.png,0.7982038342209374,0.7083269247668715,0.2460729436954422,0.22987532416328146,0.21551222797331962
dining room__65.png,0.7735470274063536,0.7141151921009412,0.2511856786187248,0.24351560898223984,0.2134751762707102
dining room__66.png,0.8345591557180126,0.7309179997330434,0.25146605210668005,0.20170547986792117,0.2293661387728663
dining room__67.png,0.7251085481389355,0.6721107732466344,0.2854288511837776,0.24964144953474515,0.24715111288271188
dining room__68.png,0.8040117813549266,0.6832128748310342,0.30757542194950616,0.24479540034359482,0.250875087998668
dining room__69.png,0.6884391595489323,0.753290706169205,0.17035261198379212,0.22465465936100398,0.2793072298336079
dining room__7.png,0.7714383705254123,0.7142175300535039,0.2657598424542691,0.21450560075038186,0.2787985605354162
dining room__70.png,0.7323843115537547,0.6972267635550519,0.2702603684542847,0.25056936530421464,0.2803498959487031
dining room__71.png,0.7636428006962138,0.6952723854115124,0.26745146533531955,0.21079412390928404,0.273402621733582
dining room__72.png,0.8043953887628319,0.706423316243735,0.26971327344284124,0.20354233347189357,0.25917764445082586
dining room__73.png,0.7928607426639206,0.720207833444793,0.26869576306078996,0.2285138084007038,0.2705445628199811
dining room__74.png,0.812296853580051,0.70011457892296,0.25134129701217905,0.22314050454373943,0.202483126118638
dining room__75.png,0.7304142863539608,0.710393577496612,0.260773676553905,0.26494508469349115,0.2558081208327687
dining room__76.png,0.766315466617799,0.706793063707165,0.2578523650640819,0.22536992655890783,0.2635307942382317
dining room__77.png,0.7444742134582407,0.6476138649241902,0.2830682910306368,0.28918448914735834,0.23643423968254426
dining room__78.png,0.6302091567795388,0.6745657734126005,0.24159685127507824,0.314372901010697,0.29563490508208895
dining room__79.png,0.7815423505889166,0.6934533982363682,0.2760399275748967,0.22046253102752814,0.26648556748400437
dining room__8.png,0.6740917807294415,0.6592840927413026,0.273743174236741,0.2683690136034523,0.35649911631866327
dining room__80.png,0.8103282401029277,0.702254806502789,0.2750416783041081,0.23968062120635675,0.20159144087066372
dining room__81.png,0.7792225101073113,0.6976961674202315,0.2812793386216443,0.20241476061560604,0.3301154742065514
dining room__82.png,0.7699759285187969,0.7701160499722729,0.2085347190565127,0.19593361897549758,0.27646715198234706
dining room__83.png,0.7336585254168906,0.7328015491721744,0.22257887604829338,0.22350534355831692,0.2500583400169576
dining room__84.png,0.709550716776444,0.6411369925828674,0.28893400958276083,0.2845981001075026,0.25688412248931614
dining room__85.png,0.7470030246380625,0.676041721410275,0.3356719909642782,0.25198962084526105,0.3045315736133172
dining room__86.png,0.7354813045846288,0.6880289868301638,0.2711987675274219,0.24323951239877012,0.29157419079494945
dining room__87.png,0.7845172850302542,0.6723588190519945,0.289340391750679,0.2418575779599511,0.24114443101051034
dining room__88.png,0.7725418285213791,0.7292859660124158,0.25149373198943564,0.2202451190048251,0.23492966912888308
dining room__89.png,0.7502871146180617,0.7107695025231477,0.26787056326193054,0.2598639601718407,0.27081559626044444
dining room__9.png,0.7423838768524217,0.7025391967817793,0.2495254118107771,0.2491731165205676,0.26433942037760694
dining room__90.png,0.8273899047511317,0.7787806792856072,0.1995696567950587,0.19950012637104372,0.20162061523751482
dining room__91.png,0.8231300550985144,0.7496714382278389,0.22051700835000979,0.184093868694814,0.2128231896130131
dining room__92.png,0.7672549032404486,0.7248041568533867,0.2404802481057002,0.24739360064979338,0.2484648141897466
dining room__93.png,0.6930388226649556,0.6733100523720221,0.2955018886737346,0.2696504071902424,0.32182700590151625
dining room__94.png,0.7233414074043154,0.6751148604424916,0.28288994139364076,0.27787251391002793,0.2960066509034861
dining room__95.png,0.7264218322507727,0.704775751938642,0.2542757123432909,0.2226207966990452,0.2780150810485546
dining room__96.png,0.7651498095083554,0.7668705930176312,0.19931128851004112,0.22323232916367963,0.2613720395065955
dining room__97.png,0.7915719420286156,0.7453802744241986,0.22727555013486933,0.20136423852301824,0.25334217494416844
dining room__98.png,0.7134945200659312,0.6917377195546494,0.26871089756119654,0.2642383982020764,0.2745447567815895
dining room__99.png,0.7660844642139755,0.7360443825231777,0.22676854163286186,0.2241336179226959,0.23479671035215532
kitchen__0.png,0.7701631045379409,0.7408691058139198,0.24480577447551424,0.20599802680654447,0.25424002704063303
kitchen__1.png,0.7355761090359159,0.6656029640815374,0.26470934503024357,0.28507216481533293,0.23738533299019163
kitchen__10.png,0.7222930220261062,0.6455914579621839,0.32168293831141953,0.3466048249626219,0.22011388354876318
kitchen__100.png,0.6734316266211839,0.639645364871474,0.2704289028686237,0.2698594681713279,0.31081668827198344
kitchen__101.png,0.7461719043551749,0.6294373994156622,0.34697462396794604,0.2933046856964245,0.23585400004573492
kitchen__102.png,0.7666370882624239,0.6932089847505454,0.29385393712359076,0.2883728839202428,0.22111952099796284
kitchen__103.png,0.7621846915524976,0.7193264827684578,0.23837594057950695,0.22481138967918582,0.26539579809055375
kitchen__104.png,0.8027564244970037,0.7167573155139614,0.2818098568878637,0.2283160023632831,0.2464522040736713
kitchen__105.png,0.8242343001819878,0.7544584351875984,0.24357749556853903,0.2114294017105146,0.2156761920847884
kitchen__106.png,0.6906871298389171,0.6624691167847079,0.28906081956773766,0.3150876849570473,0.23505960119299366
kitchen__107.png,0.7802722054389777,0.7449843325213507,0.22787302713797306,0.22598531641754674,0.21780674242792067
kitchen__108.png,0.7177802056936181,0.7190573284230503,0.24559462290121706,0.29058378895726483,0.22959412986811636
kitchen__109.png,0.753652197882977,0.7164259899657134,0.25805125258094036,0.2779433630605243,0.20972184884570255
kitchen__11.png,0.6842235439791489,0.6475398113044366,0.2907081546462493,0.3102923160704053,0.2694165787808381
kitchen__110.png,0.7911518814288975,0.6866006570701803,0.26814662022250163,0.25510850359774156,0.22473478808480474
kitchen__111.png,0.7908683729252479,0.7329876235828675,0.23247786126667438,0.2284735068241637,0.2161722052732002
kitchen__112.png,0.785674207969884,0.6981163316758418,0.2844324952758246,0.25558130648483623,0.2379116572530559
kitchen__113.png,0.7681978634717311,0.7117904264993993,0.24975536016688188,0.24004829777415826,0.22862275984721805
kitchen__114.png,0.762620551248446,0.6896469510223948,0.2337513729991166,0.2709955308817464,0.189214955420857
kitchen__115.png,0.8119436440252773,0.7035591808545053,0.2774965940683841,0.2448932891303127,0.23503722273159014
kitchen__116.png,0.7959285926309627,0.7045961704774999,0.25100736748744384,0.21553132678100437,0.24406912557723973
kitchen__117.png,0.8258041472033097,0.7441297336088081,0.26992503562433673,0.21363040860998453,0.1994072486616582
kitchen__118.png,0.8073557252758823,0.7089916658708743,0.2935624699895914,0.2464625961751896,0.21617457481783584
kitchen__119.png,0.7784497168834454,0.722724576725184,0.24450365238850988,0.2312510880213578,0.25121638044006966
kitchen__12.png,0.7861464494749917,0.6989424363406471,0.2849217360530297,0.258850325320625,0.21069082404986894
kitchen__120.png,0.7835241290603879,0.6916765407604037,0.26075156715074305,0.24179466987323064,0.23978268254376509
kitchen__121.png,0.713885747430175,0.7165607328766304,0.24440329296099425,0.2977281357542084,0.22102830856936478
kitchen__122.png,0.8225851984340719,0.731554059476611,0.26881444697484724,0.23374981068786535,0.2101957533231359
kitchen__123.png,0.8088604330012492,0.7558482671973896,0.22597826547710065,0.2242895870571409,0.2290889737941076
kitchen__124.png,0.8342804023506941,0.7156810292639497,0.2839892753531336,0.23204135263174383,0.20830554931392398
kitchen__125.png,0.7565891954973355,0.7057146222196522,0.24099724551233426,0.25707767229827283,0.26208180741651
kitchen__126.png,0.7842089179746354,0.7220221809930998,0.2425492692410539,0.26200771186074356,0.19649855366343236
kitchen__127.png,0.8176993403654174,0.7363431014573479,0.22906720730997696,0.23581511295774166,0.17797059754338596
kitchen__128.png,0.6822113187382728,0.6834651277146853,0.28397752521147435,0.3055579851266896,0.26334954805369726
kitchen__129.png,0.8144143228967207,0.717830602372645,0.2804327751993131,0.2547149302597759,0.21728573567943987
kitchen__13.png,0.7357717139927146,0.6945748348377898,0.2494622839882846,0.29332846130889634,0.23616490796737244
kitchen__130.png,0.7526733311349335,0.6809368516771612,0.2717334539306856,0.276840466325446,0.23311347454495585
kitchen__131.png,0.7808782834139059,0.7535714675579435,0.2347936061591122,0.2327054550916599,0.22814595351368835
kitchen__132.png,0.8048706665213805,0.7458346400123893,0.23038340455631628,0.2143618290213182,0.22384479018807557
kitchen__133.png,0.8126113579855633,0.712913655929118,0.2864205650939027,0.24828288671897286,0.229815474599622
kitchen__134.png,0.739932793393411,0.6736368237640113,0.28925073606143453,0.3054349298945605,0.23692943401456598
kitchen__135.png,0.8406926455649428,0.7635732226773282,0.20369157192297876,0.1792864839070277,0.20264581935437176
kitchen__136.png,0.760178342228873,0.7184325030250488,0.2838186508780639,0.24151459030620448,0.24902338088808523
kitchen__137.png,0.7815613230561951,0.6731352386620018,0.31058003054892214,0.2749651557077493,0.22829757211747018
kitchen__138.png,0.7396029569966677,0.6713986311974527,0.2647378564077252,0.28761142489413044,0.23757015115787458
kitchen__139.png,0.8391826529771137,0.7689660869153234,0.2381419567130491,0.19645190083073413,0.18599205089779394
kitchen__14.png,0.7313773930242085,0.7145666799300826,0.2247166713741406,0.2692032471239317,0.23936495646078393
kitchen__140.png,0.8146675187853369,0.7105518905139425,0.2681917297581949,0.2624914972171311,0.18400443747784628
kitchen__141.png,0.8336634208917313,0.7478588910041286,0.20469201489796188,0.20833708759591651,0.21394635300299256
kitchen__142.png,0.8490955348534848,0.7564400292818222,0.2529092283418,0.21611999054850217,0.2078705610263416
kitchen__143.png,0.846668374494527,0.7632841106989837,0.2101894747562802,0.18450189056953686,0.2176869724409153
kitchen__144.png,0.8108428393608714,0.7221787320112424,0.25391388922561275,0.24310858228598842,0.2210897575811644
kitchen__145.png,0.7908822616870517,0.7173794934927413,0.2643822068372459,0.23003000728404993,0.24234431918152843
kitchen__146.png,0.7652633087672384,0.6881206867820052,0.29311921533320284,0.2718196963772432,0.26943988015286874
kitchen__147.png,0.7699743586518905,0.6974429806145921,0.2815648501586469,0.2629338388264627,0.22957349918286485
kitchen__148.png,0.7322962304757454,0.7476107101524395,0.23405485440284127,0.27974511953662057,0.2573750578725251
kitchen__149.png,0.7411100647557767,0.6681639653689277,0.31708391100119654,0.3029205556213653,0.21359869288299124
kitchen__15.png,0.7608750655198078,0.6969641541264424,0.2854351491086208,0.2854561663537497,0.24310507042561197
kitchen__150.png,0.7744414579713178,0.7218680460932944,0.2547184009695664,0.24173407843486577,0.23584279488054846
kitchen__151.png,0.7774727154626123,0.7307398465786092,0.24551216859774025,0.22587487950574525,0.22249948391932126
kitchen__152.png,0.7206374275078445,0.7314125740009242,0.2327907909791471,0.25307051371183337,0.28090717480752353
kitchen__153.png,0.7914984177549386,0.7710337988680126,0.20342959332046578,0.21238029057761135,0.2194160355751228
kitchen__154.png,0.8069799263815219,0.7182283367165506,0.27618469964308084,0.24882760136091012,0.2111873916181013
kitchen__155.png,0.8311901524803444,0.7265210676163989,0.29555326504865237,0.2521693962583418,0.18872174190048763
kitchen__156.png,0.7881670056328742,0.7513027521695316,0.24244579205160002,0.21462786908446665,0.23187559287510504
kitchen__157.png,0.7683180002885965,0.7097021079136628,0.25653811217368166,0.2492893065010907,0.21531691360022764
kitchen__158.png,0.6826855576253843,0.7269408909989374,0.20940620597171808,0.28212173289517983,0.2406604994190298
kitchen__159.png,0.7931341877207762,0.7046431432302517,0.2670919550363414,0.24179176875370073,0.22938213762009355
kitchen__16.png,0.8237325028609485,0.7217103028217811,0.26983244574455906,0.24063966315908794,0.19584776530288245
kitchen__160.png,0.8479460510473511,0.7362213076169609,0.2486704581938297,0.19923921716567702,0.18728332533248604
kitchen__161.png,0.7828596088612572,0.6916527999404333,0.2951922748820471,0.24405675382151826,0.2671723280564393
kitchen__162.png,0.7472473001222921,0.703767995134271,0.2826373618973575,0.23900486360683243,0.277890450817474
kitchen__163.png,0.7903490173417513,0.730521040007641,0.2285171344765457,0.24569395301953928,0.24505465434218132
kitchen__164.png,0.6453425267924088,0.605270524636425,0.30234860933904206,0.37029352954987993,0.25040913750932997
kitchen__165.png,0.8012698911891938,0.7355657429946242,0.257503012136853,0.22743638966321297,0.22174791469703575
kitchen__166.png,0.742147658200603,0.6315068445231822,0.3359222835852111,0.30031810988625585,0.2506193796103509
kitchen__167.png,0.7865750080420697,0.7022394190523407,0.29041278788207553,0.20736425038211467,0.29301942147669624
kitchen__168.png,0.7983527663994839,0.7260937324804779,0.2511159215382395,0.23393436494080208,0.19612146645142395
kitchen__169.png,0.667922597853184,0.6348500890761681,0.29732536471906534,0.3301807082913425,0.2637737505206184
kitchen__17.png,0.7604197397941708,0.7206389307981326,0.2794678828427698,0.2870750411241574,0.2033874888662642
kitchen__170.png,0.7048372587100049,0.7499867133958876,0.19542883193470792,0.20562276332546628,0.26861656268099826
kitchen__171.png,0.7946825585336078,0.6918544317466553,0.30241607908387846,0.271325777007182,0.24333919619161412
kitchen__172.png,0.6992514649922694,0.6574646048598287,0.3043529017541032,0.3017596424939406,0.24411957542922913
kitchen__173.png,0.8059518863431434,0.7203720941490329,0.269140993750744,0.2570922062757733,0.23904392438643268
kitchen__174.png,0.7138614209026876,0.6973482241815749,0.2568856649765785,0.28949980157990823,0.24544454705746463
kitchen__175.png,0.7489336937621741,0.6703020817680967,0.29226514064981707,0.3018564223452165,0.2062957297578823
kitchen__176.png,0.7245751443535076,0.6663951029857798,0.28271002638726594,0.29233522863265576,0.2711883834074707
kitchen__177.png,0.8141798261788206,0.7250792636389725,0.21030936119334093,0.22638021578992562,0.21348448518438812
kitchen__178.png,0.7328737018722321,0.6640061025813969,0.3120503524539585,0.31262312349531307,0.23875934903318058
kitchen__179.png,0.7941328969769659,0.6923422200032777,0.2897184896231921,0.26200916376835126,0.2527965055854692
kitchen__18.png,0.7806022096868841,0.7302935557088813,0.24396708032706238,0.24549371783142093,0.22892211105821475
kitchen__180.png,0.7344274253039464,0.6882970719387709,0.26125518730679537,0.2570141135525139,0.2511754678256554
kitchen__181.png,0.792661831058756,0.6853719023699231,0.28608183870191845,0.2453833132520621,0.21805187057534725
kitchen__182.png,0.7471222795247818,0.6596266922642292,0.3185041699534318,0.27473602859663915,0.24960891888640094
kitchen__183.png,0.7439772925886993,0.697380326483889,0.2898333765965782,0.2735247766219596,0.24872488032771134
kitchen__184.png,0.7667746153186001,0.7218931998179597,0.26765196146353804,0.27975172417302707,0.21071812529953587
kitchen__185.png,0.7368976335094027,0.7053077559647922,0.2790555311360843,0.28361722425555697,0.23008923016649466
kitchen__186.png,0.8168241908885165,0.7389884281845094,0.2678846060415692,0.2300568232903586,0.23130911211680463
kitchen__187.png,0.7700170064593185,0.6892079234123533,0.26217794486583246,0.271200074468929,0.20698843377442036
kitchen__188.png,0.7993779481014551,0.712833552623262,0.2661236889577997,0.25675392941393016,0.24229741361411714
kitchen__189.png,0.7827556420522821,0.6760924250624429,0.30364894585803875,0.2542511383992551,0.23800596975446578
kitchen__19.png,0.7433693114975547,0.7273570056187785,0.22960740558679632,0.2699027576116118,0.22554577287239821
kitchen__190.png,0.7277481776906652,0.6731054376766191,0.2812590850403743,0.27991775385709516,0.22452755498265975
kitchen__191.png,0.7812609882030018,0.6878316492283766,0.25625094608621063,0.2482848480707081,0.20979018203881947
kitchen__192.png,0.8058938111094257,0.7096567320672101,0.28908889521811015,0.2233849617120798,0.24410517354511513
kitchen__193.png,0.8032624994356724,0.7598219591963838,0.21511039895125914,0.19906963275450723,0.24064884479605322
kitchen__194.png,0.8118736708502595,0.6796289214486332,0.2896708288626155,0.23672522055566844,0.240703830573207
kitchen__195.png,0.7906871328279764,0.7050828833260597,0.23635005045258087,0.24799215032597816,0.21776919150968155
kitchen__196.png,0.8063608754141434,0.7378738050296968,0.21464104820428903,0.22327186829440968,0.2230902212930601
kitchen__197.png,0.8377455458906724,0.7409835362684054,0.24571605757599238,0.2055112729883319,0.22740880915311004
kitchen__198.png,0.772448418775142,0.7102380737856697,0.2612731018451669,0.24506002617574468,0.25122934547502973
kitchen__199.png,0.8112870225156322,0.6840999509372766,0.30548968733257353,0.24835794367751537,0.19038628905767074
kitchen__2.png,0.8653817206233594,0.733834630271224,0.27344969269787817,0.17008654786019164,0.25058863827233524
kitchen__20.png,0.782133439427724,0.7146547746486892,0.2825556293982566,0.2601298477951997,0.20884552941988455
kitchen__200.png,0.8013931820751927,0.7186862596986744,0.27696960076500476,0.2488532281341103,0.21271470382842986
kitchen__201.png,0.7495792778594168,0.7241827419104114,0.25906693724966884,0.266909367848446,0.21120468638490986
kitchen__202.png,0.7990235614686534,0.7026247388979153,0.2847052979761895,0.22575573723218276,0.23201326746366918
kitchen__203.png,0.7906972610930276,0.7385205181525292,0.2505995448648145,0.23989999015780727,0.2449298902129888
kitchen__204.png,0.7851421209683429,0.7195785343060719,0.26295461556816496,0.2759773742420419,0.2017455170176932
kitchen__205.png,0.831555341277268,0.7594255054137752,0.2388957641572775,0.17321246374896038,0.2402996370716301
kitchen__206.png,0.7576413803916487,0.7217954799622708,0.23327110920608435,0.2552029641894078,0.24813266685478153
kitchen__207.png,0.8255771951543129,0.7472306687298055,0.23225489068273802,0.22513466591063722,0.18762544955211294
kitchen__208.png,0.780109968249059,0.6884433193686429,0.27716754426027346,0.2539032278382309,0.23938255428187388
kitchen__209.png,0.7639374602369726,0.6846757249700586,0.2540396721066856,0.288126849932765,0.23700130101452088
kitchen__21.png,0.7496580216924535,0.6606471419169135,0.28356306990498403,0.32082676733160226,0.21868706208270153
kitchen__210.png,0.766371692995307,0.7291894006960369,0.23596208963523538,0.2483935991125985,0.23105387699084162
kitchen__211.png,0.7841957594833929,0.7135356248051573,0.24746054870974113,0.23753914492970327,0.2236749168732122
kitchen__212.png,0.6969201123727088,0.6554792311193437,0.2904281984989159,0.3250382435674943,0.22274487021874365
kitchen__213.png,0.7550838473957996,0.689150154493957,0.2586746665672435,0.2617974019217163,0.23274258862020866
kitchen__214.png,0.757578593154902,0.7531886683021218,0.20154666499961962,0.23713475697820588,0.19722736983388783
kitchen__215.png,0.843055326297591,0.7505949376819205,0.23360985054956407,0.20910604836223007,0.20341332291680284
kitchen__216.png,0.7718091595444511,0.7104079458090088,0.284686297515695,0.25445830403444486,0.23968732460376127
kitchen__217.png,0.7756435955982127,0.7297100622067466,0.24518217450747715,0.26945960782805706,0.20949122295985678
kitchen__218.png,0.7942719352078422,0.7748402647735839,0.20593664797885264,0.22356402444988496,0.21989367624178072
kitchen__219.png,0.7601668479517737,0.6628546648709328,0.3160637685112382,0.25222039875678803,0.2552346948457428
kitchen__22.png,0.722625342399298,0.6387009543214729,0.34841809648468897,0.3679142216827083,0.23286090984410443
kitchen__220.png,0.6909423516078377,0.7047097609603483,0.2663508832083597,0.27480301172406635,0.27211476080525104
kitchen__221.png,0.7300698657904251,0.6721529479511398,0.25581837052716583,0.301390947623068,0.2310301630330287
kitchen__222.png,0.6606784308862286,0.6783566958579096,0.22186913881413425,0.33081785906681604,0.25947418765217767
kitchen__223.png,0.703202098824327,0.6872022374323534,0.247705173475603,0.2865768647752769,0.2480520730570033
kitchen__224.png,0.798802769773557,0.6873647486412143,0.2960949055353546,0.256350959751521,0.2199181260774043
kitchen__225.png,0.8238124966502536,0.7087832937846025,0.2866870531667007,0.23260360685485226,0.21928135695546425
kitchen__226.png,0.7696311575193048,0.7117360835024378,0.25385087649955307,0.262188904267229,0.22341861186988904
kitchen__227.png,0.792425470182215,0.71147038132944,0.2643736402907154,0.231566450076211,0.2264213540013197
kitchen__228.png,0.7669714887459963,0.7257429339353494,0.24607845349097698,0.20632068258305844,0.2661809783951652
kitchen__229.png,0.7956473738034392,0.6982551906761603,0.27869048460017304,0.2602435450103397,0.20881321505673195
kitchen__23.png,0.757720669693131,0.6875810147893848,0.28409525580182354,0.2885531172844552,0.22054934747794908
kitchen__230.png,0.7571406076942961,0.7103816014013905,0.2559165095832555,0.2841503367506067,0.25224777309241236
kitchen__231.png,0.8058378035799506,0.676257770416235,0.30512156854865163,0.24503380933098134,0.22135863363640126
kitchen__232.png,0.7771788348458029,0.7488892290977319,0.22833607035977804,0.24934547066951918,0.21085425509206834
kitchen__233.png,0.7513648185657641,0.713499058412848,0.2377202564352949,0.24622536669281614,0.24522084908850758
kitchen__234.png,0.8132529621344085,0.753376182209378,0.239157786198214,0.1808813122037672,0.2657374238515041
kitchen__235.png,0.7638285098097832,0.6963911764578598,0.30236775744056715,0.29154703067783916,0.21561854965778085
kitchen__236.png,0.7143616712246544,0.6725335410921457,0.3176461610362731,0.273271304337043,0.2584895095037273
kitchen__237.png,0.8327775970041076,0.7441337822382136,0.24381271276643593,0.2009270071863036,0.21912689083888323
kitchen__238.png,0.7529810238056975,0.6966983923287463,0.27297469747444253,0.27720705552521274,0.25671659159135163
kitchen__239.png,0.8064248776093073,0.708868279983216,0.2667232783619791,0.247210631071388,0.21918801177013011
kitchen__24.png,0.792190676578816,0.7095339386617349,0.24167549660536986,0.24279433768283573,0.23011882652227864
kitchen__240.png,0.7926674557655785,0.7192716091159476,0.2635746997083624,0.2182792005056857,0.21444154349958486
kitchen__241.png,0.7715449568402497,0.7000427519415807,0.3046469056210006,0.27590725251498366,0.21465719504323091
kitchen__242.png,0.7403357776376563,0.6607333336631857,0.2700211050126263,0.2609525173092055,0.2540878576717365
kitchen__243.png,0.7637583317913539,0.6929009072862616,0.2657170559511622,0.2676980389806888,0.23704126893676758
kitchen__244.png,0.7934098820392002,0.7153007496054384,0.25211322814098064,0.2658809436419739,0.2164243150427065
kitchen__245.png,0.7644544812680072,0.7159134824084682,0.26884906649086904,0.25379693103711376,0.20110679869895184
kitchen__246.png,0.7819901033767984,0.7290105935455093,0.23656107717253502,0.22044153693397725,0.24318870196025805
kitchen__247.png,0.7887633981598299,0.6855288847748954,0.2589842276531038,0.2555273982987732,0.23738446876508987
kitchen__248.png,0.8057710897401866,0.7499285570008599,0.2503442085232239,0.21220829703296712,0.2501035498973472
kitchen__249.png,0.7591476205725988,0.7236982143945376,0.26553729875334764,0.23040761276609342,0.29483536369859137
kitchen__25.png,0.7348563990098143,0.7004166253348698,0.2996574836252545,0.3183790465885796,0.22065825643112316
kitchen__250.png,0.7997181078896838,0.7108757576767221,0.2629045359131894,0.2432230057936747,0.23873359546936507
kitchen__251.png,0.7981072531160827,0.7418869858237551,0.24405420821653356,0.23522424462628722,0.21358921586989446
kitchen__252.png,0.7362121401727989,0.6979989229753831,0.26587702448197004,0.27414613249905945,0.26270694302224035
kitchen__253.png,0.7554212130664463,0.6993138490683724,0.2788966689903862,0.2298217854630654,0.2629627870782752
kitchen__254.png,0.8144423695329224,0.7246290737484787,0.23973216886216975,0.2474665742084713,0.20205999384190987
kitchen__255.png,0.7165905087375033,0.6954826523884206,0.2743069910515796,0.2755333078694824,0.26664844087514833
kitchen__256.png,0.7298727497208706,0.6922388433125993,0.27722164244086056,0.292888123472544,0.2373770842354208
kitchen__257.png,0.7546038055221337,0.6895403648492233,0.2659354894198599,0.2958403338583758,0.19592914971026734
kitchen__258.png,0.7865744845670721,0.7381784005957075,0.22709289441272074,0.23322548216367534,0.22097618899909682
kitchen__259.png,0.7407134517446644,0.6704133480137038,0.29957270717431767,0.3013446823603831,0.22256829767145658
kitchen__26.png,0.6936361630625295,0.6193677416185304,0.33997190565547714,0.3401688612926029,0.21371769580540426
kitchen__260.png,0.7795001480666391,0.7136879084289233,0.2568364364863123,0.2454770648129621,0.1844813619426899
kitchen__261.png,0.7350349584702258,0.6891993704705557,0.22584043073902244,0.27911197162924367,0.21593222054307196
kitchen__262.png,0.7657800346445645,0.7116220044285175,0.24844780180400505,0.2282922312158576,0.23475938725320042
kitchen__263.png,0.7714375165932066,0.7451666198344096,0.23103972313808388,0.26818188601279846,0.20820946559813222
kitchen__264.png,0.8476256273376289,0.7212249783805287,0.27394203063378786,0.22693139553174885,0.20137876308132727
kitchen__265.png,0.7794106207689331,0.7031280654995303,0.2508454068871231,0.23620015257927218,0.2479506224049104
kitchen__266.png,0.7176709528191927,0.6705432724642719,0.31035493086831933,0.2649968957822914,0.23678994917991572
kitchen__267.png,0.784305269231605,0.7214043619292647,0.25363833676739117,0.24298057926647496,0.21435279640559518
kitchen__268.png,0.815576889362321,0.7275175788044133,0.28187431575098854,0.25282043669598353,0.21274704011425044
kitchen__269.png,0.7691998781516112,0.6582637647806688,0.29858102309145657,0.25796896771728284,0.23524305879139995
kitchen__27.png,0.7722219200541037,0.7042423741734314,0.2741707214972302,0.2697892887677152,0.21807114000313713
kitchen__270.png,0.8187808195382539,0.7158885908756305,0.28128818060008165,0.252094342759847,0.2199806733460102
kitchen__271.png,0.7348038947161749,0.6905505971646333,0.2947782973764793,0.29167245118180685,0.2691719151392942
kitchen__272.png,0.7725716906880034,0.7424017898001894,0.20886494075350573,0.21148853483329033,0.24166934708961074
kitchen__273.png,0.8071322468724988,0.7243018988751344,0.2650627585777267,0.23943135950467762,0.21425364245559894
kitchen__274.png,0.7404439968302399,0.6353480041200121,0.33852145436660036,0.30528268403748443,0.25194287931159637
kitchen__275.png,0.8158332743195129,0.7418755921993856,0.24025405301538696,0.20060832474742546,0.22552561551308747
kitchen__276.png,0.7992634590616182,0.6817087232219272,0.3002677244188549,0.2598846369651335,0.22060371894033734
kitchen__277.png,0.7660249112395471,0.7335509748907164,0.25476423245825164,0.2627218345995685,0.19464389640469976
kitchen__278.png,0.742042578913871,0.7117126336426081,0.25365736374879905,0.2801297733668182,0.1918630015159706
kitchen__279.png,0.7229252001897182,0.6856192699299168,0.26783273802964264,0.30818867164487135,0.2435247672273495
kitchen__28.png,0.7826005470978505,0.720790133277616,0.26777675410063373,0.25654312296848636,0.2242308134934959
kitchen__280.png,0.8471815153245509,0.7565800741552535,0.24992518214336726,0.20883830764886394,0.1915815474979297
kitchen__281.png,0.8060394494051114,0.7548912770003776,0.21655282030677103,0.20506942355940078,0.22535612810188824
kitchen__282.png,0.8083282145274491,0.7271259022260944,0.2508273071046377,0.27133763026635305,0.20242234469885811
kitchen__283.png,0.7982972480251456,0.7300876983585605,0.2524711976162168,0.20773186016073295,0.24339708635178103
kitchen__284.png,0.8394222893529074,0.7095028126514429,0.27405337602871066,0.23015696805696947,0.2190025751127055
kitchen__285.png,0.8182036408562695,0.7285213018435007,0.24706698261764606,0.2262223463869614,0.2194288115986223
kitchen__286.png,0.7722976380888606,0.7064826654253978,0.26219190147139304,0.24459948218552957,0.25488711377288564
kitchen__287.png,0.7773883396590348,0.6891492286246207,0.30843229574826647,0.25310098882504883,0.22578834618662036
kitchen__288.png,0.7722089834569131,0.7102691291653733,0.264302837908905,0.2629248009131988,0.2299590985836549
kitchen__289.png,0.7736072508195129,0.7030811996220087,0.29025284383232347,0.2698329929532975,0.22357007857289785
kitchen__29.png,0.688640158959002,0.7127143927265658,0.2419275609725256,0.3046734929892163,0.23152634543418135
kitchen__290.png,0.7959731564128468,0.6937070653739631,0.3001322742113632,0.26011952504721086,0.20924400220302247
kitchen__291.png,0.8044270291257429,0.764531839152031,0.194368287733305,0.20420629716604932,0.23892544897844264
kitchen__292.png,0.8424966151877314,0.7045379108701657,0.2582916653300377,0.2043663445780534,0.2246779546166461
kitchen__293.png,0.7955535434162294,0.7288000469689554,0.26183167216342873,0.24662990665479678,0.22136385551937507
kitchen__294.png,0.7689573226294597,0.7066205736505319,0.25787753113378453,0.24206218694496798,0.2553428071955247
kitchen__295.png,0.7241421109327671,0.6393459761853376,0.33691139936022396,0.2723312533476402,0.27023101785240494
kitchen__296.png,0.7916756787168874,0.7313040630206163,0.2650184967996911,0.26437033452127057,0.19650578684055872
kitchen__297.png,0.7834113563318238,0.7108492822074794,0.24795342328027542,0.23660673505180335,0.28543532028008667
kitchen__298.png,0.7271603148377422,0.7132197403182852,0.24275630065838127,0.2565322590528408,0.26291799426782564
kitchen__299.png,0.786591205881066,0.7200159298576605,0.2543948429146978,0.24162679497922576,0.21969779420778507
kitchen__3.png,0.6954664036839246,0.6779672481307536,0.2566503788522907,0.2690755555989295,0.27637379974179455
kitchen__30.png,0.7446508011800607,0.6913831824072255,0.26822362758803053,0.29853964797352894,0.2217413009591479
kitchen__31.png,0.7544863906596697,0.7248755681604209,0.2331951971188787,0.266310684798397,0.1981502910364292
kitchen__32.png,0.7082858348319797,0.703473398543425,0.26196073969567346,0.31215992059539754,0.21701007044038656
kitchen__33.png,0.7108075576912363,0.7169027469137088,0.22862040695480687,0.2686658264684801,0.24153253018086052
kitchen__34.png,0.8385470875182015,0.713995835664372,0.28554325019138704,0.26092288625305887,0.21384701842731788
kitchen__35.png,0.7618102320349812,0.7002438842641098,0.2742261382421498,0.2813387425863719,0.21651562635563862
kitchen__36.png,0.7771039815326592,0.7141687820835122,0.2637998469439918,0.24129921653307998,0.24863956164383075
kitchen__37.png,0.7719828828964831,0.6706010658708615,0.31972737070336193,0.29679953547930865,0.19913395755256083
kitchen__38.png,0.7134758590034828,0.6685850720165056,0.30494155084318275,0.3297856097563126,0.20975188682697293
kitchen__39.png,0.7160098744618119,0.6844023474747578,0.2730359647632811,0.2957858698927877,0.2363006658516556
kitchen__4.png,0.7885889956916152,0.7518766449308357,0.22712553666913413,0.19667674575422311,0.2607391684915266
kitchen__40.png,0.688604374940601,0.6509944179714098,0.32894623746380214,0.3511997270559796,0.26443793540484756
kitchen__41.png,0.7270003982448227,0.6909114952598596,0.2791318635530287,0.3108756258602878,0.20653348784512218
kitchen__42.png,0.785516671767217,0.6909468632791455,0.28859812510331473,0.285221142580737,0.22802471529959195
kitchen__43.png,0.7554635113667055,0.6970020291000629,0.2861780917758005,0.29577727864008907,0.20612795433706585
kitchen__44.png,0.7896556287865374,0.7129625603323441,0.24825850847518033,0.23609775712198372,0.24089172455946364
kitchen__45.png,0.7327464104896392,0.6874148001960289,0.2559402302882557,0.2876576054336519,0.23919296015943384
kitchen__46.png,0.7957440327289179,0.6975254932226883,0.2765293520550134,0.26177733814481113,0.24924417383637154
kitchen__47.png,0.8059186701770531,0.7383282331510178,0.23648355397019394,0.23176154449403405,0.21777914569398737
kitchen__48.png,0.6792513622780547,0.63195319084724,0.30672994445837526,0.3628312589750725,0.21648933617526814
kitchen__49.png,0.766298082626213,0.6790884638354867,0.26597891084333414,0.254227270823454,0.23113846523355322
kitchen__5.png,0.7476400261356088,0.6841388547287627,0.28089909139040264,0.27684148058806435,0.23678857896608238
kitchen__50.png,0.8180454702841438,0.710420239815259,0.28162877945796827,0.205271606290773,0.23681094328947025
kitchen__51.png,0.7067783028404774,0.704317703872319,0.2591141484703652,0.2989157211832428,0.2544974685629979
kitchen__52.png,0.6205356941743795,0.6766914455182469,0.24499708974092307,0.310603167729767,0.310280289199827
kitchen__53.png,0.704477159064675,0.6741317473702912,0.24005513709078305,0.29752056843401165,0.24259593756096895
kitchen__54.png,0.7696153791036728,0.6523759307536403,0.3231761106238738,0.3256567019175186,0.21128239712901656
kitchen__55.png,0.6963653035955366,0.6586106467613292,0.31700427657343283,0.30625839469219396,0.2594563318326491
kitchen__56.png,0.7790562382051434,0.7241643070007556,0.2711534066282513,0.22766211343574588,0.2574860877450491
kitchen__57.png,0.7428857906986949,0.6897958705602735,0.28100587094060975,0.3000486484787078,0.2426077526395635
kitchen__58.png,0.7524340872237909,0.7120290629426856,0.2681463843104659,0.2838554069564048,0.21999340219538432
kitchen__59.png,0.7318755306950507,0.7152181278440017,0.25411817590127184,0.2636167363812525,0.24254128735330388
kitchen__6.png,0.7203889305742405,0.6926470534405511,0.27785750469216397,0.29528533443351307,0.2765076953466043
kitchen__60.png,0.8024091893337232,0.7215371246390743,0.2435517390125012,0.22046554840398913,0.2399379889356125
kitchen__61.png,0.6568514178686654,0.6873438989417084,0.25944074136163164,0.3265475698184081,0.26754266177409886
kitchen__62.png,0.7464420169054763,0.6748291934041647,0.2748671492852806,0.3015065201953187,0.23662450744669375
kitchen__63.png,0.7478648457879503,0.6910394781708938,0.25892414375422795,0.2650439420225852,0.2296802597018796
kitchen__64.png,0.7294499756653634,0.6785085653693368,0.2838675109369192,0.24827501228262167,0.2716489047422811
kitchen__65.png,0.7506882511118956,0.6850411944619661,0.2962778498257765,0.27126525933389756,0.25094777046663724
kitchen__66.png,0.7858821931410075,0.6898323922683696,0.2762639106529839,0.24667434525142376,0.22511367661526807
kitchen__67.png,0.743685250720603,0.6577681153658778,0.3095200276977606,0.3246260200327201,0.22615330010388712
kitchen__68.png,0.7121720915935519,0.6551705582286113,0.3198457842579001,0.31927025068131853,0.23169178728670786
kitchen__69.png,0.8075677830700692,0.7058275509453245,0.2835728901343128,0.2543501520754677,0.23904511074831497
kitchen__7.png,0.6067668302051066,0.610735967934633,0.302471476169018,0.41364565714161,0.23053800862756318
kitchen__70.png,0.7130279777552945,0.71399552678417,0.2637033779501235,0.30048964160519065,0.23314509682617093
kitchen__71.png,0.7453569188184449,0.6896065613819604,0.28155246391304883,0.29491524429336485,0.23602349627386565
kitchen__72.png,0.8219814938080793,0.7304913707353361,0.24966098234916648,0.23974510436261737,0.1933693365626576
kitchen__73.png,0.820783618354438,0.7569177954758485,0.21930855187536238,0.20241683217864517,0.22004978362208294
kitchen__74.png,0.7462562745116388,0.7292013003866522,0.2539675110981419,0.2700533898470734,0.24491663174323539
kitchen__75.png,0.8069879865877719,0.7413299496255755,0.2366431964104543,0.2312145407095703,0.20532843025951775
kitchen__76.png,0.7285434322913494,0.684265000100668,0.281764429921601,0.2987234426802053,0.20567070166611023
kitchen__77.png,0.7592063874245546,0.6900614956380718,0.25740377583652285,0.22644978932035778,0.23037446360989006
kitchen__78.png,0.7468921030375604,0.7123766290000492,0.22437386754937413,0.2716173050832121,0.24573217245773885
kitchen__79.png,0.7315572523636019,0.7091814817723056,0.26831983631009027,0.27180615186411655,0.2488739045807247
kitchen__8.png,0.7386109490387422,0.735419075119894,0.22360895306076323,0.24181028040139968,0.22490597732994522
kitchen__80.png,0.849213405427783,0.7566182950207965,0.21973250711689976,0.1790753559465628,0.2102438669812715
kitchen__81.png,0.7618145196159484,0.6935302255015249,0.2840049054815398,0.2929085335054345,0.23244218549656306
kitchen__82.png,0.7877785667313771,0.7288943125610077,0.25041893264394915,0.23768226823798053,0.2212442413356326
kitchen__83.png,0.7966569090235809,0.6589362636717285,0.33874276866173036,0.2770086499349374,0.2234135840455525
kitchen__84.png,0.7660527452630338,0.6891782431717282,0.28228058290926544,0.271120740821039,0.219240533130916
kitchen__85.png,0.7815820345888729,0.6557985091098335,0.3185634560060038,0.25798020560431534,0.24026910284180858
kitchen__86.png,0.7877463560008136,0.7293232571293001,0.2448116023424609,0.22868468184449003,0.21258195288649964
kitchen__87.png,0.7714469725316986,0.6883877290093906,0.27768963822883247,0.25281999990390974,0.24485289871602736
kitchen__88.png,0.8032561902259786,0.7255595067652669,0.2674331018987369,0.22368420306984557,0.22885375451122997
kitchen__89.png,0.8153866786096902,0.7612667040025541,0.21149994210793446,0.21664393907954668,0.21381315289676192
kitchen__9.png,0.8059411942315204,0.7400920456933365,0.23416167844196414,0.2374577011392269,0.21181859602661937
kitchen__90.png,0.7712822728738957,0.7417619613521855,0.24229985761306572,0.23545162834883054,0.2129273918475035
kitchen__91.png,0.726740446453903,0.6836232613428534,0.2656079479487247,0.3184685700695256,0.24142179767693694
kitchen__92.png,0.7085324590589541,0.6614808928875515,0.27837918127569683,0.2816909566933561,0.25101015302656327
kitchen__93.png,0.7886365911116326,0.7439015229520147,0.24288593646411125,0.21587718827167904,0.23019958767503088
kitchen__94.png,0.8231734101073482,0.7452195097503559,0.24649736494457256,0.23527927339099622,0.19784088044458903
kitchen__95.png,0.7690902623960167,0.76181855862653,0.21138770167384086,0.2107221643050444,0.26191672996467547
kitchen__96.png,0.8322095238902473,0.744110292802962,0.26413369535168185,0.24167354627213045,0.2031421413352978
kitchen__97.png,0.7545790443592,0.6929740942375029,0.27990152436754584,0.2556269886200436,0.2753244391103251
kitchen__98.png,0.8020244831879011,0.684380613111279,0.3204583130960068,0.2636388864940082,0.25756826999090976
kitchen__99.png,0.760773109748244,0.6851119804681122,0.289448359131659,0.278061653714026,0.2668725692783151
living room__0.png,0.6945111102181732,0.6776151752806242,0.2783707042259626,0.3253880173490933,0.2605882823495015
living room__1.png,0.7638529054102052,0.7416089131154967,0.22985009513572072,0.22384618760709085,0.25320752886315995
living room__10.png,0.7752177774567072,0.7274877555943289,0.25389432572757925,0.23469591088417951,0.27347172090099786
living room__100.png,0.7689951471097389,0.6902571972164199,0.27296447497653636,0.22699346126183273,0.2598270468431806
living room__101.png,0.7057278188692895,0.6625817755857994,0.26814347070412525,0.3093887565848362,0.2678793396111655
living room__102.png,0.824544611034086,0.7110968739911893,0.26558647354389714,0.20594743354803546,0.2284430722047881
living room__103.png,0.7943233249214857,0.6758102632578215,0.2752811290133027,0.23347478609350167,0.24518828046738741
living room__104.png,0.7328311154115703,0.6707955329893109,0.25806059371241896,0.2768007019241395,0.27003415211137277
living room__105.png,0.7268947310776416,0.7463010082165933,0.20701753508368426,0.25061343283746335,0.24515346066236524
living room__106.png,0.6522892478364958,0.6439408022250744,0.2759668458186652,0.37048329793634327,0.2409479183408512
living room__107.png,0.715668516448153,0.6751814496461124,0.2775699894504563,0.3027231357971227,0.2756949074471012
living room__108.png,0.7829489680084303,0.7210282650330552,0.2561977162148974,0.2456890924256343,0.22287852455474388
living room__109.png,0.7068308642830096,0.7063411777638919,0.2637669421987998,0.32022061899726056,0.22201031854769854
living room__11.png,0.7917847805934268,0.6989276372023944,0.2724606331526153,0.24157816328867113,0.22701368547263764
living room__110.png,0.7577599884441184,0.6403477515772835,0.3249145830411043,0.29208752018135625,0.23366435239128316
living room__111.png,0.6748600771964481,0.6342359658774556,0.2949402410044611,0.3435587784398254,0.26719662798722976
living room__112.png,0.7476668987786128,0.6822684523099424,0.28585665144314665,0.25736563458027084,0.26207423296331545
living room__113.png,0.6698890622273391,0.6719173469813985,0.23833514114407897,0.3264502668677517,0.283492086863707
living room__114.png,0.7826503414842819,0.6995049097470317,0.26780090417062247,0.24872111250739923,0.22679341269448602
living room__115.png,0.7518026909829371,0.7169887865249234,0.23235606644333018,0.2703866847869745,0.2358149539306408
living room__116.png,0.663443496324037,0.6901635170193373,0.20948560730232998,0.32861841634899586,0.2761717556072522
living room__117.png,0.7206229459230877,0.7338126228474894,0.23197923027099937,0.2771645991671676,0.2469776075952001
living room__118.png,0.7671707716909383,0.6936569416047011,0.2769879255815172,0.2381443298764588,0.2386221965349018
living room__119.png,0.6991549879831714,0.6756628063464165,0.2611815610569471,0.29149328245635403,0.25165502481588153
living room__12.png,0.7613565761029616,0.6992216429748708,0.2777349497337575,0.27174352096250165,0.25689928287396857
living room__120.png,0.7918044832489244,0.7751335177065009,0.1871482960326171,0.20288327010676066,0.24649093306199757
living room__121.png,0.7785793973068391,0.7208995153376356,0.26497080714363946,0.264625569212597,0.26659974145580084
living room__122.png,0.7626148668156915,0.7118021568917867,0.24265820153281095,0.2696305435679463,0.24461831193100284
living room__123.png,0.7599972526262938,0.7199875150750323,0.2428078320017869,0.2676399776859595,0.24377607372721233
living room__124.png,0.7678536679763668,0.7234543668125057,0.2497317235907317,0.2545091234931045,0.2827926902621855
living room__125.png,0.7698772746517271,0.7373836751543076,0.21650396802397986,0.20127054190577148,0.30252384379133346
living room__126.png,0.7128327767456902,0.696761470556115,0.2376470062836596,0.26690390734422614,0.2671040301796926
living room__127.png,0.7962769338204136,0.6993726445476403,0.2701850523147059,0.24847824165741303,0.23097970257663447
living room__128.png,0.778999848824567,0.7314197043525549,0.23957940470076908,0.2346483256293429,0.26227025017282257
living room__129.png,0.7505990722356688,0.7186412686276904,0.24346432388357628,0.2685774152755842,0.2624332779280594
living room__13.png,0.764349881800447,0.6970061989035379,0.2655974976298889,0.26128827345992495,0.26107849201617295
living room__130.png,0.7782563820977516,0.7342706917084305,0.2446690940165851,0.26481975679521697,0.2501760343386838
living room__131.png,0.7340749663609226,0.7364500461880955,0.23151360137349017,0.2659606185451565,0.25373836897949503
living room__132.png,0.7265495932618514,0.6889320824952304,0.26529653229001526,0.28359833846180066,0.26458539743554177
living room__133.png,0.8125961892745727,0.7422836632058532,0.22702409342410926,0.22168499959382132,0.21835732820296197
living room__134.png,0.7454718657820653,0.7202113370974602,0.25966382955924505,0.27452269946482666,0.2459390443982974
living room__135.png,0.8257082884436984,0.7657518520174191,0.23474612972809303,0.1800726375358995,0.23402267332163668
living room__136.png,0.7669629029183375,0.7234822497871708,0.24632938259429263,0.22694152760425784,0.2642405596261624
living room__137.png,0.7803089865814921,0.7333003778757462,0.23042987457506137,0.236511875871648,0.23939386872793528
living room__138.png,0.7845153824253878,0.7411448671440688,0.2298863617887636,0.23670668241414144,0.247043548274631
living room__139.png,0.7633642319854159,0.7773094428578851,0.19953195295705028,0.20402488884242198,0.2587903882945409
living room__14.png,0.7448033424059629,0.678127864558892,0.2547139667997849,0.2252400195566026,0.2494772106822088
living room__140.png,0.7903103352527382,0.6473203247063606,0.29826304865229486,0.27000055755368196,0.23526006011385941
living room__141.png,0.7885394901226911,0.6975897569389292,0.2796868252516149,0.2547364850210437,0.24947295061605793
living room__142.png,0.7052968595460357,0.6747011717056423,0.28451064685331223,0.3118388403758954,0.29220836888422114
living room__143.png,0.8030886954878332,0.7068961388825232,0.24755608577852062,0.23219673209464323,0.2231368838199709
living room__144.png,0.7850126186146565,0.736143085275604,0.23232211584110835,0.22346325941658562,0.2553141730911337
living room__145.png,0.7803556772937276,0.6683662699451592,0.27374459453127786,0.2557840432328431,0.27681372281737276
living room__146.png,0.6652033273634376,0.7291236125176049,0.21658129749297864,0.30392015046062726,0.23774247267616605
living room__147.png,0.7105001758247858,0.641744397106345,0.29063022473814254,0.32161961617650353,0.2663070468775494
living room__148.png,0.7950632201647837,0.7182015249157432,0.2535771431532339,0.2308056890047379,0.24001905992770234
living room__149.png,0.7417803535080895,0.7105911113711981,0.2400051822632425,0.24671702138725035,0.2705861267765006
living room__15.png,0.7368503630105387,0.7773377205155942,0.19691880186154034,0.2665794016247034,0.2424617105102282
living room__150.png,0.7790111414833127,0.7071565020270791,0.2370795142317388,0.2546049876436831,0.25419125592755865
living room__151.png,0.7183235246122687,0.680978291708076,0.27565323020748494,0.2959164524376844,0.3001577074976218
living room__152.png,0.781026554128184,0.7472927660425825,0.2144289892831063,0.2339981245728103,0.24018439340244077
living room__153.png,0.737328204792733,0.6715558319404084,0.26462324097706835,0.239543104922998,0.28794192639819244
living room__154.png,0.7653832054714279,0.724042666274399,0.2537885230797113,0.26408906703395035,0.24623410474283425
living room__155.png,0.6855235308739969,0.6775006128761121,0.26118414925803385,0.2922209267137691,0.31956629280910565
living room__156.png,0.7993801630550865,0.7217582216303748,0.2792306509356799,0.25824321477921003,0.22650064501695177
living room__157.png,0.7387730019430295,0.7104060718253294,0.25216831818911734,0.24772521707984255,0.22913570507962136
living room__158.png,0.7323825825697623,0.7348516837610356,0.2332369493981555,0.24076502911217335,0.28510708211486757
living room__159.png,0.7692237736821275,0.6720662076106269,0.2816949177136921,0.26907737491874917,0.24886202449825326
living room__16.png,0.7861448839352959,0.7871741694681291,0.18898007771986775,0.22023262909709687,0.2528510593481661
living room__160.png,0.704541490860711,0.6339368075904354,0.28479405700002913,0.32200838978554497,0.2520308413270949
living room__161.png,0.7836411709004606,0.7085631921168056,0.2735307050431147,0.23130085966384145,0.25066868158190597
living room__162.png,0.7588934773674217,0.6726387885625883,0.28604661589937397,0.26906779604060016,0.2768374052356426
living room__163.png,0.7829644598786218,0.7290906952568739,0.23073844898913873,0.24280923831034348,0.23726093941447263
living room__164.png,0.7768239393406015,0.7032611981357345,0.2513838352705477,0.25624318526524476,0.25637530663489494
living room__165.png,0.7479157762785267,0.6807463940169088,0.25972935487994886,0.27185045109113265,0.27075278907132927
living room__166.png,0.7430598845733669,0.7003943155623872,0.2626097844932915,0.2942298062458425,0.24715111416561455
living room__167.png,0.7488627948723712,0.6596164349780413,0.28890993115900615,0.3016378883877216,0.2112281451171614
living room__168.png,0.7667842382759591,0.7856441393653751,0.19576332548140368,0.21204169771475115,0.28849675800868946
living room__169.png,0.8448411514297216,0.7368646120497245,0.2608465800695781,0.2152591161428771,0.2157535365977154
living room__17.png,0.8071951714908242,0.7236741487154017,0.2642001591011808,0.22091720534927908,0.25203648197589956
living room__170.png,0.7869782192228207,0.7416098514422846,0.2203348987960922,0.239381258012101,0.25480328657804757
living room__171.png,0.75136125441625,0.7316275282627647,0.25366482585841565,0.252935576126835,0.29896434367116137
living room__172.png,0.7495618031771998,0.7247405361593056,0.22788702467341285,0.2275101552645449,0.29173828138592545
living room__173.png,0.7596312073462057,0.6986793637795964,0.2603815025417694,0.24945650744230097,0.23436704830329766
living room__174.png,0.7349907663196076,0.7271924642509097,0.2222762631866201,0.2218392680787383,0.28763670763067944
living room__175.png,0.8082163984058148,0.7545253926179752,0.24224655066605472,0.20612727083837643,0.2757698236870289
living room__176.png,0.7606458980133574,0.7288841268197794,0.23789882344722263,0.2375136920213741,0.2433254759748151
living room__177.png,0.7711953165481402,0.6878899948162012,0.26468563821980745,0.2582541388835501,0.2495898773521662
living room__178.png,0.7809055074237299,0.7735042268289951,0.22121902384027015,0.20548496617191722,0.25884430601767466
living room__179.png,0.7803630130050379,0.7462581310990043,0.2324367731928757,0.24114988807471302,0.24468374759653036
living room__18.png,0.7706162955113561,0.717453175608678,0.263346094325273,0.24051554307397946,0.30136110415266015
living room__180.png,0.7837697241564282,0.7296708119354172,0.2536625020116339,0.26049705687194796,0.2272243627309311
living room__181.png,0.8128615934458475,0.7527700810130088,0.22319804734475593,0.21113100856128128,0.2349450911195243
living room__182.png,0.7426316585292951,0.6851739901314466,0.2678472984839332,0.2726459598054573,0.27040436737270085
living room__183.png,0.7702010915223738,0.660493212900322,0.31140046222734885,0.30282032786198976,0.2272600226614585
living room__184.png,0.7717000633965518,0.6992685280587587,0.2419043964868572,0.25116979766413056,0.23803734864706053
living room__185.png,0.7521755044228415,0.7229936677015644,0.24055624126635825,0.2606608770513073,0.24464982866435062
living room__186.png,0.8087574957696988,0.7186939133187056,0.2924614756213154,0.26322365158296285,0.24542958426194603
living room__187.png,0.791745221498018,0.7030609120007144,0.24032949882129137,0.23403350060627665,0.23089859147229616
living room__188.png,0.7372426127246712,0.7283088502987959,0.22618536917553062,0.2596297183115109,0.2589640119992102
living room__189.png,0.7932548673815419,0.754305662501086,0.22169383658121364,0.22064768610085017,0.22982695085466814
living room__19.png,0.7142501410416406,0.6913827101626123,0.2865885039811421,0.30648488416094705,0.2586815626104488
living room__190.png,0.788329352317704,0.7704702769931381,0.21293760590939914,0.19595167677459324,0.25440101897857254
living room__191.png,0.8008456401922118,0.6715581555264637,0.2889015548839725,0.2629849057577296,0.22880554300230085
living room__192.png,0.8294818221704083,0.7897784935000808,0.20797949833660642,0.18133984243394877,0.20536665106215649
living room__193.png,0.8173121156004295,0.7298088523637095,0.24645592760647325,0.22295097990063864,0.22935257667888134
living room__194.png,0.769456213560245,0.673487098391957,0.28817722934077206,0.26384692055282255,0.2569870617761407
living room__195.png,0.8042426153291684,0.7235668774665102,0.23749570089971045,0.22257007238138896,0.23053765845063007
living room__196.png,0.7790123478414626,0.744633999845367,0.2174694765704889,0.20069651741221317,0.2882700641370156
living room__197.png,0.7814688739595613,0.7718315208265146,0.19966187877633457,0.21167113789620337,0.25464088182237615
living room__198.png,0.7925309482014463,0.7321970545637418,0.23365216623583296,0.23211513515406992,0.2497535262536223
living room__199.png,0.7930357232779207,0.6956833402375692,0.2798392525208717,0.25790044978323506,0.21685950553023278
living room__2.png,0.7765786646787839,0.7304174331012917,0.24563013929432445,0.23330577208010495,0.2672213202527574
living room__20.png,0.7159001482007598,0.7126271827925023,0.24966585761631696,0.29795962282235056,0.26048979273382894
living room__200.png,0.812210839829732,0.7606372891050376,0.21097053784884087,0.20480862627242913,0.2620314597583418
living room__201.png,0.6666281367607058,0.7551054249620247,0.20547179100947002,0.2698670227122996,0.34201128229446826
living room__202.png,0.8208002309269502,0.7549761210384035,0.20469559389544012,0.19107910633384687,0.23743266439268446
living room__203.png,0.7433366459406119,0.6804725210601313,0.28836789780579186,0.31412247886697037,0.21984996841884397
living room__204.png,0.7805694086983177,0.6897176678106319,0.286082669779893,0.2626601045199993,0.2599302820850049
living room__205.png,0.7139146760954594,0.6534579406786255,0.2969068883255984,0.30006518670582777,0.24270011110544307
living room__206.png,0.7897616597101723,0.7522934761499636,0.20321582137632355,0.22333292370756036,0.219919628719508
living room__207.png,0.7732607243523372,0.7247790449600775,0.23074074074531342,0.2524560156555177,0.22375109609086208
living room__208.png,0.790986234003546,0.620770382166405,0.3353890981042429,0.27733587380351377,0.2428608702046384
living room__209.png,0.8075835496007955,0.7191490446616827,0.22035585814831632,0.22735969844934598,0.21632767473734102
living room__21.png,0.771738495441475,0.7275389078913506,0.21907262890400878,0.2604615747472946,0.23877991148286884
living room__210.png,0.768658532394294,0.7089262857222806,0.2352948767464756,0.2582522118670164,0.2449628905148263
living room__211.png,0.7672845385171306,0.6872553139658373,0.25970721038133654,0.2554816100840595,0.23770938263850327
living room__212.png,0.7844124207481726,0.7702900428635526,0.20480455389666757,0.2651239411893865,0.22699433773325278
living room__213.png,0.779811135841103,0.7333768657424443,0.23564917717272957,0.23722457915702794,0.24167804917031183
living room__214.png,0.6972530566856132,0.716150221312471,0.23770757885124622,0.31062894730527735,0.25940865533460433
living room__215.png,0.7999033461731778,0.7368081852684837,0.20877663206178174,0.1994277542543214,0.26003339148414134
living room__216.png,0.7466706404523406,0.6980173023539648,0.27238303012363774,0.30816934037677424,0.24490850219081153
living room__217.png,0.8176145644992248,0.7927991547823974,0.2101955902198698,0.18310304856992413,0.26837819179810113
living room__218.png,0.7400472225087342,0.6859912529742395,0.2596577005363373,0.24006922298476227,0.29790493891909686
living room__219.png,0.8047828958372801,0.7327040980733813,0.24885499970148545,0.22294179232324665,0.2679192301315704
living room__22.png,0.8183507607651381,0.7477624921442212,0.2213608305852037,0.21908406934447108,0.24153062023117883
living room__220.png,0.8056549502524502,0.6968514184090238,0.2847019656748935,0.24877987584290318,0.26675450625772246
living room__221.png,0.8134294258264543,0.7141787020635226,0.25868403545666674,0.23698174463003163,0.2070668947595843
living room__222.png,0.8506823971586918,0.7745581184102504,0.2036799978213684,0.19005035251476673,0.24055740600772413
living room__223.png,0.8169488360363583,0.7804674147635201,0.20177047577265284,0.186815833078001,0.23491474715422395
living room__224.png,0.7670657283928527,0.7050013224833285,0.2445362773295955,0.2515808342856072,0.250433970980489
living room__225.png,0.7886007467689913,0.6690699833153044,0.2918210533482543,0.2607846394357095,0.2114964985603886
living room__226.png,0.745233952280007,0.6824353798315235,0.24126825002325242,0.29713815164175666,0.21558364357225948
living room__227.png,0.7401928911887227,0.7136778047897311,0.21597759376238823,0.2556415197354624,0.26979997717380655
living room__228.png,0.7290783486084786,0.7125136179211159,0.22481900543631317,0.2838780536206934,0.24794993285315503
living room__229.png,0.8145166102708221,0.6884389153688186,0.2732473343964293,0.2494204732767127,0.24005263302107624
living room__23.png,0.7458101841632646,0.7339033322528773,0.19742793174896187,0.20365454622660936,0.3172770348836888
living room__230.png,0.7878020844448665,0.7390950335948312,0.2510039750364194,0.24721856441726323,0.2420619325751464
living room__231.png,0.7785337321085213,0.7143118236260064,0.2613305358677641,0.23630214214349468,0.26444860698018524
living room__232.png,0.7631098258918182,0.7110760132154964,0.24238182403977737,0.2777296744299312,0.22276420463047775
living room__233.png,0.7967624459092607,0.7291166577004725,0.230130005066711,0.24899380427413265,0.24147768122324234
living room__234.png,0.7743631324838011,0.7219204728690749,0.24128135724026567,0.23571868186545228,0.2541271857185982
living room__235.png,0.7845997317739972,0.7031951753703509,0.2691500932856897,0.2571837916930355,0.25222233945703737
living room__236.png,0.7585555794880351,0.7370054556277149,0.25219966915808056,0.26588163193667164,0.268143463743965
living room__237.png,0.7225357206538684,0.7126108581161752,0.2491221208247527,0.24514907935446673,0.28806817510868676
living room__238.png,0.8338432733833944,0.722294884552938,0.25934431697743193,0.21018684946698002,0.23848210488043087
living room__239.png,0.7648414315795319,0.7166486774323662,0.2452175594794814,0.24821339785464577,0.2797791968446293
living room__24.png,0.8105847196566384,0.6919463078153589,0.28585090438296007,0.2461178983440375,0.26806344435655843
living room__240.png,0.7858306840101451,0.6881943157037003,0.2838558894003747,0.2498651289047375,0.2465349096121068
living room__241.png,0.7028696612415415,0.7618283777686402,0.19457395236943692,0.24639741246460256,0.2455074960674282
living room__242.png,0.729588721268259,0.7152687554771818,0.25073684845493616,0.2636548007422327,0.28132846685155805
living room__243.png,0.7883061946965313,0.720175346485626,0.22581950993275926,0.22676411607581612,0.24651886359565375
living room__244.png,0.8159544306105143,0.7048058718529163,0.27303529224041895,0.23093266439102175,0.2681306430970677
living room__245.png,0.7381579188750439,0.6935813657632042,0.24602689939608996,0.2781516480480022,0.268558699839056
living room__246.png,0.7962760958410856,0.7544656259729057,0.20731141830123176,0.2321742837972807,0.23052019620192907
living room__247.png,0.8323482556293801,0.71964515224839,0.26879743278886586,0.20924653537960422,0.24780870080018458
living room__248.png,0.7977188410778956,0.7262089659708295,0.22682833508055567,0.24328738677523062,0.23917314961188618
living room__249.png,0.7544433923148386,0.6750147604517144,0.2925315753626678,0.23958599268922062,0.2846787441397675
living room__25.png,0.780249725032126,0.753438949913095,0.219465926353203,0.22048304157683005,0.2618654072746657
living room__250.png,0.7184017649669174,0.7220581177908582,0.20504187245094627,0.26944303320471924,0.25086523274375305
living room__251.png,0.8453594349494103,0.7406082083510165,0.23322938418728553,0.1939615698195722,0.2278815311506292
living room__252.png,0.7181417938910951,0.6719161607312452,0.2862181564599771,0.2921727070475527,0.2902118228700919
living room__253.png,0.7468131838581784,0.7255234239886115,0.2252308794339209,0.2887451516110207,0.23140714722284092
living room__254.png,0.7389413659821147,0.6889254936605941,0.25717914214726467,0.28607644887902217,0.2069870133718163
living room__255.png,0.7592256608688488,0.646526074749658,0.29651499346836624,0.3082714043077519,0.26629525975833795
living room__256.png,0.6945666806859364,0.7136387395570535,0.22656793266768738,0.274457908461329,0.29746599580664984
living room__257.png,0.7212421946415309,0.7067948759375303,0.26156282965928207,0.27549636589549154,0.26300670186068825
living room__258.png,0.7431995767915113,0.6943694471859204,0.2749202474339223,0.24694476503304938,0.2523657329060386
living room__259.png,0.8038814460645701,0.7415532347238316,0.23346523028689248,0.22246109090430527,0.23691166718881487
living room__26.png,0.7849219300821734,0.7339915749285812,0.24210024303048608,0.24726690045884303,0.2547908580895957
living room__260.png,0.7420416495678442,0.6868845461878657,0.27897546292217124,0.26666636530366017,0.2571021286444329
living room__261.png,0.7546007419585431,0.7068889453871479,0.2730489691009837,0.29320183175450265,0.21181661917505423
living room__262.png,0.8068941759696286,0.6933801644580835,0.30098094435718914,0.2413339849106377,0.23627358337653676
living room__263.png,0.732738333030963,0.7020608318021566,0.26945353905197206,0.2943105052305479,0.23882697005269618
living room__264.png,0.7825249918416318,0.7121634206092056,0.2718568880506203,0.2823788670297435,0.24321348783862884
living room__265.png,0.7645585814190584,0.7175838256428023,0.25900059748368104,0.2604010016964533,0.2375262177720683
living room__266.png,0.7879345618278544,0.7648791444036208,0.2133199700966227,0.23653312720812633,0.21415065508305722
living room__267.png,0.7673783657368137,0.6964189004543998,0.26947059206534996,0.2987459542466836,0.24944510519828275
living room__268.png,0.816800724199353,0.7856228090057116,0.18633633575389966,0.18173567589597225,0.2524906919833289
living room__269.png,0.8014412016253049,0.6869553400176429,0.2913300970989727,0.2547417765761283,0.22550196328533298
living room__27.png,0.7316019586922438,0.6834359870356629,0.24289585416345258,0.27755300586082876,0.251475024403349
living room__270.png,0.8272383945544476,0.7703847807794579,0.21045562837006915,0.18886546281899255,0.2203663285839463
living room__271.png,0.8244870505107891,0.7248543464375136,0.25009277426383775,0.21092966033554655,0.21698041521622302
living room__272.png,0.8182569447374073,0.7628358905017754,0.22816821317140623,0.21146602659414715,0.23994057930558532
living room__273.png,0.7721005122932315,0.6851406205386191,0.2734900480424814,0.2559663271849569,0.27255993056126987
living room__274.png,0.7331497326057013,0.6946510151845542,0.2381413927955008,0.29076200035030136,0.2408716271850939
living room__275.png,0.7716618160652146,0.689358960256152,0.31132134114756005,0.26845037235884806,0.25386323287709844
living room__276.png,0.6584520349874425,0.6532045346774881,0.2895578681701942,0.27752980472783706,0.37505678014720284
living room__277.png,0.7930824633690041,0.7456133952744222,0.23607531097228834,0.2339699965898281,0.24695994668507343
living room__278.png,0.7012465379624782,0.6663270735112531,0.3048191128843142,0.28220786191790775,0.2765350668854693
living room__279.png,0.7802602058775606,0.7029739686965945,0.2624189338615618,0.2819828486993954,0.22774084451820129
living room__28.png,0.822148725321794,0.7213184466322878,0.2454635207307044,0.19628023936445044,0.22983031389635558
living room__280.png,0.7483081425024511,0.7001294137250711,0.2619694810129721,0.26997970093251183,0.2420797034870962
living room__281.png,0.8020200540908211,0.7505376174445876,0.20672942129929253,0.21705242569145788,0.2411033297537753
living room__282.png,0.7085084446977893,0.7085078361003689,0.24646428967735026,0.26904881521819896,0.2823129664527478
living room__283.png,0.7201313675140152,0.7021068686637473,0.2558733130741226,0.3009779565835524,0.23088014296924303
living room__284.png,0.7512805378409819,0.7401024876595206,0.21815811692148357,0.23517749213799996,0.2574517890145903
living room__285.png,0.7880500807823158,0.723709258188161,0.2574972916079558,0.2481662754008775,0.22629453603860747
living room__286.png,0.7124852921570208,0.6569225792691237,0.29714394360511914,0.2331253005167023,0.3297443411940028
living room__287.png,0.8319051153898578,0.759946105559806,0.2068036638890494,0.19371851963858466,0.20461764621772158
living room__288.png,0.7992038023952364,0.7393708695968104,0.21066873237147837,0.2169210591498329,0.23974140813344316
living room__289.png,0.7434666602925101,0.7322605147041468,0.23038447875751794,0.24248307978831915,0.27058226302628074
living room__29.png,0.8014982350364549,0.7022185209917288,0.25776184525115886,0.25496910742356643,0.23061948456550188
living room__290.png,0.6596666482719492,0.7477256514378761,0.2122879143324255,0.2750788215931239,0.3064033203967351
living room__291.png,0.7145145905793261,0.7221889441721608,0.21825706840906423,0.2788620390344647,0.2740550639207282
living room__292.png,0.7213656402682914,0.6505759476344521,0.26777286508961917,0.2930064136278975,0.24586198671663934
living room__293.png,0.822958550576594,0.7641238041406898,0.23753872114980754,0.21826022189475627,0.23289197007087784
living room__294.png,0.7828027511212677,0.71905992389974,0.2524729763234509,0.23631148279485656,0.26002485209450393
living room__295.png,0.7599999772601779,0.7022766310997249,0.24814784221552968,0.2677240361369452,0.24170752727503186
living room__296.png,0.7402709748091751,0.6882092536217465,0.27623800136685434,0.28953756457064717,0.24546435673551634
living room__297.png,0.7716962271730058,0.733582813137563,0.22851067572023295,0.21677518134446336,0.2925746917376412
living room__298.png,0.7853450128836038,0.6919754856853074,0.28046752639793454,0.2400816242668296,0.26865895186533567
living room__299.png,0.773267279109626,0.6871539437793229,0.28461332669452755,0.28324406568927024,0.23648654744950015
living room__3.png,0.7967037714194045,0.7566154076479709,0.22656481954059027,0.22440390825210088,0.25049877482045296
living room__30.png,0.8208792933201374,0.7220906004769286,0.2598119607868628,0.21847152498493,0.23062374081698492
living room__31.png,0.7779917875396614,0.6572985767059485,0.3368201985372396,0.2478502992392721,0.24500764717521809
living room__32.png,0.7111960690439517,0.701024156926315,0.2667104867453409,0.26958532762053666,0.2804957166457975
living room__33.png,0.7065908289186449,0.6466608027946342,0.3281621902325485,0.3126253001438815,0.2813676838489325
living room__34.png,0.7569821814364612,0.6986564392264772,0.27556844603002434,0.27998816055764686,0.235350607018458
living room__35.png,0.7728430831909415,0.661130428409062,0.30401794678250876,0.2997916564215232,0.24293498526355584
living room__36.png,0.6836975525220967,0.6992044876213134,0.2702047619005471,0.31998870469772417,0.3041877350205843
living room__37.png,0.7643437899637741,0.6699829799500735,0.3137911777439155,0.2540006649426979,0.28012828021395286
living room__38.png,0.8276688758408319,0.702665470541112,0.2698615224464843,0.21871260595935121,0.22130388978367604
living room__39.png,0.8008531492001605,0.7405813534320582,0.24074776698078484,0.22165286075702076,0.23683572989753318
living room__4.png,0.7953247039653668,0.7284073794886506,0.23276043258574966,0.24409097956991382,0.22369018298618504
living room__40.png,0.8031595800329538,0.7636160185745807,0.20660482882641887,0.21743945646486842,0.23574560541453538
living room__41.png,0.7570190375923614,0.6848959811927972,0.28894584360180503,0.31983914304461514,0.23149651344012806
living room__42.png,0.800128471650631,0.7323636621223364,0.26848399063566475,0.26358552479505376,0.23736007951413873
living room__43.png,0.7873606845008401,0.7131588689053395,0.26552459102776554,0.21765451722360682,0.28022139303998744
living room__44.png,0.750108404541074,0.7184629821032263,0.2386881233564647,0.271423895798608,0.2649046633310384
living room__45.png,0.7950785887991407,0.7281685860000995,0.24653200518959342,0.2500074255028732,0.2325490521021541
living room__46.png,0.8098349787192717,0.6869148220350773,0.27511924843985197,0.2566008789087752,0.21600222612936815
living room__47.png,0.7565395295403866,0.7279063331949776,0.22513254657974474,0.2605219738243334,0.2426075513074939
living room__48.png,0.7712709816486611,0.7557589978327688,0.21899033685265534,0.23816312448805005,0.25864927661640946
living room__49.png,0.8125875271332732,0.7159920510265225,0.2584759531802701,0.2249819940881526,0.2301193722206971
living room__5.png,0.7452372021495387,0.7066252617656245,0.2617693578251016,0.26799745435379296,0.2934116496617698
living room__50.png,0.7377198734637164,0.6760167074267531,0.2444231627896346,0.29337505452738594,0.25200710849398156
living room__51.png,0.8372574950924516,0.7476974819881486,0.21302361894496732,0.19515500499732663,0.2201446669885726
living room__52.png,0.7942602312138815,0.7673715091431537,0.18720162279490746,0.20802338579725904,0.22281425806313745
living room__53.png,0.8002609196473377,0.7859778087824945,0.18313755517034447,0.20937554746825832,0.1949890131738887
living room__54.png,0.7811213679122873,0.7037974657659386,0.2560466602435138,0.2155628726897821,0.261094693172919
living room__55.png,0.7219661585739091,0.7121066457324169,0.22826811544459424,0.2715984736255828,0.2732617378557064
living room__56.png,0.774476660682067,0.7432964506943238,0.22056184633359,0.23356378124750443,0.23127489403701454
living room__57.png,0.7340801543811537,0.7095437332307525,0.257395986554408,0.23727946766025337,0.30742164777047565
living room__58.png,0.8126537537913774,0.7154427487190169,0.26295018530497555,0.24625291762193888,0.20339129174190126
living room__59.png,0.7836507138023094,0.7424433695780255,0.22706181559571365,0.256287672666502,0.24369825295705036
living room__6.png,0.7650757358523644,0.7244818237640983,0.22689686615939583,0.23820673557770405,0.2570024687448718
living room__60.png,0.7607146255363455,0.678222009344162,0.29499596135595463,0.2892291550812316,0.2636445749217782
living room__61.png,0.7042893668414072,0.712038514752662,0.24966962060047626,0.30012197548781283,0.27278211136565106
living room__62.png,0.8046147747264175,0.7110566643279209,0.24706014476744922,0.22758548199159273,0.2586772804121481
living room__63.png,0.7398000616347581,0.6850677479499993,0.28172390593934366,0.2741582223384791,0.26463150524988965
living room__64.png,0.7645958960748318,0.6765269573019325,0.28264035048731845,0.23936607327553402,0.2830057636384677
living room__65.png,0.6984789585074165,0.7064026119571177,0.2411008296605582,0.29185391714588405,0.2772872758239103
living room__66.png,0.7918312144207253,0.6644891114643151,0.3183533452991108,0.2851747832992733,0.2500479204557686
living room__67.png,0.798419937336623,0.7816739621681214,0.19470093476002304,0.20125654193484943,0.238900989710275
living room__68.png,0.7851690957969564,0.71945983330545,0.2570911577142789,0.2578028057341353,0.2366039681612269
living room__69.png,0.6663156392875416,0.7019123261881912,0.2405305955212061,0.2961725259635756,0.27493432445844823
living room__7.png,0.8224868241547801,0.7364486423729948,0.24249465465283798,0.21234391587117063,0.23670216258971422
living room__70.png,0.7829157305399616,0.7615628858550402,0.2101023849171137,0.2316384726718887,0.2432134426433357
living room__71.png,0.7006207342046069,0.6754402974771858,0.26294742858273057,0.30299297024673566,0.286434249545
living room__72.png,0.7467927149356377,0.7305995336731652,0.22543829892934958,0.24560517449698466,0.2917199278117523
living room__73.png,0.8158575304851184,0.7475420762424921,0.23082912311618528,0.20941582200870995,0.239754440093827
living room__74.png,0.8068091104856594,0.7283518119818095,0.2611357918722747,0.2200899590971165,0.2530016031248744
living room__75.png,0.7874516229362721,0.7154615489423581,0.2293544733030514,0.24988004352963356,0.22356855430016492
living room__76.png,0.8117482206535542,0.7448659260182011,0.24681270017663837,0.23016146404142357,0.22211700873927223
living room__77.png,0.7344491032548608,0.7544213080455955,0.2053180064551839,0.23493938142575835,0.27829686952533716
living room__78.png,0.8124982371308297,0.7122513409148811,0.28367544940839484,0.23503316564311377,0.26477883778187616
living room__79.png,0.7470399266161533,0.7474425450254915,0.2085213191574026,0.2229550429927388,0.3191254350817348
living room__8.png,0.7083379188283933,0.6725591444885106,0.26494796325055536,0.3023264854031916,0.24300208591637493
living room__80.png,0.8066110575995648,0.6851768742011314,0.27626270531467145,0.25335647815781537,0.22808394627818038
living room__81.png,0.8003427697252733,0.7426595637589133,0.24179005162067846,0.2536371722948491,0.23377400562786405
living room__82.png,0.772707398752921,0.7226421034175007,0.23674866565032965,0.2642979700349759,0.2654649049034744
living room__83.png,0.7694804048216729,0.7247613870818466,0.2304706315362545,0.23456373221108512,0.24815966659714728
living room__84.png,0.7565928215485046,0.6609818804178099,0.2974921384886033,0.29158721935948617,0.2645547907933752
living room__85.png,0.8174820125795791,0.7100796897056473,0.25005413889292627,0.2601973739567508,0.19632614818527533
living room__86.png,0.7893147488037918,0.7591053345212869,0.20581986321679824,0.23187614229373407,0.23831430331056305
living room__87.png,0.7767716333912236,0.753597172759846,0.20829965727786282,0.2215466146179896,0.24362508410736633
living room__88.png,0.7663761985289353,0.7426105420685085,0.23916798093364813,0.24400560160158366,0.2635270629271907
living room__89.png,0.7302915445642874,0.7072516585314782,0.22345775764216386,0.28509838477898974,0.2546738788639917
living room__9.png,0.7957170524966568,0.7460020216039394,0.22874774152013985,0.23238281822914814,0.2288937006176456
living room__90.png,0.7554939687209903,0.7176071564168024,0.2580975914355427,0.26507192136675456,0.2532442682263644
living room__91.png,0.7728218626555955,0.6825226319362033,0.2771721242795065,0.26464279340253294,0.25063341599709377
living room__92.png,0.7072409370809662,0.7230810548591454,0.23651888148139824,0.31575740192032425,0.24588068465435514
living room__93.png,0.7442769596629084,0.6695521295312217,0.28771614690252917,0.27803301554854176,0.2846765775139153
living room__94.png,0.7286189653866243,0.71093574981775,0.25364586801196254,0.25982647977014545,0.2568701915031984
living room__95.png,0.7895083122336373,0.6977893536141684,0.24672170438770438,0.270733924960673,0.21606550946346914
living room__96.png,0.7112084811348384,0.698254945921093,0.27001691368786496,0.3185911372752473,0.2768009040218818
living room__97.png,0.7978052631164471,0.6965268042005092,0.2626916982134915,0.25212886065195295,0.22581217378338952
living room__98.png,0.7629070782710611,0.7103898088728517,0.2494488730333481,0.26405559871937967,0.26347690289296943
living room__99.png,0.8248493392469892,0.7892685660377387,0.1942635366320817,0.2101608403916965,0.22654990758861215
office__0.png,0.8004996716866187,0.7415301232889657,0.23168450573134974,0.22918624227342463,0.23813020571202967
office__1.png,0.7676751441298267,0.7160175208404107,0.2557489628527104,0.2502553619422548,0.24130600138879216
office__10.png,0.7497506065478993,0.7348465983246337,0.21567397217003847,0.23227609298574453,0.22001832680457137
office__100.png,0.8120640210036077,0.7576137950578532,0.22617964524541312,0.1926112525483285,0.22070826505850677
office__101.png,0.7966045168255995,0.6812653785737928,0.2836194360755549,0.23290495525203042,0.21333610139347967
office__102.png,0.807952980383112,0.7585575717746035,0.21621495390733061,0.19073646571782532,0.23919642838269378
office__103.png,0.765234126639164,0.7577679714209764,0.1920019976409134,0.19692865232747928,0.23571051828762168
office__104.png,0.8474346825322451,0.7212474302929315,0.24283628608660218,0.18845266347363768,0.17527259420409247
office__105.png,0.8549766103821521,0.7797288497778396,0.20641490018641714,0.15416936328150443,0.21926529665992428
office__106.png,0.7344749796967202,0.7153289406174365,0.23781244790659842,0.27017933225492,0.24201818160497482
office__107.png,0.8158608468955908,0.7057952303934145,0.2746537052507088,0.2331136344798848,0.20250271340542092
office__108.png,0.8169889922549589,0.7531770645355665,0.2269238968297349,0.22168418131129733,0.2548755963653749
office__109.png,0.8536707745466964,0.7769502560893046,0.21560146994851456,0.17356831286530539,0.20231983632525893
office__11.png,0.8165366671142451,0.7020527508556027,0.2569635668102765,0.22325327177865914,0.22434254019977715
office__110.png,0.8523749312110827,0.7652467640112894,0.21204302197171754,0.1856355803337634,0.20183562305954553
office__111.png,0.8162677278518753,0.7643276072534666,0.21100027452603462,0.20127957057624773,0.26586478448641715
office__112.png,0.8388891726505132,0.7239891610374317,0.24681469710651074,0.23063272220279268,0.19138106536135352
office__113.png,0.8012721252290529,0.6859936562813674,0.28018422484863087,0.27071586154319494,0.1978391509765506
office__114.png,0.8107385131606861,0.7573808110709307,0.21048866029915209,0.20335020744930324,0.21245781752177248
office__115.png,0.7940326337084218,0.7023511626301437,0.2649305813163928,0.2682547369141267,0.2114653892350278
office__116.png,0.7668091020922371,0.7112833732664331,0.2479405113683117,0.26156669599523563,0.22682852219553698
office__117.png,0.7227577367152354,0.6742509031768554,0.29279460543820496,0.25876609040810566,0.2254612162378114
office__118.png,0.7586614625243756,0.6802630604640013,0.2748017854924121,0.25221441839101494,0.23390297402309504
office__119.png,0.7850088596081214,0.7380063883594911,0.21047583996388608,0.241238369253906,0.223560662833117
office__12.png,0.8043611880984628,0.7170400740858658,0.2513532684703893,0.2321153537160531,0.22296035392472405
office__120.png,0.7165976800584158,0.6361639666809888,0.31232198650787374,0.30238609917602205,0.2553633804336763
office__121.png,0.8255161629863105,0.7010847352246549,0.26392247320620243,0.21282208876886688,0.20454108659713907
office__122.png,0.7197947343286357,0.6890755726971518,0.252851607281882,0.2689355747535634,0.22201206427956036
office__123.png,0.7677910507482502,0.6856676454361982,0.2401278777958467,0.2386689132655288,0.2190373652866582
office__124.png,0.8025717866945971,0.7321667325115553,0.23760687720398052,0.21683106494038928,0.23701035716719707
office__125.png,0.7360715111102193,0.74657436103091,0.1977347736527468,0.22538482228691106,0.28611988660289606
office__126.png,0.8544608127598702,0.7878091793339005,0.2096008368623446,0.17276358908214853,0.20565890977526743
office__127.png,0.861626867304435,0.8019981550329661,0.1947789055370526,0.18172314026511377,0.18922102613735928
office__128.png,0.7475195651558435,0.6924690659631305,0.271364295254193,0.27217115147460197,0.20786414507720555
office__129.png,0.814287684559541,0.7246534156561235,0.2403456626478127,0.23390331209010878,0.21469860599950533
office__13.png,0.8409051573407117,0.6981401311468466,0.265761576902299,0.23234571713433572,0.20597752471737615
office__130.png,0.7942088957436028,0.7112082018940126,0.25993735713861255,0.24760801550579378,0.19953267627230173
office__131.png,0.8036098607480929,0.7423671112749226,0.22651753595179402,0.21009611524739683,0.2516964637528845
office__132.png,0.7433516128649654,0.7194577370099133,0.24246735867234598,0.2636170057590275,0.2397767900267505
office__133.png,0.8002333500773777,0.7490870363505437,0.21593149406142856,0.23283381572018305,0.2338957292991198
office__134.png,0.7832040709055645,0.6632646403742047,0.3105982126055232,0.2784724005472929,0.2132358727141757
office__135.png,0.849077489737676,0.7909282783132269,0.2013561588615409,0.1828213176813177,0.21130680177654482
office__136.png,0.8177508178244025,0.7161005575040491,0.2640579724266315,0.20616449194861727,0.21742127985320517
office__137.png,0.7726060446431596,0.7232752203890237,0.26052549178299234,0.23495553203988473,0.2322277992392058
office__138.png,0.777858056256447,0.7166396332433259,0.2710720367661628,0.2532017315049221,0.2262958403316053
office__139.png,0.8394587014190857,0.7316912888420256,0.23813425510745598,0.22447350815385464,0.188121702331979
office__14.png,0.7835462003468813,0.6846882819416509,0.2745067860735009,0.23840327843651982,0.22318211900562998
office__140.png,0.7901729858709541,0.7766809359070627,0.17934685122941899,0.22050751105829583,0.22437261948014312
office__141.png,0.844802109125339,0.7501003507558304,0.22953443981215269,0.19020498000323083,0.1960511612966368
office__142.png,0.7962336851212106,0.6929931519916357,0.2629615661086217,0.24325448293815896,0.21476526791857734
office__143.png,0.8302764608619106,0.7183864120763084,0.24867943603741832,0.20409195051874307,0.2117580603144903
office__144.png,0.8213241894842956,0.7174519492417396,0.24893390469672366,0.22118456479560408,0.20333897940879175
office__145.png,0.8396715641884952,0.7431067160426202,0.236907857455433,0.18434338337824555,0.21954081206669993
office__146.png,0.8284200674384761,0.7166619565441376,0.26899962884316414,0.23700333296935058,0.17426145855047168
office__147.png,0.791954541117006,0.7112703565571747,0.25065525219783635,0.26738606591551306,0.19509602055511005
office__148.png,0.725253747868701,0.7075180300049405,0.22297755034254454,0.27392732452469304,0.2255352178376774
office__149.png,0.777811496814095,0.744781552838115,0.2078375815154325,0.21480147460038035,0.2688124709612332
office__15.png,0.7562749035203361,0.7112461918079729,0.23450282309628567,0.2360930244974054,0.24626709530553995
office__150.png,0.7708032474509858,0.7388980077075291,0.21571658499319313,0.24903513829693733,0.21977739633030127
office__151.png,0.8135033407198792,0.691653988970787,0.266838517118385,0.23522837995273432,0.21387369198260514
office__152.png,0.7934413373787851,0.7488978473957099,0.2241065190074651,0.2127389515183732,0.24329027887782037
office__153.png,0.8023478967489774,0.7477128198731452,0.23249466058559728,0.23797057549719608,0.23092006362590028
office__154.png,0.7720030973515407,0.7397946479449882,0.22103455627394758,0.25410717498672997,0.22075082100875001
office__155.png,0.8261941964110038,0.7414602635725165,0.2368215671777115,0.2204858531380336,0.2326260067926123
office__156.png,0.7499814732111664,0.7064852708094193,0.25201862851615414,0.2871614957510278,0.22250587773498817
office__157.png,0.731999436891549,0.6704633245709223,0.2787967401982491,0.2746191517528635,0.2255888361557819
office__158.png,0.8186723539726735,0.7329620791466962,0.2414527424507569,0.20299061584908698,0.2773265043982217
office__159.png,0.7596693829901315,0.7239852806149047,0.22593729668375725,0.25137067235570126,0.22298202732868555
office__16.png,0.7401033743191429,0.7396979259092429,0.24232132640600576,0.22916369861994212,0.24565358671119308
office__160.png,0.7738690669655299,0.7253782545281492,0.2501401310953448,0.2625693394623518,0.21188406007633587
office__161.png,0.7503281227032349,0.6529388909974683,0.2876461848848607,0.2490015139432171,0.2496104405786776
office__162.png,0.7495079652341814,0.6755366501966075,0.2785217721987594,0.2502624535920422,0.2799114856982215
office__163.png,0.8284748502697225,0.7620398506246262,0.204128935458825,0.17823382721569145,0.20409404865119912
office__164.png,0.7892416625572648,0.6995340160559071,0.2702917804251495,0.20072408639622633,0.24570385755240717
office__165.png,0.8149949577214898,0.6677698946839254,0.32479531120744776,0.25904960592148524,0.2290217971727195
office__166.png,0.7374140818492402,0.699047241770639,0.2540427293303422,0.2812867283286607,0.22920405995195198
office__167.png,0.7775407534395611,0.736250581760989,0.2244049390821633,0.23145230794318603,0.23937625293837456
office__168.png,0.7853109140188553,0.7543181704460706,0.2456748250712267,0.23720114832186684,0.22235321981539008
office__169.png,0.7969348140739837,0.7463360738279944,0.2097376142916351,0.19318101698193374,0.21907310900729227
office__17.png,0.7967668641483654,0.7373472832364154,0.23810380418732813,0.2333752241213827,0.22085332525472262
office__170.png,0.827311961343354,0.76479767851761,0.2172286174507758,0.18700502318697945,0.2415500227390394
office__171.png,0.7931602359960036,0.7662960823044943,0.207180245410762,0.1990691560726603,0.2590025792210695
office__172.png,0.6795794092594905,0.6609134398668738,0.2863943310988698,0.3338480559617491,0.23842431545399476
office__173.png,0.8148765096746416,0.7299654563916815,0.24972928886293114,0.22944081465523175,0.22669010588056784
office__174.png,0.8034585905572063,0.7206638045205919,0.23134024914008255,0.23368179205227124,0.19575865194886324
office__175.png,0.7695290216375362,0.6898168299090338,0.252519856953095,0.2563786652986259,0.20479537020942135
office__176.png,0.7716329431937561,0.7453213182101659,0.20943593446991465,0.22080043584021258,0.23859767894537073
office__177.png,0.7615718035209122,0.6268227228911672,0.34858250382299166,0.293470618708586,0.24703511995710103
office__178.png,0.7650820610386038,0.6344208330397981,0.32639759102462124,0.2854174290425702,0.2421477071166629
office__179.png,0.8109417399832496,0.7308906733158839,0.2269400209499698,0.20798519382853903,0.22146022771335575
office__18.png,0.7091155836813362,0.726015885479934,0.22421878774555154,0.24966150729349096,0.22944039215644044
office__180.png,0.7961256605318795,0.7573000866283924,0.2212521443283731,0.20416895356936274,0.22843346109759718
office__181.png,0.7344471624834628,0.6640865567238909,0.31777763456259195,0.2754374792771423,0.272399004346862
office__182.png,0.7091545756127716,0.691187860708397,0.25260662520423904,0.29326639238150276,0.25133655678674083
office__183.png,0.7604924501750921,0.6827360215430176,0.27532561825085117,0.2638414153062657,0.26702521503468163
office__184.png,0.7856828945408169,0.6497973883061878,0.3050737363959621,0.2666667413954237,0.22785631332531756
office__185.png,0.8055435241091656,0.6610751430020267,0.3034834500679314,0.25993316029143276,0.21911164372242536
office__186.png,0.7205881592270562,0.6629664757685735,0.2903247854580897,0.3240983668781472,0.2181052698594524
office__187.png,0.8482073268307745,0.7549387416320562,0.2286531682342278,0.19562620097664146,0.204156185792713
office__188.png,0.8089144965076046,0.7284892145794701,0.2294132064450585,0.21544731942721662,0.22721697275503755
office__189.png,0.8472733963138512,0.7479886885890696,0.25107368959297477,0.20705843174927707,0.20541590111995994
office__19.png,0.7564597808589595,0.70991491016305,0.23020064626023756,0.2634800843938267,0.21857120446575748
office__190.png,0.8062631994040825,0.6935226678639669,0.2544157731751355,0.22909861203264187,0.20974107004045156
office__191.png,0.8255697594600254,0.7505613766805203,0.2109414487709079,0.19200484691438033,0.21663197731315886
office__192.png,0.845445439694791,0.7321089921568368,0.27868970367424,0.1923434685779239,0.23466810901717425
office__193.png,0.8071721698667955,0.7376071546603655,0.24025803386695427,0.20085641728738376,0.2554678602342505
office__194.png,0.8102577523631791,0.7267320786072845,0.2448388809877186,0.21153687722673092,0.2174970200322429
office__195.png,0.8402953191697119,0.7318025923733943,0.2698227480001661,0.2008225618449983,0.21452846281218138
office__196.png,0.8258286572492352,0.7099643551624192,0.24830515357435998,0.2208904985311445,0.231055417968121
office__197.png,0.8226327809147372,0.7056059314749635,0.2691720225687466,0.21096894832191598,0.23295925395900047
office__198.png,0.812129246834489,0.73600812531533,0.233098470687053,0.22197775994087246,0.20047154893198565
office__199.png,0.7767616997439305,0.6773083936132085,0.285022294126988,0.259925223166833,0.24767688002008775
office__2.png,0.7728496960747576,0.727675650624054,0.23869876082919517,0.23105739054649405,0.2679956120841988
office__20.png,0.8114050092309676,0.7050686576473209,0.26432137606630157,0.24079735211810602,0.20147630923856868
office__200.png,0.7541530355911777,0.7526867582639531,0.20967103616589378,0.2187383953615169,0.23793260537584032
office__201.png,0.773156903228314,0.739863076596988,0.20654294233673015,0.22274036817614348,0.2337258374324023
office__202.png,0.8634336426558302,0.7661455284547158,0.21794408323278072,0.17447389790251716,0.19615752246609242
office__203.png,0.713171371997524,0.6836340903782274,0.29149123278349337,0.25816564364455363,0.3272065383654002
office__204.png,0.7760546786198198,0.7081903031341817,0.2660028943429548,0.22243257257772756,0.27479904083435386
office__205.png,0.695587742067299,0.6439037367391033,0.2755001991319696,0.30944111020062237,0.25953516462831533
office__206.png,0.7871663916096429,0.6981433824640948,0.2519706567737404,0.2607958143434307,0.23667206970631074
office__207.png,0.8031254221792473,0.7541064530083743,0.23530217688581387,0.22236070028400423,0.25115419174642023
office__208.png,0.7952016501182203,0.7070641489968066,0.28142559741348944,0.2557048103221346,0.21834906596373874
office__209.png,0.7874878771517781,0.7009443606751469,0.255179174632562,0.2602434779087496,0.2318813895324757
office__21.png,0.7931510735757005,0.7695898298148278,0.20469646309413064,0.20441725769452085,0.22901842715785994
office__210.png,0.8039106607389662,0.7174915385974104,0.25473428392341324,0.24619293167587636,0.20065934820648307
office__211.png,0.8207851160904452,0.7185180538655188,0.2633748940321549,0.2091597106647894,0.2225048807310447
office__212.png,0.7729189264471581,0.6867371097022492,0.2676592510997755,0.25513236581709103,0.2241922123544618
office__213.png,0.8466225667371603,0.7721530342560745,0.2182184732826612,0.17817442481247867,0.21434465647620876
office__214.png,0.7477607197174515,0.6913123193092927,0.26569459348615004,0.281735293990351,0.23679864925625982
office__215.png,0.8234175276438933,0.748953444305045,0.23287079626100465,0.21106963841904292,0.2073287021786849
office__216.png,0.8118663469622395,0.7577262426392082,0.23022991898688605,0.20698563723828164,0.24645030998465867
office__217.png,0.8420420322444492,0.7625165360502704,0.22274265787860922,0.18071077703834473,0.22707212245306096
office__218.png,0.8093134938023245,0.7289281573066656,0.2443039585533253,0.2323601541811367,0.23875543711095046
office__219.png,0.8347735689599736,0.7543277489290202,0.26174585285505714,0.2030619917821357,0.1981504056508319
office__22.png,0.7598325214764878,0.7259636094368298,0.24532950046099516,0.23043509495143302,0.2290430792108579
office__220.png,0.8439964995671582,0.7594200187711446,0.2297515692388477,0.19242199519516445,0.2247867353941651
office__221.png,0.7661982287222213,0.6708362960611957,0.29255137024246797,0.2223629903733771,0.28008908641530467
office__222.png,0.7156988068665554,0.7344312226227435,0.22118583359400024,0.27794091152228984,0.2544898962034602
office__223.png,0.844307995039605,0.7518724122235617,0.21724284584141781,0.20254581502960628,0.19695118360619854
office__224.png,0.8006156741575557,0.7003360676605628,0.2707089252566578,0.25843783610608445,0.2145183194346458
office__225.png,0.8246477962583094,0.7280101569558299,0.23964638734769766,0.21874433914372118,0.2104183621420588
office__226.png,0.7588238897664081,0.6884562374182611,0.2659185131020648,0.27998459676048076,0.26463217287372354
office__227.png,0.8020475899025251,0.7412122094643478,0.21677677266572454,0.23145459735581814,0.24027597972986198
office__228.png,0.8011781621424442,0.7161536317375076,0.24845389761629064,0.2234223461352212,0.24099434033091008
office__229.png,0.831017463812847,0.6987413665655999,0.29996015519167024,0.23362570360742796,0.2351119924126574
office__23.png,0.8280458863899116,0.7643895443652481,0.21774776751391484,0.18632310960961782,0.21510476098394982
office__230.png,0.8149893932581531,0.788538176361388,0.1982730981217692,0.19060448018372506,0.2147335038018643
office__231.png,0.8367116075977415,0.7347387286805274,0.24545880221026378,0.21192109426826639,0.23256785176021957
office__232.png,0.7347259623211906,0.6849379424289181,0.2827534398465701,0.29829174118448104,0.24197677531880762
office__233.png,0.7929731047941293,0.6602165871601469,0.3004038246145497,0.2615270541915108,0.2253941289957356
office__234.png,0.7815702489812523,0.6491589344201617,0.2760446609137809,0.27572060669001347,0.2055922438182609
office__235.png,0.850952017735481,0.7184100319466651,0.26068675652539264,0.2104606633978534,0.188491989445694
office__236.png,0.7414346917046173,0.7297859975913404,0.2161359404649372,0.2235358647093352,0.30201596166732747
office__237.png,0.8121639251309978,0.6993891412893719,0.27816027698035717,0.26256930528826916,0.2278452621130937
office__238.png,0.7274560457636194,0.6792323420352374,0.2638779106163818,0.25867599684905024,0.24457158278278215
office__239.png,0.8282332626643535,0.7498297562965608,0.21397586574952146,0.23116410934937004,0.2093495594256859
office__24.png,0.7789705026518319,0.6869746281933437,0.29771499844489785,0.2612290091374706,0.2413333271846938
office__240.png,0.7763851578262924,0.7125356133232058,0.24497592235872864,0.2275508152442392,0.2406861960478551
office__241.png,0.8098516965392037,0.7128790478958258,0.24252283268252442,0.22597125363754167,0.23537352786254764
office__242.png,0.7858779513899693,0.7025135801503501,0.28111736167154816,0.2764819685485244,0.21683779663202266
office__243.png,0.7796965908583198,0.7358352237823375,0.23964793750491256,0.22203246144648853,0.28026770307689974
office__244.png,0.747711277704589,0.7027611255997788,0.28348160469762346,0.2638572925697768,0.2442234083501097
office__245.png,0.8075583327644269,0.7239121817781763,0.26823692116870007,0.23998572914147484,0.2431934487861921
office__246.png,0.8207089741513773,0.7308218253413044,0.21707320294547805,0.2092488412185192,0.20828026184912427
office__247.png,0.8166574352471191,0.7267765374638967,0.25980143359213415,0.21101730106833308,0.22361520558248726
office__248.png,0.7541708230299569,0.6603719121360103,0.2681215755350051,0.255388369311062,0.22020244545055487
office__249.png,0.8083690817311153,0.7021877397386604,0.28100238829511154,0.25436066630253296,0.23742160969167703
office__25.png,0.8015110065732641,0.7227917048683811,0.24351084527139683,0.23229392276091215,0.22098595165159865
office__250.png,0.7930163870533122,0.7331962347770565,0.2277384480927824,0.22063917359093518,0.227513900703095
office__251.png,0.7713427814890264,0.7159072489128899,0.24605967947627652,0.2573491077040176,0.23695249412795788
office__252.png,0.7044425641895243,0.7182260221184882,0.23482487790692833,0.22788354471806962,0.2773882468361624
office__253.png,0.7587993689641439,0.6692946358326132,0.2672324822947743,0.286079147210162,0.20143056974958573
office__254.png,0.8147358836548748,0.7205673995617092,0.26032478077412935,0.24165053537829093,0.2133977701932235
office__255.png,0.8662197947343496,0.734890541704032,0.2624272776030506,0.18084872553486928,0.215444180243631
office__256.png,0.772202166318569,0.7097914947094224,0.22212607237282594,0.23898407993266738,0.21055909461332672
office__257.png,0.7886255094558229,0.7112056024232718,0.26274452248116,0.24700842775414922,0.2597752804214157
office__258.png,0.7649300051630394,0.6855253585430551,0.28011771780926875,0.2429258270142307,0.26848538507232694
office__259.png,0.8153919537896451,0.7477792834068113,0.20684373153060504,0.22013456997421196,0.20824522143773203
office__26.png,0.8086488605926448,0.784352817489526,0.16899743893990574,0.17858579893140697,0.22922949252807204
office__260.png,0.7564833258456567,0.6625373242923015,0.2893759604417915,0.26197871900981423,0.2678490403952281
office__261.png,0.7633016759290051,0.6969112700231848,0.2843885721453889,0.2704220984217039,0.2293911835073578
office__262.png,0.7820491053878226,0.7461131379142105,0.20131601158050225,0.19543035213074408,0.2425528779489684
office__263.png,0.8132645014241714,0.6979422762487317,0.27462206558297725,0.2578720958941616,0.21123521912858403
office__264.png,0.7928695075238084,0.64754228211763,0.3176437787396099,0.2460587892001945,0.2211612168602007
office__265.png,0.8629287306186542,0.741525277644507,0.21752986118386675,0.18181618003585284,0.18987252385342324
office__266.png,0.7915654921747963,0.7160478847265667,0.25098187618984213,0.23377702850199752,0.22385547011484405
office__267.png,0.8295449039172372,0.7760946561579507,0.20317404535569047,0.19386268758876762,0.21669375078747313
office__268.png,0.8126696365173661,0.7405342403566139,0.23891396393537068,0.2056224292557739,0.22737211427549514
office__269.png,0.8304015442873459,0.7133048008331453,0.2549947303004941,0.2333662353907294,0.19656718260354636
office__27.png,0.8124591409699743,0.693637415922525,0.2888452963795973,0.2396218917590561,0.20972727479670408
office__270.png,0.7973008005751067,0.7127234897111232,0.2499554364284119,0.23957557660916165,0.2242554294905476
office__271.png,0.7735271415064227,0.7090008124890848,0.2652960098712031,0.2528422929410255,0.27522449751702693
office__272.png,0.7892505181301099,0.6832956164624032,0.27485089052706624,0.264353372687372,0.22629557139382778
office__273.png,0.8039430873729875,0.71492282317547,0.2258269107389604,0.21079058863937636,0.23162409391024544
office__274.png,0.8177990153183227,0.7239075795400434,0.2558943462606909,0.20589828629649556,0.21177335152788568
office__275.png,0.8476796125462301,0.7665157105675067,0.23705237402886614,0.19101074383516314,0.21660647352308754
office__276.png,0.7628488194528245,0.6488609277104268,0.30854735969468133,0.28862777671111656,0.24258134583200008
office__277.png,0.7986176545759154,0.7224594279219348,0.2524210910369264,0.21883259650127704,0.24414741837549292
office__278.png,0.8333976742869212,0.75789909722238,0.23004849143375342,0.20754128898987786,0.2119957415631254
office__279.png,0.8202750223258087,0.7210510805956468,0.27229529351698456,0.23245577667371115,0.22336030957034864
office__28.png,0.7946041153591036,0.771590182947472,0.20490626707260037,0.20538504551707853,0.23979604967352325
office__280.png,0.8524956604825108,0.758870427519565,0.23040857754274008,0.19566224233900553,0.1974645282455189
office__281.png,0.746849881534902,0.6748612363198161,0.26258565460914257,0.3028337646959776,0.2250621732367218
office__282.png,0.8470639000352302,0.7179736746606767,0.243950315318726,0.20259760184491085,0.19184003383609097
office__283.png,0.7594679085705077,0.7265150252979827,0.271009684317765,0.2473799144926453,0.21912098610544725
office__284.png,0.7914919461281826,0.692730554957866,0.2630289866804236,0.2533147299990117,0.22108068317734858
office__285.png,0.7718385798840873,0.7783291895516572,0.20792069497455573,0.21209098576906824,0.25049670637740146
office__286.png,0.8380234727970681,0.765240423064795,0.20212960119935444,0.20392081710331825,0.21701380821800784
office__287.png,0.7980301297523806,0.7469471583552612,0.2364247937096298,0.22975239338537862,0.19730562277483024
office__288.png,0.7624005855614231,0.7020816419987483,0.25956106628722336,0.23329541920330546,0.24829723061593584
office__289.png,0.8226021733575689,0.7640010461451061,0.20614842912422643,0.19865120325859145,0.20535738367830603
office__29.png,0.8444564435966885,0.7550994182974541,0.24011008588768737,0.20025142680711147,0.21535471694115865
office__290.png,0.8169452040479593,0.7340059615616091,0.24155766249047084,0.194143527654675,0.2510670845597228
office__291.png,0.7816978418132674,0.7211326025521586,0.2703979695713645,0.23271656888276188,0.24348028637117186
office__292.png,0.7535127765727732,0.6854396391922692,0.272440316374347,0.28832037150174245,0.2655857180434281
office__293.png,0.7677911878142318,0.7194232501617703,0.24143993827690963,0.25590460064500914,0.22775255196982436
office__294.png,0.7586247831318659,0.7001447654615601,0.23914329287434222,0.26735569962914996,0.24107168955160718
office__295.png,0.7832912129282308,0.7143306774949452,0.2563982279362005,0.22731446752055853,0.24186447298793953
office__296.png,0.7874201137174129,0.7157333245852989,0.2553762140942058,0.24930705825495086,0.2152496794584109
office__297.png,0.7604844544492675,0.71308358808804,0.24854374026591572,0.2793003537953979,0.22300992410657472
office__298.png,0.7889161910398869,0.704290340796013,0.27409830802405283,0.24909775700414968,0.2320169783178417
office__299.png,0.7996093812960073,0.6829174981208785,0.2996400289579057,0.2518479108351608,0.23701569596742422
office__3.png,0.8208477114692615,0.7109502619758546,0.2547327874486489,0.22401671118343064,0.218993432779567
office__30.png,0.7869607380004776,0.7581108909054282,0.21339873743613288,0.22101214435768549,0.23760644589607072
office__31.png,0.7527120205951221,0.7618684726778902,0.2004064528378337,0.2170267994435813,0.22546827057280427
office__32.png,0.777573556786622,0.7004082144802859,0.2621978564520088,0.23442846201874132,0.22652988418852968
office__33.png,0.7644538446844795,0.7230247539439407,0.25172501238915423,0.24308009174196504,0.23898674484649918
office__34.png,0.7474878400379887,0.7678162029593807,0.19817663226502555,0.25004291181191096,0.2441648166980014
office__35.png,0.8249951754794905,0.7630331446638042,0.21874402068209306,0.18581399979512095,0.1926513289817202
office__36.png,0.7567766296317787,0.734112330820747,0.23330153404910575,0.23693779118691882,0.22056463379367383
office__37.png,0.8759841029026812,0.7939127961046999,0.20754566541583797,0.16286256982901007,0.1728340830555223
office__38.png,0.7606204891683856,0.7331722544122201,0.20946427269322498,0.2341385635269779,0.2337446053841652
office__39.png,0.7972748210516085,0.6871022479843091,0.2901272918800394,0.22222536147476396,0.2595759462606063
office__4.png,0.8080236545229852,0.7319141382187148,0.2494140917063367,0.2394061381842052,0.23841341500335786
office__40.png,0.8159418608202804,0.7360121138188905,0.22673137534260357,0.2178527747445043,0.20042982079434976
office__41.png,0.8004151751617656,0.7292477069455211,0.229810798221357,0.24939149438605737,0.21166317675279217
office__42.png,0.8086439747305982,0.7039550638409248,0.2580867569928685,0.2575245974648026,0.20272155579981513
office__43.png,0.8153961729206546,0.7035811797717508,0.2480416109536055,0.241815029101496,0.19641046000536547
office__44.png,0.723116506396577,0.7004662641277024,0.2488314298007554,0.30016572672215547,0.22423613424649189
office__45.png,0.8379229225003011,0.7585332817700792,0.20331010535353955,0.184617504125759,0.19294655099724706
office__46.png,0.8062620897356737,0.706710393727859,0.23974581775603934,0.20148206930797682,0.2309888360873732
office__47.png,0.8325116192695441,0.7584401808054968,0.23168651571300855,0.20343853073063414,0.20855264413581434
office__48.png,0.7581216033639684,0.727731104602586,0.23183934316893062,0.23759950058217022,0.2286198815796249
office__49.png,0.8207164996494822,0.7868808523325133,0.18587889048427503,0.20129924358040244,0.19447951373741246
office__5.png,0.7645043197957211,0.7727633636882817,0.19846315759350147,0.1911687322201785,0.27291995703278676
office__50.png,0.8377764993706599,0.7789443581464051,0.20598220152716465,0.1877560589256509,0.21116971459359107
office__51.png,0.8621676289001264,0.7902451267667981,0.18964544383823284,0.1285193120315255,0.2280079625999423
office__52.png,0.8283750500699191,0.7645149282957093,0.21848171830869514,0.2023046819262817,0.20651665793130783
office__53.png,0.7758507071969696,0.6988825931539416,0.26984839632059043,0.23383922974631033,0.22934469389731593
office__54.png,0.7903708032747369,0.7740689160698042,0.19872516002596524,0.21647587869725354,0.21934609344961797
office__55.png,0.7879650504862552,0.6712840680895947,0.3064801274808446,0.26671251786557276,0.20052063916527377
office__56.png,0.7880469458277165,0.7902702141882072,0.17345263819447107,0.19425513797994134,0.2164596074717545
office__57.png,0.7889161910398869,0.704290340796013,0.27409830802405283,0.24909775700414968,0.2320169783178417
office__58.png,0.7850103023852657,0.739091447924602,0.21626953642260746,0.21334685779363577,0.24843856307292553
office__59.png,0.8318310525892963,0.7183889359402322,0.260195180825035,0.2495803456644798,0.20248139955821273
office__6.png,0.8170223674885656,0.7662205784817864,0.21323620594267315,0.21130484527067897,0.2331497232823238
office__60.png,0.7850862354626224,0.6825325971368614,0.25388649491558934,0.24811233294386725,0.19503626323276213
office__61.png,0.8121198938289235,0.7204004136959745,0.22389302782810594,0.20774014896658838,0.20053532186462258
office__62.png,0.7996093812960073,0.6829174981208785,0.2996400289579057,0.2518479108351608,0.23701569596742422
office__63.png,0.770898083307845,0.6810501654857228,0.2599064515663453,0.2685004857618589,0.2249748430587919
office__64.png,0.788934835856267,0.6651303159147696,0.3096280550534711,0.2760289742355701,0.2170327400589146
office__65.png,0.7756956119158427,0.7375699610971197,0.21200955811612165,0.2131126732321067,0.23959204331932907
office__66.png,0.8119084089844963,0.7099185378673453,0.26403427364009435,0.23219833763560013,0.24077924503563963
office__67.png,0.8700852526388179,0.7623776680083697,0.22948017220031866,0.1761660675017978,0.18453582161765528
office__68.png,0.7595316217414627,0.7374192664282554,0.24712412331036612,0.2418034565103465,0.22354147782931116
office__69.png,0.8134643342153711,0.7376847286829552,0.24654942242567401,0.21652068623926773,0.205993958331554
office__7.png,0.8062108326157865,0.7126588617679017,0.26819388351673873,0.24410194273503608,0.23931432370971864
office__70.png,0.7734526487795027,0.6690198085353691,0.2763394808083682,0.2881205087865716,0.2144835875508797
office__71.png,0.8527985784828284,0.7131036931138215,0.2456424267770867,0.20726190273703937,0.18842144420995247
office__72.png,0.8048999555881701,0.7238801417406829,0.26957375498390285,0.2398225393655908,0.22724641885132396
office__73.png,0.7478577761577337,0.7015948519842706,0.25447054572829614,0.2335737710466293,0.24294739761329037
office__74.png,0.7301691550055754,0.683581167887147,0.2549472872119718,0.3116857448345593,0.2229022215872749
office__75.png,0.6289405713690075,0.6169949459405993,0.2715397878380786,0.36736332644549535,0.25550281156746585
office__76.png,0.7509669894110205,0.7428113156547803,0.22629574810977066,0.2207921856277367,0.23562554392065388
office__77.png,0.7943028372229015,0.7100431301742763,0.2684480746902319,0.21989075525535268,0.23659389982798418
office__78.png,0.7411882314320821,0.6868581909053638,0.2320660465002239,0.2637112898879496,0.21556325330481393
office__79.png,0.7772905046300772,0.7535930852413388,0.19272533469637512,0.2007598352475714,0.25231483676713573
office__8.png,0.7553182572675654,0.7009631545550318,0.2525314964986998,0.23520535789287453,0.2646175353181657
office__80.png,0.7200747989516291,0.5955183085157055,0.3298347077826925,0.3441186255557491,0.22857037882701842
office__81.png,0.7839523339233174,0.7244535439968878,0.21859416313479704,0.24051240152108774,0.22854906203288772
office__82.png,0.7526417923840183,0.7140202693577649,0.24975190130476715,0.21317991086571517,0.2608186994263068
office__83.png,0.8101647666386226,0.7312780024317524,0.23934888524746997,0.20841979052409468,0.21090548692796218
office__84.png,0.8098503882145782,0.7410359016214948,0.22276098848127826,0.23090528692359644,0.21946512768326298
office__85.png,0.7729452127399895,0.745160401212171,0.22307926478426174,0.2294560847090194,0.20391065921711748
office__86.png,0.825890263579071,0.8086208465586516,0.16240861753898306,0.15228304476248755,0.21944696818440532
office__87.png,0.796278832217563,0.7294382298087303,0.24975409148502503,0.23667995952466228,0.21503122873642153
office__88.png,0.8430228274971385,0.7608737804544023,0.21366814613710813,0.20975608420667521,0.1928777437865272
office__89.png,0.8616454215808557,0.783391404279078,0.20145078985961984,0.17385102269409897,0.18754075209677407
office__9.png,0.790248354364769,0.7138643554955526,0.26441238676194007,0.22813451048247665,0.2431950535188143
office__90.png,0.8256220038857487,0.6975663040221985,0.2474367941782741,0.25104006572623705,0.20795813978014768
office__91.png,0.8161629103861854,0.748006985937461,0.221813768706886,0.18093291768736947,0.22194421857555816
office__92.png,0.8364886915026849,0.7683272748060015,0.2352685797670426,0.18779231067677993,0.1934450189739476
office__93.png,0.838847256721928,0.7460082657492889,0.2214478698887167,0.18539189683884355,0.21379477090220741
office__94.png,0.7878127741656542,0.7775665489089554,0.19587496403984975,0.21581972326650747,0.21506717451579108
office__95.png,0.806312630412443,0.7435002931599695,0.22762643185530282,0.22391449806323546,0.19761889805549393
office__96.png,0.8201983739614772,0.6978062716399601,0.27772610114214447,0.22186171747454278,0.21639279268392236
office__97.png,0.786711806003278,0.7238381764020115,0.25952143483293627,0.2670520955206721,0.21509240367663937
office__98.png,0.6960898888642736,0.6774746803304711,0.23008660117704452,0.2830362158502431,0.2466644344996122
office__99.png,0.780226612205596,0.6951445478958139,0.258012243683661,0.2745634426126171,0.19970474901158966
restaurant__0.png,0.807447563976097,0.7148786042869552,0.29198329897812597,0.22790303991835925,0.2457093257814197
restaurant__1.png,0.7837707628062319,0.7650960642137175,0.2087928140605719,0.19800212288516783,0.27012858647027205
restaurant__10.png,0.7861641773467278,0.7380998018734897,0.23852733228721223,0.1916416371488953,0.28441270802972096
restaurant__100.png,0.7493921393077506,0.6801552824298894,0.3052671779978402,0.22893231036552728,0.238504915308238
restaurant__101.png,0.7200922027760699,0.7194393037268463,0.25891692839650327,0.22538756110005512,0.30965669806424123
restaurant__102.png,0.7583368544933741,0.7034939075358807,0.26377352968742945,0.2517350998674292,0.23605205486206343
restaurant__103.png,0.7491640124653012,0.6879278442282015,0.27390890787727196,0.21572769326186253,0.3368195668150858
restaurant__104.png,0.7840921686446277,0.7483227034295443,0.22740269003858513,0.2160714492550178,0.27652788221627655
restaurant__105.png,0.6672163025884101,0.7171063525881022,0.18246258386746075,0.24251497895859592,0.2231661253060218
restaurant__106.png,0.750731284742145,0.7398027802577183,0.21247717782312678,0.2438544055428949,0.18747088551051644
restaurant__107.png,0.76937748038474,0.7334811305836999,0.2617144681641376,0.2247481752064527,0.245438311955285
restaurant__108.png,0.6891868992742187,0.6622407744779064,0.30411776143172364,0.2934929924909422,0.27946665772919776
restaurant__109.png,0.7029105648017975,0.7469764152830208,0.18809409300825977,0.22886024061629792,0.23489763949727926
restaurant__11.png,0.7282647508463456,0.6965357095832031,0.2735731216330942,0.2752573738844991,0.2583336302470788
restaurant__110.png,0.715905953854557,0.7067864509690358,0.23887843967929293,0.2447650172939818,0.29007711624417737
restaurant__111.png,0.7674919518716895,0.7133117186836209,0.26062264318633066,0.22800190397514344,0.2646638588453246
restaurant__112.png,0.7096675939050329,0.7350770435088148,0.23528127851555997,0.22501338535359705,0.29719689812366507
restaurant__113.png,0.8026923720990279,0.7439710976298319,0.23133875771050574,0.19015813605175236,0.2664305964976603
restaurant__114.png,0.7018556837967889,0.7600777402715121,0.2127732048067834,0.24507215523838713,0.2925827201096113
restaurant__115.png,0.7553786975774751,0.6967204892589084,0.27896503048219357,0.25489953759503786,0.25067771210035594
restaurant__116.png,0.7550984079524863,0.6995284884935078,0.2613966539613414,0.23590859075999845,0.28096961478549837
restaurant__117.png,0.6996343700682981,0.6973734823614254,0.2735826744846679,0.25640061234139255,0.27126011737229866
restaurant__118.png,0.7191431513178087,0.6986156950090695,0.2949127444424006,0.263854857485713,0.2857794581847169
restaurant__119.png,0.7574648930271765,0.7477780833451355,0.24528912419618507,0.215699394377035,0.23892625583950874
restaurant__12.png,0.7784938313941744,0.7392431082815389,0.24639157470624126,0.22741195442430423,0.25455147478622303
restaurant__120.png,0.777760394574324,0.7167481124555802,0.28274897808895305,0.2527020148556547,0.2476098470726157
restaurant__121.png,0.7609327212036979,0.7510997226421687,0.21860296870091633,0.2069731171426049,0.24709181364146135
restaurant__122.png,0.7721698463636117,0.7585339898498764,0.2152674472720859,0.18960211431766957,0.2891252925596759
restaurant__123.png,0.728245358585733,0.6948906710405829,0.24703736671150203,0.2612396802621108,0.2782843106478254
restaurant__124.png,0.786487222126896,0.7623057748122442,0.21757951227588168,0.19419627555905833,0.26372589326843376
restaurant__125.png,0.6728932568765715,0.7238124634218068,0.23848943737082917,0.2411379408798494,0.341618373297788
restaurant__126.png,0.6237102480041685,0.7148670329015354,0.2368513768161413,0.291431214038686,0.3215249467253065
restaurant__127.png,0.8035835649908112,0.6962500329229937,0.27584443338709524,0.19898425599918276,0.2842793785076612
restaurant__128.png,0.6281482204710964,0.6938151639929591,0.26282404006418086,0.3098879074376574,0.28394186402316746
restaurant__129.png,0.7831564162337661,0.7328554437113336,0.24124668015024306,0.21620174250742677,0.282651857453768
restaurant__13.png,0.7432191830382548,0.6561787991604603,0.3063648973410975,0.2416980311738526,0.2788569172309091
restaurant__130.png,0.6755869567639493,0.7002313547300794,0.2531429731433412,0.27595121399980704,0.2594015218796842
restaurant__131.png,0.8095420988402648,0.758970470485568,0.20993666703433922,0.19184239367740666,0.23692087187599664
restaurant__132.png,0.7514771781361244,0.7658715212494012,0.20090862148166116,0.2003237652143768,0.2944777679050059
restaurant__133.png,0.7111318408530315,0.7101865580731972,0.2554081230319808,0.21772693912895139,0.32696536332776693
restaurant__134.png,0.7807384027613498,0.7293123277466202,0.23180342205562052,0.20783026112337655,0.226087903876862
restaurant__135.png,0.6054602997584249,0.7140593328192839,0.21154254298728148,0.32749039238565525,0.2768380859989557
restaurant__136.png,0.7520199194346184,0.6931114931663211,0.28465299669541505,0.2520409074001883,0.2854155934154843
restaurant__137.png,0.7690510186422076,0.7318489509263023,0.23769610926724857,0.2135951211750638,0.2607273217215912
restaurant__138.png,0.726231245516408,0.6997507369063419,0.2940109956375856,0.2658819500691527,0.2908335102667136
restaurant__139.png,0.6727357775190267,0.7067105610376757,0.20470948721410237,0.2602977284539739,0.28764373472364546
restaurant__14.png,0.7518502004649839,0.7318308545395816,0.2542853576370014,0.2074233752155672,0.25030287667448065
restaurant__140.png,0.7114612244287023,0.7661925301292815,0.1937844309744802,0.20264999203669667,0.3215083078314575
restaurant__141.png,0.7883286751509587,0.7606478835725283,0.23132798076871972,0.1822248074191909,0.26503423335726106
restaurant__142.png,0.7979126326216172,0.7307279558211023,0.25806005927794656,0.19278093881981018,0.2990511423314879
restaurant__143.png,0.7892412845366107,0.7704323922090963,0.2223109091651093,0.17588113597174088,0.28665721291704355
restaurant__144.png,0.752336460569933,0.7425865531687494,0.2202156204539383,0.20566555850212329,0.26900628099188345
restaurant__145.png,0.74799641823547,0.7056926603500967,0.29828895562863667,0.25308710451955874,0.26711968624394333
restaurant__146.png,0.7464767101027778,0.7242426942441353,0.25502980838506295,0.21215214930171147,0.3316906475633324
restaurant__147.png,0.8023109780495787,0.7217755578099726,0.2455673379741336,0.1995505686789103,0.26978756460549824
restaurant__148.png,0.7787978988607323,0.712066086036936,0.27340794699912974,0.2124934156214207,0.2894357502973377
restaurant__149.png,0.7278055065948713,0.7247240419461634,0.26269161972353494,0.22482717762278073,0.32690935108808766
restaurant__15.png,0.6614126623118392,0.7463148102404753,0.21355957735621822,0.2678213955022536,0.3047002531932388
restaurant__150.png,0.8052744254395658,0.7326664832235487,0.26639713175810265,0.20833393911029854,0.1902763183862435
restaurant__151.png,0.8013814307257949,0.7340011421569728,0.2668640380401789,0.18784947639381164,0.2658630109220716
restaurant__152.png,0.7729923725060901,0.7502519936473854,0.24487112759406657,0.17993888974694072,0.3148379780355257
restaurant__153.png,0.7122752546264088,0.7195066841809832,0.24285098973084007,0.22453351915280054,0.30814121876253203
restaurant__154.png,0.7117266568353421,0.7103879316119899,0.2581017053318079,0.2508897220595788,0.28447553562899786
restaurant__155.png,0.6724284432644622,0.5915325307896743,0.3742503882395683,0.317243804556603,0.35603014465984223
restaurant__156.png,0.7976933278115317,0.7197428676749587,0.22919662338628446,0.20229902877102074,0.2886761720953725
restaurant__157.png,0.7237360953809077,0.6522251454003376,0.2987914534965283,0.2645115069780091,0.2896832373151865
restaurant__158.png,0.7302558513377175,0.6954028452114793,0.26786492754886604,0.24661953488492477,0.3152640274881725
restaurant__159.png,0.6989537098441352,0.7319534385213761,0.23206059230000728,0.23044212835272676,0.3343055477812384
restaurant__16.png,0.7827605044075803,0.7307112734714342,0.25969674404957255,0.247568379921746,0.2471272826522838
restaurant__160.png,0.7357302048805083,0.6993975724270179,0.26232312270803215,0.23574055795770096,0.27017737875751496
restaurant__161.png,0.7596120335413774,0.7127883379130888,0.25514095099223655,0.20281362045178147,0.2839851967202109
restaurant__162.png,0.7792817244850452,0.7210007127756218,0.24520269844279566,0.22607045041733326,0.21258276420261835
restaurant__163.png,0.70314340191958,0.6965633153691214,0.24687924688276827,0.2552646270119943,0.3268699743814448
restaurant__164.png,0.7446223040294896,0.7308476582348961,0.23868628583542528,0.21012517018189877,0.27283605984372733
restaurant__165.png,0.7592830252430366,0.7234661115358323,0.2152364729689299,0.21319279227364787,0.24022793989212066
restaurant__166.png,0.6464328107820457,0.6933670789119925,0.2378718115533922,0.24489906998513752,0.34971740219395053
restaurant__167.png,0.7519322750389941,0.67174250048444,0.34942329486917945,0.2505326162083802,0.300817930740336
restaurant__168.png,0.7000943148035939,0.6895617002282226,0.24941403987087066,0.22887692668874351,0.34450216376271653
restaurant__169.png,0.7420071976448798,0.774786166863247,0.19517054700040293,0.2077452116744739,0.2885941595428708
restaurant__17.png,0.7554801405944496,0.7732143118149214,0.21231339783719205,0.19842173136248184,0.2537541950687655
restaurant__170.png,0.8353178964070341,0.7284021132821905,0.28404973965990393,0.18131698021129647,0.2533581581286492
restaurant__171.png,0.7547638295232473,0.7466809047099892,0.2454709874222877,0.22203017457659763,0.2863095734874119
restaurant__172.png,0.7607623133626414,0.7560590668124932,0.20952576495106012,0.20803068021178917,0.2777485346277736
restaurant__173.png,0.7525304211662046,0.6935774711912828,0.27826750704161246,0.2553827483231328,0.30447797957885575
restaurant__174.png,0.707779896103582,0.7093053591562951,0.2466817483872491,0.2474137257047618,0.2689261100958977
restaurant__175.png,0.7769251471193791,0.7288878510089963,0.26928699014537794,0.20681492557090767,0.2725961439147527
restaurant__176.png,0.8087174210384753,0.7339777168912949,0.25959377442348336,0.21005341072431122,0.2517803468719205
restaurant__177.png,0.7162228086363223,0.7540378674129393,0.20734630052111036,0.20047487518461585,0.2666391739808275
restaurant__178.png,0.6411050346111994,0.6783043848896588,0.25776970554926504,0.2516363313283547,0.38133001507588066
restaurant__179.png,0.7553153101143901,0.6913809824037237,0.29179940417984296,0.27064976467782875,0.2732477140057948
restaurant__18.png,0.6740004726259101,0.7125162859707496,0.24127054716283033,0.2851056080689902,0.302029892759753
restaurant__180.png,0.774624742430008,0.7388424074976396,0.25734540323988103,0.22674061496443312,0.28374134750950986
restaurant__181.png,0.7769790498933564,0.7162486134558171,0.24769337765390947,0.19640150611073373,0.2936510087397022
restaurant__182.png,0.6856947912789564,0.706109126721632,0.21386251855691782,0.2656335383859593,0.28833187526654197
restaurant__183.png,0.7731237326957099,0.7539985369971861,0.22589855875796555,0.20888435450632353,0.2560460451582213
restaurant__184.png,0.787306030089739,0.695686407372609,0.29441361033173213,0.22935675250427545,0.29180961835566716
restaurant__185.png,0.7435666432551102,0.7026566675157108,0.28058571280885447,0.23430851306480444,0.2669617261273441
restaurant__186.png,0.7278647421944242,0.6489255219332027,0.32112271558737737,0.2723444495694085,0.32633712373869433
restaurant__187.png,0.6996606938278664,0.6739557447589889,0.2601086001856641,0.2766971088538103,0.2684320909512545
restaurant__188.png,0.72856804245547,0.7200404599194142,0.24775955476466147,0.2235832942664082,0.2877735278067127
restaurant__189.png,0.7880129416594897,0.7414149893206567,0.22070766039801346,0.21022405919248938,0.244187897707715
restaurant__19.png,0.7744803292850745,0.7304165040418847,0.24737050344630515,0.2146110476472266,0.273749052015022
restaurant__190.png,0.8045565580438236,0.7024101265147696,0.32445010372137134,0.22802022699236346,0.26107657334805157
restaurant__191.png,0.7201058120145267,0.7169041133990655,0.2531024534633932,0.24159976277923811,0.2945388784365144
restaurant__192.png,0.7489324283388782,0.7154415964022637,0.22808759134358306,0.2315947403747972,0.2376269877245767
restaurant__193.png,0.5951051969068349,0.6614499981658635,0.2721958488172712,0.3218865771693384,0.2955882105433976
restaurant__194.png,0.7794783786208023,0.7756735258794485,0.2257166031269548,0.20091892027003277,0.28116072023608535
restaurant__195.png,0.7270542395508455,0.6991219919301019,0.2657951535724572,0.22601235226609973,0.2888357295307592
restaurant__196.png,0.656142960124437,0.7095198330756819,0.2530879507851913,0.25179366585265983,0.358619063101358
restaurant__197.png,0.6948784403222319,0.6887349331579298,0.2968040879579197,0.2665873139294519,0.2580821650088079
restaurant__198.png,0.7100703504797038,0.6970067078077132,0.2764542062438726,0.2854547323697124,0.3170314865380921
restaurant__199.png,0.703679537630233,0.6993769477604698,0.24768392547434404,0.2394066402375528,0.35910353854936167
restaurant__2.png,0.7883617000383323,0.7195365421951719,0.2767641956539128,0.20180143258274058,0.27992335006723584
restaurant__20.png,0.7340729187533493,0.7471540128076872,0.2228114276916815,0.24369075753971245,0.25814097019704013
restaurant__200.png,0.7641048383832105,0.7650201761562264,0.2398876795399869,0.1961216934148944,0.24999735274632637
restaurant__201.png,0.7445894595080665,0.7148212644472356,0.24686821317461025,0.259618304638205,0.2651352553178026
restaurant__202.png,0.6935464961412013,0.7272650029650295,0.2152036487193001,0.2601426303863097,0.2827740341889608
restaurant__203.png,0.7772708734185453,0.702386437102815,0.27093053529524913,0.22967171176914972,0.2870456284064614
restaurant__204.png,0.7945631333782528,0.7532652816099228,0.2293817019337106,0.19529094802369867,0.2623058177051048
restaurant__205.png,0.6951052837204321,0.7689428911060864,0.21187396574659248,0.2102627790023713,0.31913334263744625
restaurant__206.png,0.7879286035660591,0.7671510626997742,0.23107042670658437,0.1781286236305715,0.25601064090438025
restaurant__207.png,0.5873130309930046,0.7290081103481935,0.19058268213886861,0.24371901552082015,0.3063110528657061
restaurant__208.png,0.766315800193669,0.6677955453271672,0.28794957631087326,0.24083060987374386,0.2509951218088533
restaurant__209.png,0.711992481868224,0.703736663364618,0.23944681079400584,0.22563509990736272,0.3888972815934937
restaurant__21.png,0.6723586173812085,0.6171175786126507,0.3116896781023322,0.2796984157641822,0.28738727710710327
restaurant__210.png,0.7786763649003373,0.7471656946781868,0.24485105779355287,0.1996201417467202,0.2852341197150588
restaurant__211.png,0.7874970645193045,0.7375921801360745,0.23969815643093897,0.19794513033253372,0.2985506842247886
restaurant__212.png,0.6694473137715182,0.6797983823935387,0.2681557516291401,0.2598255445081637,0.3421747857972957
restaurant__213.png,0.7074410968830327,0.6875074322730848,0.30918478913316144,0.26266333259626273,0.33049196568184475
restaurant__214.png,0.5865340765172005,0.6766917367602937,0.22695743884507294,0.3080828581918872,0.27630864087145934
restaurant__215.png,0.711632248849214,0.7641823807184046,0.19297211000177122,0.2161090052178913,0.2845973668983879
restaurant__216.png,0.6188111005153112,0.5976135630463233,0.2799098878450192,0.2961723134263084,0.3420738341322743
restaurant__217.png,0.8021727671367338,0.7554455773334696,0.2195186475136895,0.1881854443013421,0.2625082112438318
restaurant__218.png,0.7125593859503832,0.7170943148275549,0.23237441888872085,0.2507508683561978,0.3052551951775407
restaurant__219.png,0.8140182573412315,0.6838249469841642,0.32877365164602734,0.21871240308859574,0.28387215028972035
restaurant__22.png,0.7198503816119499,0.7458633837512678,0.20767008323794206,0.23936611577634348,0.2593190693837804
restaurant__220.png,0.6616527866691717,0.6973119934240108,0.24615950446805532,0.3010057252824706,0.29427374767119063
restaurant__221.png,0.7768296734702343,0.7100020732847904,0.3076518512206263,0.23409218954482902,0.2868368717507265
restaurant__222.png,0.7643406044362322,0.6923358431763298,0.2741640871109106,0.2621630318540817,0.2646263983511487
restaurant__223.png,0.7250988244223971,0.6721066700833633,0.3479134529781083,0.28236671963664045,0.269230095339829
restaurant__224.png,0.7481214929767072,0.7289317070625502,0.23681933522422186,0.21257969192729959,0.30270840758134093
restaurant__225.png,0.7542870886138721,0.7082669835774829,0.2541599187452366,0.24221023225392482,0.2819059358968714
restaurant__226.png,0.7564104901410897,0.6711845683399164,0.29358801627328895,0.26175172039724187,0.2805325266498463
restaurant__227.png,0.6984156790260418,0.7010757392788536,0.24453566893793777,0.22470990210107403,0.36117348425795887
restaurant__228.png,0.696624650829875,0.6296804651708091,0.31922738687137536,0.2742985793971597,0.3461336318510596
restaurant__229.png,0.772606300308296,0.7054311058837122,0.2797612728398302,0.26281206091322307,0.26386388732030325
restaurant__23.png,0.7352580704870126,0.7580174723547157,0.1989518463347108,0.2226504806530108,0.2893764509637712
restaurant__230.png,0.7973729860428498,0.690254804734402,0.32165498553806177,0.23710807209893295,0.2800742683126959
restaurant__231.png,0.7186459568183144,0.7116299845891358,0.26721951696417073,0.2422531941539626,0.2822132007357036
restaurant__232.png,0.717674876236199,0.6778220790986409,0.28690759477848143,0.263005670279691,0.314850596195175
restaurant__233.png,0.7791630080600344,0.7584883853356952,0.21303194692883762,0.2103757807191226,0.2315054819822923
restaurant__234.png,0.7232212748687982,0.6646229381418769,0.27709887086953244,0.2398172023072728,0.3567693051958314
restaurant__235.png,0.672037029409213,0.6978399660267461,0.24865280298002246,0.2204330658070758,0.3862961575402736
restaurant__236.png,0.6966933084299904,0.750346328764033,0.22744904741950409,0.24150927832254168,0.310911408303584
restaurant__237.png,0.6713532205107767,0.6800542654966767,0.25166862298591125,0.2814977719351659,0.31932756153190867
restaurant__238.png,0.7250773796156024,0.7352904280847825,0.2345707821205459,0.2377804158493057,0.27382447346714783
restaurant__239.png,0.5524504977018261,0.5595922929439965,0.3034446394466624,0.36249467088207693,0.349097887649993
restaurant__24.png,0.796312780877677,0.761879359023163,0.19309904752676743,0.19686003581204414,0.2527503058562221
restaurant__240.png,0.7345074572555306,0.7085823752004524,0.25524899523105443,0.2033085513900523,0.3628780118423096
restaurant__241.png,0.7363183394280445,0.7607722366047399,0.2053538153382797,0.25612425909664505,0.24608045462381728
restaurant__242.png,0.7499399844079004,0.6771550334347216,0.319648261559013,0.2404779334651096,0.29334440266129996
restaurant__243.png,0.7539718071886037,0.7284162444294686,0.24905402629852685,0.2232658302022704,0.3290526877785203
restaurant__244.png,0.7806087696205,0.7187370623871299,0.2263306123629357,0.22092651076384637,0.23282915063825627
restaurant__245.png,0.6952221848828098,0.7048813645593637,0.26008132742650997,0.2489289642346438,0.285298876283834
restaurant__246.png,0.7314103339616429,0.7085515074486901,0.2389005472205559,0.260752618955735,0.27763362110331524
restaurant__247.png,0.6493354933074362,0.6790193575380667,0.2604769304137718,0.27130682559890196,0.34574272837635844
restaurant__248.png,0.5848710352732661,0.5256467815171939,0.3767715781659915,0.36788451504378694,0.3261085197427283
restaurant__249.png,0.7659967643907297,0.7816948041706931,0.17893396527775782,0.22415467000009212,0.26160715573650195
restaurant__25.png,0.7435821680748793,0.7138634199254976,0.2463899369198894,0.20273386375655694,0.3454983935196143
restaurant__250.png,0.7484569041344385,0.753744551944938,0.21232458077095362,0.19739606772964638,0.2728065104199341
restaurant__251.png,0.7192561004787669,0.7209211391391076,0.24172262697631852,0.23656323625568126,0.2940944884830413
restaurant__252.png,0.7493333463770091,0.711621358578894,0.27828859811328716,0.26063097228004284,0.24776344483867954
restaurant__253.png,0.7981806275219496,0.7506946137849877,0.21307970444399688,0.22228995194008763,0.21050088726022267
restaurant__254.png,0.6326899330501073,0.7456719077616716,0.19977482296394747,0.28682850569959656,0.28374619767033643
restaurant__255.png,0.7666260761968522,0.7286959455642135,0.23530377533404997,0.2336298546363667,0.2529353965891102
restaurant__256.png,0.7473288286094123,0.7213890647535597,0.2692192859974036,0.2459154491512493,0.29369360675694917
restaurant__257.png,0.7557317429125557,0.7064844689891703,0.26167400574723065,0.21284740873899152,0.2965308839383091
restaurant__258.png,0.7111638624504445,0.7650360355370723,0.19154445289008953,0.22481584922612616,0.323180119105505
restaurant__259.png,0.727731619179144,0.7096844565178416,0.23523550691276263,0.2473423736277908,0.29375845026911135
restaurant__26.png,0.6738599368127808,0.6954354414308294,0.24191617030817134,0.2241504888697322,0.32522397613372617
restaurant__260.png,0.7320970814600161,0.7277688973597518,0.26297509484347653,0.2221001501452884,0.27946053615973937
restaurant__261.png,0.7812041559914745,0.7652465440535053,0.24111131397195798,0.21697250865548415,0.24322474425632962
restaurant__262.png,0.7979846110989971,0.7172524326381962,0.2697930578409656,0.19340245362474426,0.29286455371826536
restaurant__263.png,0.7599450794826907,0.7550466942121059,0.22481066238358313,0.2017911908793647,0.28975765968035416
restaurant__264.png,0.7532632577325443,0.6999448371788045,0.2692608724370081,0.20283177767393956,0.36251028258428447
restaurant__265.png,0.7618525982134587,0.6736499710776938,0.31943092740524914,0.24199045440530922,0.2946692268036854
restaurant__266.png,0.7112481866401913,0.7257560702562086,0.22957041645591827,0.23989291078187477,0.285027848797081
restaurant__267.png,0.7702711307119662,0.7246724988860798,0.25111196982140227,0.20047880900491027,0.2622671052411267
restaurant__268.png,0.7550847000255775,0.6831479662503733,0.28545613658527563,0.24277525362405586,0.2821866423092139
restaurant__269.png,0.801424725516517,0.7783256482184067,0.21949061388008376,0.19101989147420273,0.270212859981182
restaurant__27.png,0.7383145357401961,0.6805892960945512,0.2797003125205675,0.20441397674809886,0.3585898016051944
restaurant__270.png,0.7417519503018402,0.6855964985684602,0.275758458348844,0.27384362793937217,0.3033760047567362
restaurant__271.png,0.7571357581110008,0.7147816232996886,0.2823610599540471,0.2460411163191097,0.2781553088280208
restaurant__272.png,0.6801688181109009,0.7177746464619317,0.24374106778634183,0.26232115233086434,0.2924601744184175
restaurant__273.png,0.6861415477550963,0.7277481648151379,0.24497148337841915,0.24101253824656177,0.36137270359246204
restaurant__274.png,0.8154778027996319,0.7957425222256436,0.1991453054214106,0.15303546431318493,0.2644218656927291
restaurant__275.png,0.7808748561101676,0.7075138410052266,0.2652638273061939,0.20771496806681986,0.27306282390252534
restaurant__276.png,0.6980694399305524,0.709546944289023,0.25813883981000296,0.24302119960753393,0.28069875410117273
restaurant__277.png,0.7392624065944223,0.7044819118098969,0.24171334482271886,0.24721932336591673,0.27421885199823004
restaurant__278.png,0.6049889196314194,0.700145597122935,0.25153615221616404,0.3163874025063854,0.2747998134313875
restaurant__279.png,0.7833208755856995,0.7453521791601363,0.2437798527559941,0.2139270670283055,0.28979684571001973
restaurant__28.png,0.8012447740351021,0.7717366830897117,0.1883307184588205,0.15769388618660457,0.2880039171673447
restaurant__280.png,0.6380365009183685,0.6553528339619401,0.2949592845193207,0.2860895120682248,0.38130699567897175
restaurant__281.png,0.7061064610212757,0.6379142666715945,0.28201104100859076,0.2990577970731226,0.24700847474830168
restaurant__282.png,0.7429536284965661,0.7550519860281477,0.2384244900227935,0.24022436446823117,0.24086391699660742
restaurant__283.png,0.6905848131984518,0.6813989428116969,0.2840502691805455,0.2998216766645422,0.26784782150649616
restaurant__284.png,0.7511852949011609,0.7196669430983555,0.2578095536192774,0.27300801818360554,0.2884119030022199
restaurant__285.png,0.7598187031747949,0.7221227142108051,0.26228468584402403,0.2174948907177619,0.2742210186014533
restaurant__286.png,0.6480301882445334,0.6683408865403075,0.2855745574130161,0.2863688177092726,0.30833997862007806
restaurant__287.png,0.5547107525652442,0.7364370745173132,0.18333692417280442,0.27872607472355915,0.33452976559034486
restaurant__288.png,0.7510708736384716,0.7224083258354707,0.278664220497585,0.22732084195626617,0.28899219291170153
restaurant__289.png,0.6643128093025151,0.6977549905731203,0.2513565912453772,0.2916850504208613,0.2944904868698842
restaurant__29.png,0.6270124010551762,0.6889496532204912,0.22796495482203205,0.2742357448572026,0.31991985677793777
restaurant__290.png,0.7363868043910652,0.720716022693295,0.24407319069021632,0.2726727126981126,0.2651072882626483
restaurant__291.png,0.8347292773032751,0.7485981280585574,0.23461380745009658,0.1786559906913757,0.27419220160866536
restaurant__292.png,0.7202144274813357,0.684848590204742,0.2821201180663124,0.27062000769885514,0.2732591912804771
restaurant__293.png,0.7533669181892162,0.7290731393087484,0.2110369169023934,0.1979377945234101,0.29314038393000186
restaurant__294.png,0.6929619320366944,0.6638012919795684,0.33251119099368037,0.29262223418327626,0.33218963962393744
restaurant__295.png,0.6561303526158025,0.5976443985359073,0.3468469271232433,0.3104576325330535,0.29688643700454115
restaurant__296.png,0.8117658092214967,0.7422881938960622,0.23428749168696283,0.18983606890832336,0.2610541916895572
restaurant__297.png,0.7621104438701787,0.7747004630086606,0.19845922471429936,0.1975327128479851,0.2407447135035372
restaurant__298.png,0.7186645859879645,0.6715865172349363,0.3016259896330494,0.2556538040688174,0.3661950210434063
restaurant__299.png,0.7356174511877617,0.7420774265675963,0.23837578727999165,0.22031352727800876,0.261167851607616
restaurant__3.png,0.8003780049161958,0.7388230322376385,0.24500834144041303,0.1761159585332815,0.2862915248807722
restaurant__30.png,0.7717503086670201,0.7100308113509214,0.27909372552940664,0.25955814279252326,0.2521878569306248
restaurant__31.png,0.7948731236192618,0.6746718156802745,0.30877248583606887,0.2384304764777168,0.22906907763178314
restaurant__32.png,0.6695299206825762,0.6393636449003455,0.33534179949241294,0.2747332047322585,0.3863004766724908
restaurant__33.png,0.7586124011812277,0.7041844338940109,0.26991115199593974,0.22122641697597548,0.30306235592898634
restaurant__34.png,0.694077173034219,0.7131949963528654,0.26508361666429153,0.24201743834169595,0.32877632238933047
restaurant__35.png,0.8090467521940495,0.7764792975266165,0.21140941448905629,0.16722447716414787,0.27691097002361054
restaurant__36.png,0.7767823263494592,0.7471601387973865,0.23712143166477462,0.24330370522783362,0.22448496886997732
restaurant__37.png,0.801139547514282,0.692000856258877,0.298720293041229,0.23067215638588906,0.2812694861237339
restaurant__38.png,0.7088927717232709,0.6826003527879465,0.2807617487290502,0.2870141523706863,0.28163170653357783
restaurant__39.png,0.7672400676565688,0.702484835313643,0.2894399290042837,0.2648609551420823,0.25894531333134935
restaurant__4.png,0.8412756804716522,0.7547599551515003,0.24128793924638417,0.16552735812597102,0.2426208361077227
restaurant__40.png,0.7465409180392374,0.7143731061970163,0.27977113612820065,0.2525300250008971,0.2525711432713506
restaurant__41.png,0.7488299726908396,0.7095201696030217,0.2570687033710126,0.2609176218612665,0.2504826810952515
restaurant__42.png,0.8332694714358808,0.7441514194147543,0.243810628054358,0.17538673618459094,0.22482674627693858
restaurant__43.png,0.7905885448398053,0.7382624104694973,0.24391780778087252,0.2091422402326714,0.25681021026734513
restaurant__44.png,0.7455951531110703,0.7353357140451823,0.26847118567622663,0.21936405659420577,0.2801806217329968
restaurant__45.png,0.6255692168166694,0.7219368993355492,0.23543296982528641,0.26861911961664775,0.3695403994111625
restaurant__46.png,0.7183274390498575,0.6724958809047956,0.333507781426631,0.2976955331465245,0.24385073375575128
restaurant__47.png,0.7000943148035939,0.6895617002282226,0.24941403987087066,0.22887692668874351,0.34450216376271653
restaurant__48.png,0.777779455514132,0.728324053766452,0.2722640928026682,0.21640483801961577,0.2795087415503569
restaurant__49.png,0.7504025026348355,0.7270847649959495,0.2532914817355723,0.21794602129222218,0.28854009620447213
restaurant__5.png,0.7960508651849025,0.7391906863427384,0.23608174518356484,0.21442547273188994,0.2594675268841285
restaurant__50.png,0.7972370281861149,0.7093893473582917,0.27819448386145085,0.2273336184054589,0.2571267677714182
restaurant__51.png,0.7608432178046103,0.7071568674201054,0.29249369768240463,0.2710567561436044,0.25216247083570176
restaurant__52.png,0.7498812294259238,0.7294753252367085,0.2418952056677378,0.23719729305205325,0.2835564627950943
restaurant__53.png,0.7660830850871511,0.6940149392365823,0.29337478135171113,0.2560790938013699,0.25231588906228203
restaurant__54.png,0.7242802463712622,0.665551520038221,0.28291580376620695,0.28135060464354905,0.2783660254411995
restaurant__55.png,0.7720079649228895,0.7242347628850645,0.24282351438056154,0.2598699926144234,0.22899359240762435
restaurant__56.png,0.7924557924081334,0.7085044209594955,0.25165070485898505,0.21791662116818106,0.2554830612565981
restaurant__57.png,0.7256183531920982,0.6791500344514274,0.2653766098268898,0.2281011460336915,0.3106175077836762
restaurant__58.png,0.7279899560081182,0.7275348154940968,0.20728695894353322,0.2408935642354613,0.25004641743081013
restaurant__59.png,0.7448142165000771,0.7332231336698715,0.21158202011703012,0.23419351235729527,0.2741626364153418
restaurant__6.png,0.8047127912542923,0.7735820291451438,0.23245952400302447,0.1763119825301671,0.27420257020141997
restaurant__60.png,0.7787496636568443,0.7130867752619221,0.2526835797505112,0.19376121153510426,0.3010969476770446
restaurant__61.png,0.8263927623979307,0.7389411264252388,0.26823752898766745,0.18496810183924456,0.21489437246436668
restaurant__62.png,0.7638348717008544,0.7211913136240186,0.21654822533851403,0.2185644096833738,0.26256499437072783
restaurant__63.png,0.7295134017611055,0.7341764560747325,0.22424104355651175,0.24966065589559058,0.2785258008936065
restaurant__64.png,0.7163873686961992,0.6809447094330988,0.25050861835070165,0.2544062037616755,0.30664595822093793
restaurant__65.png,0.7770036213680535,0.7537836105346234,0.22484792294173622,0.21229178941643922,0.25689553945791105
restaurant__66.png,0.777912265820754,0.7180022824765797,0.23833787398629677,0.2062772248834781,0.25403688390292234
restaurant__67.png,0.725006494817964,0.7352625409840325,0.24522073766528082,0.22832574358201194,0.27555495240752004
restaurant__68.png,0.7776911182778798,0.7185138182443533,0.27241285450705643,0.24664631024381214,0.2296771511208904
restaurant__69.png,0.7358956577695532,0.7066237038554447,0.2736406822374648,0.2452165831795646,0.2688439476550606
restaurant__7.png,0.780395293491184,0.6871466056593601,0.30152261282169407,0.22734344609183324,0.26007850504163676
restaurant__70.png,0.7404459217263835,0.733082557425311,0.21010677255069896,0.2112807242979629,0.27258076994433555
restaurant__71.png,0.760285330435969,0.7348153573362601,0.25345645615247936,0.23857551250825468,0.2822283371844103
restaurant__72.png,0.7614110244163377,0.7299655621080108,0.23124672875715974,0.25469443332700636,0.24734802901187947
restaurant__73.png,0.7958479164521974,0.7531679742546841,0.23577597894257185,0.1912533654220291,0.30480653222262366
restaurant__74.png,0.7834883779541626,0.7442361685191177,0.2512479267155016,0.23061758863912699,0.25731989032092
restaurant__75.png,0.7888261979415545,0.7335350611600011,0.2794732796746044,0.1942439177153601,0.2767554796628352
restaurant__76.png,0.6978300010765924,0.7135312127369904,0.26214589620664563,0.22472048938984082,0.3412439539592051
restaurant__77.png,0.803014021659507,0.7315769684578033,0.24897690670463676,0.16680382218505838,0.26861547355467275
restaurant__78.png,0.7659538657328352,0.7406436798530591,0.21576558862605305,0.20169308382534476,0.28231776431106426
restaurant__79.png,0.724059300204468,0.7010676906059223,0.25170409111697367,0.24996771422869377,0.2478481119747929
restaurant__8.png,0.7360291313627939,0.6740381938954798,0.3008398257107503,0.2847795849527401,0.27204687647388603
restaurant__80.png,0.7418211344100648,0.7217724131134485,0.26284862557875366,0.2626193711252191,0.24793801628393838
restaurant__81.png,0.714186070902608,0.6981568748644148,0.23576717374927353,0.24759757496858723,0.2493175214439435
restaurant__82.png,0.7460598914392329,0.7064888648386786,0.26523452907354533,0.20914732975170597,0.31799366975160964
restaurant__83.png,0.7813195250388004,0.7650139331715845,0.2145665260384884,0.20896497905388045,0.22098126659079836
restaurant__84.png,0.6788124923008757,0.7510929121110442,0.20106031480965433,0.2320304847198903,0.302172669755502
restaurant__85.png,0.7265481567906394,0.7523629892443897,0.20732327622615063,0.21493642555879897,0.30239248978728067
restaurant__86.png,0.7556244909302855,0.7409472927582113,0.23684662096615605,0.23120643875902874,0.26012958697186445
restaurant__87.png,0.7717933142862488,0.7448376629657291,0.23593091541352146,0.1978835236004614,0.3018374413449074
restaurant__88.png,0.7733428641852713,0.711349821375564,0.27224480537818385,0.24672011066835867,0.26335814411125963
restaurant__89.png,0.7425363830121998,0.7126536256682676,0.26298239011880487,0.219636593635737,0.35018737060355837
restaurant__9.png,0.7582550239745771,0.7394017477499346,0.2326590636857566,0.20233785029802384,0.2809222952068345
restaurant__90.png,0.6912957041072778,0.6861692012602715,0.27234343062452837,0.28129302542860996,0.28128854116041424
restaurant__91.png,0.7780148591681262,0.7376160303962456,0.22197413603315266,0.22362617950644884,0.23276107680404434
restaurant__92.png,0.7056519490042829,0.7118791725685034,0.25795063098546855,0.230168390614724,0.28718554479158576
restaurant__93.png,0.7760932109845168,0.7051817670515877,0.28593365971606194,0.2211492396437341,0.29540054180625824
restaurant__94.png,0.7699516351263483,0.7618701245089988,0.2239779563862476,0.19939823045361346,0.3139743510912939
restaurant__95.png,0.7674635031773173,0.7472952436612779,0.22648944650469843,0.20214370933189432,0.2539764247448534
restaurant__96.png,0.7837132839316505,0.7213216564077192,0.26360271135427943,0.1962837753788952,0.30721309873747515
restaurant__97.png,0.7194752440475375,0.6540322877899849,0.3292429118444587,0.30315635949350217,0.2963240607535533
restaurant__98.png,0.7889634408304151,0.7372522618664881,0.2644654468179574,0.19450481447812473,0.28766746783316083
restaurant__99.png,0.7737190791625689,0.6992283827488935,0.28223311153660197,0.22903609104973272,0.25353506336479736
