image,symmetry_lr,symmetry_ud,symmetry_lr_ud
bedroom__0.png,0.33081958823116386,0.22369937463935918,0.20890442998389014
bedroom__1.png,0.2956626847810555,0.18681014320913936,0.2731596211352152
bedroom__10.png,0.35276278940372685,0.3277523058774219,0.252506293589836
bedroom__100.png,0.37537152249255445,0.3275152905012163,0.26617809939816606
bedroom__101.png,0.3762705141981254,0.31051343904908013,0.2683112176428101
bedroom__102.png,0.3942114279570448,0.3106720552628206,0.306399287345011
bedroom__103.png,0.32496283825308503,0.379593663443791,0.263302247630661
bedroom__104.png,0.3712292700026485,0.4139925139101951,0.3448486207283754
bedroom__105.png,0.3060297626598657,0.3196114455864686,0.26634042748287623
bedroom__106.png,0.3505528710522182,0.38733176245680523,0.2857527641763965
bedroom__107.png,0.4165641040488596,0.19784301363566204,0.18112399309166094
bedroom__108.png,0.27110821300323584,0.3255772826728198,0.21156300302461917
bedroom__109.png,0.341470251864499,0.3253204063168912,0.21518754573555177
bedroom__11.png,0.416193784014275,0.3755853372356238,0.3612472000807544
bedroom__110.png,0.47377804322972783,0.2852432517971022,0.2541069075335488
bedroom__111.png,0.5046378861117264,0.28365703663428377,0.2754224665393403
bedroom__112.png,0.3388556726722425,0.30408541352434293,0.24272201238028668
bedroom__113.png,0.26339749625414943,0.2818619286956503,0.2125970240266677
bedroom__114.png,0.32751885643144574,0.2637670933420879,0.20528179407143798
bedroom__115.png,0.3748538131140049,0.3112496074716212,0.2556635340120944
bedroom__116.png,0.42814363396045674,0.3786820417252683,0.31376237732786993
bedroom__117.png,0.30466349486855737,0.31317380159021946,0.24654195954758396
bedroom__118.png,0.2733893045769984,0.2594934573588612,0.20414990963016888
bedroom__119.png,0.4070765753444381,0.37380202455874934,0.34858577738464447
bedroom__12.png,0.2717710373532073,0.29252369223282004,0.22593869010271006
bedroom__120.png,0.3358681533079477,0.30388976455419536,0.2665502509141574
bedroom__121.png,0.35523393065129083,0.34563032484955536,0.29355413157985044
bedroom__122.png,0.3165130331633599,0.2532301426797996,0.23165118104942506
bedroom__123.png,0.3739069949173608,0.3740481106965584,0.3304453516112362
bedroom__124.png,0.3267854212063709,0.3043353865933026,0.24046198176817246
bedroom__125.png,0.4352045486858346,0.2659679980116223,0.24388437893210024
bedroom__126.png,0.37771205624195214,0.27373606472723455,0.22729919548833188
bedroom__127.png,0.47815790280371595,0.28084431305392865,0.2594467683576047
bedroom__128.png,0.4173654917312758,0.23569812066500184,0.22442204291568624
bedroom__129.png,0.35410900950784363,0.3078358690454873,0.25734027944573257
bedroom__13.png,0.5803552854756777,0.3324800281393582,0.3193066454408803
bedroom__130.png,0.37263086276659474,0.2968501280956385,0.24496943534958315
bedroom__131.png,0.4138909893925713,0.26069494427335815,0.23947407721905967
bedroom__132.png,0.3574534570197996,0.30074877327819005,0.3387907034003226
bedroom__133.png,0.2967337084686429,0.37957780925913565,0.26733084966117693
bedroom__134.png,0.27691484604263583,0.2517468879762702,0.2690868166439986
bedroom__135.png,0.28919395834524686,0.24969211925950097,0.2294227316377836
bedroom__136.png,0.28671637928239047,0.311159432947552,0.2842024191577419
bedroom__137.png,0.3879212090463292,0.38429772578324883,0.36193516961757133
bedroom__138.png,0.3135518385350121,0.3325705839946874,0.2862106823079047
bedroom__139.png,0.4231147080806298,0.29931914325757136,0.28740470853547606
bedroom__14.png,0.30430417386823794,0.3145930616202771,0.24937699061754948
bedroom__140.png,0.2992007820158159,0.32801255713581134,0.220327590592588
bedroom__141.png,0.3607535898447657,0.22600993087256482,0.20877724868451364
bedroom__142.png,0.41600182873662606,0.4064356352275461,0.35673109912891554
bedroom__143.png,0.37245294654028005,0.37410148335725224,0.2986010993030439
bedroom__144.png,0.2557577141787435,0.3302783846399767,0.22499636950729962
bedroom__145.png,0.3803245039139923,0.4371628810300404,0.36593719880285425
bedroom__146.png,0.34332785112831166,0.2962390322963716,0.2304515776040691
bedroom__147.png,0.36228410345439976,0.2996614699579294,0.22665056143173
bedroom__148.png,0.3388098131847336,0.29475984211757045,0.24535182434350977
bedroom__149.png,0.3747988789278973,0.3971531160148394,0.3618253507526583
bedroom__15.png,0.4044839844939373,0.3703112043071587,0.3351971932612904
bedroom__150.png,0.4992173066387602,0.46604019551589027,0.4169800450118927
bedroom__151.png,0.30233622467937116,0.3460939891373457,0.3006346150727227
bedroom__152.png,0.35882770242638007,0.36594060700759856,0.36060257760919934
bedroom__153.png,0.35718362537708426,0.3259382751275123,0.3210215312311917
bedroom__154.png,0.338760332948173,0.30457371482253315,0.2416176758475821
bedroom__155.png,0.22702396751682696,0.2829397957892342,0.16797223470659062
bedroom__156.png,0.4253531064654401,0.37699775988673245,0.3387401042092608
bedroom__157.png,0.26004501825236326,0.31308167135094933,0.2737907518269802
bedroom__158.png,0.28129402886990573,0.301265723853136,0.21429120625177256
bedroom__159.png,0.28772278771238935,0.23066904219676954,0.20936050876948653
bedroom__16.png,0.33739333020692375,0.3149569794568947,0.2705783824851724
bedroom__160.png,0.3281923849060454,0.28292725694769416,0.25205089587052387
bedroom__161.png,0.2547923496964578,0.33534085017523585,0.24629888880794115
bedroom__162.png,0.3223524796341022,0.34867205434742754,0.3131076058230575
bedroom__163.png,0.3090800103405753,0.3669314917149541,0.25717471865353136
bedroom__164.png,0.3151003468251008,0.2917523262748769,0.24837996500633108
bedroom__165.png,0.41490645861196207,0.4059756555908467,0.36982613029220357
bedroom__166.png,0.2809734086318131,0.24251002245632625,0.1622040023897673
bedroom__167.png,0.40592916512411215,0.34860624111466854,0.29127785814947227
bedroom__168.png,0.4364469255565129,0.23743670521287563,0.22506980463612125
bedroom__169.png,0.3266027397493554,0.2755063942731919,0.17998946011946715
bedroom__17.png,0.3376021039509661,0.319151936740522,0.22961641698468926
bedroom__170.png,0.3575976823284258,0.39978440345416766,0.32093284666380306
bedroom__171.png,0.3437298674311069,0.32736504069232575,0.26511714674345366
bedroom__172.png,0.33720318289672835,0.28625491955110394,0.21442335260495382
bedroom__173.png,0.40122197190666364,0.38766063992606536,0.3357145362079733
bedroom__174.png,0.36150044728499564,0.3799380245652806,0.3321677322587162
bedroom__175.png,0.34373595873957963,0.3407037580988965,0.3128928734513178
bedroom__176.png,0.33072701452719055,0.30022886856093867,0.24273164097668276
bedroom__177.png,0.25260784763108346,0.21347326461844773,0.17019208245480044
bedroom__178.png,0.2739363389693332,0.309358147222219,0.2738466497449855
bedroom__179.png,0.5017007147170879,0.36566563086098525,0.3353804499922911
bedroom__18.png,0.4543709011119752,0.3173076216515994,0.25929970583981055
bedroom__180.png,0.3804500164176797,0.3803072928373944,0.3158593469513543
bedroom__181.png,0.29720505125076424,0.2508446249999001,0.22320286114729437
bedroom__182.png,0.3436686114727219,0.3072059993896906,0.3350635809702026
bedroom__183.png,0.36957691280233074,0.38854640783769634,0.3428144258691326
bedroom__184.png,0.3704732327503911,0.3738265238197821,0.31992834222812583
bedroom__185.png,0.3264022723278902,0.28354345677802684,0.2523259953018333
bedroom__186.png,0.34312234739170777,0.34967710541036345,0.28615535068580666
bedroom__187.png,0.3327537043423884,0.30066453206142707,0.2518099509767687
bedroom__188.png,0.4118784109101642,0.33034921028274455,0.2739660298176788
bedroom__189.png,0.3081206350603334,0.3519163505094274,0.26744748451023914
bedroom__19.png,0.3502929567417816,0.38174257990055904,0.3183068292534206
bedroom__190.png,0.225224345132494,0.36191862506405836,0.15995705654494108
bedroom__191.png,0.3302029350168112,0.3345544620662684,0.28428524460599824
bedroom__192.png,0.21590695766781942,0.3033726639140426,0.20694100679551009
bedroom__193.png,0.28396952040231127,0.3257659296492992,0.20486158880131633
bedroom__194.png,0.2917382429880818,0.29884077114317575,0.2619660441021725
bedroom__195.png,0.33552534355203056,0.3124288326075406,0.27666753131008726
bedroom__196.png,0.3504726900623665,0.2876021953919067,0.26260663805335616
bedroom__197.png,0.42563724524923097,0.41829549279377143,0.36889424438457774
bedroom__198.png,0.29329650041685873,0.33180298712303025,0.3216528076496259
bedroom__199.png,0.3620544242703524,0.227014729511261,0.21336904221798703
bedroom__2.png,0.24145931376979568,0.3101259130377416,0.19203138438102552
bedroom__20.png,0.3476868845623864,0.2677817832282068,0.23754547164242268
bedroom__200.png,0.29464457324750737,0.24157254977482523,0.18526814404748015
bedroom__201.png,0.34938245884038854,0.3561799754249845,0.2920515480492112
bedroom__202.png,0.31119794640081333,0.350678970878031,0.26540816230390263
bedroom__203.png,0.4575067513631098,0.3317713660422734,0.3188090668408271
bedroom__204.png,0.38382145953182845,0.29200098544665354,0.27580962065015036
bedroom__205.png,0.35822108390051444,0.41212676896338685,0.3424798808625541
bedroom__206.png,0.3411849363013767,0.347221180907078,0.2980601307347739
bedroom__207.png,0.38708140674042013,0.4074467962952495,0.355369693486252
bedroom__208.png,0.3768417859054868,0.2885329378291297,0.27057380212958715
bedroom__209.png,0.34683651142992244,0.30326217893567087,0.27373443317190516
bedroom__21.png,0.3665724185189213,0.3904754559400482,0.3634208008989408
bedroom__210.png,0.387266263256388,0.37629543850843705,0.30514113540799315
bedroom__211.png,0.2837184324812724,0.2893753068605799,0.16150355281558548
bedroom__212.png,0.4155801674270837,0.3615971336338597,0.3807376000533309
bedroom__213.png,0.3390564320855842,0.2828047777656423,0.2743975264785805
bedroom__214.png,0.3405274886709847,0.3714345853643183,0.2986197357569602
bedroom__215.png,0.48397790005212926,0.30611322875154334,0.2645051290980728
bedroom__216.png,0.45795528386956075,0.26733435752397194,0.2515569770924828
bedroom__217.png,0.44466530011463434,0.26396563736469947,0.2580318798523046
bedroom__218.png,0.3683586769296737,0.3517596301286936,0.33515375786377977
bedroom__219.png,0.3133870261978684,0.25666304804472906,0.1570336549615654
bedroom__22.png,0.3423270512054738,0.24912721874517652,0.2656581059391594
bedroom__220.png,0.2712807818873628,0.29076639626164746,0.3316167768300239
bedroom__221.png,0.42336082237454553,0.34326509402932237,0.3355524831496065
bedroom__222.png,0.43665479018016706,0.32441209380220626,0.30736816333868
bedroom__223.png,0.30311042137835265,0.2507930635799561,0.220791800215138
bedroom__224.png,0.324601405280147,0.30788855965964423,0.2755778439028518
bedroom__225.png,0.3685744345082601,0.3803881031977361,0.31739735953629655
bedroom__226.png,0.38435898688822123,0.29964051085463805,0.31129022806833406
bedroom__227.png,0.33466916915192546,0.3795295496702804,0.31060799137689943
bedroom__228.png,0.38371083130255834,0.3981155978231897,0.3683282648724877
bedroom__229.png,0.36751938309479504,0.25992723311012556,0.2623029095808098
bedroom__23.png,0.2736560400454333,0.2311788939797319,0.19288668453405156
bedroom__230.png,0.3069073553757936,0.3083995303175574,0.28490313944904955
bedroom__231.png,0.32044101466024344,0.36591642173996763,0.33739833679945985
bedroom__232.png,0.40599234044758425,0.3693130417470838,0.3864408437479784
bedroom__233.png,0.3021500673915366,0.2844781398460662,0.2973521137257309
bedroom__234.png,0.4161359528288142,0.37204035245844413,0.2999032636606085
bedroom__235.png,0.32365624558554795,0.4033887784254214,0.2409260372590447
bedroom__236.png,0.2956222753479232,0.35862945448168215,0.26573717089058835
bedroom__237.png,0.3606541324522805,0.3455843748363465,0.28946302842341953
bedroom__238.png,0.1712697136614747,0.22434429714545712,0.21249894172976147
bedroom__239.png,0.30918460621067667,0.27266227378905106,0.2862964735020085
bedroom__24.png,0.4067253590219658,0.42193273723454827,0.37660460463756285
bedroom__240.png,0.2851484713347189,0.3800657015259129,0.2503503117761028
bedroom__241.png,0.4469652181280047,0.3665657006271573,0.3504625497498767
bedroom__242.png,0.3143065850809419,0.35125368836044735,0.2458319495554271
bedroom__243.png,0.40536883818674996,0.31400949794229305,0.28594564521959653
bedroom__244.png,0.35604981730627816,0.4008054827920131,0.29951795970049266
bedroom__245.png,0.40653409328950607,0.35763443537393513,0.30967311939763265
bedroom__246.png,0.37965532005941693,0.330767711355634,0.29671165946537104
bedroom__247.png,0.2820225429916683,0.28572843900562284,0.2578477092861243
bedroom__248.png,0.35657431090953107,0.325492678272736,0.26469239848680715
bedroom__249.png,0.3671046110768946,0.40422916376694706,0.3355648918200651
bedroom__25.png,0.3392529092537583,0.3543117118018466,0.3083363807884755
bedroom__250.png,0.2870645068363805,0.2818485076149887,0.2746657661081815
bedroom__251.png,0.3307938213989037,0.34669381767584484,0.3069255776015929
bedroom__252.png,0.34204087399495264,0.2897206000024173,0.268818899916773
bedroom__253.png,0.3866545170015625,0.2912707335815423,0.23747759621581266
bedroom__254.png,0.3497519939895034,0.24700936153785547,0.22114068750339366
bedroom__255.png,0.3545256116593404,0.25415833216606887,0.2625364061124438
bedroom__256.png,0.4361786242233452,0.4094241994106905,0.37763707482121256
bedroom__257.png,0.3540974600386324,0.32701752565293696,0.2993787216660667
bedroom__258.png,0.2952856004232113,0.17294976203564305,0.18347349525641865
bedroom__259.png,0.3964958988226712,0.21386470377076539,0.20113676265473523
bedroom__26.png,0.3557296612759864,0.2814506171140734,0.21529411466724924
bedroom__260.png,0.3686819359377167,0.3345835041018761,0.30732120771501725
bedroom__261.png,0.35196841411646285,0.37043410958447187,0.24484209572620586
bedroom__262.png,0.3569374851461833,0.3292982920887245,0.27479866171050127
bedroom__263.png,0.3948723359628199,0.31791228042185316,0.2873923846915719
bedroom__264.png,0.35763609626485815,0.26846258598899386,0.1940726188556836
bedroom__265.png,0.30076865130212904,0.3076225091860951,0.2946315617969505
bedroom__266.png,0.3961634661793173,0.3255149226448709,0.3210638327560772
bedroom__267.png,0.3301056256897926,0.27136146552165075,0.23575531882607714
bedroom__268.png,0.4130644848830122,0.23740840133910035,0.18573721072463978
bedroom__269.png,0.26726552365861345,0.36953273776580453,0.23974465627931885
bedroom__27.png,0.3496939144261393,0.24142187896231748,0.20559472639351717
bedroom__270.png,0.36587821994477543,0.3155166066606665,0.3209750834439372
bedroom__271.png,0.39104407436151156,0.3566278211293964,0.35190500284324544
bedroom__272.png,0.43634263988937294,0.4292847975204185,0.3775760601891941
bedroom__273.png,0.37506306391933897,0.363728904097133,0.3190122744048953
bedroom__274.png,0.4321881891576168,0.35979664654628707,0.35169267982995267
bedroom__275.png,0.39575265519469327,0.33745773907856647,0.3057459932476403
bedroom__276.png,0.3406820203307195,0.32013685766924793,0.285111485032428
bedroom__277.png,0.3803205506034897,0.33419349059653847,0.23311123381056886
bedroom__278.png,0.3202452914741727,0.2503738730414794,0.24716409528490646
bedroom__279.png,0.346462769579325,0.3576325010709215,0.3191654395637584
bedroom__28.png,0.29407264969781555,0.2973037237923798,0.25432988586702243
bedroom__280.png,0.34035118086848404,0.38424509045703303,0.325435587199839
bedroom__281.png,0.3641056428786482,0.32927906699624176,0.25305953987153074
bedroom__282.png,0.3487960103365745,0.31788048484968723,0.2911077517242896
bedroom__283.png,0.43973503719939555,0.27726083259976475,0.27374016140849533
bedroom__284.png,0.388992998444858,0.3515458085357104,0.325347533592549
bedroom__285.png,0.37565729517917057,0.22020422874311507,0.20727622430499282
bedroom__286.png,0.43131746655038217,0.3360206473862961,0.33156041084157484
bedroom__287.png,0.3422941747448822,0.33865380236182296,0.29322144634229375
bedroom__288.png,0.3668846497617456,0.2168365672189192,0.18438646676173465
bedroom__289.png,0.3856553340926161,0.3749276552239402,0.34936731719644387
bedroom__29.png,0.3470420413266645,0.21721203101147835,0.25210807767008403
bedroom__290.png,0.3759005436931637,0.3802020461675286,0.3314254877003838
bedroom__291.png,0.35716658483176245,0.3010714343200075,0.30474879334558
bedroom__292.png,0.2603870700221872,0.2848026686148917,0.23890746053068024
bedroom__293.png,0.48433394296955024,0.42848143042627607,0.40041438664841467
bedroom__294.png,0.3562065298819205,0.3553845934746124,0.33222589749966214
bedroom__295.png,0.4082068884917286,0.3134105434491381,0.2538241322100636
bedroom__296.png,0.37137392112311407,0.3026198337599637,0.24106211013164358
bedroom__297.png,0.40620887720012155,0.40193038219776944,0.3423738456106096
bedroom__298.png,0.3992390958071107,0.3272421369001023,0.2969888841132108
bedroom__299.png,0.39155128991800336,0.3568276374031094,0.3589089449464211
bedroom__3.png,0.3125810572896882,0.22766612099526695,0.1641346062385992
bedroom__30.png,0.36306624694251777,0.31530288193511624,0.2863025843843411
bedroom__31.png,0.28857074446563624,0.36843945835149305,0.2902974054773586
bedroom__32.png,0.3085361189577128,0.2682244592227985,0.2526849790331328
bedroom__33.png,0.35952446173656205,0.3193822447567589,0.2968420397612308
bedroom__34.png,0.2967202194154801,0.2829017124723665,0.22344023602080387
bedroom__35.png,0.3384540409875171,0.36501540672308963,0.2849499562765533
bedroom__36.png,0.32068685418953957,0.20655708206506163,0.2094491865528848
bedroom__37.png,0.28174695327103605,0.2916824236094845,0.2533280282027415
bedroom__38.png,0.26036733228314035,0.2688531642443339,0.19970013962217315
bedroom__39.png,0.2939613882788813,0.33479739142921006,0.25345238744399023
bedroom__4.png,0.38443009401551065,0.26404362843999873,0.2547481612834964
bedroom__40.png,0.34097674231735564,0.26812790296070865,0.21475534379246786
bedroom__41.png,0.3396206802779127,0.3349820970806734,0.2560233145992086
bedroom__42.png,0.2694513587306939,0.21477075668848578,0.17087387736145931
bedroom__43.png,0.298553426663435,0.2988872360324697,0.2778804086486669
bedroom__44.png,0.36013530746499234,0.3806555205640536,0.365024767278073
bedroom__45.png,0.3924903036825307,0.4034007630099389,0.3405660586668591
bedroom__46.png,0.30974827995101284,0.31089279728854036,0.2396245380039237
bedroom__47.png,0.42619169949137825,0.3776500030912463,0.3750619362322286
bedroom__48.png,0.3431783059620438,0.33717265438036415,0.25863237769226566
bedroom__49.png,0.41720383919862336,0.3467260556921472,0.3142307871882424
bedroom__5.png,0.35830816963104517,0.29097935597640734,0.23813636528802207
bedroom__50.png,0.40525783222189293,0.3651305165776437,0.32291319381071615
bedroom__51.png,0.3245154272626204,0.3149573507443556,0.27927192227174436
bedroom__52.png,0.40812601452327757,0.36210007944703293,0.3668047665282774
bedroom__53.png,0.34253970616827134,0.19736426729309497,0.15621521429112073
bedroom__54.png,0.2982608841427221,0.40199908771220993,0.27968983635918077
bedroom__55.png,0.3498606415764697,0.4047747868289736,0.3082156199219339
bedroom__56.png,0.29939623458932296,0.3264566378842092,0.2606803478881018
bedroom__57.png,0.3790216995558867,0.3720639375870536,0.3036422265975248
bedroom__58.png,0.37019103975987433,0.354983863527649,0.3652516064654331
bedroom__59.png,0.28284550699281974,0.28617930215482157,0.17261522424490905
bedroom__6.png,0.37789197143801445,0.3752126678253487,0.33388006518621216
bedroom__60.png,0.3741785162219259,0.3566686626969865,0.3176245835698004
bedroom__61.png,0.36393770742985754,0.36945602587519477,0.3279622424987044
bedroom__62.png,0.31087585595955924,0.2519335082498072,0.2078664245938363
bedroom__63.png,0.2980791754263612,0.25885742300597814,0.28432960431932675
bedroom__64.png,0.39150398247688467,0.3519315984192337,0.3273584863295762
bedroom__65.png,0.34627751063237144,0.3137368825708772,0.2776267355804437
bedroom__66.png,0.3504346269838875,0.28055254097592,0.2541242390741949
bedroom__67.png,0.40910439085464867,0.2794112073741153,0.24006455447267283
bedroom__68.png,0.37803690301849835,0.3190015009142736,0.28742695198578905
bedroom__69.png,0.36870796924915694,0.36114096100159343,0.35165479832892044
bedroom__7.png,0.3722431470257238,0.32634924732805626,0.2794831401501676
bedroom__70.png,0.1862515473365911,0.2724176459068921,0.15768951778328422
bedroom__71.png,0.3985646561442414,0.390829420943968,0.3174304742177718
bedroom__72.png,0.4901898444718138,0.4504245740875251,0.44418127789201534
bedroom__73.png,0.2984644562005142,0.28020936704544464,0.22683038581297865
bedroom__74.png,0.38539563234182383,0.3142929088434254,0.280779663224079
bedroom__75.png,0.3300089340495592,0.3499759888955555,0.3413766827815974
bedroom__76.png,0.36955624816637545,0.28041929205225247,0.23619778857108853
bedroom__77.png,0.36884095187151933,0.33098887705647273,0.29008236913438623
bedroom__78.png,0.3769196168530152,0.3519396980764047,0.2866834098765837
bedroom__79.png,0.35338842911281265,0.32988397720518237,0.26913550996282
bedroom__8.png,0.5175319922725826,0.28827180176964606,0.2541669120017296
bedroom__80.png,0.3145776241787611,0.2790276446607577,0.25791389948921817
bedroom__81.png,0.49851044041695913,0.3251458507378028,0.27957342416044684
bedroom__82.png,0.3315099543065192,0.2299896637790383,0.2148344395888817
bedroom__83.png,0.3483817659088826,0.3673937435329423,0.31753673858329257
bedroom__84.png,0.39373437290249746,0.30830362168872794,0.2603045949182986
bedroom__85.png,0.32529676690894593,0.319938638534369,0.2356408627416443
bedroom__86.png,0.31962853418851134,0.35101634241980306,0.27084732058173167
bedroom__87.png,0.34003549322024873,0.37333690415064036,0.2698292053612552
bedroom__88.png,0.35762839374768873,0.3523697637195615,0.29161551441469635
bedroom__89.png,0.6219007988615624,0.35622254504327333,0.34357174112662936
bedroom__9.png,0.34549761019252634,0.35496223213482025,0.28744770259863894
bedroom__90.png,0.37417888341194305,0.2421854626625819,0.23590937566406278
bedroom__91.png,0.3970064343878038,0.34931983208160167,0.3356486532179519
bedroom__92.png,0.3720358285825033,0.2299846862271664,0.16695194389712387
bedroom__93.png,0.43291154370126117,0.38566818634500777,0.3731996142063987
bedroom__94.png,0.32992476826853745,0.3434018164003043,0.3066607940014172
bedroom__95.png,0.4411193718991009,0.38142652190502546,0.3376536608475602
bedroom__96.png,0.3584419945630284,0.3636912595331838,0.3257713072838545
bedroom__97.png,0.38040457173274467,0.40674424531341025,0.33473206396357613
bedroom__98.png,0.26881576957523545,0.2323223639608526,0.1511261713720078
bedroom__99.png,0.37924553704417774,0.23345756240150406,0.1784229299059874
dining room__0.png,0.48498509197433015,0.46522763690682556,0.44193511671493657
dining room__1.png,0.4183025925497298,0.4012178027626013,0.3420904740819417
dining room__10.png,0.3609314404514533,0.39801164401687283,0.34788520008563517
dining room__100.png,0.40217324074872474,0.37182836082747417,0.26909384816223403
dining room__101.png,0.4177101876083059,0.4318430362087936,0.37105462212597173
dining room__102.png,0.38070214728532736,0.38189950327161315,0.35946520737081267
dining room__103.png,0.3862985162574958,0.3576207660007804,0.37253965373016806
dining room__104.png,0.3305288439171802,0.3571874165911272,0.32105193834682844
dining room__105.png,0.455745852447632,0.3070904301438304,0.2847046328771603
dining room__106.png,0.45686240319052074,0.32536588383994014,0.29049954475597806
dining room__107.png,0.401805580042356,0.3105059966936815,0.2736110797971528
dining room__108.png,0.36203917625630677,0.3786470621816639,0.28920714528768343
dining room__109.png,0.40722206147707074,0.4383862516152327,0.3470351541903234
dining room__11.png,0.48741484431660564,0.37049793475590087,0.3367897143191114
dining room__110.png,0.34310142942875865,0.4037435984167407,0.31566067159040645
dining room__111.png,0.3664519933292,0.3676445931064857,0.30927777784543997
dining room__112.png,0.3505395886749513,0.2836628276104335,0.2561031130623842
dining room__113.png,0.3573972753014535,0.32381565320601136,0.27472779974072226
dining room__114.png,0.4342118887804808,0.36074647757771294,0.3343430961178705
dining room__115.png,0.46064685075929734,0.34416680731636007,0.2915988675329677
dining room__116.png,0.3717727410682218,0.32415505918462684,0.2844212501203839
dining room__117.png,0.3809141218912838,0.3715918612453307,0.34171129222663355
dining room__118.png,0.5104713067372499,0.42045561540842147,0.37020386793210747
dining room__119.png,0.3871871290500001,0.44378814107641507,0.31110564752838
dining room__12.png,0.44013088292744007,0.3741913324726196,0.3488665919302618
dining room__120.png,0.35157341208119397,0.2320240563910444,0.2285571274069117
dining room__121.png,0.3768708791523915,0.3854516847474323,0.29444170674180004
dining room__122.png,0.5082155607769312,0.28346504400566686,0.25876157032155334
dining room__123.png,0.45402844388949304,0.38490918024319143,0.33308085208835236
dining room__124.png,0.40875687957526663,0.36083510560031073,0.33255055450189674
dining room__125.png,0.4538647102375024,0.3501977407119088,0.3391508158150328
dining room__126.png,0.4526753390226044,0.3974351777312648,0.390353322912978
dining room__127.png,0.4137799838306587,0.2239348274052645,0.1817398257740246
dining room__128.png,0.33991679634890326,0.3475845813836753,0.3478221209811375
dining room__129.png,0.37156929259902083,0.4207122463087227,0.3564181429908052
dining room__13.png,0.3748112206438303,0.3578383307836751,0.3267375859471272
dining room__130.png,0.42605620222641605,0.3777662182088728,0.3389295126078097
dining room__131.png,0.40069974136630726,0.31264521099800746,0.2879446552824535
dining room__132.png,0.38792074797473486,0.32987981018440005,0.30350876531418225
dining room__133.png,0.4290517112826847,0.39887341107999674,0.38279619588589586
dining room__134.png,0.40178907334151215,0.34647694039147503,0.30413049061297837
dining room__135.png,0.3647993003061226,0.42484000876715655,0.3017833586980443
dining room__136.png,0.35848266295965914,0.3981030730262525,0.31921137557962465
dining room__137.png,0.4529894751566389,0.4921702658532743,0.40851620854452664
dining room__138.png,0.35928757791564325,0.3522125807235146,0.327523118556693
dining room__139.png,0.4995275095043026,0.4124929217210134,0.40315011847280013
dining room__14.png,0.5174583427318338,0.4447453843973903,0.4131658291242749
dining room__140.png,0.3036029806270064,0.26959268525161384,0.20987583748512262
dining room__141.png,0.41991849241861867,0.36508479301526964,0.36480347048611095
dining room__142.png,0.4067185648801491,0.39017120508431824,0.3087934467405442
dining room__143.png,0.37869825014578673,0.26767338944679453,0.22072853454842667
dining room__144.png,0.464356711779496,0.30991007953422833,0.30534638659840163
dining room__145.png,0.3561735989527237,0.3484208122428001,0.3406695755105391
dining room__146.png,0.3576968625907354,0.40509496454164284,0.3233378210035056
dining room__147.png,0.3235109354192376,0.32821912746507076,0.3002481073370934
dining room__148.png,0.5400308696370685,0.22658519738786997,0.20557490970444758
dining room__149.png,0.41421637194085703,0.3559331936105513,0.32781066860855335
dining room__15.png,0.4927143393431448,0.44085550194860257,0.41468036590940593
dining room__150.png,0.4388721546087154,0.41282582181259553,0.38684918087535547
dining room__151.png,0.34386857499415957,0.30221069919128674,0.27756080856745813
dining room__152.png,0.3809185025769366,0.3804550188439878,0.34105328801118684
dining room__153.png,0.3915739350926256,0.35868521222384575,0.35861518100814505
dining room__154.png,0.38991310046284045,0.4146858656951795,0.35903445876312245
dining room__155.png,0.46829926255533905,0.41382956421111516,0.38378891302734086
dining room__156.png,0.43109740122623563,0.3621877166210049,0.3610906055322658
dining room__157.png,0.3934202506286083,0.35016764924481636,0.38397396233200787
dining room__158.png,0.5261263653371684,0.47919122859370944,0.45282630038090654
dining room__159.png,0.4727435131595882,0.4204299566066094,0.3765962517978485
dining room__16.png,0.4537151077618915,0.34450484921957814,0.305093968343057
dining room__160.png,0.45010503811262714,0.3939545343499651,0.3760329237312193
dining room__161.png,0.3911124114659572,0.4441538912721732,0.3729826944823016
dining room__162.png,0.41392639600797987,0.3363743516350839,0.30788081596394656
dining room__163.png,0.416272877682193,0.39634471238956637,0.4154029164289963
dining room__164.png,0.405748720195234,0.37909359386266495,0.3208003363837816
dining room__165.png,0.33518009083746614,0.32278591546551794,0.2534896401846757
dining room__166.png,0.49276013983568867,0.4130028177047397,0.41420025003939864
dining room__167.png,0.34996574215923415,0.3322000690711512,0.2829630990623857
dining room__168.png,0.48169616520177216,0.3482999036439559,0.3118893435359702
dining room__169.png,0.47097088037997814,0.32927040885717485,0.30391352987633535
dining room__17.png,0.4330126600085896,0.4876939548826291,0.3873599142477552
dining room__170.png,0.4278197370938446,0.41930487903179636,0.3825156956246588
dining room__171.png,0.6253980599627182,0.4172773101120576,0.38691964218592345
dining room__172.png,0.4421817828500938,0.37734028991556323,0.35279759813427247
dining room__173.png,0.39368244205297,0.3232308890164245,0.26640616456298405
dining room__174.png,0.3294726747672959,0.3890470871205587,0.29835701321217833
dining room__175.png,0.4022710634737299,0.43534725564781374,0.3403609697818534
dining room__176.png,0.4196157937458812,0.35034273261792404,0.3443528718816602
dining room__177.png,0.3161423506278622,0.31913868915365295,0.27425127990508735
dining room__178.png,0.44289221327459904,0.37141580184136735,0.34731225046236536
dining room__179.png,0.3212294334219459,0.33963198812777706,0.2757561334354349
dining room__18.png,0.4747246657315449,0.39373360119073164,0.3510185341221197
dining room__180.png,0.3244848834373625,0.3731424524815843,0.34060991996184775
dining room__181.png,0.3881992248278652,0.4391300632172692,0.35227334427331947
dining room__182.png,0.29664094099688265,0.363764267590283,0.2762281370982874
dining room__183.png,0.36862726650211797,0.27926931691844037,0.2571295001416649
dining room__184.png,0.3744642299299423,0.3633383564853345,0.3762638882886622
dining room__185.png,0.32558472736317035,0.36205411891259076,0.2854564909723457
dining room__186.png,0.4063776425083431,0.37186763629156905,0.37290616501538953
dining room__187.png,0.35705937463060056,0.3718830302567606,0.3320249210799606
dining room__188.png,0.32633978835339406,0.33504510503783624,0.2536252502378916
dining room__189.png,0.43142936036169754,0.3458649895393652,0.3009625108250885
dining room__19.png,0.461689058367484,0.4008592102429894,0.3981973257206711
dining room__190.png,0.38789278693382756,0.37108651470418286,0.33011755196230963
dining room__191.png,0.42742071274830307,0.4308051695700883,0.3971738474083
dining room__192.png,0.3296044002244183,0.34260300147117373,0.266202364992536
dining room__193.png,0.44111759703696585,0.36259122933348176,0.36481278112934945
dining room__194.png,0.3637433670632466,0.33310029026369137,0.2977118341134751
dining room__195.png,0.46738784616692186,0.3238295467059783,0.27992675915255905
dining room__196.png,0.4178432717950953,0.47157401974597446,0.42487732746448814
dining room__197.png,0.47025667125552384,0.4549998288833338,0.4080610912456015
dining room__198.png,0.3340336986273381,0.34256766453606624,0.3575487962061036
dining room__199.png,0.43044449712809585,0.3935943329814725,0.3552206522281164
dining room__2.png,0.43423938618722835,0.3686531634200024,0.3286826717519852
dining room__20.png,0.40138869204295036,0.39580271424342883,0.34317217525146526
dining room__200.png,0.40764047621425725,0.36416256371079736,0.3481982701706371
dining room__201.png,0.41349659430609753,0.41305761208761593,0.3217225214692191
dining room__202.png,0.37903950845386425,0.36298036814360457,0.31820180576672163
dining room__203.png,0.36593251044599384,0.41388399710941515,0.31505292978698796
dining room__204.png,0.5478362269848867,0.49180250917823387,0.4467607235265709
dining room__205.png,0.38884143246132985,0.27764546607183527,0.2546196273481849
dining room__206.png,0.288066799230995,0.2993144244080538,0.2629442424553562
dining room__207.png,0.4822907247891406,0.40076967349814474,0.34640567346665785
dining room__208.png,0.3816902161141452,0.3761288424970106,0.3059694488381085
dining room__209.png,0.4200405862739429,0.37262820385169204,0.32087171962808114
dining room__21.png,0.45412116004473546,0.42126631565995554,0.38158252240522894
dining room__210.png,0.45137369299723673,0.41427372783671834,0.4098239070961951
dining room__211.png,0.3259946324986007,0.2915297431487517,0.21882136191968693
dining room__212.png,0.516611952958326,0.4594796423902411,0.4333759533198378
dining room__213.png,0.3997184288533612,0.2759391295906476,0.24754571062659592
dining room__214.png,0.3678400072416538,0.3904257634240095,0.34739930565550015
dining room__215.png,0.37773457359936313,0.29008555983108797,0.33036025843596883
dining room__216.png,0.3626279143801384,0.3892206538809754,0.3437660326406434
dining room__217.png,0.4455401300985755,0.3276723718653569,0.29715934649962394
dining room__218.png,0.417685334813794,0.3428464730468692,0.3427904276169703
dining room__219.png,0.36527265269711895,0.3431963728754698,0.32447631339300576
dining room__22.png,0.42705325309935493,0.4229722007881098,0.3764378981608162
dining room__220.png,0.35640319653089936,0.3829169732584542,0.3069589842957683
dining room__221.png,0.36950629004808366,0.31873611164908455,0.29861597567466225
dining room__222.png,0.45957454276968535,0.3171821380154666,0.2584186750277634
dining room__223.png,0.4651012755697995,0.352812761589112,0.3074096532244608
dining room__224.png,0.5563882187380624,0.4074857512491644,0.4017292737425535
dining room__225.png,0.3943965567190868,0.4037569186520895,0.3937939317274066
dining room__226.png,0.3631820115974702,0.3331338711342081,0.31101260388484764
dining room__227.png,0.4814278999465076,0.4200747673356836,0.42048076982070237
dining room__228.png,0.47221938874051383,0.31193329282597937,0.30093006895091434
dining room__229.png,0.5037913996063217,0.4427084648972781,0.4297703823711838
dining room__23.png,0.44653811965231915,0.4163019703185994,0.3927369866262771
dining room__230.png,0.46520655055652116,0.4650113708756085,0.4361230312691875
dining room__231.png,0.45379749734006924,0.4478831520270681,0.4290466546573173
dining room__232.png,0.33522496316316697,0.36020158545831915,0.34968312409516744
dining room__233.png,0.45807603731281643,0.3383668088841989,0.33141136506198077
dining room__234.png,0.4733290339801055,0.3992854838655705,0.3929954072454741
dining room__235.png,0.43220788985236036,0.38467269572984275,0.3889794422796796
dining room__236.png,0.3363521947816769,0.3668498256429399,0.26089445053712823
dining room__237.png,0.3914617460455856,0.31853654185633073,0.2759036990135951
dining room__238.png,0.5635065004855129,0.2964526726809571,0.28636836845539415
dining room__239.png,0.35627614342335745,0.3007666951010497,0.2623397887296467
dining room__24.png,0.47473261371168607,0.480982571809889,0.4459997053292406
dining room__240.png,0.36371658045943756,0.3550639249333938,0.28210147428287446
dining room__241.png,0.4394578532861825,0.42507069678666565,0.4260927816970588
dining room__242.png,0.40592785628275396,0.47170244770768077,0.3970693293503964
dining room__243.png,0.36611431029087693,0.3576604764224405,0.32385928449997237
dining room__244.png,0.43220231601215664,0.4050152113044656,0.39697970136601446
dining room__245.png,0.38339437541258337,0.3913758104081847,0.33186714542762263
dining room__246.png,0.4556317852376236,0.39566135213647824,0.352497262666462
dining room__247.png,0.4668985089130865,0.38833544086199556,0.3846265784384677
dining room__248.png,0.380339971972554,0.33961718813351816,0.3047399988363697
dining room__249.png,0.3976259656589466,0.3672525963398866,0.3504902935281672
dining room__25.png,0.45092313817268703,0.4209314528014385,0.37582813140658466
dining room__250.png,0.46596170558521366,0.48767261613166923,0.44598768836418456
dining room__251.png,0.44959143648730926,0.42913898389389127,0.36528567110039245
dining room__252.png,0.3592723855369432,0.4012075771816278,0.32266687108887526
dining room__253.png,0.32426829871677,0.38160328817610567,0.2708546715415916
dining room__254.png,0.4077882477473237,0.4119115461124757,0.36380616352761075
dining room__255.png,0.3972365890321039,0.3951965481521226,0.3595802880029261
dining room__256.png,0.4319150151829223,0.3704556013476914,0.33305057374598745
dining room__257.png,0.448185293299766,0.3902594327085602,0.334903435384731
dining room__258.png,0.3947888176999953,0.3809844106217264,0.33159098985373736
dining room__259.png,0.609899851618655,0.2935209043076258,0.27470409252439076
dining room__26.png,0.41746333274094327,0.36925703934452503,0.34084059895526153
dining room__260.png,0.38941866042805406,0.37133983809274773,0.3065685247105431
dining room__261.png,0.5060024080038033,0.4777225938850693,0.4283975671818515
dining room__262.png,0.42755164447622074,0.35934478950806525,0.31598768475780703
dining room__263.png,0.4176321782398348,0.4323382597804064,0.34875041146301844
dining room__264.png,0.39256413098237253,0.362967831082046,0.2745039070275669
dining room__265.png,0.5253132525339949,0.38082143354070574,0.3341535735624054
dining room__266.png,0.5849045439265153,0.43092947717698815,0.41193895188093155
dining room__267.png,0.33913445002894227,0.33646120832201243,0.2870485395356047
dining room__268.png,0.48238406962523894,0.43412181718028886,0.39151956853913006
dining room__269.png,0.3445794433638051,0.36644775793224726,0.332866672833217
dining room__27.png,0.450397701768549,0.39294163695852513,0.35874700024002937
dining room__270.png,0.32093954976677785,0.30463829339615933,0.24772408311299743
dining room__271.png,0.4227216184144572,0.3377639483776096,0.2779497642355543
dining room__272.png,0.37596256954401763,0.3706125606425701,0.32936936168551856
dining room__273.png,0.44788011130098304,0.3237868417590378,0.29343672735173854
dining room__274.png,0.5689383342156605,0.5168580264131326,0.4984546803463086
dining room__275.png,0.35096111238459204,0.37364903298038,0.3325434182994893
dining room__276.png,0.3546263705552892,0.33081268569294,0.321994927430979
dining room__277.png,0.40215280698938416,0.422075455018443,0.37523316653413785
dining room__278.png,0.4450362749550755,0.41717787519509486,0.4217093141672067
dining room__279.png,0.3625349620786261,0.3673344432913399,0.2840579535785964
dining room__28.png,0.3929917356231487,0.4143000537205975,0.35096961485145906
dining room__280.png,0.45143033123214626,0.4515478865581404,0.41428435603064684
dining room__281.png,0.3392868239812744,0.3578116982582882,0.32261065631425456
dining room__282.png,0.31215791010941973,0.32332547963573655,0.24566659399855162
dining room__283.png,0.38851929024678356,0.416352326968761,0.357293373223613
dining room__284.png,0.31277652413905144,0.39150677600792694,0.30483395426275295
dining room__285.png,0.4139166304140999,0.46104454054756805,0.3767493110468264
dining room__286.png,0.32873911222055074,0.3213635203219962,0.31880915386753717
dining room__287.png,0.3762296247454572,0.3576519679015534,0.3539567584291968
dining room__288.png,0.36310855843403245,0.4036895172439878,0.3412081326956973
dining room__289.png,0.42786817296485624,0.31563190395716,0.2761977072895314
dining room__29.png,0.33914113915325117,0.3697501008286843,0.3436740245835783
dining room__290.png,0.4081460671232322,0.3843441190855488,0.3761503028280865
dining room__291.png,0.329291473458287,0.35151971661044834,0.2619494813854416
dining room__292.png,0.33364306344894457,0.32956700980566633,0.30620213139083463
dining room__293.png,0.41873628891802084,0.3602680264903121,0.33792909640510815
dining room__294.png,0.41471838038094866,0.33606797456520365,0.29612492668404033
dining room__295.png,0.41018101739785984,0.38743971537087896,0.3642827135863398
dining room__296.png,0.4732911399029289,0.4393379594288155,0.42319653579974836
dining room__297.png,0.4047463532597493,0.38131818885239943,0.3609473614944483
dining room__298.png,0.33507925549155604,0.39102445469327884,0.36095871671767266
dining room__299.png,0.4046660393704955,0.386733235209338,0.341654445074954
dining room__3.png,0.380759837080069,0.3423470112627517,0.3110541306266439
dining room__30.png,0.3336938101292145,0.3773768129460263,0.32221967457535516
dining room__31.png,0.358468988115867,0.3733249577765193,0.2967504775453722
dining room__32.png,0.4330221133375135,0.30730229249924745,0.2996775721906263
dining room__33.png,0.40043306711689575,0.3743565441490565,0.319085799280455
dining room__34.png,0.5796201576023756,0.24375579939095016,0.23786757280031467
dining room__35.png,0.3976259656589466,0.3672525963398866,0.3504902935281672
dining room__36.png,0.37478312299735017,0.4024129421721221,0.34915961935741135
dining room__37.png,0.4404262970963304,0.4083967392784432,0.38617448756102934
dining room__38.png,0.393911089428134,0.3942242518354314,0.3397445013105109
dining room__39.png,0.4521222628910404,0.4262438172201337,0.39431299496685746
dining room__4.png,0.3539286877626181,0.3437596023153774,0.2772633410223643
dining room__40.png,0.4581095738060922,0.44177193010455995,0.3743351923022695
dining room__41.png,0.44768417899860946,0.45509611602095634,0.4130983590032924
dining room__42.png,0.3972551948766341,0.4410755829674896,0.40325974310543977
dining room__43.png,0.4314157115352001,0.3258909877794085,0.29751743525190477
dining room__44.png,0.39731682031888493,0.39722657662535776,0.37328657196025317
dining room__45.png,0.40175366412280233,0.38077155997258294,0.3316848831702175
dining room__46.png,0.4201482423792975,0.4156035268844408,0.3804243285057719
dining room__47.png,0.4234611624651816,0.4173273576091704,0.38891948730581216
dining room__48.png,0.3304078553346521,0.36904039007691736,0.32388073778028126
dining room__49.png,0.44932684663785427,0.37615984782198486,0.3187060314970981
dining room__5.png,0.40192041799279055,0.33343894164556365,0.2835140836024166
dining room__50.png,0.4138419145001837,0.32687744239339944,0.32388139353578593
dining room__51.png,0.5035891205825164,0.3985058467495587,0.3813684475974978
dining room__52.png,0.6295286204651547,0.26421034971481394,0.248412431873408
dining room__53.png,0.3824219849978897,0.35474503378410427,0.2908040457886537
dining room__54.png,0.4823918029218761,0.361368116404454,0.3160742849058329
dining room__55.png,0.45666160190516814,0.4550177540375261,0.4266214754560409
dining room__56.png,0.4490687830542749,0.4143474342021597,0.38477997252294893
dining room__57.png,0.43560406827991816,0.2895096976810275,0.2744416730670539
dining room__58.png,0.3574733908926715,0.3163593763518656,0.2482216831272811
dining room__59.png,0.434223395128457,0.42829884699908893,0.3520179465065939
dining room__6.png,0.4584783245168972,0.43462503610988645,0.4243015090708343
dining room__60.png,0.40946876011755196,0.4172353263579539,0.3662112719570535
dining room__61.png,0.38416752908644636,0.35027911531852474,0.27442438743432995
dining room__62.png,0.45948930762583273,0.44093840047717914,0.4172168532679684
dining room__63.png,0.45051257456276594,0.394541499219499,0.3770622931996276
dining room__64.png,0.5274536508275892,0.346270447360837,0.32248430040219134
dining room__65.png,0.3949436658181742,0.3913975592559281,0.38768528793065093
dining room__66.png,0.3888342407737483,0.3893414212799162,0.3614881622485324
dining room__67.png,0.31554082773680947,0.3512069064425951,0.2726368136348347
dining room__68.png,0.4095779574598236,0.4412990821493433,0.3348645593010615
dining room__69.png,0.4487635005312267,0.3493844839268764,0.33767768928687103
dining room__7.png,0.4275949866133728,0.4002509144807459,0.3466392531574416
dining room__70.png,0.5485600829302093,0.4001900314469241,0.3757818840586502
dining room__71.png,0.4778394982509877,0.42504142612505125,0.41103171373246683
dining room__72.png,0.32841162627234777,0.3976046465702727,0.3322092426017308
dining room__73.png,0.387350441553978,0.35481464712561395,0.32114089201253093
dining room__74.png,0.2934335899931224,0.3647990726805517,0.2636080237661066
dining room__75.png,0.41353600655761225,0.3700856252431207,0.3158559399704407
dining room__76.png,0.4157098082403401,0.3037483467145886,0.29187004097427294
dining room__77.png,0.3824683761008709,0.3024440633279697,0.2520945177974374
dining room__78.png,0.39433061933991154,0.3465412435289844,0.3292216625801099
dining room__79.png,0.3777216580614987,0.3637408835357955,0.3243947984265666
dining room__8.png,0.4590642828045398,0.28902758766852943,0.278068264605569
dining room__80.png,0.4108032288731117,0.3790630246317329,0.34342992259018357
dining room__81.png,0.3794426095741319,0.35679076382559993,0.33104822107935794
dining room__82.png,0.45844919910940785,0.4868814410237332,0.4415036226515455
dining room__83.png,0.5455855082230905,0.5076842899572488,0.49591274939284957
dining room__84.png,0.31284615675068395,0.32241908925036455,0.25637547724925924
dining room__85.png,0.43820587227597496,0.3291097044009387,0.29736057497629587
dining room__86.png,0.48082711387629407,0.43739460976408184,0.3903719767543081
dining room__87.png,0.36485870314187463,0.28672866010983467,0.27461032895402204
dining room__88.png,0.40629448092656806,0.4109124473563608,0.36891962419815194
dining room__89.png,0.43561707408983663,0.3644403457902643,0.3088241719001982
dining room__9.png,0.45950675671761043,0.477974924744063,0.41582642455969077
dining room__90.png,0.42272704527284277,0.3470720969222427,0.31122315292691616
dining room__91.png,0.48312355324557776,0.3658349473537653,0.34164134307047245
dining room__92.png,0.5480555259737421,0.3536152716546317,0.32553753204271774
dining room__93.png,0.3626279143801384,0.3892206538809754,0.3437660326406434
dining room__94.png,0.4455401300985755,0.3276723718653569,0.29715934649962394
dining room__95.png,0.3948798756624957,0.38675278011588676,0.32862167262843756
dining room__96.png,0.392341393587493,0.36824903155092814,0.3205439329991263
dining room__97.png,0.30103734834452556,0.27959449355077404,0.2546318267936414
dining room__98.png,0.3261943182725594,0.36759236595189215,0.26590381706838084
dining room__99.png,0.3883839219626013,0.3115461240727865,0.23466230789795606
kitchen__0.png,0.3845325618787713,0.40924092598706485,0.3365243577159156
kitchen__1.png,0.32730852828722934,0.3166061459918713,0.2607501766954349
kitchen__10.png,0.3433555627051059,0.37225157498683503,0.29985455289631513
kitchen__100.png,0.37294361074292426,0.4132046838790372,0.35031589415890163
kitchen__101.png,0.4256201415234745,0.39914300157841565,0.34124016950300373
kitchen__102.png,0.3817899166245794,0.3432402453302764,0.32369053532331105
kitchen__103.png,0.3331767315972344,0.4244240087902209,0.2941553391038887
kitchen__104.png,0.2887276504011631,0.3963468829044373,0.2893099215478916
kitchen__105.png,0.3179470760417137,0.25071433057594306,0.2284854102345154
kitchen__106.png,0.4388117673881172,0.40453505178900107,0.3895094714385242
kitchen__107.png,0.4088213534255002,0.4021591742723415,0.3352807133354061
kitchen__108.png,0.34641123528072004,0.3785204433783266,0.3248503134406817
kitchen__109.png,0.4152761366630626,0.4274346603856686,0.4226605825218953
kitchen__11.png,0.3246719911065288,0.38285496073506653,0.3066563320631096
kitchen__110.png,0.3951571918103244,0.35554763906134956,0.3278065969507966
kitchen__111.png,0.403423057074751,0.36914045294806797,0.3437224308697061
kitchen__112.png,0.4847691958396867,0.42103453313751515,0.4001197136376339
kitchen__113.png,0.43483416818238085,0.4222571484911898,0.405789433231287
kitchen__114.png,0.3846834800294098,0.4129017032327189,0.3401419137819591
kitchen__115.png,0.382102045270432,0.40973249687110636,0.36235659547295473
kitchen__116.png,0.3768929706192604,0.31198305208859123,0.3013903049971791
kitchen__117.png,0.43541963362261016,0.39353188476326006,0.3677325130389413
kitchen__118.png,0.421764677275685,0.45544674496748505,0.3777301014791522
kitchen__119.png,0.29131828879478106,0.3275909374804541,0.26401311101789937
kitchen__12.png,0.41831994090996394,0.4116564508233499,0.3670183530998161
kitchen__120.png,0.3979920095693358,0.2383559063521835,0.23047282401426783
kitchen__121.png,0.34324254613150196,0.40139860551888207,0.32296917481534815
kitchen__122.png,0.4442323106559377,0.3483298075473895,0.3215405114458457
kitchen__123.png,0.3819261022981745,0.38846416846002174,0.3437436836076918
kitchen__124.png,0.4299440379112148,0.4224274734462098,0.39593961054965565
kitchen__125.png,0.39632948431926773,0.4034737013785932,0.40494885837053485
kitchen__126.png,0.3630965032194664,0.367660182449589,0.30926828069667534
kitchen__127.png,0.46208146656462457,0.3207610908749198,0.3173960802927309
kitchen__128.png,0.38682618882846354,0.3370835592343998,0.3203223131760974
kitchen__129.png,0.406044323093007,0.34263847390243085,0.3219264624049424
kitchen__13.png,0.38867459020897976,0.36448430655299935,0.3436635900501852
kitchen__130.png,0.35033258466672257,0.35766769781558916,0.31985894458750197
kitchen__131.png,0.37613226622075213,0.3758927920758165,0.3475419446416975
kitchen__132.png,0.30964161412487634,0.41394480594734406,0.31218441866263136
kitchen__133.png,0.3931529651095236,0.347244212747314,0.32673089135258626
kitchen__134.png,0.3625850923580748,0.3495564654405634,0.35785279957066163
kitchen__135.png,0.3443488060471984,0.3487915699579831,0.352439657088382
kitchen__136.png,0.30806476704573826,0.3268285409326659,0.3335237224530483
kitchen__137.png,0.4299772062470054,0.4815894113508792,0.4069648275729766
kitchen__138.png,0.3800531260318799,0.3871043545561381,0.3411285786844044
kitchen__139.png,0.4156753373698663,0.41371324872626447,0.3746728737639543
kitchen__14.png,0.43355760110223074,0.44638772469628274,0.37008295590555473
kitchen__140.png,0.38115135760243113,0.3264618187995082,0.3208754008780871
kitchen__141.png,0.35632724358378587,0.32960054461556676,0.2732434607813189
kitchen__142.png,0.3869657132803107,0.40374801665657745,0.36128356361484293
kitchen__143.png,0.38450486968696307,0.3811844543338414,0.3563139230510418
kitchen__144.png,0.3607660424563348,0.42156313833068826,0.322976406851883
kitchen__145.png,0.35027417715031006,0.4611650582926551,0.3406778696657422
kitchen__146.png,0.3695928196665954,0.39282891063533487,0.3529312420676486
kitchen__147.png,0.3578213693040886,0.40201071565090163,0.31109132832822617
kitchen__148.png,0.3974646235323829,0.4008548468302382,0.3472919503606503
kitchen__149.png,0.35256077311531975,0.3549152153102846,0.3086039280503923
kitchen__15.png,0.3845569458226701,0.3852141414963526,0.30968591919427046
kitchen__150.png,0.43768758401751207,0.44520993923538477,0.4586802597606725
kitchen__151.png,0.4178202328635431,0.44387862366295916,0.3703970621848863
kitchen__152.png,0.39727893740387943,0.406400663096382,0.3545186459471339
kitchen__153.png,0.3663787607632587,0.334681520119121,0.28356463402898113
kitchen__154.png,0.399242386946123,0.4977739794612084,0.35636917427098036
kitchen__155.png,0.43623728913980864,0.3916876180705178,0.38506517337096136
kitchen__156.png,0.4090794361556416,0.39378523254704456,0.3493038989105314
kitchen__157.png,0.44584262443836453,0.28259556871838054,0.25730379845546336
kitchen__158.png,0.4993930964878195,0.4336432872036672,0.44066262623832086
kitchen__159.png,0.40964073228119335,0.41787174270518734,0.41054151534351213
kitchen__16.png,0.3454110107639682,0.355548198262542,0.32245528812982505
kitchen__160.png,0.3241461722987862,0.3536550617295583,0.30393666320852053
kitchen__161.png,0.4612422356071453,0.40820318908473063,0.39164091243978416
kitchen__162.png,0.46757198595620286,0.4996255096892357,0.4137501459943227
kitchen__163.png,0.42555617219224595,0.43806528756854013,0.3853828141229334
kitchen__164.png,0.2878213562799219,0.3567822425046512,0.280684682328766
kitchen__165.png,0.42363020760814385,0.35604898802702933,0.2976618903548338
kitchen__166.png,0.38731082936348793,0.39859738631350206,0.3378562760529711
kitchen__167.png,0.3942730419780368,0.4247092419686618,0.38573533013434913
kitchen__168.png,0.35998556987251107,0.31398564495158643,0.2870805401796017
kitchen__169.png,0.37632384452324763,0.44421135022441605,0.35349936864985343
kitchen__17.png,0.34409556073651193,0.3621735907724719,0.32023821425604515
kitchen__170.png,0.36813815935243654,0.45862737366333073,0.37774301559810597
kitchen__171.png,0.4003755655847102,0.3844621657350078,0.35844730901121125
kitchen__172.png,0.4305651218782214,0.3899515719143082,0.32202100938031675
kitchen__173.png,0.3813698642084057,0.40521546303754874,0.3575790292652057
kitchen__174.png,0.32500552450003783,0.32734590505540184,0.3692235679161405
kitchen__175.png,0.39300798028086625,0.3566374378789361,0.314515786365996
kitchen__176.png,0.31262964224825196,0.39698911981727836,0.2801211133922019
kitchen__177.png,0.3713723779476531,0.3109528569239123,0.24824357407294972
kitchen__178.png,0.3608622572832819,0.4028778233851732,0.37253290100948966
kitchen__179.png,0.3733218523943135,0.43775764968092945,0.321985866646895
kitchen__18.png,0.4507650405676996,0.47032649205361665,0.4387289297660226
kitchen__180.png,0.42641017973498196,0.47632643383956863,0.38973069944388716
kitchen__181.png,0.430408029338157,0.4585582650807347,0.4003007797893354
kitchen__182.png,0.23575406125643128,0.38367037156870853,0.22498083095828048
kitchen__183.png,0.44623137454574946,0.42500253921750053,0.3547852554612658
kitchen__184.png,0.4393964964480872,0.4393351116595545,0.38886156822958284
kitchen__185.png,0.4088007501166314,0.43096869267619864,0.4085890342033557
kitchen__186.png,0.3759027583857557,0.40970860034043244,0.31923879733144134
kitchen__187.png,0.31897991293143024,0.32089649354540106,0.2965197486953486
kitchen__188.png,0.2833596973448592,0.2937589836489134,0.3060876707903104
kitchen__189.png,0.3209831429661516,0.3092298874317474,0.2835866131822379
kitchen__19.png,0.4249437878305413,0.4360685866141877,0.3849608460260793
kitchen__190.png,0.36256531333449216,0.3462001116904555,0.32754695010728907
kitchen__191.png,0.4195366418702613,0.39829907184445645,0.37349093928452926
kitchen__192.png,0.3436317165059778,0.3665252186756187,0.32091708933901275
kitchen__193.png,0.3666507018800361,0.40420700617589067,0.359237645333748
kitchen__194.png,0.334315190632405,0.413573572859373,0.311246145743473
kitchen__195.png,0.26075549537802545,0.3228134704160329,0.21109010140276352
kitchen__196.png,0.32168792867351825,0.2973985395723562,0.3001149869553278
kitchen__197.png,0.42665863325846753,0.3148191605494859,0.284755811561038
kitchen__198.png,0.35213845438317526,0.4160061952731343,0.3201296988437321
kitchen__199.png,0.293370949868094,0.3691861590875417,0.24726265193254937
kitchen__2.png,0.339508740380028,0.3808404742042317,0.3071666172646158
kitchen__20.png,0.42724017148347815,0.3479761177709665,0.3131202804154837
kitchen__200.png,0.412093241992451,0.41335240043459553,0.3645822010881997
kitchen__201.png,0.3055343638834175,0.3483466294096378,0.2903960044812137
kitchen__202.png,0.41301622604874644,0.3608323108786581,0.31362482491572463
kitchen__203.png,0.4215587973317021,0.4053079616258788,0.3652515519244124
kitchen__204.png,0.3140802212203072,0.4259734053154417,0.2871328772498942
kitchen__205.png,0.3510463996301727,0.38314031726020226,0.2835384689599325
kitchen__206.png,0.4111308463066895,0.3647052720484866,0.3590103967707454
kitchen__207.png,0.3540218068342581,0.35137642853400264,0.3112494564883711
kitchen__208.png,0.35051501382461314,0.32548376966257353,0.23098905306031747
kitchen__209.png,0.40439536681469246,0.403307583113814,0.3794337146644
kitchen__21.png,0.3285135796985639,0.33495468366261527,0.24279767571223732
kitchen__210.png,0.4307430204207382,0.4140226757080864,0.39486488426604294
kitchen__211.png,0.37306695562469716,0.32383668770942897,0.31859925814673073
kitchen__212.png,0.3325576727942615,0.3547282331853465,0.29725567782425155
kitchen__213.png,0.36853200450871526,0.3425200039924253,0.3160638117257816
kitchen__214.png,0.456229600213931,0.43194480739121976,0.39058298103885136
kitchen__215.png,0.2791007626705674,0.3467207084458671,0.27451703553981477
kitchen__216.png,0.35647213363477814,0.40509687786445847,0.3584942459739958
kitchen__217.png,0.4404120027637918,0.47378917888665184,0.43582679293962445
kitchen__218.png,0.3792075128058413,0.3899374291887334,0.3452277922446295
kitchen__219.png,0.350364538021107,0.38926357866708405,0.31130197414237626
kitchen__22.png,0.313109796300614,0.3847327315484228,0.2942502683668877
kitchen__220.png,0.4055197065604583,0.41737273446707324,0.36075606423872164
kitchen__221.png,0.390475421510618,0.3895655211446539,0.34624573738139874
kitchen__222.png,0.36350305518025916,0.33804883109696127,0.36095852823632313
kitchen__223.png,0.4840237891814628,0.49526042822180427,0.4526284888894807
kitchen__224.png,0.42867915320472916,0.4070043025934664,0.39005957124952495
kitchen__225.png,0.350185990135336,0.41193177849363105,0.32720461935176914
kitchen__226.png,0.3137669015742218,0.29497210130799467,0.24894946903300952
kitchen__227.png,0.31407384029467367,0.3986084210412164,0.2568182235637625
kitchen__228.png,0.45729193009053726,0.4612717951830485,0.4363368525667223
kitchen__229.png,0.355437043807574,0.3829286725589842,0.32766807755454874
kitchen__23.png,0.3376608051997646,0.3492072286126201,0.3172903440449809
kitchen__230.png,0.3443091505104181,0.4264225070330977,0.332860889371845
kitchen__231.png,0.37120474524957503,0.405753590774095,0.3159129710003147
kitchen__232.png,0.41096007884798524,0.4531513740585773,0.4103614452864406
kitchen__233.png,0.37647726668438664,0.39793761768825975,0.3857724369173601
kitchen__234.png,0.4765893450546512,0.48062581069211174,0.4519806507452401
kitchen__235.png,0.39374840640379494,0.376259871921509,0.35053012542178696
kitchen__236.png,0.3597533926564982,0.39249915080726105,0.3465821091545098
kitchen__237.png,0.3661980120942272,0.3965028666992697,0.32720889121360475
kitchen__238.png,0.4674323696095468,0.4186785069966964,0.37109517872434394
kitchen__239.png,0.3402736495583052,0.3620436439325323,0.31688125750260754
kitchen__24.png,0.3724104280637597,0.33403425196718206,0.3377953072714328
kitchen__240.png,0.42889067809892656,0.415849381174652,0.36910347517598185
kitchen__241.png,0.3919227207415772,0.3601572629784804,0.3687835552674792
kitchen__242.png,0.4592062540724754,0.4276584301227764,0.37594941275863536
kitchen__243.png,0.38312899136140466,0.3568279246763859,0.3218844835569715
kitchen__244.png,0.4185656163315651,0.42396232633368536,0.3814160207249533
kitchen__245.png,0.455314177798283,0.3906482505842628,0.3764164387801001
kitchen__246.png,0.3733384503717363,0.36322834069371635,0.3447717051022
kitchen__247.png,0.41597380678142637,0.43912412382916655,0.4050357850016728
kitchen__248.png,0.4591349073328602,0.486444000139192,0.42885526043068356
kitchen__249.png,0.4175287391064342,0.3925007184770496,0.35822324840270336
kitchen__25.png,0.385900463109076,0.33889580658528284,0.34715539340438994
kitchen__250.png,0.3539175390732212,0.336441061679273,0.3382296800546857
kitchen__251.png,0.49347628053529147,0.46684892390724186,0.4408211347456594
kitchen__252.png,0.4355905617071183,0.4063099946155714,0.3478007466634556
kitchen__253.png,0.42353750859648087,0.3954458297532629,0.3530254810957576
kitchen__254.png,0.44523611162593246,0.4169996333327052,0.35883696519505015
kitchen__255.png,0.3960662762574916,0.44302875868745817,0.3780066098604328
kitchen__256.png,0.36590952081632777,0.38035168464729663,0.3401458190561125
kitchen__257.png,0.5152452398333967,0.4739196453898624,0.446432974301186
kitchen__258.png,0.4624244994421175,0.3815505707316432,0.37430561329247825
kitchen__259.png,0.3518001385428974,0.3232407522047235,0.2847475097430445
kitchen__26.png,0.37248919905595457,0.37986312781643417,0.3295793116938923
kitchen__260.png,0.3065447921847446,0.30162981222104523,0.24164628431323243
kitchen__261.png,0.3906000250318895,0.4389264703586123,0.3511123886914874
kitchen__262.png,0.3286099514245089,0.32436393619244686,0.27742675877895107
kitchen__263.png,0.38391338614899273,0.4101979380249321,0.35862082544922036
kitchen__264.png,0.4095472809439167,0.3979722424149569,0.38132520154241833
kitchen__265.png,0.4045782658413546,0.40015622111693094,0.34682633100435456
kitchen__266.png,0.3332215575690164,0.32507133919079056,0.34660654014229186
kitchen__267.png,0.34083781186189865,0.4241218883249207,0.3031689571147298
kitchen__268.png,0.3905923876572589,0.3067462713133007,0.3049776569219631
kitchen__269.png,0.2871873342669138,0.2716586884260035,0.2616924506669046
kitchen__27.png,0.41752156528184237,0.3949167457786743,0.3617605678967504
kitchen__270.png,0.4120716994726713,0.40025599045232363,0.3429960359073986
kitchen__271.png,0.36887938041090607,0.3315361484281215,0.26757110029477704
kitchen__272.png,0.3855858726414432,0.43019613547042734,0.3491312273707292
kitchen__273.png,0.3710393337415079,0.38535936529083503,0.37392039856821613
kitchen__274.png,0.32566345473760583,0.29642796959052453,0.21761220137885184
kitchen__275.png,0.3785721503288345,0.4273026472362017,0.3485027581229533
kitchen__276.png,0.42761797141511293,0.28345248705789694,0.274630404165373
kitchen__277.png,0.3863992173912687,0.3646692661382085,0.3569310178238958
kitchen__278.png,0.40603228070348785,0.37257249788628355,0.3602553012265234
kitchen__279.png,0.3183428739308778,0.37616884881154644,0.2976500969284921
kitchen__28.png,0.3418136596471273,0.37381807003826517,0.3252278672112606
kitchen__280.png,0.3974601925651662,0.4495396839630337,0.3776029996004451
kitchen__281.png,0.40234636676105184,0.41065232786897576,0.38027425179275465
kitchen__282.png,0.3949373750353753,0.4067808391446198,0.3757557576909222
kitchen__283.png,0.39653872979732874,0.43947599164054085,0.38409331971636973
kitchen__284.png,0.356367136458017,0.3254001478493074,0.2768775287325229
kitchen__285.png,0.3700797592507865,0.3709025861927242,0.3299521164862089
kitchen__286.png,0.38367002963218433,0.3389885352490325,0.33576798028944255
kitchen__287.png,0.3933065030693845,0.4358854736189819,0.34881484422860964
kitchen__288.png,0.37334992784102294,0.3658022256784307,0.31677798528609113
kitchen__289.png,0.41167163602261514,0.36166134935193894,0.32637667714340957
kitchen__29.png,0.38507723672773864,0.40991513344951347,0.36639156732686184
kitchen__290.png,0.4347054703985088,0.4160283870402074,0.37350714399758655
kitchen__291.png,0.3967600893054539,0.35323207153558145,0.32050191662574556
kitchen__292.png,0.3844418138028093,0.3566063430055284,0.2923748733225009
kitchen__293.png,0.32238358644875476,0.3466024073117885,0.2637060928259499
kitchen__294.png,0.34677049072679267,0.37425551718109706,0.31910298783377045
kitchen__295.png,0.3944575138184294,0.4443201455443391,0.3483955023068155
kitchen__296.png,0.30110329304360006,0.3520385035724928,0.3142615610117012
kitchen__297.png,0.28452617619237497,0.2647539689351318,0.2479793825825085
kitchen__298.png,0.43700906828616404,0.33418458680874097,0.32254757541930423
kitchen__299.png,0.36848003353680336,0.32969152032116533,0.3056811366358797
kitchen__3.png,0.4467223307723843,0.34628775250303057,0.3195199905301592
kitchen__30.png,0.34165675042009513,0.4523697257289715,0.32783375046478913
kitchen__31.png,0.3447181530371217,0.394840126916969,0.3084673443266398
kitchen__32.png,0.44500406743740517,0.467019582227571,0.4077616535345051
kitchen__33.png,0.39864749400410926,0.3979403261590999,0.3549640617427384
kitchen__34.png,0.364217389004471,0.42054191919053185,0.3264210354406636
kitchen__35.png,0.4041406166466789,0.40163758458432386,0.3376390883061102
kitchen__36.png,0.3798242350371521,0.40271271015830745,0.36614653448699375
kitchen__37.png,0.35650922713049227,0.3498600892078526,0.33587088156417066
kitchen__38.png,0.4031144776905262,0.40705402125205437,0.3924592605512447
kitchen__39.png,0.46493363659907183,0.4131958402216148,0.38911809166110367
kitchen__4.png,0.323191087738286,0.3746957305476112,0.2980861583364177
kitchen__40.png,0.4451694300152984,0.3986783945931971,0.35317741469642583
kitchen__41.png,0.36343843129683995,0.3868459679586016,0.36242371682332
kitchen__42.png,0.33363909119361346,0.34363152331375,0.2833295207554416
kitchen__43.png,0.32981479484378184,0.33935983343987275,0.27582586572609347
kitchen__44.png,0.3352288500124132,0.3237517989245179,0.2967078071514947
kitchen__45.png,0.346494937489208,0.3747997894502364,0.33237138088124396
kitchen__46.png,0.35679560831147616,0.36787802487414045,0.32568873575366786
kitchen__47.png,0.39518538673274917,0.4327362173577384,0.36741509405013584
kitchen__48.png,0.3988772773681556,0.4088416218995743,0.3357271604023797
kitchen__49.png,0.350400292514088,0.3421334710886692,0.2684970315132885
kitchen__5.png,0.42893600959006106,0.42280682861163943,0.395600684771377
kitchen__50.png,0.44628614917559084,0.4227618141164837,0.3837222269216498
kitchen__51.png,0.3558912779961526,0.435412060816163,0.33852982577702107
kitchen__52.png,0.3880664537089593,0.3904398090720794,0.34314557080654096
kitchen__53.png,0.41555440523832954,0.41371634692728265,0.3827892679089957
kitchen__54.png,0.38056033513016463,0.33851944908414633,0.32873793447636934
kitchen__55.png,0.4197983334952796,0.4311819327875549,0.34388573741492146
kitchen__56.png,0.37383385770894584,0.37688759237235236,0.3124931193302968
kitchen__57.png,0.45952199524612214,0.41320772199067446,0.40864106127431055
kitchen__58.png,0.39214318995363984,0.37459589235080537,0.343629865774411
kitchen__59.png,0.4206866479070289,0.42691622933492146,0.4226657235592274
kitchen__6.png,0.38750402247605364,0.4310210771884341,0.3404567206852669
kitchen__60.png,0.3692584055775233,0.456757626377028,0.3404062223584233
kitchen__61.png,0.447490247169553,0.48590819939796714,0.40160726292840887
kitchen__62.png,0.38741934795893473,0.4331458903840334,0.34230613707949975
kitchen__63.png,0.4439446487771903,0.4460875591994381,0.40415350012766893
kitchen__64.png,0.46008854003101607,0.4194368739199913,0.4142194491246708
kitchen__65.png,0.3623180425983761,0.41563602519097764,0.2935203977502632
kitchen__66.png,0.29117347789244385,0.3283864559381666,0.3313342970415297
kitchen__67.png,0.3653135194414454,0.33481189685998325,0.3049373693902011
kitchen__68.png,0.3861371319776602,0.3764865586998407,0.2861034677320301
kitchen__69.png,0.3362319116835226,0.3413793082672434,0.27204519933972526
kitchen__7.png,0.41573561258035374,0.4123404960636091,0.3911394055556989
kitchen__70.png,0.4325197108054759,0.3896041025044018,0.42029248881881476
kitchen__71.png,0.3745820176206651,0.38499752323126335,0.395013140852999
kitchen__72.png,0.42172534671381656,0.3803945198745994,0.3409765520619955
kitchen__73.png,0.3482046971208511,0.3400274889353133,0.2958676258120776
kitchen__74.png,0.29139983547297776,0.26961669816945666,0.2710839901065444
kitchen__75.png,0.36937948385060504,0.377552407003806,0.3191058003152456
kitchen__76.png,0.3859606131868093,0.357501175485606,0.3596148709652107
kitchen__77.png,0.35893182471542406,0.37322224175010765,0.30129368477337215
kitchen__78.png,0.3816075324373164,0.3415814383057596,0.33027310082217454
kitchen__79.png,0.3787560328812509,0.34934265502760886,0.3426662516287602
kitchen__8.png,0.37811773728092535,0.4036103298604218,0.32644759371778953
kitchen__80.png,0.24785222689533626,0.31291598853543867,0.22640806134861702
kitchen__81.png,0.34977996439423886,0.3350567975844254,0.3108279739520853
kitchen__82.png,0.3560354231510223,0.3030576683276244,0.2853846950664395
kitchen__83.png,0.3455672573679671,0.386819299327259,0.33385865422459915
kitchen__84.png,0.37227680897665427,0.3786543327566403,0.33483489776810726
kitchen__85.png,0.33004525869889534,0.2914448518124698,0.24200300630165905
kitchen__86.png,0.37228724711567307,0.39901746834065477,0.34189485707346945
kitchen__87.png,0.44448551487278987,0.3753440155464235,0.369203838191431
kitchen__88.png,0.375229537695308,0.3755361061396053,0.30101924729567164
kitchen__89.png,0.3315656289110014,0.327027668265335,0.2685750087120796
kitchen__9.png,0.46223846474193075,0.42271362532914725,0.38434657889395696
kitchen__90.png,0.3194070767332887,0.2373424619993454,0.2747146473203249
kitchen__91.png,0.31582600995811927,0.3118388081110419,0.31654543693174375
kitchen__92.png,0.30205976788618216,0.38264266563632376,0.26247222822145844
kitchen__93.png,0.4048707587650514,0.3757834060863421,0.3427695857508254
kitchen__94.png,0.3746064687337859,0.38552286951984094,0.3469841321012411
kitchen__95.png,0.34635158151790146,0.5222845122918796,0.32569174205651374
kitchen__96.png,0.3129150849168536,0.30550117003249666,0.263231574647257
kitchen__97.png,0.35885361684074113,0.41417224012692366,0.34078109213498253
kitchen__98.png,0.3841397982506627,0.4295242000171009,0.34814706010463403
kitchen__99.png,0.3507320646442945,0.374751020827194,0.3378577243192348
living room__0.png,0.39432677471100286,0.3418569976953937,0.2995077704378565
living room__1.png,0.3958373534309759,0.2938089045881894,0.282095005409542
living room__10.png,0.4050507565242213,0.41512528231438317,0.36494855930036063
living room__100.png,0.4099172690270779,0.340326921252769,0.3231004640591696
living room__101.png,0.48173362372550665,0.3878437284044485,0.35724603502731744
living room__102.png,0.408980965328393,0.322860600925046,0.3084641313234745
living room__103.png,0.4304025116900255,0.3894344457962805,0.35379857873788745
living room__104.png,0.4142129223956982,0.37012338719485993,0.3559992969478303
living room__105.png,0.32453987229443504,0.26032767052409744,0.2759397675820131
living room__106.png,0.4168667877021853,0.404531159222837,0.3845623597768283
living room__107.png,0.44578126012842767,0.34416124395338077,0.3075326458501978
living room__108.png,0.4271503379959648,0.38901396621301654,0.31747360777817957
living room__109.png,0.37204605940751123,0.32125637078382807,0.30404876816250503
living room__11.png,0.44247404198961016,0.40509884245747707,0.35105751070885716
living room__110.png,0.3800084360236444,0.2841858815959052,0.23948869893688285
living room__111.png,0.3749397840023966,0.20261246495609786,0.18771768113496579
living room__112.png,0.41270492339759834,0.37760427755600656,0.33489206115045433
living room__113.png,0.3762100186041353,0.3265899533722566,0.3040206353007002
living room__114.png,0.410837686533125,0.23467563719667317,0.23662049343319835
living room__115.png,0.5230706166885026,0.32560764675472076,0.3112245268786834
living room__116.png,0.46064439283698855,0.35980746793839125,0.34694299884021995
living room__117.png,0.3928553226430581,0.3531127391776603,0.363170124035901
living room__118.png,0.4556184892894122,0.34406306270231457,0.30919481395207116
living room__119.png,0.35293559707362854,0.39119261837406394,0.32895289511724746
living room__12.png,0.4050608734433284,0.346664461044751,0.30967609719847666
living room__120.png,0.36998471371384845,0.38300716383088385,0.33685029538069855
living room__121.png,0.36284626255099384,0.34820339362118313,0.284417004342401
living room__122.png,0.2603347696432511,0.3652729358230091,0.207614697096273
living room__123.png,0.3420833134974963,0.3357305295380608,0.3447007209325754
living room__124.png,0.41348973729366867,0.4307595176225165,0.3604469288911445
living room__125.png,0.4253911280291711,0.38785126434849215,0.33116187194052804
living room__126.png,0.3088747237391207,0.3955673978100481,0.2691940690592508
living room__127.png,0.37314821963809675,0.2983170683529953,0.2860788683799762
living room__128.png,0.3362223336432488,0.35942358470282265,0.30014742169488784
living room__129.png,0.4629350905082935,0.3239658358727747,0.3153362514775506
living room__13.png,0.42966968447496057,0.4131342421288431,0.3990771875487632
living room__130.png,0.4174042688711337,0.361868285709383,0.34379200554671596
living room__131.png,0.35900917974563584,0.35640941909982393,0.32201060262645287
living room__132.png,0.3707358565784853,0.3292354716216058,0.34273088564571286
living room__133.png,0.36927058926310596,0.331125241427184,0.2716457602904925
living room__134.png,0.44751372214930407,0.40726996174501917,0.41303358626855724
living room__135.png,0.3913510282287277,0.34291623303242635,0.37106192198969123
living room__136.png,0.33086354457865663,0.33561304439985506,0.3040331247642406
living room__137.png,0.42310528064867026,0.3882619972251736,0.3556348566730654
living room__138.png,0.3331456516892457,0.24290087071296995,0.21284602886076376
living room__139.png,0.45831814474257637,0.43721891073560215,0.40473985065574425
living room__14.png,0.4177205380455675,0.38250891028597833,0.3440435336645956
living room__140.png,0.3587475696033863,0.32242248199573753,0.23297579497463994
living room__141.png,0.3957873556628769,0.31112894482390907,0.26502510200930074
living room__142.png,0.38058637224775016,0.33105160869942907,0.26988470314769897
living room__143.png,0.3192156877906416,0.25808639701336267,0.20636579246290432
living room__144.png,0.4552413476959397,0.3708111712457183,0.37499496238719265
living room__145.png,0.31782659197164076,0.3594117661927497,0.30282062243407915
living room__146.png,0.38618019451119645,0.41336145879461084,0.37642098010771774
living room__147.png,0.4513582492416096,0.3554342030718498,0.3118822048220139
living room__148.png,0.3875971075124722,0.3551035780744798,0.3318936200009799
living room__149.png,0.42858039856789465,0.4467794277681413,0.40309422875931367
living room__15.png,0.42687107102700117,0.4114110226993637,0.3799353409034253
living room__150.png,0.3808934869301226,0.36659513370809005,0.28068525468751515
living room__151.png,0.4735463984680798,0.38869928016650745,0.36819165820393585
living room__152.png,0.40811149558890714,0.4171302235076192,0.33562700985603655
living room__153.png,0.4030573847721469,0.39457747176346447,0.34209868059538995
living room__154.png,0.44670090277652996,0.3884897805602121,0.37968943848255543
living room__155.png,0.43975060472163086,0.3974416870730959,0.38347100416658497
living room__156.png,0.34976232415910347,0.34415993466574957,0.27765138320773963
living room__157.png,0.41362416391958146,0.42198052268874353,0.35140937432040575
living room__158.png,0.38995111908435176,0.36976756724960946,0.3561914160883126
living room__159.png,0.3375515941302508,0.29300578190684956,0.28218936670617767
living room__16.png,0.4252757849001667,0.3584331267002664,0.31620405002999996
living room__160.png,0.37352968093632055,0.38583496285649477,0.4003517637739116
living room__161.png,0.2764431571878363,0.3909474679888455,0.1969333089656684
living room__162.png,0.3505707680567458,0.2757542001257931,0.2102788971490962
living room__163.png,0.3761722566066792,0.3793035369632003,0.32319823616599974
living room__164.png,0.4320568938367201,0.4043406347802475,0.3650108012127721
living room__165.png,0.42493409093063683,0.34342780913310855,0.3047187885506155
living room__166.png,0.4003902854000213,0.4115725306593767,0.3694282128519869
living room__167.png,0.3915786677482034,0.40800012558938636,0.3375781625102041
living room__168.png,0.43645734562812166,0.4216426286472613,0.395331693153421
living room__169.png,0.3986223919526618,0.395282277298752,0.334262083968178
living room__17.png,0.4034769436637524,0.34998173123821485,0.29775832255275625
living room__170.png,0.3203419821810797,0.35848464206867947,0.28962226283754156
living room__171.png,0.3335542995510101,0.24636418814875927,0.2271486849293921
living room__172.png,0.4415064962968931,0.37564616898001957,0.361875794200488
living room__173.png,0.32212436245290466,0.36658898147677443,0.2856640463011272
living room__174.png,0.3886643667265055,0.43858892806083805,0.38370834192516534
living room__175.png,0.37858113622651346,0.36924909516716453,0.3318314414910789
living room__176.png,0.38491069023381075,0.4099159512867304,0.38994218058079544
living room__177.png,0.3308578812189472,0.41139243786232393,0.27067278410019135
living room__178.png,0.42834777248072886,0.42170346154055227,0.372989556755563
living room__179.png,0.43431511335242234,0.4028654992916153,0.3852005202567981
living room__18.png,0.3947134490099107,0.4553759614025522,0.37516113985867117
living room__180.png,0.33567500869912825,0.2873845895397682,0.25776172128316766
living room__181.png,0.40511334437658153,0.3561865699011568,0.3166608993853992
living room__182.png,0.43437669731420947,0.3698420791539534,0.33070973637906353
living room__183.png,0.3244299386702799,0.31084538712161636,0.2799636133314882
living room__184.png,0.325606870363645,0.25480148049081053,0.23753293436044476
living room__185.png,0.4698539982825367,0.42531828176592446,0.4211916727233973
living room__186.png,0.30555664017596396,0.3479938442515632,0.2968431274364999
living room__187.png,0.28316143103305036,0.3608950400126826,0.2568617706504397
living room__188.png,0.43208387944939686,0.37311168932755523,0.3586285665031027
living room__189.png,0.3641342133556984,0.343201445106714,0.34143700654178044
living room__19.png,0.37004783435631816,0.2695250460865063,0.20474200252326802
living room__190.png,0.39365659358822447,0.4227822407612898,0.3484620812844288
living room__191.png,0.39655466153675967,0.330486284043468,0.2854581996655776
living room__192.png,0.4499067693072034,0.42522970254796844,0.38046488305704085
living room__193.png,0.3415853344372545,0.22165962273742923,0.15935401913064662
living room__194.png,0.2787275799855141,0.2653602655268116,0.18092536664997594
living room__195.png,0.331852805201725,0.3332596368323736,0.3003432274093011
living room__196.png,0.4083894269591051,0.39424568869961185,0.33090486789360707
living room__197.png,0.35961237706854743,0.4158120402769966,0.34827376025876955
living room__198.png,0.36713721526741694,0.36173376553426384,0.2943407565104127
living room__199.png,0.3055067127706079,0.32195867908520537,0.3067438709742042
living room__2.png,0.34920516503336274,0.4006719257929263,0.32706320402805944
living room__20.png,0.4195989336651058,0.3582555381472714,0.3242422589987366
living room__200.png,0.47176001917929544,0.431261188925009,0.388814776160058
living room__201.png,0.4986471280818118,0.4339146594973796,0.42510911326851264
living room__202.png,0.403602160879855,0.43814421475193965,0.3908745662324855
living room__203.png,0.28421651314827046,0.3469334831449913,0.27600788756733907
living room__204.png,0.3239465451186465,0.27098421810673634,0.16375679790515574
living room__205.png,0.45808219643608894,0.34067126214870136,0.29275974881115585
living room__206.png,0.46966777049746655,0.25564619086761486,0.2643261598000367
living room__207.png,0.4068387686574758,0.40934879240130795,0.3225523372296858
living room__208.png,0.35346662005152507,0.3630275566947758,0.30274922627623946
living room__209.png,0.21994198835918566,0.41648683158278754,0.20202987907315484
living room__21.png,0.34865292284734795,0.35218836964346545,0.28424175711120414
living room__210.png,0.3902452913848362,0.3511338535238606,0.34097474566829067
living room__211.png,0.38004369609873234,0.3855445564733829,0.2973610148624982
living room__212.png,0.3868072161863382,0.38959282913958904,0.39864901364537864
living room__213.png,0.40748410503485777,0.3904201171989029,0.35565092869869597
living room__214.png,0.471811161222082,0.37406821752038955,0.33099069365220946
living room__215.png,0.33607449754557417,0.36429025074233146,0.34671200338469554
living room__216.png,0.3288738425669342,0.29591432757168235,0.229849365681836
living room__217.png,0.5134671089165977,0.42082325568275336,0.3797343104707407
living room__218.png,0.3797011268635898,0.2999895324120505,0.2518474775704913
living room__219.png,0.4228929763420207,0.38455991117575994,0.3770953582726243
living room__22.png,0.40430741451593266,0.3349126524352647,0.2863289295207183
living room__220.png,0.3651985254399074,0.3718929889798428,0.27706908842865685
living room__221.png,0.3432476664595778,0.33766232383135897,0.26810618983579193
living room__222.png,0.3948024899005552,0.3953136001341061,0.3579542242326268
living room__223.png,0.43586950018671067,0.41739828654429845,0.344058954478628
living room__224.png,0.4411290851142694,0.35648725050282526,0.34524293024578034
living room__225.png,0.30751607255960156,0.258884263279762,0.23876138365219024
living room__226.png,0.3809634767885247,0.2020754113349612,0.16932212445210715
living room__227.png,0.36340038015555465,0.3288323625493228,0.30798971598099545
living room__228.png,0.44881308216698557,0.33405649700353945,0.327407048006536
living room__229.png,0.354543371964127,0.3372752375797762,0.31742688367894667
living room__23.png,0.45661712349743233,0.5067560287225615,0.43901163931185694
living room__230.png,0.38105581798316646,0.3178663098029364,0.3250538944439447
living room__231.png,0.3809455920165429,0.3670994158124913,0.33136557398614275
living room__232.png,0.3579051121728015,0.3714164661859588,0.3615129540617128
living room__233.png,0.3961320330468433,0.36005408981706133,0.33535392135580555
living room__234.png,0.4326008252510095,0.448795656808197,0.3988770997378277
living room__235.png,0.36574276754733215,0.35376573586762206,0.35042191878016704
living room__236.png,0.3562017365148238,0.3587497352048745,0.3575635904650255
living room__237.png,0.35324501040981926,0.4166829092885854,0.28465630589810276
living room__238.png,0.3901730321443997,0.33564684456185845,0.27638925542561055
living room__239.png,0.2872200835673293,0.3293380160246241,0.23552904914323303
living room__24.png,0.38769650171286296,0.3365593113206351,0.30730688160356234
living room__240.png,0.41231726653990974,0.2864612690671904,0.25073704625412674
living room__241.png,0.48192802920005695,0.36651180014077545,0.35774335958375447
living room__242.png,0.3948421390588359,0.3889757010018027,0.3548196202030649
living room__243.png,0.45365787521582635,0.4354642053615063,0.3793202756633821
living room__244.png,0.41360664123231095,0.4305360754472004,0.3923577744175102
living room__245.png,0.32091865242574014,0.34297800771888565,0.29888370219233185
living room__246.png,0.33393575628858907,0.30634467523572695,0.3262632370777584
living room__247.png,0.34327927407028236,0.36984361587730763,0.34394614465167594
living room__248.png,0.3560240086887936,0.298965883404424,0.2795096995322033
living room__249.png,0.3931672974624061,0.4098650250447555,0.3509336900297574
living room__25.png,0.43677753687510645,0.4366014514084904,0.3854106599300382
living room__250.png,0.42736929704236093,0.38409842711924547,0.3842808318090065
living room__251.png,0.4546644703010585,0.3628025931874863,0.33341498956577964
living room__252.png,0.39282293403980684,0.3272050496829919,0.29592127357684306
living room__253.png,0.41265946877614657,0.40129217022996944,0.3920843364515343
living room__254.png,0.40498284516949945,0.36614942834491226,0.3152712496005007
living room__255.png,0.4082614401309256,0.4084525873638054,0.33713280158016956
living room__256.png,0.4232604362101787,0.33540843102901674,0.31656878016883894
living room__257.png,0.42567092097594417,0.33139030904028155,0.32310539176474395
living room__258.png,0.382750866498455,0.40042831974750714,0.35546590153638713
living room__259.png,0.38089133907744044,0.4263780102353343,0.35012664678498606
living room__26.png,0.4018650990155598,0.34601289717860284,0.3186678091938634
living room__260.png,0.39515418073894426,0.36574903515455515,0.3176359715791648
living room__261.png,0.4167441001307315,0.36842252895977035,0.350394666770078
living room__262.png,0.39265592345708544,0.2917622842072505,0.2813975472919551
living room__263.png,0.3941096930687552,0.35422024544695196,0.3056188726731569
living room__264.png,0.40793011245647803,0.3501687638422485,0.33040501815248224
living room__265.png,0.38913045076173813,0.3212393033094698,0.3121043699282816
living room__266.png,0.3747610366644849,0.3564499396905906,0.3383363722382493
living room__267.png,0.39101655242243416,0.37022719053200304,0.31333286398484406
living room__268.png,0.40684283823297884,0.4660625139078133,0.3668111182422469
living room__269.png,0.2885951946949997,0.29357512113035356,0.2770413038529481
living room__27.png,0.37052434864576045,0.4708184391757837,0.326983877738958
living room__270.png,0.40548854917765853,0.39490778634081736,0.3366142179699192
living room__271.png,0.33304016555846616,0.2690209878060664,0.30325736140133686
living room__272.png,0.3684449346963332,0.35839104467200933,0.3037943940644049
living room__273.png,0.3816893318209077,0.39649316063605267,0.340329805828707
living room__274.png,0.39269312731905637,0.292144836613753,0.26485790652473207
living room__275.png,0.4121918224775658,0.37814144533328187,0.33880876412850447
living room__276.png,0.4565873073069713,0.32615415107253376,0.26827569415021946
living room__277.png,0.3796481725673,0.3956512620528152,0.3739704682818561
living room__278.png,0.34707097775384055,0.3530158201117787,0.33162139311374195
living room__279.png,0.35558867338029665,0.365388059381769,0.3472265466316059
living room__28.png,0.4632184635582659,0.4006431331727308,0.33145337680934195
living room__280.png,0.3736369721092363,0.3985456436796435,0.36600530075703275
living room__281.png,0.4434522597665619,0.4077948594437203,0.3873923450665635
living room__282.png,0.4302823900743826,0.29616853956286204,0.2697431764019509
living room__283.png,0.30699305763106866,0.3801563674561468,0.27884799391545767
living room__284.png,0.3937394224801867,0.40300293224570893,0.32414742091379856
living room__285.png,0.49541802664047196,0.36070417436860747,0.34292453462491845
living room__286.png,0.40126031956127817,0.35822875323727377,0.34288373537585115
living room__287.png,0.37252695086955867,0.37995102649006907,0.31238829916782984
living room__288.png,0.41173639161088893,0.3622496525667803,0.3512079670909868
living room__289.png,0.3981326620971467,0.3902656936365194,0.3178766507728915
living room__29.png,0.3637190253145821,0.23790753938750964,0.20892640043653832
living room__290.png,0.4901090483161823,0.49523310905519924,0.39865540424124857
living room__291.png,0.4175885121952285,0.2985606997146234,0.26613250336049665
living room__292.png,0.37239385829345517,0.32782225115320673,0.31050619078433694
living room__293.png,0.408287409078809,0.3351785244362623,0.3135504930614219
living room__294.png,0.29513322733414593,0.30449577762378066,0.25168592387297684
living room__295.png,0.4080304929241829,0.3919543807230609,0.3346225029103719
living room__296.png,0.36495785639358125,0.3471612797027046,0.3323914143810516
living room__297.png,0.44303620370024255,0.44317852117129064,0.4212549920154809
living room__298.png,0.4447725713905101,0.3943290982863381,0.3747084560332281
living room__299.png,0.35358272388756484,0.36917323120060663,0.362680060359725
living room__3.png,0.45961521297104335,0.4073192241050775,0.3934016759072807
living room__30.png,0.4427281477143281,0.3918335213124339,0.36559571538016267
living room__31.png,0.32967405931860416,0.3858330916189181,0.274774252427736
living room__32.png,0.3690290519587406,0.2803683691889054,0.25276314263865274
living room__33.png,0.4353183430712626,0.2350014428809737,0.21510460323687985
living room__34.png,0.3571279438467766,0.32615057191117214,0.26911261632543426
living room__35.png,0.4423251545060901,0.20826190955946433,0.1694710447737855
living room__36.png,0.4286713753799628,0.2983338263206573,0.2726592092114041
living room__37.png,0.39487244265111754,0.4000310245340508,0.38498888452172264
living room__38.png,0.3059235281908922,0.327300772622962,0.36342046130788386
living room__39.png,0.2966749765415778,0.3580465562124421,0.27428053127056506
living room__4.png,0.4688688899132937,0.42148903770679047,0.3998626206977951
living room__40.png,0.4104653269582098,0.3319250996535916,0.29831482360488626
living room__41.png,0.4076799735411367,0.23434402942045407,0.20699053653527433
living room__42.png,0.39060454645627507,0.3369559342506172,0.29483547419662204
living room__43.png,0.46471460074911763,0.4157456608655349,0.3873525611724983
living room__44.png,0.3927876375579157,0.3984657423234703,0.4009503614066793
living room__45.png,0.4463959806298443,0.39744141128451127,0.3888986869820451
living room__46.png,0.3909439933392762,0.3291647615251929,0.2905468505274206
living room__47.png,0.4577352080782462,0.3578542916175761,0.3410431900701151
living room__48.png,0.4042434800174697,0.40489178714621743,0.36208548921962136
living room__49.png,0.3948591937355178,0.3665864483156659,0.3394021761859398
living room__5.png,0.3885814766825074,0.35902319171102814,0.3393249496579547
living room__50.png,0.31848263948481914,0.26680235009638087,0.20611147366164473
living room__51.png,0.3781353255640998,0.3595393762006347,0.3589645229437395
living room__52.png,0.34951605923754714,0.3248410346269677,0.3111243707037199
living room__53.png,0.47243931539886097,0.3430563067414981,0.331664309100588
living room__54.png,0.36035492037037165,0.3259505406322273,0.3221422868811167
living room__55.png,0.41446059453366324,0.39614882297604104,0.3344306231828088
living room__56.png,0.4250276908098346,0.34897284029190956,0.3218930795079922
living room__57.png,0.42290721839106415,0.40316665604206847,0.36623786372313005
living room__58.png,0.4233946637174245,0.3807608646077517,0.3595042266755559
living room__59.png,0.2846201684339379,0.34018484644800684,0.27129743581302845
living room__6.png,0.37612596397917286,0.39792595543480214,0.3243074915285532
living room__60.png,0.34920519625199287,0.37040961647888737,0.3409291563657155
living room__61.png,0.4537001552042036,0.39199183010848926,0.3524407543845398
living room__62.png,0.37605626027303385,0.34616881790189347,0.3142342408663339
living room__63.png,0.3584177013754417,0.36074336379244365,0.30951604198461125
living room__64.png,0.3743519619977421,0.4230580604350076,0.2996648006952938
living room__65.png,0.5421012466113951,0.4322756402230097,0.37855581879791067
living room__66.png,0.38890756948964433,0.18703106788553092,0.15577419131940617
living room__67.png,0.4212933520369462,0.4269554918475891,0.3722680083783587
living room__68.png,0.3792216556660376,0.3210903726943938,0.3029482960219547
living room__69.png,0.45075962412939663,0.44411067977577035,0.42731869538348244
living room__7.png,0.3912830651958439,0.3786239307474888,0.389476257522936
living room__70.png,0.44375527979977114,0.42865075319242885,0.41623530677917897
living room__71.png,0.354760206646878,0.3251208676289855,0.2840344250628527
living room__72.png,0.42476686076604553,0.41735928665163313,0.4086672511458431
living room__73.png,0.3315856058524743,0.36622366070555523,0.3172903911868784
living room__74.png,0.40637962126220917,0.36274624015897006,0.361111958271516
living room__75.png,0.38721157867692224,0.3059930110815755,0.31499074516519476
living room__76.png,0.2656477243404307,0.322505194790246,0.28741956240460653
living room__77.png,0.4849329059190788,0.3691326117868172,0.33248186778030586
living room__78.png,0.38042049999330696,0.32139123024076777,0.2583511734116585
living room__79.png,0.41120165715098034,0.44015494359544194,0.4225250564746307
living room__8.png,0.4095249080909493,0.3447812155898141,0.3081736798219381
living room__80.png,0.3973912250584529,0.3596844389453331,0.3121715652829058
living room__81.png,0.41657107535028437,0.3805160199958474,0.3547407299651687
living room__82.png,0.3758990648418211,0.37223114794533374,0.32978698851296684
living room__83.png,0.3456972364234139,0.31301860105945456,0.29990173716427093
living room__84.png,0.4043618239400735,0.33629250800132304,0.2914884336278799
living room__85.png,0.30717551838503543,0.28080472882177576,0.2600863288413632
living room__86.png,0.30305940099761786,0.3260078801266941,0.2522409930707519
living room__87.png,0.40058835683068306,0.2707450974541131,0.2912471823745393
living room__88.png,0.3655181846148029,0.4099061679234408,0.3384665230491045
living room__89.png,0.4070822090126952,0.36004632428780314,0.29922120353544956
living room__9.png,0.38795408867159864,0.39727489220400514,0.37220089946707813
living room__90.png,0.3759024741508755,0.31981473497723456,0.32876585595257757
living room__91.png,0.3695495873961492,0.3689634301223439,0.3069884806392841
living room__92.png,0.4277968723508392,0.3250222027895562,0.3206569437283746
living room__93.png,0.4020269962585937,0.26935376767872166,0.26154448540985287
living room__94.png,0.40254939403415013,0.34499621322002016,0.3159235805467492
living room__95.png,0.4022172502947069,0.37737526891593265,0.3471330202691971
living room__96.png,0.39543541073563315,0.3081442500552518,0.2628388450479451
living room__97.png,0.40726570013816144,0.3537330876228231,0.33418544062779454
living room__98.png,0.4182414252606508,0.26625467727338903,0.27962662865412347
living room__99.png,0.5290330239295926,0.2665499443178888,0.24318178746642827
office__0.png,0.38131001845708523,0.3607621349692208,0.3669008518268616
office__1.png,0.43475453481109905,0.442483171472032,0.41096269371233174
office__10.png,0.26256391959572145,0.411736968674118,0.25201406264340875
office__100.png,0.42790902697014854,0.3926228700782335,0.38564320364534255
office__101.png,0.44181987201390405,0.40440125329124466,0.3474414055706688
office__102.png,0.4449137084338953,0.34465864456716233,0.3216043322342592
office__103.png,0.4131470965545546,0.30616190478193295,0.2476032578906604
office__104.png,0.35353258888167516,0.3556893288886298,0.31955990027138137
office__105.png,0.3590031693739898,0.3939984791388367,0.32331828514837235
office__106.png,0.4172903628022988,0.43186647181661286,0.38990917792338176
office__107.png,0.313562138468389,0.32416875405469814,0.3008277909307677
office__108.png,0.3982007784868039,0.3396868615571712,0.3489037645433587
office__109.png,0.40300003071973856,0.2865091664650946,0.2834244829069007
office__11.png,0.40318418842351267,0.2480825107527812,0.20933725313745177
office__110.png,0.3855502226578579,0.37598068947199814,0.34447031986346166
office__111.png,0.4092012195374859,0.4047955012275565,0.3711952879653492
office__112.png,0.39533679862417004,0.3633342612026821,0.3219458958106801
office__113.png,0.4406637749978126,0.3678947721677437,0.3646618111340195
office__114.png,0.40403938232899694,0.39871618812794196,0.3862000191880711
office__115.png,0.3444625043763153,0.32808945205334783,0.3064438150096046
office__116.png,0.40418018218621865,0.4009158271962109,0.3450592607470725
office__117.png,0.41424135581850685,0.32212464669468555,0.31043081156399555
office__118.png,0.2760014445190334,0.2926354376775566,0.301046284731295
office__119.png,0.32502064380242834,0.3548368795872022,0.2683600135062123
office__12.png,0.3850835628392003,0.34536369394287736,0.3359227268787266
office__120.png,0.3314236949170525,0.28045979210961924,0.23037058712522707
office__121.png,0.41799952886106084,0.3259433888276906,0.2627335254834108
office__122.png,0.35294103248837616,0.24598485323928554,0.21591345737331813
office__123.png,0.3759133759032758,0.28663109502867823,0.2455225075672839
office__124.png,0.36149785861428263,0.3025547040807729,0.26511040957490273
office__125.png,0.41835549772281244,0.37126168981920626,0.3411645791899929
office__126.png,0.2754497024533492,0.3603540759724605,0.2955697750765469
office__127.png,0.42013771999680327,0.36373571996816023,0.3667503201946082
office__128.png,0.3354393405525723,0.24835202229838604,0.22287005827049422
office__129.png,0.3337592130852044,0.33423549086354365,0.2598304910522733
office__13.png,0.3357418178666125,0.32551017821842854,0.32403142680052266
office__130.png,0.24239964638245048,0.33353628546385294,0.20762654048837892
office__131.png,0.42787471881683536,0.37466164423288606,0.3313134508106649
office__132.png,0.3230561018935879,0.3338422570044043,0.31522958595953376
office__133.png,0.3103562465899945,0.33575390689385887,0.3556885747042443
office__134.png,0.30395048436000294,0.31531510811150376,0.2535483411483578
office__135.png,0.3788548186079096,0.3520095995386979,0.307119980318867
office__136.png,0.32148722069497637,0.3421503150675247,0.2938739317809701
office__137.png,0.34656218632986924,0.2875512279629301,0.2801463507037747
office__138.png,0.35595435021545385,0.3475708428730716,0.2879174914271321
office__139.png,0.3754759220652629,0.3430665763375489,0.31954388392988975
office__14.png,0.2869555847015499,0.28012769353690337,0.24545634114618797
office__140.png,0.3364129765373831,0.39713476596543207,0.3628248707753229
office__141.png,0.4302807225930675,0.38660168896016855,0.3765220195693436
office__142.png,0.3256229469963776,0.2624549208424145,0.21208015337395325
office__143.png,0.30824530509911463,0.30878871186707757,0.30568148843641807
office__144.png,0.29774950988765647,0.36967531947861865,0.2954883243324782
office__145.png,0.40214850055872753,0.39276325574239035,0.3566332165926438
office__146.png,0.40234757988165026,0.341317720197026,0.30295873038652055
office__147.png,0.31913370221586257,0.28642412218156044,0.293503215984124
office__148.png,0.3333487242820019,0.3005959858619962,0.2830233206541237
office__149.png,0.41469628766579236,0.29072349992400515,0.29167603140421805
office__15.png,0.393598732369592,0.37484853467058676,0.3972312922793545
office__150.png,0.3632790654789212,0.3191817585496748,0.3258413364231798
office__151.png,0.33919567191958877,0.35200236787454575,0.28046919546046023
office__152.png,0.34410520396168964,0.319030854083728,0.2902853264856352
office__153.png,0.5768651141436868,0.3780589796841066,0.3703527162268767
office__154.png,0.3747609778445673,0.33008181968448524,0.27821822483607994
office__155.png,0.3407273428852884,0.36510512626287595,0.3267893310119484
office__156.png,0.31736500000052215,0.28586277561381834,0.24964074833549044
office__157.png,0.34183273785723856,0.3156505951850067,0.26679030485918864
office__158.png,0.309820262069183,0.3622624105838662,0.2719134186837413
office__159.png,0.30616413006323917,0.35200207173220976,0.2818663554998989
office__16.png,0.39647024661747976,0.3211412124675098,0.3040779998684007
office__160.png,0.2885453851767942,0.3620189031776262,0.24747938203185715
office__161.png,0.2475499885658511,0.3426920115447306,0.20434149100564558
office__162.png,0.4136042400470543,0.32556497172512966,0.2944746143146997
office__163.png,0.2917916308730465,0.3272126235640015,0.2726610431011295
office__164.png,0.23673707459154358,0.26679758198099146,0.2191087229341594
office__165.png,0.40206232404280373,0.1538723731377858,0.1387922375063636
office__166.png,0.25288390954200046,0.22287887477773194,0.24492246033471543
office__167.png,0.3554181828135269,0.39094364389743186,0.34645569360962214
office__168.png,0.42561443555574674,0.29966703250958726,0.28081681028239514
office__169.png,0.34186065524514464,0.36003128337322265,0.3207483033604055
office__17.png,0.3080270161155557,0.33580979712145964,0.2594393024569117
office__170.png,0.37086679321908933,0.33230556834826463,0.3050322717342301
office__171.png,0.3210491068201877,0.26785594543543323,0.29300709202229225
office__172.png,0.42412540506819385,0.32006201386128874,0.3209455522134983
office__173.png,0.29017417860712014,0.36203441146557824,0.27451975039229937
office__174.png,0.29737677222947145,0.3234019718465073,0.263087109609775
office__175.png,0.4089489354167536,0.2993741518502554,0.2857091784721847
office__176.png,0.39221978093754517,0.3217519505479052,0.3547356940666654
office__177.png,0.3076571920876624,0.2952148205396298,0.217174189409435
office__178.png,0.44435961367663557,0.3740788978251989,0.3557034840274119
office__179.png,0.46902818969903337,0.3540958328560523,0.34467992589891316
office__18.png,0.44099203579299595,0.26364134293199015,0.23910019700352314
office__180.png,0.3958078508615085,0.3834136607959412,0.3435438013933203
office__181.png,0.4469851674991906,0.30640828232795436,0.30055560425098315
office__182.png,0.39625380363405993,0.3736076426478848,0.3834995350123892
office__183.png,0.2667667080082823,0.3882557297253244,0.26523770125494583
office__184.png,0.30839850300470384,0.255171785594551,0.25365257902672644
office__185.png,0.3888769149477971,0.368217301770457,0.3208403333610602
office__186.png,0.32068745328223225,0.3120610461154446,0.29314495293846765
office__187.png,0.48292656579689686,0.34425813798368554,0.32249329344671307
office__188.png,0.44076296299760764,0.38387012373738205,0.3596282762915801
office__189.png,0.36344325719956905,0.2527793445938752,0.2496192475218182
office__19.png,0.38072015987177454,0.375573074295531,0.3807327154302417
office__190.png,0.3557690459802887,0.29970786718328646,0.32209773707562794
office__191.png,0.43967315726887013,0.4401343292937657,0.4360206004219299
office__192.png,0.3934707741777872,0.35245398627803537,0.3273092342821641
office__193.png,0.33324796785068556,0.35220977570402257,0.28493386162278633
office__194.png,0.4028515025553684,0.32983754095112194,0.2974183553288581
office__195.png,0.2752162903430798,0.27212237255463434,0.2447527633135962
office__196.png,0.2954908981968386,0.23585146277313385,0.1813563262725949
office__197.png,0.24461199061768846,0.2356378848642232,0.21216811626941012
office__198.png,0.39048034040145674,0.3897394492640789,0.3438336889432614
office__199.png,0.3054977102535683,0.32978511728409976,0.25724233340441327
office__2.png,0.39757111308165116,0.4156525118361374,0.3616990831095256
office__20.png,0.3602652670742085,0.3943750367592741,0.34408524105605187
office__200.png,0.4083545887237937,0.34199103244623263,0.3375613193785364
office__201.png,0.4036506942677087,0.35622616203677004,0.3110611386678195
office__202.png,0.42193786532962174,0.32599190075781326,0.2916990655093824
office__203.png,0.3767551726984657,0.4352988910560387,0.3320061799556363
office__204.png,0.3710149858842069,0.4009893397558201,0.3046286473306735
office__205.png,0.40463088062533803,0.35876289296651453,0.3434848041231293
office__206.png,0.2945045103322609,0.3259771279181546,0.24135001276250034
office__207.png,0.2525011826631711,0.36689341885042503,0.1794903881715736
office__208.png,0.350007293381688,0.3254973022821872,0.3112068288627101
office__209.png,0.27003689260391095,0.2831551120298408,0.29005395114197197
office__21.png,0.364754940494592,0.3465690955219112,0.32333738508181553
office__210.png,0.2898049663004143,0.26950218899950873,0.24924010336505886
office__211.png,0.3242072548457372,0.2827401432458516,0.2794976572264444
office__212.png,0.38754534757224557,0.38294861724060103,0.353232987219791
office__213.png,0.37252701823571943,0.4277114319341243,0.3330623015361126
office__214.png,0.3222813455103677,0.29919033429956,0.2949936145059029
office__215.png,0.37705254189296866,0.3498516243688202,0.34766801964446903
office__216.png,0.43712526074136937,0.40888027651275827,0.3796710386271842
office__217.png,0.31822456646012176,0.37218045152832424,0.27888758429085714
office__218.png,0.3707009869341835,0.3512924398614883,0.33312268664671774
office__219.png,0.27786984512940627,0.24493462468646987,0.23548325678333693
office__22.png,0.3524631096977032,0.3024494697635939,0.2531532432170902
office__220.png,0.2808678802950938,0.3104448636268491,0.27537485120216365
office__221.png,0.41612087026765077,0.38264871895404706,0.34775875083903973
office__222.png,0.4020623553335203,0.4154580016267565,0.37892038004953366
office__223.png,0.309601581559136,0.3988121190173848,0.30362040591767714
office__224.png,0.42348232217379833,0.3543429262888238,0.3233159773383897
office__225.png,0.37002338722617256,0.34627093059818226,0.3186099643386895
office__226.png,0.3868405898483006,0.4056969637135479,0.33593652946925934
office__227.png,0.3638588553552822,0.34451174513436966,0.3348110548480352
office__228.png,0.34402173783417556,0.407813405258556,0.3227849429795293
office__229.png,0.34556966932380107,0.33517973169750914,0.3291702399995574
office__23.png,0.37222462645495,0.38182270640366267,0.3098390928778988
office__230.png,0.3264581896072549,0.33364580377374176,0.2907336587559596
office__231.png,0.40255328765560083,0.36947686871637364,0.36679911690942746
office__232.png,0.40082210426630627,0.3977947026286449,0.37219517232088606
office__233.png,0.36981630057743764,0.31064799280331534,0.26913361666028424
office__234.png,0.3166544617759748,0.261901921835335,0.2485325064067172
office__235.png,0.2695486358693928,0.3350366734121182,0.22437331830159546
office__236.png,0.4237314337874145,0.3004873618825534,0.24572504619729563
office__237.png,0.3366926913320313,0.3201837123922293,0.2496883301689642
office__238.png,0.36579796117803254,0.3545322352680159,0.3145671423513712
office__239.png,0.3369128768867119,0.26392591631026363,0.23639345891338148
office__24.png,0.3744604122037244,0.35133979237530677,0.3187539464695981
office__240.png,0.4166478545382791,0.3861741873802972,0.3658937838165919
office__241.png,0.34533887148736886,0.3214831020421721,0.2763247216519674
office__242.png,0.39002798698460084,0.3475652053270094,0.3102161425433432
office__243.png,0.3720606050571449,0.33114396526581436,0.2928554936990996
office__244.png,0.4572059674296679,0.3277553885969242,0.3025111850025157
office__245.png,0.3769271847223198,0.3684567807459759,0.32979530823279424
office__246.png,0.3684049374326652,0.3636378584593959,0.32708732184119227
office__247.png,0.4026742616058714,0.31634520748968165,0.29423537088301965
office__248.png,0.242433832137678,0.2848455779441935,0.23398232452419365
office__249.png,0.30738775372603644,0.2678042300625144,0.24189403113958508
office__25.png,0.33531971540129224,0.3387616763097956,0.3194548040007573
office__250.png,0.39485532766694564,0.39131089262923413,0.3476181362726274
office__251.png,0.34156545150219686,0.3044347773484489,0.27589888923650896
office__252.png,0.36214054835417764,0.25112173278148386,0.23897172718581605
office__253.png,0.3068090798909038,0.32116763463875486,0.2914379233631671
office__254.png,0.2634549809809339,0.28729949890972284,0.16592082422073984
office__255.png,0.38088858526969716,0.31715304042006687,0.29052793419463674
office__256.png,0.33906082384157243,0.3384123586522436,0.2718729865458721
office__257.png,0.3305518075315246,0.2947060028721563,0.2811883080722396
office__258.png,0.3597752857949622,0.35286924035569933,0.390503015422221
office__259.png,0.353028712720452,0.30603859635141006,0.3159050715479812
office__26.png,0.4131680506855433,0.42158588678730813,0.39080319174478007
office__260.png,0.41789353568025367,0.3314492982990217,0.3082709385689336
office__261.png,0.3858272827557211,0.3278706694277711,0.3093994011099973
office__262.png,0.39458668943258246,0.4122755496174292,0.3960166774671492
office__263.png,0.37318126684041286,0.33037442383522053,0.30208365522190395
office__264.png,0.2564290411604868,0.27292394038673395,0.28376759653957706
office__265.png,0.29794202005311365,0.31017714304590105,0.31328738565094383
office__266.png,0.31650816277947147,0.353387924063036,0.32972956053643954
office__267.png,0.39742171383925784,0.2284199173322795,0.20878279181656056
office__268.png,0.404436723753962,0.36726296873030273,0.33139573115277876
office__269.png,0.2584501862850137,0.24630863068519715,0.24722611146737217
office__27.png,0.30440430828482257,0.29716433997027025,0.3082886270523514
office__270.png,0.2751923271233686,0.2663674355514444,0.2537701640263743
office__271.png,0.33916374074032785,0.3538971375671883,0.3241530429209952
office__272.png,0.3056137948470493,0.2327645128280501,0.1865373504031934
office__273.png,0.3498887578693717,0.32731712004034974,0.287032367322299
office__274.png,0.30436507229156207,0.31453041225737033,0.24430846094758363
office__275.png,0.4488755442876584,0.2872268807441214,0.29277962147057013
office__276.png,0.37056005756018306,0.27019718305532303,0.2626312527970899
office__277.png,0.3294054113720071,0.3030887271793986,0.2810556126583966
office__278.png,0.3398464839283618,0.29528576281766583,0.2891539062701377
office__279.png,0.35431015448005865,0.29993962906475635,0.2904083023276809
office__28.png,0.3864607441558132,0.37592874100928053,0.3538862645607057
office__280.png,0.37618463434518623,0.3799543636278343,0.33349373586566156
office__281.png,0.3921052811575345,0.26529668497709513,0.24689755677762537
office__282.png,0.30635319735349653,0.35731945759522343,0.29134679286518417
office__283.png,0.44330079312612447,0.2536688124305846,0.24437993214568476
office__284.png,0.39382416730535097,0.3137342993810164,0.30249845905367967
office__285.png,0.38479343235812147,0.21130014387299212,0.2000161623511788
office__286.png,0.43322108499834855,0.35338075863818896,0.3502029449619801
office__287.png,0.42993377876967087,0.3785388822121569,0.3790561213697142
office__288.png,0.3037731766616114,0.29889247600750524,0.22669094061395
office__289.png,0.40374877542330323,0.3907892594373691,0.40544574237480957
office__29.png,0.38162961059860934,0.3438463309286792,0.3135689517124639
office__290.png,0.3538829269855346,0.3635082012197034,0.3046396844857491
office__291.png,0.3248579462336638,0.33688124923157103,0.3236564243892731
office__292.png,0.4352079673082204,0.39227309310688163,0.3468885621513311
office__293.png,0.3631643003032976,0.42521627862201894,0.3542104654438234
office__294.png,0.4071976659494517,0.4023304032492597,0.387650684296567
office__295.png,0.28243076245364174,0.32806969268594066,0.2498922061210822
office__296.png,0.3675985918098664,0.3779640984195709,0.3278419679711252
office__297.png,0.3685511115735447,0.32617374200099036,0.30892288542234947
office__298.png,0.3738295929289036,0.32155307764893903,0.3072636095436142
office__299.png,0.29767846742533655,0.23194180847064827,0.2499356452260656
office__3.png,0.3185268940533136,0.29783284553415135,0.2309636583806267
office__30.png,0.4598066640209394,0.4219627090782734,0.41295413513516854
office__31.png,0.38881860438105,0.367915456612285,0.33487259890546617
office__32.png,0.23027762304837374,0.31683773431876927,0.1916677780564141
office__33.png,0.3483240401472337,0.2750046829713937,0.30132313279758627
office__34.png,0.37503593511672684,0.36440946400637675,0.34031093078887387
office__35.png,0.4756789729690295,0.34631827469703613,0.331462041748243
office__36.png,0.29341909203991423,0.31995959909555394,0.2298059728635109
office__37.png,0.36746471989673724,0.38920142659531975,0.3282613002334325
office__38.png,0.3975554424766783,0.36838692590428546,0.3544063269069727
office__39.png,0.37479660078557275,0.3953149784828526,0.3146681973901361
office__4.png,0.2374031571432239,0.3883357260176067,0.2240433352861405
office__40.png,0.33483617757299566,0.31573653435066973,0.31081530614571107
office__41.png,0.48787060569512386,0.2743603769509575,0.2676837849731192
office__42.png,0.31060370822384953,0.3316461422628817,0.3158338185505618
office__43.png,0.3513913895968066,0.2815732824806696,0.25777236227750666
office__44.png,0.3833163223575726,0.3872614465463101,0.3960380425120976
office__45.png,0.3632961797727672,0.3225478599440398,0.3542335660949041
office__46.png,0.37825241087952777,0.3631349897870073,0.2973892204821619
office__47.png,0.3870676499292006,0.3656743887968571,0.33647807988611966
office__48.png,0.32064033204915765,0.3352907776308782,0.2890020513459184
office__49.png,0.40352854366966817,0.3466013362002528,0.36677125579430825
office__5.png,0.4235212363508051,0.45933227248996533,0.40478623687394966
office__50.png,0.42387531799951916,0.36863424088645314,0.3567165693637654
office__51.png,0.3470986544301713,0.29925119022786983,0.25861343000776915
office__52.png,0.3459904192886395,0.34967326478791194,0.28905294100258916
office__53.png,0.30764619063041365,0.2790989726921277,0.23906844640057623
office__54.png,0.3561990155486614,0.3857432513833715,0.351260542908024
office__55.png,0.36640462874908897,0.32211680121816577,0.29366837769999243
office__56.png,0.4514853265725485,0.3795381821608076,0.3507202369849901
office__57.png,0.3738295929289036,0.32155307764893903,0.3072636095436142
office__58.png,0.38255396522482865,0.37460488870873254,0.32480437678606333
office__59.png,0.3794910638482384,0.34397487636224056,0.3274066525431847
office__6.png,0.28711360073533143,0.3593215360493258,0.26047629371844006
office__60.png,0.3392653108899829,0.30707387299517563,0.2749590433949053
office__61.png,0.2908328667698288,0.27267678870087053,0.27758240732205164
office__62.png,0.29767846742533655,0.23194180847064827,0.2499356452260656
office__63.png,0.34393197637611894,0.24120796440126502,0.2240594923540543
office__64.png,0.32997595303564553,0.3073206187321772,0.2642502339019107
office__65.png,0.3541360928119033,0.4002122568349319,0.2845615000393562
office__66.png,0.39559210667045974,0.3756349408744116,0.3572034261126835
office__67.png,0.3592204084283158,0.3432560603031405,0.31593743529397444
office__68.png,0.43431485671087433,0.31970939415416155,0.28696759620811074
office__69.png,0.3415838600874056,0.3971446364278346,0.30344857299357175
office__7.png,0.4283591562489213,0.3537332332449987,0.3394581709667548
office__70.png,0.29607415316678465,0.3024445269542052,0.2847673244400407
office__71.png,0.3992010054803825,0.3215855261414091,0.3021102095041692
office__72.png,0.40270710209194505,0.3253365335126781,0.30983919329910115
office__73.png,0.36410851914818143,0.35201138516364383,0.2911447966249804
office__74.png,0.3766407502986764,0.36899630312277587,0.31053990226253403
office__75.png,0.37645943118357084,0.39232754848937357,0.336427952818085
office__76.png,0.4026424664485898,0.3839604282913557,0.34408485826760604
office__77.png,0.4040456169604164,0.2845594195640073,0.2651704753808175
office__78.png,0.38132742043196444,0.335106607766111,0.30090935982672906
office__79.png,0.3398203423509121,0.3610951658093893,0.3256476599148609
office__8.png,0.37019086560856374,0.41524469430966904,0.3247899838643872
office__80.png,0.352193059547809,0.20983625367557868,0.1772451348041426
office__81.png,0.42362235852222196,0.4062998492502605,0.37677303041828647
office__82.png,0.3638040639000507,0.276971092011145,0.26067171274169276
office__83.png,0.4149408167246198,0.281172866442407,0.2736145728462608
office__84.png,0.4107167214485562,0.3715078570421345,0.34660476152426434
office__85.png,0.4368356617135901,0.38660981617680046,0.3618645492973289
office__86.png,0.5031569703287527,0.5303066401148953,0.48475354617993716
office__87.png,0.39788191193299316,0.3412683933591645,0.31579333584176694
office__88.png,0.3620114161579471,0.39842639222986787,0.36344334712203263
office__89.png,0.3264814603179448,0.40056806421736313,0.28201632893819095
office__9.png,0.49883402582083103,0.39487413713119046,0.3613173384990269
office__90.png,0.3881129413700172,0.32550586523563474,0.2878956438624375
office__91.png,0.41019725271618857,0.4303069799981015,0.3755956010447665
office__92.png,0.4079085968381446,0.38417711503764196,0.35904805268332374
office__93.png,0.35808455473933487,0.3294639954600104,0.275288133280684
office__94.png,0.42201497889974204,0.4581156050573262,0.4082377867960194
office__95.png,0.35559390302936833,0.39271796574648654,0.336909171138701
office__96.png,0.22704067416832874,0.3430829447750675,0.18553963913856153
office__97.png,0.3585276426546179,0.18506374653762092,0.18417945511704692
office__98.png,0.38548877994051733,0.3526342674440043,0.32969658328351736
office__99.png,0.39137934175956124,0.34186550818231165,0.3400182906654591
restaurant__0.png,0.4673753855443451,0.3900988889347705,0.3731935571266478
restaurant__1.png,0.36342021643351285,0.5138532799430205,0.3585186543768081
restaurant__10.png,0.4766162194858601,0.4148387855407236,0.39625783393383085
restaurant__100.png,0.5289910394259033,0.4014448700547143,0.4023072522140445
restaurant__101.png,0.4444863864894856,0.4368236628876936,0.4190308674328528
restaurant__102.png,0.4406290270426274,0.27058049840066745,0.2585388177219303
restaurant__103.png,0.48402814997877,0.39091830254075655,0.37152741750122953
restaurant__104.png,0.468569928502547,0.4699630625225728,0.4537940698487386
restaurant__105.png,0.41182053455345335,0.3715987472528225,0.32124259557236534
restaurant__106.png,0.454263715986989,0.39233438377404983,0.3884530224447238
restaurant__107.png,0.5392687090987425,0.5306976275201274,0.5242463366143844
restaurant__108.png,0.47801245661692526,0.3761041905093213,0.36559793193296897
restaurant__109.png,0.5353659204711605,0.4526586095149453,0.42013955832157024
restaurant__11.png,0.5938721387488806,0.4835871309677906,0.461850459503378
restaurant__110.png,0.4355104335995462,0.4461616233932496,0.3998539458119492
restaurant__111.png,0.46503165543245173,0.3779015416532753,0.3685864813979651
restaurant__112.png,0.45624003728990115,0.4212744776955988,0.39661744226011164
restaurant__113.png,0.4533770728254135,0.46238567050363133,0.44657421627463445
restaurant__114.png,0.462670123764953,0.4686918651646965,0.4398424882143114
restaurant__115.png,0.43192159904506666,0.4047570720684085,0.3563749233053696
restaurant__116.png,0.3894237106637146,0.3899824113881811,0.338774923312088
restaurant__117.png,0.4005990794348475,0.41213852550840013,0.3440308192798093
restaurant__118.png,0.38023531599577476,0.4122340766506153,0.3569699476344661
restaurant__119.png,0.3455952494500658,0.3135228093345803,0.28436539905032
restaurant__12.png,0.4915729181648909,0.4563420530909801,0.44229563916351544
restaurant__120.png,0.6206935661638291,0.36395789033011094,0.35933658309685146
restaurant__121.png,0.4414610047794115,0.35932375463292576,0.3269668349428734
restaurant__122.png,0.4464873697168307,0.4779372797935455,0.41969430572231925
restaurant__123.png,0.41551427695051335,0.4035920565851331,0.3763575373806636
restaurant__124.png,0.409352152802669,0.46297559148411604,0.3752509588236511
restaurant__125.png,0.4802409973588212,0.41274482460130657,0.4015779083192367
restaurant__126.png,0.4371901861923164,0.47964195713048174,0.42009426758466106
restaurant__127.png,0.4136612733570897,0.41778517597249454,0.38585197701700824
restaurant__128.png,0.5872294894101187,0.3460002652446571,0.3291838177126144
restaurant__129.png,0.3882421365476534,0.38972502288643573,0.36225143554360706
restaurant__13.png,0.45552890417004954,0.3294728727370707,0.311735842007584
restaurant__130.png,0.46498578906707966,0.4377574564011275,0.42078307020928674
restaurant__131.png,0.3904523931972609,0.37439924861068774,0.34042048710669814
restaurant__132.png,0.53246454846376,0.4981826885963667,0.47982725845057395
restaurant__133.png,0.39091063662135106,0.4371673522752688,0.3194532578805329
restaurant__134.png,0.4923466427501577,0.42585778807374686,0.43540672268782465
restaurant__135.png,0.47657054688783296,0.45936604224174094,0.45530735655849675
restaurant__136.png,0.42660248786297994,0.42247626204763367,0.416053529610371
restaurant__137.png,0.48267893715012444,0.4624765128394174,0.46655996049813697
restaurant__138.png,0.4612696254337447,0.4253716833657465,0.4083179642266068
restaurant__139.png,0.44577587993901224,0.5013815801544744,0.41983403418065723
restaurant__14.png,0.5671425940569972,0.4531195167410017,0.4280908451378057
restaurant__140.png,0.5202009758875703,0.519650510347897,0.5044708926541592
restaurant__141.png,0.39069151774227295,0.31341018001256493,0.2827623925671201
restaurant__142.png,0.4174920388811556,0.43637852048570713,0.437998035195438
restaurant__143.png,0.4086740229416336,0.45216519256760235,0.3895700770694628
restaurant__144.png,0.49274439145866855,0.5118322124972722,0.47511362499616383
restaurant__145.png,0.472561769201868,0.45792656933994724,0.44224814689860226
restaurant__146.png,0.4388944559517959,0.4135379135973023,0.38379778756929084
restaurant__147.png,0.47035757500281405,0.4466475462079482,0.3891940905991913
restaurant__148.png,0.5074528015949749,0.4819468399472502,0.4872294999259221
restaurant__149.png,0.4877083086658133,0.43925168775049384,0.4389340456759261
restaurant__15.png,0.5408222778644716,0.5320153342744447,0.49431227270167166
restaurant__150.png,0.40695123538481925,0.3618775011683445,0.32537982903173157
restaurant__151.png,0.4347563516001176,0.43633343533263247,0.3765979529317516
restaurant__152.png,0.455938475672217,0.4079812524670814,0.3878337680278241
restaurant__153.png,0.4754242316732502,0.4263442975549159,0.3939106347285144
restaurant__154.png,0.5040226844184916,0.4873864130957687,0.4525475618103838
restaurant__155.png,0.4760245497769473,0.4617633615927951,0.41379088518779517
restaurant__156.png,0.49149541833609245,0.42994480485006026,0.4419843612225679
restaurant__157.png,0.42822685623379286,0.4680718972301462,0.36113695570945714
restaurant__158.png,0.43489327628649355,0.42512537246574744,0.4329968044379059
restaurant__159.png,0.3895031303179963,0.42099503008622463,0.36486150537597317
restaurant__16.png,0.425022137321055,0.34519893600452556,0.32998885699983993
restaurant__160.png,0.41212167344622186,0.43738583367780237,0.3793745803120394
restaurant__161.png,0.3739087049898929,0.4205234841740545,0.34532780546349573
restaurant__162.png,0.4894787185987587,0.45762830883158023,0.42449420966090556
restaurant__163.png,0.43428070050044865,0.4815096999902635,0.4472686245598523
restaurant__164.png,0.5343109744043067,0.5510973725346424,0.5162094590640822
restaurant__165.png,0.4292315084572369,0.43085031863711065,0.36952955448921876
restaurant__166.png,0.579389610600034,0.47215384807493044,0.4625421444777341
restaurant__167.png,0.5346328172956104,0.5136379860855791,0.47691130593283837
restaurant__168.png,0.4372782844556926,0.40930452438150444,0.35219413692611035
restaurant__169.png,0.6810004281536408,0.5344748583237118,0.5270927977702595
restaurant__17.png,0.49658853990433593,0.41469442556944036,0.3693214976884083
restaurant__170.png,0.4799981774300496,0.4189155364886529,0.4146872289486947
restaurant__171.png,0.4642741180409502,0.48255406915687504,0.4477965869400585
restaurant__172.png,0.46390020831993906,0.45924423016791527,0.42341896039263094
restaurant__173.png,0.4905880708762814,0.47116638186988735,0.43453627923437965
restaurant__174.png,0.40022143639821617,0.40630902293411186,0.3437210385547731
restaurant__175.png,0.5157143316684837,0.5210504971960364,0.4851128522555923
restaurant__176.png,0.26831834265397914,0.42276734830466267,0.2516758297506887
restaurant__177.png,0.42291070695698973,0.44249221511078785,0.3891463221235204
restaurant__178.png,0.47332392727332984,0.4662850113401651,0.4109528932931421
restaurant__179.png,0.46778517015109833,0.27016361214702933,0.26720833022415613
restaurant__18.png,0.4368288526614035,0.36145767275707685,0.3645653013217047
restaurant__180.png,0.47446101623377157,0.4611057926247242,0.40487265466082256
restaurant__181.png,0.4305626298666807,0.449508240519483,0.38823224228842457
restaurant__182.png,0.5049072509194088,0.5075064851597311,0.48964083820014226
restaurant__183.png,0.44352922268235995,0.3967184457157982,0.362668357972185
restaurant__184.png,0.39794922429138824,0.41324158452466364,0.3536524020525731
restaurant__185.png,0.44303848681633795,0.44938973293927764,0.40187575576483503
restaurant__186.png,0.47819598476226655,0.38293766981351796,0.3555439714437908
restaurant__187.png,0.5092150844618402,0.4238327219104143,0.37626533852606736
restaurant__188.png,0.5061340062654149,0.4949427607047173,0.45899954270489907
restaurant__189.png,0.3892637579756223,0.2764089379859297,0.2790617922474449
restaurant__19.png,0.49339427857446916,0.4299039404901829,0.4220507813116593
restaurant__190.png,0.48446237541775183,0.43880546370982887,0.4243490449333992
restaurant__191.png,0.4854137669593177,0.34801250472087486,0.3361824175704833
restaurant__192.png,0.42485425146795586,0.3618084807638484,0.3462145715344348
restaurant__193.png,0.5535523083466369,0.47561975205687224,0.4780768467683404
restaurant__194.png,0.5374785600077946,0.3783859561430123,0.3822846870508767
restaurant__195.png,0.5371793511805198,0.4800122862022512,0.47430658933582037
restaurant__196.png,0.45482596620086413,0.39468241524648207,0.3786476606389825
restaurant__197.png,0.44744935875728553,0.40191376296425585,0.39295546177313456
restaurant__198.png,0.46551392410150794,0.4318918910881413,0.39726085070870965
restaurant__199.png,0.6125580051866715,0.4253324899785904,0.41496978256573047
restaurant__2.png,0.46616080397790693,0.4065076178697066,0.3924271250353808
restaurant__20.png,0.4583813924558745,0.38480640962288104,0.3651835777769401
restaurant__200.png,0.4500739797450585,0.4130479801142607,0.36807345739467046
restaurant__201.png,0.45946889425620197,0.35306866735292886,0.30608276556333436
restaurant__202.png,0.49496630758842364,0.5039125918756169,0.48161106575579127
restaurant__203.png,0.3891963918288732,0.38274270039878333,0.3505295808164475
restaurant__204.png,0.4511382562703915,0.4020161530372758,0.3736662733450625
restaurant__205.png,0.4917834356303977,0.3918348314268082,0.3718640452527183
restaurant__206.png,0.4797829213934408,0.5144882942877693,0.45121322320607804
restaurant__207.png,0.5247624903315573,0.5238342982558047,0.49725122799572363
restaurant__208.png,0.4840812210054565,0.40288992317801686,0.3894517570322815
restaurant__209.png,0.4574858360071875,0.42973856839907254,0.4097770848849661
restaurant__21.png,0.4411314775088383,0.28458158066316885,0.2501605708826744
restaurant__210.png,0.4407317421826289,0.4457143481354624,0.4202573496116224
restaurant__211.png,0.4097250518539737,0.38884796481724493,0.37822641898497145
restaurant__212.png,0.5118168021506342,0.37578139277302103,0.3641746457695382
restaurant__213.png,0.42724723790897057,0.39148870341236164,0.3694072863789807
restaurant__214.png,0.5338201559040757,0.5299612511759513,0.5057853196014039
restaurant__215.png,0.4520396412729749,0.3071221328552075,0.2879414130907535
restaurant__216.png,0.4286943661437894,0.42670052862923047,0.4312443317668109
restaurant__217.png,0.5032867939274335,0.42498447002897777,0.39214563573587335
restaurant__218.png,0.41851408915766775,0.4372600597129631,0.40686937757639785
restaurant__219.png,0.4594814313531185,0.312843588216579,0.2896971898775125
restaurant__22.png,0.4987354625221232,0.48000883295639074,0.45904022318478344
restaurant__220.png,0.4868285056509176,0.39631786733135543,0.39650270739220816
restaurant__221.png,0.5089733554638605,0.41810740610768793,0.4228942887877922
restaurant__222.png,0.3658041939910043,0.3185829918121096,0.27470639585467094
restaurant__223.png,0.4747692634339177,0.44566251972723914,0.4298746059410987
restaurant__224.png,0.4566892318827098,0.46987790195907364,0.4514931083828748
restaurant__225.png,0.502130897651148,0.45737276095275803,0.4542383298068067
restaurant__226.png,0.41822349934296765,0.42936672805765386,0.3881207463146259
restaurant__227.png,0.43452020261317914,0.40000269194930194,0.33212065116147627
restaurant__228.png,0.42415986717942045,0.4069504091170584,0.3803035512825237
restaurant__229.png,0.4444257232549016,0.40305348327837975,0.3989170074509605
restaurant__23.png,0.4303914012986839,0.4002918574329112,0.37940531434169755
restaurant__230.png,0.35608135172611943,0.40095464054220664,0.32941723178989335
restaurant__231.png,0.4705826568074324,0.41800671782117105,0.40002325318230736
restaurant__232.png,0.39684017896329205,0.4593619662603181,0.35523187238117115
restaurant__233.png,0.4594898861214993,0.4362849338489021,0.389754809946929
restaurant__234.png,0.3966300534675644,0.4085860518376032,0.35094905494966855
restaurant__235.png,0.4417071896094583,0.43254628386113747,0.3941858347516659
restaurant__236.png,0.4690744702954207,0.3923541516594614,0.3925721305382034
restaurant__237.png,0.4592709150237204,0.4240329138123202,0.4033982297888523
restaurant__238.png,0.4406231584118846,0.4140863446111187,0.4104887614123013
restaurant__239.png,0.4826855124340296,0.4412375588121852,0.409909723315118
restaurant__24.png,0.46048676729859483,0.40365272241861816,0.3946203979069415
restaurant__240.png,0.4742404691676819,0.41243261335188863,0.3743128448274242
restaurant__241.png,0.45154192795340076,0.41517756730147104,0.41591377131146856
restaurant__242.png,0.4466125698172979,0.38635512379673653,0.37612832449827815
restaurant__243.png,0.44059537420686024,0.3815744749071742,0.34527487861286044
restaurant__244.png,0.3343607237391967,0.36063900668455384,0.29106283110628517
restaurant__245.png,0.44262330904523006,0.40434868672171687,0.3836344305922026
restaurant__246.png,0.4932196144522978,0.476962131357034,0.4617450730158693
restaurant__247.png,0.5278738002209382,0.47423285273962135,0.4784818942904573
restaurant__248.png,0.4726377921313766,0.40630033924430375,0.42020668678849116
restaurant__249.png,0.4292821626943192,0.37789730971114277,0.34996893515563754
restaurant__25.png,0.44630761225639837,0.4640638617344559,0.416523978075768
restaurant__250.png,0.4914706798315738,0.3978857322944689,0.3855079024245296
restaurant__251.png,0.45299763824820416,0.46764179475429113,0.41335423404268445
restaurant__252.png,0.44563275883005793,0.45767403845925914,0.469225839669857
restaurant__253.png,0.3704086750631147,0.30289161897606787,0.30079054781447323
restaurant__254.png,0.49383694941165734,0.47967530782118917,0.4687491351347527
restaurant__255.png,0.4517436358658061,0.4752658752200748,0.4285079685838008
restaurant__256.png,0.4841394419565881,0.4750309165391524,0.4623649124063799
restaurant__257.png,0.46070438067148434,0.4253664186728632,0.37357362684380235
restaurant__258.png,0.47448129203544565,0.45136539272991594,0.4247369825842515
restaurant__259.png,0.45427020301506515,0.4478296591569386,0.44610963688098204
restaurant__26.png,0.4077915310667517,0.43914428189445154,0.37931959313338504
restaurant__260.png,0.45459609527332223,0.42902271860466934,0.41134184982334676
restaurant__261.png,0.43999709687911703,0.4278169156119337,0.4204486511080515
restaurant__262.png,0.39860893901850614,0.38821821391845623,0.3547695597694187
restaurant__263.png,0.4444079666532612,0.4172406463795474,0.38223911754620465
restaurant__264.png,0.3431877206706979,0.428010119951555,0.3468743318803593
restaurant__265.png,0.48149798730723525,0.35297159967937697,0.32577372562146345
restaurant__266.png,0.45364051898228597,0.30733813741561655,0.2919079081345858
restaurant__267.png,0.45665548050744853,0.3805416628585042,0.3269358043146172
restaurant__268.png,0.4204203818005796,0.44516729956287693,0.4001243254548631
restaurant__269.png,0.4654405962534116,0.4321339514359378,0.43113219975704864
restaurant__27.png,0.39459032018719575,0.42405542103550975,0.39143460803131036
restaurant__270.png,0.4168169777355196,0.39049740657217225,0.3928594531664664
restaurant__271.png,0.449514025252015,0.43232570710230744,0.3936683211355334
restaurant__272.png,0.4372398448910033,0.42286521194156956,0.40939059961040847
restaurant__273.png,0.44454393502889356,0.4704469670793786,0.4189953066840614
restaurant__274.png,0.45334775887182144,0.4636797699995683,0.4198981148757329
restaurant__275.png,0.3775563602871519,0.29680699761543594,0.2895492589050138
restaurant__276.png,0.4661087953079439,0.41080556630122367,0.4135194016696866
restaurant__277.png,0.38786946777874387,0.40530023293762163,0.330996211822589
restaurant__278.png,0.47848600223151494,0.4190040342906869,0.40090879136846924
restaurant__279.png,0.4595641620272428,0.3688565757544444,0.36576060089145745
restaurant__28.png,0.4235466727381987,0.44822331840275365,0.44216090611744296
restaurant__280.png,0.5075965218545877,0.3794425480677307,0.355471420043976
restaurant__281.png,0.46203128340138044,0.45558332847522554,0.43506070123688934
restaurant__282.png,0.4274741262226428,0.3664492667552969,0.3368613776268129
restaurant__283.png,0.366974709441134,0.3366874246585261,0.30988388985154347
restaurant__284.png,0.5247544476269268,0.4851344730900723,0.4646486434904684
restaurant__285.png,0.4416628927488241,0.4606862913302501,0.4188792866666188
restaurant__286.png,0.48909983991347084,0.4562181514742324,0.47563043104644187
restaurant__287.png,0.5398702802781542,0.5406572214672001,0.5047395750644184
restaurant__288.png,0.41079155372293297,0.38143513034382925,0.3304839603833861
restaurant__289.png,0.42811997304305327,0.4408899351212464,0.4054531088867763
restaurant__29.png,0.4560759468351625,0.38024252718510576,0.3579769668281474
restaurant__290.png,0.3407639295808803,0.41594767199262117,0.2870027933909953
restaurant__291.png,0.4259215517116507,0.39756377457075365,0.3641501323549168
restaurant__292.png,0.4760918782024006,0.46816528594112905,0.44217652393187745
restaurant__293.png,0.41558699995616877,0.40662579646978003,0.40679792213314947
restaurant__294.png,0.4814522696888297,0.39350056267521494,0.3642374337908876
restaurant__295.png,0.4682426638228804,0.4094440922308953,0.37882615492019467
restaurant__296.png,0.6008682745026127,0.4363707896101675,0.41580112696341454
restaurant__297.png,0.488543668345518,0.45899380739321816,0.44756002612138746
restaurant__298.png,0.5203800073832485,0.4150047264615446,0.39102767096307145
restaurant__299.png,0.564008513374229,0.4534736596847403,0.43834060940959907
restaurant__3.png,0.4212610093631127,0.46647170534238,0.4059479062897856
restaurant__30.png,0.47941960721703925,0.2913984207479855,0.28027513750496935
restaurant__31.png,0.3977711353091725,0.3583000660411253,0.3350218970100971
restaurant__32.png,0.5266151882346485,0.475250909319879,0.46340470259820055
restaurant__33.png,0.4891333467416511,0.45901399112192953,0.4180542119300995
restaurant__34.png,0.4279289155392636,0.39975912777570777,0.3898815256763537
restaurant__35.png,0.4680037530213278,0.43716348012371675,0.43935677381348237
restaurant__36.png,0.4615997030016106,0.4441118465412147,0.4405900315710958
restaurant__37.png,0.49122746584640353,0.2849373679940197,0.2548541404223098
restaurant__38.png,0.42087294471666326,0.32959477081365895,0.2871981278716902
restaurant__39.png,0.4134490632091833,0.32910730473096805,0.28792092033765737
restaurant__4.png,0.3796217578705062,0.4204353069148832,0.366128978470979
restaurant__40.png,0.5010039348396561,0.5000325132705162,0.46801900029054866
restaurant__41.png,0.49715740701602185,0.47678226683732705,0.4484206303659939
restaurant__42.png,0.40888089558708685,0.40369965618996384,0.360589044970433
restaurant__43.png,0.43691268672789085,0.359708106737354,0.33464094695222535
restaurant__44.png,0.4297006109611231,0.40200590034318984,0.3701171684791502
restaurant__45.png,0.4966517679477883,0.38687405292738464,0.3771478634590558
restaurant__46.png,0.38367530909097625,0.3434958621175933,0.31176018667962346
restaurant__47.png,0.4372782844556926,0.40930452438150444,0.35219413692611035
restaurant__48.png,0.44817520247202247,0.4278066250987399,0.3956393301441866
restaurant__49.png,0.48934158207822276,0.5107642111410027,0.45850135279123216
restaurant__5.png,0.5743730931070749,0.4521321615363755,0.4402807561119265
restaurant__50.png,0.39870421165322845,0.4445390764123043,0.3571812731378673
restaurant__51.png,0.5447366157619484,0.5023264689553808,0.49820541916236716
restaurant__52.png,0.4227927034452186,0.38962194092030433,0.33097156505293346
restaurant__53.png,0.4285396419297395,0.3913262866671733,0.40570842418506303
restaurant__54.png,0.40883928291801486,0.4062596962460183,0.3817195603463496
restaurant__55.png,0.36307444825473634,0.373965596753268,0.32838300990609637
restaurant__56.png,0.35829775607274783,0.35605790152892947,0.34467916776641905
restaurant__57.png,0.413070733110821,0.4572909681251557,0.43271155091390756
restaurant__58.png,0.45831843326175725,0.4848563567449491,0.42920232631524136
restaurant__59.png,0.49030357160153193,0.4813347449220089,0.436908196618369
restaurant__6.png,0.4266704950275605,0.43711591845054776,0.3989876421307571
restaurant__60.png,0.32193124781305316,0.3279520902714088,0.2280087031179533
restaurant__61.png,0.3964894490375277,0.40273448188817784,0.40834954844897
restaurant__62.png,0.45990584110661314,0.48116088868579443,0.4130784599398428
restaurant__63.png,0.4704096761695876,0.4383231850967374,0.40674166257549105
restaurant__64.png,0.4724192661893939,0.47278821829545115,0.45629570229161454
restaurant__65.png,0.43510697426901745,0.49186968214891147,0.39350129046543714
restaurant__66.png,0.3273707055224072,0.3246511344805868,0.2850635012581386
restaurant__67.png,0.4405007288448931,0.41273337270588517,0.35317513799572964
restaurant__68.png,0.379505957129162,0.27119699249836005,0.246939177417553
restaurant__69.png,0.5085781625083785,0.4863921957565239,0.47072366951162337
restaurant__7.png,0.41832739179697576,0.43511468218499116,0.378351984497744
restaurant__70.png,0.37059183738743307,0.29661319936275377,0.2910112554760367
restaurant__71.png,0.5048870923716212,0.49736912547524637,0.46294611806872554
restaurant__72.png,0.42334074374078234,0.40050208145664745,0.35633026273803736
restaurant__73.png,0.44770184979311434,0.4261662529870629,0.42918411343596286
restaurant__74.png,0.477664715151774,0.5105081001103287,0.4519183357814427
restaurant__75.png,0.5102805418570595,0.4762236509180635,0.48099323112891945
restaurant__76.png,0.658591100849562,0.44317932421730444,0.4359991685408444
restaurant__77.png,0.4200277992824819,0.4104943288380374,0.41512648059581314
restaurant__78.png,0.4281936873522769,0.43205225832704364,0.38633705276261243
restaurant__79.png,0.37007636451083414,0.39783710355835744,0.39172346775070266
restaurant__8.png,0.430094821875598,0.4098389835624796,0.3677397966743241
restaurant__80.png,0.3916324424881946,0.2957343723611462,0.3310709009454057
restaurant__81.png,0.4121402038834604,0.43098771653440693,0.3736672552299831
restaurant__82.png,0.5395284367241255,0.5128272549879945,0.49323720905453494
restaurant__83.png,0.43796790159063115,0.37537028481125756,0.34646763284174087
restaurant__84.png,0.4112175800539287,0.3900500844348892,0.3933937502767282
restaurant__85.png,0.45717492618434796,0.45855087466659694,0.39981920184695197
restaurant__86.png,0.44626614177294555,0.46302906494094653,0.4583976027200882
restaurant__87.png,0.5330407985097194,0.5220688693223552,0.49033427367566196
restaurant__88.png,0.4094373578720468,0.3760131974434222,0.3473625427122695
restaurant__89.png,0.4738134503957767,0.4311907128542328,0.42820244871802904
restaurant__9.png,0.4040159519284303,0.4121212916476228,0.37969544191853766
restaurant__90.png,0.4697931788951387,0.38212091082975863,0.33883411209643133
restaurant__91.png,0.3735806861533887,0.325263775086276,0.2797282462573941
restaurant__92.png,0.34481301302309697,0.37973872710904266,0.31591179099536926
restaurant__93.png,0.5035613978612297,0.4986244048254408,0.46452408404567
restaurant__94.png,0.49309696176746365,0.4856317773527157,0.43855177016877755
restaurant__95.png,0.4454180705106763,0.46277937228705535,0.3984406539391333
restaurant__96.png,0.4442967785311356,0.4451234530162429,0.43696497757986286
restaurant__97.png,0.4159386934618371,0.357631251340623,0.30325117437798554
restaurant__98.png,0.47493233251055744,0.4954115447544223,0.47087882185471874
restaurant__99.png,0.41109617629787765,0.40962166468024175,0.3614422329194559
